{
"type": "FeatureCollection",
"name": "bearCaynonPoints",
"crs": { "type": "name", "properties": { "name": "urn:ogc:def:crs:OGC:1.3:CRS84" } },
"features": [
{ "type": "Feature", "properties": { "full_id": "n4253314335", "osm_id": "4253314335", "osm_type": "node", "inscription": null, "historic": null, "armrest": null, "lgbtq": null, "kinky": null, "club": null, "addr:unit": null, "waste": null, "addr:country": null, "alt_name": null, "ref": null, "operator:type": null, "operator:short": null, "official_name": null, "monitoring:water_level": null, "monitoring:precipitation": null, "monitoring:flow_rate": null, "ele:datum": null, "ele:accuracy": null, "direction": null, "fire_hydrant:type": null, "fire_hydrant:position": null, "emergency": null, "ford": null, "phone": null, "level": null, "email": null, "addr:street": null, "addr:postcode": null, "addr:housenumber": null, "addr:city": null, "opening_hours": null, "unisex": null, "toilets:disposal": null, "fee": null, "mtb": null, "map_type": null, "map_size": null, "hiking": null, "shelter_type": null, "covered": null, "leisure": null, "seats": null, "backrest": null, "tactile_paving": null, "oneway": null, "kerb": null, "flashing_lights": null, "crossing:signals": null, "crossing:markings": null, "crossing:island": null, "motorcycle": null, "motorcar": null, "locked": null, "access:delivery": null, "barrier:keypad": null, "crossing": null, "traffic_signals": null, "waterway": null, "intermittent": null, "information": "guidepost", "description": null, "motor_vehicle": null, "horse": null, "foot": null, "bicycle": null, "man_made": null, "structure": null, "operator:wikidata": null, "operator": null, "line_management": null, "line_attachment": null, "frequency": null, "design": null, "check_date": null, "amenity": null, "power": null, "wheelchair": null, "tourism": "information", "landuse": null, "building": null, "addr:state": null, "source:ele": null, "natural": null, "mountain_pass": null, "material": null, "barrier": null, "access": null, "wikipedia": null, "wikidata": null, "website": null, "source:population": null, "population:date": null, "population": null, "place": null, "name:zh": null, "name:vi": null, "name:uz": null, "name:ur": null, "name:uk": null, "name:tt": null, "name:tl": null, "name:th": null, "name:tg": null, "name:sw": null, "name:sr": null, "name:sq": null, "name:sl": null, "name:sa": null, "name:ru": null, "name:os": null, "name:nv": null, "name:mr": null, "name:mn": null, "name:ml": null, "name:mk": null, "name:lv": null, "name:lt": null, "name:la": null, "name:ky": null, "name:kw": null, "name:ko": null, "name:kk": null, "name:ka": null, "name:ja": null, "name:hy": null, "name:ht": null, "name:he": null, "name:gl": null, "name:gd": null, "name:ga": null, "name:fa": null, "name:en": null, "name:el": null, "name:cy": null, "name:ce": null, "name:bn": null, "name:bg": null, "name:be": null, "name:az": null, "name:ar": null, "name": null, "gnis:feature_id": null, "ele": null, "capital": null, "stop": null, "highway": null }, "geometry": { "type": "Point", "coordinates": [ -104.8940723, 38.792678 ] } },
{ "type": "Feature", "properties": { "full_id": "n3850693958", "osm_id": "3850693958", "osm_type": "node", "inscription": null, "historic": null, "armrest": null, "lgbtq": null, "kinky": null, "club": null, "addr:unit": null, "waste": null, "addr:country": null, "alt_name": null, "ref": null, "operator:type": null, "operator:short": null, "official_name": null, "monitoring:water_level": null, "monitoring:precipitation": null, "monitoring:flow_rate": null, "ele:datum": null, "ele:accuracy": null, "direction": null, "fire_hydrant:type": null, "fire_hydrant:position": null, "emergency": null, "ford": null, "phone": null, "level": null, "email": null, "addr:street": null, "addr:postcode": null, "addr:housenumber": null, "addr:city": null, "opening_hours": null, "unisex": null, "toilets:disposal": null, "fee": null, "mtb": null, "map_type": null, "map_size": null, "hiking": null, "shelter_type": null, "covered": null, "leisure": null, "seats": null, "backrest": null, "tactile_paving": null, "oneway": null, "kerb": null, "flashing_lights": null, "crossing:signals": null, "crossing:markings": null, "crossing:island": null, "motorcycle": null, "motorcar": null, "locked": null, "access:delivery": null, "barrier:keypad": null, "crossing": null, "traffic_signals": null, "waterway": null, "intermittent": null, "information": null, "description": null, "motor_vehicle": "forestry", "horse": null, "foot": "yes", "bicycle": "yes", "man_made": null, "structure": null, "operator:wikidata": null, "operator": null, "line_management": null, "line_attachment": null, "frequency": null, "design": null, "check_date": null, "amenity": null, "power": null, "wheelchair": null, "tourism": null, "landuse": null, "building": null, "addr:state": null, "source:ele": null, "natural": null, "mountain_pass": null, "material": null, "barrier": "gate", "access": "yes", "wikipedia": null, "wikidata": null, "website": null, "source:population": null, "population:date": null, "population": null, "place": null, "name:zh": null, "name:vi": null, "name:uz": null, "name:ur": null, "name:uk": null, "name:tt": null, "name:tl": null, "name:th": null, "name:tg": null, "name:sw": null, "name:sr": null, "name:sq": null, "name:sl": null, "name:sa": null, "name:ru": null, "name:os": null, "name:nv": null, "name:mr": null, "name:mn": null, "name:ml": null, "name:mk": null, "name:lv": null, "name:lt": null, "name:la": null, "name:ky": null, "name:kw": null, "name:ko": null, "name:kk": null, "name:ka": null, "name:ja": null, "name:hy": null, "name:ht": null, "name:he": null, "name:gl": null, "name:gd": null, "name:ga": null, "name:fa": null, "name:en": null, "name:el": null, "name:cy": null, "name:ce": null, "name:bn": null, "name:bg": null, "name:be": null, "name:az": null, "name:ar": null, "name": null, "gnis:feature_id": null, "ele": null, "capital": null, "stop": null, "highway": null }, "geometry": { "type": "Point", "coordinates": [ -104.9034318, 38.7902869 ] } },
{ "type": "Feature", "properties": { "full_id": "n4348089191", "osm_id": "4348089191", "osm_type": "node", "inscription": null, "historic": null, "armrest": null, "lgbtq": null, "kinky": null, "club": null, "addr:unit": null, "waste": null, "addr:country": null, "alt_name": null, "ref": null, "operator:type": null, "operator:short": null, "official_name": null, "monitoring:water_level": null, "monitoring:precipitation": null, "monitoring:flow_rate": null, "ele:datum": null, "ele:accuracy": null, "direction": null, "fire_hydrant:type": null, "fire_hydrant:position": null, "emergency": null, "ford": null, "phone": null, "level": null, "email": null, "addr:street": null, "addr:postcode": null, "addr:housenumber": null, "addr:city": null, "opening_hours": null, "unisex": null, "toilets:disposal": null, "fee": null, "mtb": null, "map_type": null, "map_size": null, "hiking": null, "shelter_type": null, "covered": "no", "leisure": "picnic_table", "seats": null, "backrest": null, "tactile_paving": null, "oneway": null, "kerb": null, "flashing_lights": null, "crossing:signals": null, "crossing:markings": null, "crossing:island": null, "motorcycle": null, "motorcar": null, "locked": null, "access:delivery": null, "barrier:keypad": null, "crossing": null, "traffic_signals": null, "waterway": null, "intermittent": null, "information": null, "description": null, "motor_vehicle": null, "horse": null, "foot": null, "bicycle": null, "man_made": null, "structure": null, "operator:wikidata": null, "operator": null, "line_management": null, "line_attachment": null, "frequency": null, "design": null, "check_date": null, "amenity": null, "power": null, "wheelchair": null, "tourism": null, "landuse": null, "building": null, "addr:state": null, "source:ele": null, "natural": null, "mountain_pass": null, "material": null, "barrier": null, "access": null, "wikipedia": null, "wikidata": null, "website": null, "source:population": null, "population:date": null, "population": null, "place": null, "name:zh": null, "name:vi": null, "name:uz": null, "name:ur": null, "name:uk": null, "name:tt": null, "name:tl": null, "name:th": null, "name:tg": null, "name:sw": null, "name:sr": null, "name:sq": null, "name:sl": null, "name:sa": null, "name:ru": null, "name:os": null, "name:nv": null, "name:mr": null, "name:mn": null, "name:ml": null, "name:mk": null, "name:lv": null, "name:lt": null, "name:la": null, "name:ky": null, "name:kw": null, "name:ko": null, "name:kk": null, "name:ka": null, "name:ja": null, "name:hy": null, "name:ht": null, "name:he": null, "name:gl": null, "name:gd": null, "name:ga": null, "name:fa": null, "name:en": null, "name:el": null, "name:cy": null, "name:ce": null, "name:bn": null, "name:bg": null, "name:be": null, "name:az": null, "name:ar": null, "name": null, "gnis:feature_id": null, "ele": null, "capital": null, "stop": null, "highway": null }, "geometry": { "type": "Point", "coordinates": [ -104.8902828, 38.8210715 ] } },
{ "type": "Feature", "properties": { "full_id": "n4348076997", "osm_id": "4348076997", "osm_type": "node", "inscription": null, "historic": null, "armrest": null, "lgbtq": null, "kinky": null, "club": null, "addr:unit": null, "waste": null, "addr:country": null, "alt_name": null, "ref": null, "operator:type": null, "operator:short": null, "official_name": null, "monitoring:water_level": null, "monitoring:precipitation": null, "monitoring:flow_rate": null, "ele:datum": null, "ele:accuracy": null, "direction": null, "fire_hydrant:type": null, "fire_hydrant:position": null, "emergency": null, "ford": null, "phone": null, "level": null, "email": null, "addr:street": null, "addr:postcode": null, "addr:housenumber": null, "addr:city": null, "opening_hours": null, "unisex": null, "toilets:disposal": null, "fee": null, "mtb": null, "map_type": null, "map_size": null, "hiking": null, "shelter_type": null, "covered": null, "leisure": null, "seats": null, "backrest": null, "tactile_paving": null, "oneway": null, "kerb": null, "flashing_lights": null, "crossing:signals": null, "crossing:markings": null, "crossing:island": null, "motorcycle": null, "motorcar": null, "locked": null, "access:delivery": null, "barrier:keypad": null, "crossing": null, "traffic_signals": null, "waterway": null, "intermittent": null, "information": "guidepost", "description": null, "motor_vehicle": null, "horse": null, "foot": null, "bicycle": null, "man_made": null, "structure": null, "operator:wikidata": null, "operator": null, "line_management": null, "line_attachment": null, "frequency": null, "design": null, "check_date": null, "amenity": null, "power": null, "wheelchair": null, "tourism": "information", "landuse": null, "building": null, "addr:state": null, "source:ele": null, "natural": null, "mountain_pass": null, "material": null, "barrier": null, "access": null, "wikipedia": null, "wikidata": null, "website": null, "source:population": null, "population:date": null, "population": null, "place": null, "name:zh": null, "name:vi": null, "name:uz": null, "name:ur": null, "name:uk": null, "name:tt": null, "name:tl": null, "name:th": null, "name:tg": null, "name:sw": null, "name:sr": null, "name:sq": null, "name:sl": null, "name:sa": null, "name:ru": null, "name:os": null, "name:nv": null, "name:mr": null, "name:mn": null, "name:ml": null, "name:mk": null, "name:lv": null, "name:lt": null, "name:la": null, "name:ky": null, "name:kw": null, "name:ko": null, "name:kk": null, "name:ka": null, "name:ja": null, "name:hy": null, "name:ht": null, "name:he": null, "name:gl": null, "name:gd": null, "name:ga": null, "name:fa": null, "name:en": null, "name:el": null, "name:cy": null, "name:ce": null, "name:bn": null, "name:bg": null, "name:be": null, "name:az": null, "name:ar": null, "name": null, "gnis:feature_id": null, "ele": null, "capital": null, "stop": null, "highway": null }, "geometry": { "type": "Point", "coordinates": [ -104.9015536, 38.8116415 ] } },
{ "type": "Feature", "properties": { "full_id": "n4348104490", "osm_id": "4348104490", "osm_type": "node", "inscription": null, "historic": null, "armrest": null, "lgbtq": null, "kinky": null, "club": null, "addr:unit": null, "waste": null, "addr:country": null, "alt_name": null, "ref": null, "operator:type": null, "operator:short": null, "official_name": null, "monitoring:water_level": null, "monitoring:precipitation": null, "monitoring:flow_rate": null, "ele:datum": null, "ele:accuracy": null, "direction": null, "fire_hydrant:type": null, "fire_hydrant:position": null, "emergency": null, "ford": null, "phone": null, "level": null, "email": null, "addr:street": null, "addr:postcode": null, "addr:housenumber": null, "addr:city": null, "opening_hours": null, "unisex": null, "toilets:disposal": null, "fee": null, "mtb": null, "map_type": null, "map_size": null, "hiking": null, "shelter_type": null, "covered": null, "leisure": null, "seats": null, "backrest": null, "tactile_paving": null, "oneway": null, "kerb": null, "flashing_lights": null, "crossing:signals": null, "crossing:markings": null, "crossing:island": null, "motorcycle": null, "motorcar": null, "locked": null, "access:delivery": null, "barrier:keypad": null, "crossing": null, "traffic_signals": null, "waterway": null, "intermittent": null, "information": null, "description": null, "motor_vehicle": null, "horse": null, "foot": null, "bicycle": null, "man_made": null, "structure": null, "operator:wikidata": null, "operator": null, "line_management": null, "line_attachment": null, "frequency": null, "design": null, "check_date": null, "amenity": null, "power": null, "wheelchair": null, "tourism": null, "landuse": null, "building": null, "addr:state": null, "source:ele": null, "natural": null, "mountain_pass": null, "material": null, "barrier": "cycle_barrier", "access": null, "wikipedia": null, "wikidata": null, "website": null, "source:population": null, "population:date": null, "population": null, "place": null, "name:zh": null, "name:vi": null, "name:uz": null, "name:ur": null, "name:uk": null, "name:tt": null, "name:tl": null, "name:th": null, "name:tg": null, "name:sw": null, "name:sr": null, "name:sq": null, "name:sl": null, "name:sa": null, "name:ru": null, "name:os": null, "name:nv": null, "name:mr": null, "name:mn": null, "name:ml": null, "name:mk": null, "name:lv": null, "name:lt": null, "name:la": null, "name:ky": null, "name:kw": null, "name:ko": null, "name:kk": null, "name:ka": null, "name:ja": null, "name:hy": null, "name:ht": null, "name:he": null, "name:gl": null, "name:gd": null, "name:ga": null, "name:fa": null, "name:en": null, "name:el": null, "name:cy": null, "name:ce": null, "name:bn": null, "name:bg": null, "name:be": null, "name:az": null, "name:ar": null, "name": null, "gnis:feature_id": null, "ele": null, "capital": null, "stop": null, "highway": null }, "geometry": { "type": "Point", "coordinates": [ -104.8994874, 38.8005602 ] } },
{ "type": "Feature", "properties": { "full_id": "n4348104489", "osm_id": "4348104489", "osm_type": "node", "inscription": null, "historic": null, "armrest": null, "lgbtq": null, "kinky": null, "club": null, "addr:unit": null, "waste": null, "addr:country": null, "alt_name": null, "ref": null, "operator:type": null, "operator:short": null, "official_name": null, "monitoring:water_level": null, "monitoring:precipitation": null, "monitoring:flow_rate": null, "ele:datum": null, "ele:accuracy": null, "direction": null, "fire_hydrant:type": null, "fire_hydrant:position": null, "emergency": null, "ford": null, "phone": null, "level": null, "email": null, "addr:street": null, "addr:postcode": null, "addr:housenumber": null, "addr:city": null, "opening_hours": null, "unisex": null, "toilets:disposal": null, "fee": null, "mtb": null, "map_type": null, "map_size": null, "hiking": null, "shelter_type": null, "covered": null, "leisure": null, "seats": null, "backrest": null, "tactile_paving": null, "oneway": null, "kerb": null, "flashing_lights": null, "crossing:signals": null, "crossing:markings": null, "crossing:island": null, "motorcycle": null, "motorcar": null, "locked": null, "access:delivery": null, "barrier:keypad": null, "crossing": null, "traffic_signals": null, "waterway": null, "intermittent": null, "information": "guidepost", "description": null, "motor_vehicle": null, "horse": null, "foot": null, "bicycle": null, "man_made": null, "structure": null, "operator:wikidata": null, "operator": null, "line_management": null, "line_attachment": null, "frequency": null, "design": null, "check_date": null, "amenity": null, "power": null, "wheelchair": null, "tourism": "information", "landuse": null, "building": null, "addr:state": null, "source:ele": null, "natural": null, "mountain_pass": null, "material": null, "barrier": null, "access": null, "wikipedia": null, "wikidata": null, "website": null, "source:population": null, "population:date": null, "population": null, "place": null, "name:zh": null, "name:vi": null, "name:uz": null, "name:ur": null, "name:uk": null, "name:tt": null, "name:tl": null, "name:th": null, "name:tg": null, "name:sw": null, "name:sr": null, "name:sq": null, "name:sl": null, "name:sa": null, "name:ru": null, "name:os": null, "name:nv": null, "name:mr": null, "name:mn": null, "name:ml": null, "name:mk": null, "name:lv": null, "name:lt": null, "name:la": null, "name:ky": null, "name:kw": null, "name:ko": null, "name:kk": null, "name:ka": null, "name:ja": null, "name:hy": null, "name:ht": null, "name:he": null, "name:gl": null, "name:gd": null, "name:ga": null, "name:fa": null, "name:en": null, "name:el": null, "name:cy": null, "name:ce": null, "name:bn": null, "name:bg": null, "name:be": null, "name:az": null, "name:ar": null, "name": null, "gnis:feature_id": null, "ele": null, "capital": null, "stop": null, "highway": null }, "geometry": { "type": "Point", "coordinates": [ -104.8994545, 38.8005689 ] } },
{ "type": "Feature", "properties": { "full_id": "n4348100392", "osm_id": "4348100392", "osm_type": "node", "inscription": null, "historic": null, "armrest": null, "lgbtq": null, "kinky": null, "club": null, "addr:unit": null, "waste": null, "addr:country": null, "alt_name": null, "ref": null, "operator:type": null, "operator:short": null, "official_name": null, "monitoring:water_level": null, "monitoring:precipitation": null, "monitoring:flow_rate": null, "ele:datum": null, "ele:accuracy": null, "direction": null, "fire_hydrant:type": null, "fire_hydrant:position": null, "emergency": null, "ford": null, "phone": null, "level": null, "email": null, "addr:street": null, "addr:postcode": null, "addr:housenumber": null, "addr:city": null, "opening_hours": null, "unisex": null, "toilets:disposal": null, "fee": null, "mtb": null, "map_type": null, "map_size": null, "hiking": null, "shelter_type": null, "covered": null, "leisure": null, "seats": null, "backrest": null, "tactile_paving": null, "oneway": null, "kerb": null, "flashing_lights": null, "crossing:signals": null, "crossing:markings": null, "crossing:island": null, "motorcycle": null, "motorcar": null, "locked": null, "access:delivery": null, "barrier:keypad": null, "crossing": null, "traffic_signals": null, "waterway": null, "intermittent": null, "information": "guidepost", "description": null, "motor_vehicle": null, "horse": null, "foot": null, "bicycle": null, "man_made": null, "structure": null, "operator:wikidata": null, "operator": null, "line_management": null, "line_attachment": null, "frequency": null, "design": null, "check_date": null, "amenity": null, "power": null, "wheelchair": null, "tourism": "information", "landuse": null, "building": null, "addr:state": null, "source:ele": null, "natural": null, "mountain_pass": null, "material": null, "barrier": null, "access": null, "wikipedia": null, "wikidata": null, "website": null, "source:population": null, "population:date": null, "population": null, "place": null, "name:zh": null, "name:vi": null, "name:uz": null, "name:ur": null, "name:uk": null, "name:tt": null, "name:tl": null, "name:th": null, "name:tg": null, "name:sw": null, "name:sr": null, "name:sq": null, "name:sl": null, "name:sa": null, "name:ru": null, "name:os": null, "name:nv": null, "name:mr": null, "name:mn": null, "name:ml": null, "name:mk": null, "name:lv": null, "name:lt": null, "name:la": null, "name:ky": null, "name:kw": null, "name:ko": null, "name:kk": null, "name:ka": null, "name:ja": null, "name:hy": null, "name:ht": null, "name:he": null, "name:gl": null, "name:gd": null, "name:ga": null, "name:fa": null, "name:en": null, "name:el": null, "name:cy": null, "name:ce": null, "name:bn": null, "name:bg": null, "name:be": null, "name:az": null, "name:ar": null, "name": null, "gnis:feature_id": null, "ele": null, "capital": null, "stop": null, "highway": null }, "geometry": { "type": "Point", "coordinates": [ -104.8905419, 38.821204 ] } },
{ "type": "Feature", "properties": { "full_id": "n4348100391", "osm_id": "4348100391", "osm_type": "node", "inscription": null, "historic": null, "armrest": null, "lgbtq": null, "kinky": null, "club": null, "addr:unit": null, "waste": null, "addr:country": null, "alt_name": null, "ref": null, "operator:type": null, "operator:short": null, "official_name": null, "monitoring:water_level": null, "monitoring:precipitation": null, "monitoring:flow_rate": null, "ele:datum": null, "ele:accuracy": null, "direction": null, "fire_hydrant:type": null, "fire_hydrant:position": null, "emergency": null, "ford": null, "phone": null, "level": null, "email": null, "addr:street": null, "addr:postcode": null, "addr:housenumber": null, "addr:city": null, "opening_hours": null, "unisex": null, "toilets:disposal": null, "fee": null, "mtb": null, "map_type": null, "map_size": null, "hiking": null, "shelter_type": null, "covered": null, "leisure": null, "seats": null, "backrest": null, "tactile_paving": null, "oneway": null, "kerb": null, "flashing_lights": null, "crossing:signals": null, "crossing:markings": null, "crossing:island": null, "motorcycle": null, "motorcar": null, "locked": null, "access:delivery": null, "barrier:keypad": null, "crossing": null, "traffic_signals": null, "waterway": null, "intermittent": null, "information": "guidepost", "description": null, "motor_vehicle": null, "horse": null, "foot": null, "bicycle": null, "man_made": null, "structure": null, "operator:wikidata": null, "operator": null, "line_management": null, "line_attachment": null, "frequency": null, "design": null, "check_date": null, "amenity": null, "power": null, "wheelchair": null, "tourism": "information", "landuse": null, "building": null, "addr:state": null, "source:ele": null, "natural": null, "mountain_pass": null, "material": null, "barrier": null, "access": null, "wikipedia": null, "wikidata": null, "website": null, "source:population": null, "population:date": null, "population": null, "place": null, "name:zh": null, "name:vi": null, "name:uz": null, "name:ur": null, "name:uk": null, "name:tt": null, "name:tl": null, "name:th": null, "name:tg": null, "name:sw": null, "name:sr": null, "name:sq": null, "name:sl": null, "name:sa": null, "name:ru": null, "name:os": null, "name:nv": null, "name:mr": null, "name:mn": null, "name:ml": null, "name:mk": null, "name:lv": null, "name:lt": null, "name:la": null, "name:ky": null, "name:kw": null, "name:ko": null, "name:kk": null, "name:ka": null, "name:ja": null, "name:hy": null, "name:ht": null, "name:he": null, "name:gl": null, "name:gd": null, "name:ga": null, "name:fa": null, "name:en": null, "name:el": null, "name:cy": null, "name:ce": null, "name:bn": null, "name:bg": null, "name:be": null, "name:az": null, "name:ar": null, "name": null, "gnis:feature_id": null, "ele": null, "capital": null, "stop": null, "highway": null }, "geometry": { "type": "Point", "coordinates": [ -104.8904085, 38.8211426 ] } },
{ "type": "Feature", "properties": { "full_id": "n4470283672", "osm_id": "4470283672", "osm_type": "node", "inscription": null, "historic": null, "armrest": null, "lgbtq": null, "kinky": null, "club": null, "addr:unit": null, "waste": null, "addr:country": null, "alt_name": null, "ref": null, "operator:type": null, "operator:short": null, "official_name": null, "monitoring:water_level": null, "monitoring:precipitation": null, "monitoring:flow_rate": null, "ele:datum": null, "ele:accuracy": null, "direction": null, "fire_hydrant:type": null, "fire_hydrant:position": null, "emergency": null, "ford": null, "phone": null, "level": null, "email": null, "addr:street": null, "addr:postcode": null, "addr:housenumber": null, "addr:city": null, "opening_hours": null, "unisex": null, "toilets:disposal": null, "fee": null, "mtb": null, "map_type": null, "map_size": null, "hiking": null, "shelter_type": null, "covered": null, "leisure": null, "seats": null, "backrest": null, "tactile_paving": null, "oneway": null, "kerb": null, "flashing_lights": null, "crossing:signals": null, "crossing:markings": null, "crossing:island": null, "motorcycle": null, "motorcar": null, "locked": null, "access:delivery": null, "barrier:keypad": null, "crossing": null, "traffic_signals": null, "waterway": null, "intermittent": null, "information": "guidepost", "description": null, "motor_vehicle": null, "horse": null, "foot": null, "bicycle": null, "man_made": null, "structure": null, "operator:wikidata": null, "operator": null, "line_management": null, "line_attachment": null, "frequency": null, "design": null, "check_date": null, "amenity": null, "power": null, "wheelchair": null, "tourism": "information", "landuse": null, "building": null, "addr:state": null, "source:ele": null, "natural": null, "mountain_pass": null, "material": null, "barrier": null, "access": null, "wikipedia": null, "wikidata": null, "website": null, "source:population": null, "population:date": null, "population": null, "place": null, "name:zh": null, "name:vi": null, "name:uz": null, "name:ur": null, "name:uk": null, "name:tt": null, "name:tl": null, "name:th": null, "name:tg": null, "name:sw": null, "name:sr": null, "name:sq": null, "name:sl": null, "name:sa": null, "name:ru": null, "name:os": null, "name:nv": null, "name:mr": null, "name:mn": null, "name:ml": null, "name:mk": null, "name:lv": null, "name:lt": null, "name:la": null, "name:ky": null, "name:kw": null, "name:ko": null, "name:kk": null, "name:ka": null, "name:ja": null, "name:hy": null, "name:ht": null, "name:he": null, "name:gl": null, "name:gd": null, "name:ga": null, "name:fa": null, "name:en": null, "name:el": null, "name:cy": null, "name:ce": null, "name:bn": null, "name:bg": null, "name:be": null, "name:az": null, "name:ar": null, "name": null, "gnis:feature_id": null, "ele": null, "capital": null, "stop": null, "highway": null }, "geometry": { "type": "Point", "coordinates": [ -104.9038839, 38.809628 ] } },
{ "type": "Feature", "properties": { "full_id": "n4348105090", "osm_id": "4348105090", "osm_type": "node", "inscription": null, "historic": null, "armrest": null, "lgbtq": null, "kinky": null, "club": null, "addr:unit": null, "waste": null, "addr:country": null, "alt_name": null, "ref": null, "operator:type": null, "operator:short": null, "official_name": null, "monitoring:water_level": null, "monitoring:precipitation": null, "monitoring:flow_rate": null, "ele:datum": null, "ele:accuracy": null, "direction": null, "fire_hydrant:type": null, "fire_hydrant:position": null, "emergency": null, "ford": null, "phone": null, "level": null, "email": null, "addr:street": null, "addr:postcode": null, "addr:housenumber": null, "addr:city": null, "opening_hours": null, "unisex": null, "toilets:disposal": null, "fee": null, "mtb": null, "map_type": null, "map_size": null, "hiking": null, "shelter_type": null, "covered": null, "leisure": null, "seats": null, "backrest": null, "tactile_paving": null, "oneway": null, "kerb": null, "flashing_lights": null, "crossing:signals": null, "crossing:markings": null, "crossing:island": null, "motorcycle": null, "motorcar": null, "locked": null, "access:delivery": null, "barrier:keypad": null, "crossing": null, "traffic_signals": null, "waterway": null, "intermittent": null, "information": "guidepost", "description": null, "motor_vehicle": null, "horse": null, "foot": null, "bicycle": null, "man_made": null, "structure": null, "operator:wikidata": null, "operator": null, "line_management": null, "line_attachment": null, "frequency": null, "design": null, "check_date": null, "amenity": null, "power": null, "wheelchair": null, "tourism": "information", "landuse": null, "building": null, "addr:state": null, "source:ele": null, "natural": null, "mountain_pass": null, "material": null, "barrier": null, "access": null, "wikipedia": null, "wikidata": null, "website": null, "source:population": null, "population:date": null, "population": null, "place": null, "name:zh": null, "name:vi": null, "name:uz": null, "name:ur": null, "name:uk": null, "name:tt": null, "name:tl": null, "name:th": null, "name:tg": null, "name:sw": null, "name:sr": null, "name:sq": null, "name:sl": null, "name:sa": null, "name:ru": null, "name:os": null, "name:nv": null, "name:mr": null, "name:mn": null, "name:ml": null, "name:mk": null, "name:lv": null, "name:lt": null, "name:la": null, "name:ky": null, "name:kw": null, "name:ko": null, "name:kk": null, "name:ka": null, "name:ja": null, "name:hy": null, "name:ht": null, "name:he": null, "name:gl": null, "name:gd": null, "name:ga": null, "name:fa": null, "name:en": null, "name:el": null, "name:cy": null, "name:ce": null, "name:bn": null, "name:bg": null, "name:be": null, "name:az": null, "name:ar": null, "name": null, "gnis:feature_id": null, "ele": null, "capital": null, "stop": null, "highway": null }, "geometry": { "type": "Point", "coordinates": [ -104.8996821, 38.8004859 ] } },
{ "type": "Feature", "properties": { "full_id": "n4348105089", "osm_id": "4348105089", "osm_type": "node", "inscription": null, "historic": null, "armrest": null, "lgbtq": null, "kinky": null, "club": null, "addr:unit": null, "waste": null, "addr:country": null, "alt_name": null, "ref": null, "operator:type": null, "operator:short": null, "official_name": null, "monitoring:water_level": null, "monitoring:precipitation": null, "monitoring:flow_rate": null, "ele:datum": null, "ele:accuracy": null, "direction": null, "fire_hydrant:type": null, "fire_hydrant:position": null, "emergency": null, "ford": null, "phone": null, "level": null, "email": null, "addr:street": null, "addr:postcode": null, "addr:housenumber": null, "addr:city": null, "opening_hours": null, "unisex": null, "toilets:disposal": null, "fee": null, "mtb": null, "map_type": null, "map_size": null, "hiking": null, "shelter_type": null, "covered": null, "leisure": null, "seats": null, "backrest": null, "tactile_paving": null, "oneway": null, "kerb": null, "flashing_lights": null, "crossing:signals": null, "crossing:markings": null, "crossing:island": null, "motorcycle": null, "motorcar": null, "locked": null, "access:delivery": null, "barrier:keypad": null, "crossing": null, "traffic_signals": null, "waterway": null, "intermittent": null, "information": null, "description": null, "motor_vehicle": null, "horse": null, "foot": null, "bicycle": null, "man_made": null, "structure": null, "operator:wikidata": null, "operator": null, "line_management": null, "line_attachment": null, "frequency": null, "design": null, "check_date": null, "amenity": null, "power": null, "wheelchair": null, "tourism": null, "landuse": null, "building": null, "addr:state": null, "source:ele": null, "natural": null, "mountain_pass": null, "material": null, "barrier": "cycle_barrier", "access": null, "wikipedia": null, "wikidata": null, "website": null, "source:population": null, "population:date": null, "population": null, "place": null, "name:zh": null, "name:vi": null, "name:uz": null, "name:ur": null, "name:uk": null, "name:tt": null, "name:tl": null, "name:th": null, "name:tg": null, "name:sw": null, "name:sr": null, "name:sq": null, "name:sl": null, "name:sa": null, "name:ru": null, "name:os": null, "name:nv": null, "name:mr": null, "name:mn": null, "name:ml": null, "name:mk": null, "name:lv": null, "name:lt": null, "name:la": null, "name:ky": null, "name:kw": null, "name:ko": null, "name:kk": null, "name:ka": null, "name:ja": null, "name:hy": null, "name:ht": null, "name:he": null, "name:gl": null, "name:gd": null, "name:ga": null, "name:fa": null, "name:en": null, "name:el": null, "name:cy": null, "name:ce": null, "name:bn": null, "name:bg": null, "name:be": null, "name:az": null, "name:ar": null, "name": null, "gnis:feature_id": null, "ele": null, "capital": null, "stop": null, "highway": null }, "geometry": { "type": "Point", "coordinates": [ -104.8996903, 38.8005152 ] } },
{ "type": "Feature", "properties": { "full_id": "n12099701925", "osm_id": "12099701925", "osm_type": "node", "inscription": null, "historic": null, "armrest": null, "lgbtq": null, "kinky": null, "club": null, "addr:unit": null, "waste": null, "addr:country": null, "alt_name": null, "ref": "07105000", "operator:type": "government", "operator:short": "USGS", "official_name": "BEAR CREEK NEAR COLORADO SPRINGS, CO", "monitoring:water_level": "yes", "monitoring:precipitation": "yes", "monitoring:flow_rate": "yes", "ele:datum": "NGVD29", "ele:accuracy": "6.096", "direction": null, "fire_hydrant:type": null, "fire_hydrant:position": null, "emergency": null, "ford": null, "phone": null, "level": null, "email": null, "addr:street": null, "addr:postcode": null, "addr:housenumber": null, "addr:city": null, "opening_hours": null, "unisex": null, "toilets:disposal": null, "fee": null, "mtb": null, "map_type": null, "map_size": null, "hiking": null, "shelter_type": null, "covered": null, "leisure": null, "seats": null, "backrest": null, "tactile_paving": null, "oneway": null, "kerb": null, "flashing_lights": null, "crossing:signals": null, "crossing:markings": null, "crossing:island": null, "motorcycle": null, "motorcar": null, "locked": null, "access:delivery": null, "barrier:keypad": null, "crossing": null, "traffic_signals": null, "waterway": null, "intermittent": null, "information": null, "description": null, "motor_vehicle": null, "horse": null, "foot": null, "bicycle": null, "man_made": "monitoring_station", "structure": null, "operator:wikidata": "Q193755", "operator": "United States Geological Survey", "line_management": null, "line_attachment": null, "frequency": null, "design": null, "check_date": null, "amenity": null, "power": null, "wheelchair": null, "tourism": null, "landuse": null, "building": null, "addr:state": null, "source:ele": null, "natural": null, "mountain_pass": null, "material": null, "barrier": null, "access": null, "wikipedia": null, "wikidata": null, "website": "https://waterdata.usgs.gov/monitoring-location/07105000", "source:population": null, "population:date": null, "population": null, "place": null, "name:zh": null, "name:vi": null, "name:uz": null, "name:ur": null, "name:uk": null, "name:tt": null, "name:tl": null, "name:th": null, "name:tg": null, "name:sw": null, "name:sr": null, "name:sq": null, "name:sl": null, "name:sa": null, "name:ru": null, "name:os": null, "name:nv": null, "name:mr": null, "name:mn": null, "name:ml": null, "name:mk": null, "name:lv": null, "name:lt": null, "name:la": null, "name:ky": null, "name:kw": null, "name:ko": null, "name:kk": null, "name:ka": null, "name:ja": null, "name:hy": null, "name:ht": null, "name:he": null, "name:gl": null, "name:gd": null, "name:ga": null, "name:fa": null, "name:en": null, "name:el": null, "name:cy": null, "name:ce": null, "name:bn": null, "name:bg": null, "name:be": null, "name:az": null, "name:ar": null, "name": "Bear Creek near Colorado Springs", "gnis:feature_id": null, "ele": "1987.296", "capital": null, "stop": null, "highway": null }, "geometry": { "type": "Point", "coordinates": [ -104.888586, 38.8224908 ] } },
{ "type": "Feature", "properties": { "full_id": "n3583182634", "osm_id": "3583182634", "osm_type": "node", "inscription": null, "historic": null, "armrest": null, "lgbtq": null, "kinky": null, "club": null, "addr:unit": null, "waste": null, "addr:country": null, "alt_name": null, "ref": null, "operator:type": null, "operator:short": null, "official_name": null, "monitoring:water_level": null, "monitoring:precipitation": null, "monitoring:flow_rate": null, "ele:datum": null, "ele:accuracy": null, "direction": null, "fire_hydrant:type": null, "fire_hydrant:position": null, "emergency": null, "ford": null, "phone": null, "level": null, "email": null, "addr:street": null, "addr:postcode": null, "addr:housenumber": null, "addr:city": null, "opening_hours": null, "unisex": null, "toilets:disposal": null, "fee": null, "mtb": null, "map_type": null, "map_size": null, "hiking": null, "shelter_type": null, "covered": null, "leisure": null, "seats": null, "backrest": null, "tactile_paving": null, "oneway": null, "kerb": null, "flashing_lights": null, "crossing:signals": null, "crossing:markings": null, "crossing:island": null, "motorcycle": null, "motorcar": null, "locked": null, "access:delivery": null, "barrier:keypad": null, "crossing": null, "traffic_signals": null, "waterway": null, "intermittent": null, "information": null, "description": null, "motor_vehicle": "forestry", "horse": null, "foot": null, "bicycle": null, "man_made": null, "structure": null, "operator:wikidata": null, "operator": null, "line_management": null, "line_attachment": null, "frequency": null, "design": null, "check_date": null, "amenity": null, "power": null, "wheelchair": null, "tourism": null, "landuse": null, "building": null, "addr:state": null, "source:ele": null, "natural": null, "mountain_pass": null, "material": null, "barrier": "gate", "access": null, "wikipedia": null, "wikidata": null, "website": null, "source:population": null, "population:date": null, "population": null, "place": null, "name:zh": null, "name:vi": null, "name:uz": null, "name:ur": null, "name:uk": null, "name:tt": null, "name:tl": null, "name:th": null, "name:tg": null, "name:sw": null, "name:sr": null, "name:sq": null, "name:sl": null, "name:sa": null, "name:ru": null, "name:os": null, "name:nv": null, "name:mr": null, "name:mn": null, "name:ml": null, "name:mk": null, "name:lv": null, "name:lt": null, "name:la": null, "name:ky": null, "name:kw": null, "name:ko": null, "name:kk": null, "name:ka": null, "name:ja": null, "name:hy": null, "name:ht": null, "name:he": null, "name:gl": null, "name:gd": null, "name:ga": null, "name:fa": null, "name:en": null, "name:el": null, "name:cy": null, "name:ce": null, "name:bn": null, "name:bg": null, "name:be": null, "name:az": null, "name:ar": null, "name": null, "gnis:feature_id": null, "ele": null, "capital": null, "stop": null, "highway": null }, "geometry": { "type": "Point", "coordinates": [ -104.9038127, 38.8096116 ] } },
{ "type": "Feature", "properties": { "full_id": "n1447394936", "osm_id": "1447394936", "osm_type": "node", "inscription": null, "historic": null, "armrest": null, "lgbtq": null, "kinky": null, "club": null, "addr:unit": null, "waste": null, "addr:country": null, "alt_name": null, "ref": null, "operator:type": null, "operator:short": null, "official_name": null, "monitoring:water_level": null, "monitoring:precipitation": null, "monitoring:flow_rate": null, "ele:datum": null, "ele:accuracy": null, "direction": null, "fire_hydrant:type": null, "fire_hydrant:position": null, "emergency": null, "ford": null, "phone": null, "level": null, "email": null, "addr:street": null, "addr:postcode": null, "addr:housenumber": null, "addr:city": null, "opening_hours": null, "unisex": null, "toilets:disposal": null, "fee": null, "mtb": null, "map_type": null, "map_size": null, "hiking": null, "shelter_type": null, "covered": null, "leisure": null, "seats": null, "backrest": null, "tactile_paving": null, "oneway": null, "kerb": null, "flashing_lights": null, "crossing:signals": null, "crossing:markings": null, "crossing:island": null, "motorcycle": null, "motorcar": null, "locked": null, "access:delivery": null, "barrier:keypad": null, "crossing": null, "traffic_signals": null, "waterway": "waterfall", "intermittent": "yes", "information": null, "description": null, "motor_vehicle": null, "horse": null, "foot": null, "bicycle": null, "man_made": null, "structure": null, "operator:wikidata": null, "operator": null, "line_management": null, "line_attachment": null, "frequency": null, "design": null, "check_date": null, "amenity": null, "power": null, "wheelchair": null, "tourism": null, "landuse": null, "building": null, "addr:state": null, "source:ele": null, "natural": null, "mountain_pass": null, "material": null, "barrier": null, "access": null, "wikipedia": null, "wikidata": null, "website": null, "source:population": null, "population:date": null, "population": null, "place": null, "name:zh": null, "name:vi": null, "name:uz": null, "name:ur": null, "name:uk": null, "name:tt": null, "name:tl": null, "name:th": null, "name:tg": null, "name:sw": null, "name:sr": null, "name:sq": null, "name:sl": null, "name:sa": null, "name:ru": null, "name:os": null, "name:nv": null, "name:mr": null, "name:mn": null, "name:ml": null, "name:mk": null, "name:lv": null, "name:lt": null, "name:la": null, "name:ky": null, "name:kw": null, "name:ko": null, "name:kk": null, "name:ka": null, "name:ja": null, "name:hy": null, "name:ht": null, "name:he": null, "name:gl": null, "name:gd": null, "name:ga": null, "name:fa": null, "name:en": null, "name:el": null, "name:cy": null, "name:ce": null, "name:bn": null, "name:bg": null, "name:be": null, "name:az": null, "name:ar": null, "name": null, "gnis:feature_id": null, "ele": null, "capital": null, "stop": null, "highway": null }, "geometry": { "type": "Point", "coordinates": [ -104.8965956, 38.8316458 ] } },
{ "type": "Feature", "properties": { "full_id": "n746762935", "osm_id": "746762935", "osm_type": "node", "inscription": null, "historic": null, "armrest": null, "lgbtq": null, "kinky": null, "club": null, "addr:unit": null, "waste": null, "addr:country": null, "alt_name": null, "ref": null, "operator:type": null, "operator:short": null, "official_name": null, "monitoring:water_level": null, "monitoring:precipitation": null, "monitoring:flow_rate": null, "ele:datum": null, "ele:accuracy": null, "direction": null, "fire_hydrant:type": null, "fire_hydrant:position": null, "emergency": null, "ford": null, "phone": null, "level": null, "email": null, "addr:street": null, "addr:postcode": null, "addr:housenumber": null, "addr:city": null, "opening_hours": null, "unisex": null, "toilets:disposal": null, "fee": null, "mtb": null, "map_type": null, "map_size": null, "hiking": null, "shelter_type": null, "covered": null, "leisure": null, "seats": null, "backrest": null, "tactile_paving": null, "oneway": null, "kerb": null, "flashing_lights": null, "crossing:signals": null, "crossing:markings": null, "crossing:island": null, "motorcycle": null, "motorcar": null, "locked": null, "access:delivery": null, "barrier:keypad": null, "crossing": null, "traffic_signals": null, "waterway": null, "intermittent": null, "information": null, "description": null, "motor_vehicle": "no", "horse": "yes", "foot": "yes", "bicycle": "yes", "man_made": null, "structure": null, "operator:wikidata": null, "operator": null, "line_management": null, "line_attachment": null, "frequency": null, "design": null, "check_date": null, "amenity": null, "power": null, "wheelchair": null, "tourism": null, "landuse": null, "building": null, "addr:state": null, "source:ele": null, "natural": null, "mountain_pass": null, "material": null, "barrier": "gate", "access": "yes", "wikipedia": null, "wikidata": null, "website": null, "source:population": null, "population:date": null, "population": null, "place": null, "name:zh": null, "name:vi": null, "name:uz": null, "name:ur": null, "name:uk": null, "name:tt": null, "name:tl": null, "name:th": null, "name:tg": null, "name:sw": null, "name:sr": null, "name:sq": null, "name:sl": null, "name:sa": null, "name:ru": null, "name:os": null, "name:nv": null, "name:mr": null, "name:mn": null, "name:ml": null, "name:mk": null, "name:lv": null, "name:lt": null, "name:la": null, "name:ky": null, "name:kw": null, "name:ko": null, "name:kk": null, "name:ka": null, "name:ja": null, "name:hy": null, "name:ht": null, "name:he": null, "name:gl": null, "name:gd": null, "name:ga": null, "name:fa": null, "name:en": null, "name:el": null, "name:cy": null, "name:ce": null, "name:bn": null, "name:bg": null, "name:be": null, "name:az": null, "name:ar": null, "name": null, "gnis:feature_id": null, "ele": null, "capital": null, "stop": null, "highway": null }, "geometry": { "type": "Point", "coordinates": [ -104.8928598, 38.818959 ] } },
{ "type": "Feature", "properties": { "full_id": "n1447394935", "osm_id": "1447394935", "osm_type": "node", "inscription": null, "historic": null, "armrest": null, "lgbtq": null, "kinky": null, "club": null, "addr:unit": null, "waste": null, "addr:country": null, "alt_name": null, "ref": null, "operator:type": null, "operator:short": null, "official_name": null, "monitoring:water_level": null, "monitoring:precipitation": null, "monitoring:flow_rate": null, "ele:datum": null, "ele:accuracy": null, "direction": null, "fire_hydrant:type": null, "fire_hydrant:position": null, "emergency": null, "ford": null, "phone": null, "level": null, "email": null, "addr:street": null, "addr:postcode": null, "addr:housenumber": null, "addr:city": null, "opening_hours": null, "unisex": null, "toilets:disposal": null, "fee": null, "mtb": null, "map_type": null, "map_size": null, "hiking": null, "shelter_type": null, "covered": null, "leisure": null, "seats": null, "backrest": null, "tactile_paving": null, "oneway": null, "kerb": null, "flashing_lights": null, "crossing:signals": null, "crossing:markings": null, "crossing:island": null, "motorcycle": null, "motorcar": null, "locked": null, "access:delivery": null, "barrier:keypad": null, "crossing": null, "traffic_signals": null, "waterway": null, "intermittent": null, "information": null, "description": null, "motor_vehicle": null, "horse": null, "foot": null, "bicycle": null, "man_made": null, "structure": null, "operator:wikidata": null, "operator": null, "line_management": null, "line_attachment": null, "frequency": null, "design": null, "check_date": null, "amenity": null, "power": null, "wheelchair": null, "tourism": "viewpoint", "landuse": null, "building": null, "addr:state": null, "source:ele": null, "natural": null, "mountain_pass": null, "material": null, "barrier": null, "access": null, "wikipedia": null, "wikidata": null, "website": null, "source:population": null, "population:date": null, "population": null, "place": null, "name:zh": null, "name:vi": null, "name:uz": null, "name:ur": null, "name:uk": null, "name:tt": null, "name:tl": null, "name:th": null, "name:tg": null, "name:sw": null, "name:sr": null, "name:sq": null, "name:sl": null, "name:sa": null, "name:ru": null, "name:os": null, "name:nv": null, "name:mr": null, "name:mn": null, "name:ml": null, "name:mk": null, "name:lv": null, "name:lt": null, "name:la": null, "name:ky": null, "name:kw": null, "name:ko": null, "name:kk": null, "name:ka": null, "name:ja": null, "name:hy": null, "name:ht": null, "name:he": null, "name:gl": null, "name:gd": null, "name:ga": null, "name:fa": null, "name:en": null, "name:el": null, "name:cy": null, "name:ce": null, "name:bn": null, "name:bg": null, "name:be": null, "name:az": null, "name:ar": null, "name": "Forrest Allen Overlook", "gnis:feature_id": null, "ele": null, "capital": null, "stop": null, "highway": null }, "geometry": { "type": "Point", "coordinates": [ -104.8920451, 38.8278897 ] } },
{ "type": "Feature", "properties": { "full_id": "n8337333626", "osm_id": "8337333626", "osm_type": "node", "inscription": null, "historic": null, "armrest": null, "lgbtq": null, "kinky": null, "club": null, "addr:unit": null, "waste": null, "addr:country": null, "alt_name": null, "ref": null, "operator:type": null, "operator:short": null, "official_name": null, "monitoring:water_level": null, "monitoring:precipitation": null, "monitoring:flow_rate": null, "ele:datum": null, "ele:accuracy": null, "direction": null, "fire_hydrant:type": null, "fire_hydrant:position": null, "emergency": null, "ford": null, "phone": null, "level": null, "email": null, "addr:street": null, "addr:postcode": null, "addr:housenumber": null, "addr:city": null, "opening_hours": null, "unisex": null, "toilets:disposal": null, "fee": null, "mtb": null, "map_type": null, "map_size": null, "hiking": null, "shelter_type": null, "covered": null, "leisure": null, "seats": null, "backrest": null, "tactile_paving": null, "oneway": null, "kerb": null, "flashing_lights": null, "crossing:signals": null, "crossing:markings": null, "crossing:island": null, "motorcycle": null, "motorcar": null, "locked": null, "access:delivery": null, "barrier:keypad": null, "crossing": null, "traffic_signals": null, "waterway": null, "intermittent": null, "information": null, "description": null, "motor_vehicle": null, "horse": null, "foot": null, "bicycle": null, "man_made": null, "structure": null, "operator:wikidata": null, "operator": null, "line_management": null, "line_attachment": null, "frequency": null, "design": null, "check_date": null, "amenity": null, "power": null, "wheelchair": null, "tourism": null, "landuse": null, "building": null, "addr:state": null, "source:ele": null, "natural": null, "mountain_pass": null, "material": null, "barrier": "gate", "access": null, "wikipedia": null, "wikidata": null, "website": null, "source:population": null, "population:date": null, "population": null, "place": null, "name:zh": null, "name:vi": null, "name:uz": null, "name:ur": null, "name:uk": null, "name:tt": null, "name:tl": null, "name:th": null, "name:tg": null, "name:sw": null, "name:sr": null, "name:sq": null, "name:sl": null, "name:sa": null, "name:ru": null, "name:os": null, "name:nv": null, "name:mr": null, "name:mn": null, "name:ml": null, "name:mk": null, "name:lv": null, "name:lt": null, "name:la": null, "name:ky": null, "name:kw": null, "name:ko": null, "name:kk": null, "name:ka": null, "name:ja": null, "name:hy": null, "name:ht": null, "name:he": null, "name:gl": null, "name:gd": null, "name:ga": null, "name:fa": null, "name:en": null, "name:el": null, "name:cy": null, "name:ce": null, "name:bn": null, "name:bg": null, "name:be": null, "name:az": null, "name:ar": null, "name": null, "gnis:feature_id": null, "ele": null, "capital": null, "stop": null, "highway": null }, "geometry": { "type": "Point", "coordinates": [ -104.886265, 38.8244655 ] } },
{ "type": "Feature", "properties": { "full_id": "n8337265713", "osm_id": "8337265713", "osm_type": "node", "inscription": null, "historic": null, "armrest": null, "lgbtq": null, "kinky": null, "club": null, "addr:unit": null, "waste": null, "addr:country": null, "alt_name": null, "ref": null, "operator:type": null, "operator:short": null, "official_name": null, "monitoring:water_level": null, "monitoring:precipitation": null, "monitoring:flow_rate": null, "ele:datum": null, "ele:accuracy": null, "direction": null, "fire_hydrant:type": null, "fire_hydrant:position": null, "emergency": null, "ford": null, "phone": null, "level": null, "email": null, "addr:street": null, "addr:postcode": null, "addr:housenumber": null, "addr:city": null, "opening_hours": null, "unisex": null, "toilets:disposal": null, "fee": null, "mtb": null, "map_type": null, "map_size": null, "hiking": null, "shelter_type": null, "covered": null, "leisure": null, "seats": null, "backrest": null, "tactile_paving": null, "oneway": null, "kerb": null, "flashing_lights": null, "crossing:signals": null, "crossing:markings": null, "crossing:island": null, "motorcycle": null, "motorcar": null, "locked": null, "access:delivery": null, "barrier:keypad": null, "crossing": null, "traffic_signals": null, "waterway": null, "intermittent": null, "information": null, "description": null, "motor_vehicle": null, "horse": null, "foot": null, "bicycle": null, "man_made": null, "structure": null, "operator:wikidata": null, "operator": null, "line_management": null, "line_attachment": null, "frequency": null, "design": null, "check_date": null, "amenity": null, "power": null, "wheelchair": null, "tourism": null, "landuse": null, "building": null, "addr:state": null, "source:ele": null, "natural": null, "mountain_pass": null, "material": null, "barrier": "gate", "access": null, "wikipedia": null, "wikidata": null, "website": null, "source:population": null, "population:date": null, "population": null, "place": null, "name:zh": null, "name:vi": null, "name:uz": null, "name:ur": null, "name:uk": null, "name:tt": null, "name:tl": null, "name:th": null, "name:tg": null, "name:sw": null, "name:sr": null, "name:sq": null, "name:sl": null, "name:sa": null, "name:ru": null, "name:os": null, "name:nv": null, "name:mr": null, "name:mn": null, "name:ml": null, "name:mk": null, "name:lv": null, "name:lt": null, "name:la": null, "name:ky": null, "name:kw": null, "name:ko": null, "name:kk": null, "name:ka": null, "name:ja": null, "name:hy": null, "name:ht": null, "name:he": null, "name:gl": null, "name:gd": null, "name:ga": null, "name:fa": null, "name:en": null, "name:el": null, "name:cy": null, "name:ce": null, "name:bn": null, "name:bg": null, "name:be": null, "name:az": null, "name:ar": null, "name": null, "gnis:feature_id": null, "ele": null, "capital": null, "stop": null, "highway": null }, "geometry": { "type": "Point", "coordinates": [ -104.8865352, 38.8248096 ] } },
{ "type": "Feature", "properties": { "full_id": "n11835149644", "osm_id": "11835149644", "osm_type": "node", "inscription": null, "historic": null, "armrest": null, "lgbtq": null, "kinky": null, "club": null, "addr:unit": null, "waste": null, "addr:country": null, "alt_name": null, "ref": null, "operator:type": null, "operator:short": null, "official_name": null, "monitoring:water_level": null, "monitoring:precipitation": null, "monitoring:flow_rate": null, "ele:datum": null, "ele:accuracy": null, "direction": null, "fire_hydrant:type": null, "fire_hydrant:position": null, "emergency": null, "ford": "yes", "phone": null, "level": null, "email": null, "addr:street": null, "addr:postcode": null, "addr:housenumber": null, "addr:city": null, "opening_hours": null, "unisex": null, "toilets:disposal": null, "fee": null, "mtb": null, "map_type": null, "map_size": null, "hiking": null, "shelter_type": null, "covered": null, "leisure": null, "seats": null, "backrest": null, "tactile_paving": null, "oneway": null, "kerb": null, "flashing_lights": null, "crossing:signals": null, "crossing:markings": null, "crossing:island": null, "motorcycle": null, "motorcar": null, "locked": null, "access:delivery": null, "barrier:keypad": null, "crossing": null, "traffic_signals": null, "waterway": null, "intermittent": null, "information": null, "description": null, "motor_vehicle": null, "horse": null, "foot": null, "bicycle": null, "man_made": null, "structure": null, "operator:wikidata": null, "operator": null, "line_management": null, "line_attachment": null, "frequency": null, "design": null, "check_date": null, "amenity": null, "power": null, "wheelchair": null, "tourism": null, "landuse": null, "building": null, "addr:state": null, "source:ele": null, "natural": null, "mountain_pass": null, "material": null, "barrier": null, "access": null, "wikipedia": null, "wikidata": null, "website": null, "source:population": null, "population:date": null, "population": null, "place": null, "name:zh": null, "name:vi": null, "name:uz": null, "name:ur": null, "name:uk": null, "name:tt": null, "name:tl": null, "name:th": null, "name:tg": null, "name:sw": null, "name:sr": null, "name:sq": null, "name:sl": null, "name:sa": null, "name:ru": null, "name:os": null, "name:nv": null, "name:mr": null, "name:mn": null, "name:ml": null, "name:mk": null, "name:lv": null, "name:lt": null, "name:la": null, "name:ky": null, "name:kw": null, "name:ko": null, "name:kk": null, "name:ka": null, "name:ja": null, "name:hy": null, "name:ht": null, "name:he": null, "name:gl": null, "name:gd": null, "name:ga": null, "name:fa": null, "name:en": null, "name:el": null, "name:cy": null, "name:ce": null, "name:bn": null, "name:bg": null, "name:be": null, "name:az": null, "name:ar": null, "name": null, "gnis:feature_id": null, "ele": null, "capital": null, "stop": null, "highway": null }, "geometry": { "type": "Point", "coordinates": [ -104.886319, 38.7947681 ] } },
{ "type": "Feature", "properties": { "full_id": "n11835149643", "osm_id": "11835149643", "osm_type": "node", "inscription": null, "historic": null, "armrest": null, "lgbtq": null, "kinky": null, "club": null, "addr:unit": null, "waste": null, "addr:country": null, "alt_name": null, "ref": null, "operator:type": null, "operator:short": null, "official_name": null, "monitoring:water_level": null, "monitoring:precipitation": null, "monitoring:flow_rate": null, "ele:datum": null, "ele:accuracy": null, "direction": null, "fire_hydrant:type": null, "fire_hydrant:position": null, "emergency": null, "ford": "yes", "phone": null, "level": null, "email": null, "addr:street": null, "addr:postcode": null, "addr:housenumber": null, "addr:city": null, "opening_hours": null, "unisex": null, "toilets:disposal": null, "fee": null, "mtb": null, "map_type": null, "map_size": null, "hiking": null, "shelter_type": null, "covered": null, "leisure": null, "seats": null, "backrest": null, "tactile_paving": null, "oneway": null, "kerb": null, "flashing_lights": null, "crossing:signals": null, "crossing:markings": null, "crossing:island": null, "motorcycle": null, "motorcar": null, "locked": null, "access:delivery": null, "barrier:keypad": null, "crossing": null, "traffic_signals": null, "waterway": null, "intermittent": null, "information": null, "description": null, "motor_vehicle": null, "horse": null, "foot": null, "bicycle": null, "man_made": null, "structure": null, "operator:wikidata": null, "operator": null, "line_management": null, "line_attachment": null, "frequency": null, "design": null, "check_date": null, "amenity": null, "power": null, "wheelchair": null, "tourism": null, "landuse": null, "building": null, "addr:state": null, "source:ele": null, "natural": null, "mountain_pass": null, "material": null, "barrier": null, "access": null, "wikipedia": null, "wikidata": null, "website": null, "source:population": null, "population:date": null, "population": null, "place": null, "name:zh": null, "name:vi": null, "name:uz": null, "name:ur": null, "name:uk": null, "name:tt": null, "name:tl": null, "name:th": null, "name:tg": null, "name:sw": null, "name:sr": null, "name:sq": null, "name:sl": null, "name:sa": null, "name:ru": null, "name:os": null, "name:nv": null, "name:mr": null, "name:mn": null, "name:ml": null, "name:mk": null, "name:lv": null, "name:lt": null, "name:la": null, "name:ky": null, "name:kw": null, "name:ko": null, "name:kk": null, "name:ka": null, "name:ja": null, "name:hy": null, "name:ht": null, "name:he": null, "name:gl": null, "name:gd": null, "name:ga": null, "name:fa": null, "name:en": null, "name:el": null, "name:cy": null, "name:ce": null, "name:bn": null, "name:bg": null, "name:be": null, "name:az": null, "name:ar": null, "name": null, "gnis:feature_id": null, "ele": null, "capital": null, "stop": null, "highway": null }, "geometry": { "type": "Point", "coordinates": [ -104.8864174, 38.7951828 ] } },
{ "type": "Feature", "properties": { "full_id": "n7511899163", "osm_id": "7511899163", "osm_type": "node", "inscription": null, "historic": null, "armrest": null, "lgbtq": null, "kinky": null, "club": null, "addr:unit": null, "waste": null, "addr:country": null, "alt_name": null, "ref": null, "operator:type": null, "operator:short": null, "official_name": null, "monitoring:water_level": null, "monitoring:precipitation": null, "monitoring:flow_rate": null, "ele:datum": null, "ele:accuracy": null, "direction": null, "fire_hydrant:type": null, "fire_hydrant:position": null, "emergency": null, "ford": null, "phone": null, "level": null, "email": null, "addr:street": null, "addr:postcode": null, "addr:housenumber": null, "addr:city": null, "opening_hours": null, "unisex": null, "toilets:disposal": null, "fee": null, "mtb": null, "map_type": null, "map_size": null, "hiking": null, "shelter_type": null, "covered": null, "leisure": null, "seats": null, "backrest": null, "tactile_paving": null, "oneway": null, "kerb": null, "flashing_lights": null, "crossing:signals": null, "crossing:markings": null, "crossing:island": null, "motorcycle": null, "motorcar": null, "locked": null, "access:delivery": null, "barrier:keypad": null, "crossing": null, "traffic_signals": null, "waterway": null, "intermittent": null, "information": "guidepost", "description": null, "motor_vehicle": null, "horse": null, "foot": null, "bicycle": null, "man_made": null, "structure": null, "operator:wikidata": null, "operator": null, "line_management": null, "line_attachment": null, "frequency": null, "design": null, "check_date": null, "amenity": null, "power": null, "wheelchair": null, "tourism": "information", "landuse": null, "building": null, "addr:state": null, "source:ele": null, "natural": null, "mountain_pass": null, "material": null, "barrier": null, "access": null, "wikipedia": null, "wikidata": null, "website": null, "source:population": null, "population:date": null, "population": null, "place": null, "name:zh": null, "name:vi": null, "name:uz": null, "name:ur": null, "name:uk": null, "name:tt": null, "name:tl": null, "name:th": null, "name:tg": null, "name:sw": null, "name:sr": null, "name:sq": null, "name:sl": null, "name:sa": null, "name:ru": null, "name:os": null, "name:nv": null, "name:mr": null, "name:mn": null, "name:ml": null, "name:mk": null, "name:lv": null, "name:lt": null, "name:la": null, "name:ky": null, "name:kw": null, "name:ko": null, "name:kk": null, "name:ka": null, "name:ja": null, "name:hy": null, "name:ht": null, "name:he": null, "name:gl": null, "name:gd": null, "name:ga": null, "name:fa": null, "name:en": null, "name:el": null, "name:cy": null, "name:ce": null, "name:bn": null, "name:bg": null, "name:be": null, "name:az": null, "name:ar": null, "name": "Trail Closure", "gnis:feature_id": null, "ele": null, "capital": null, "stop": null, "highway": null }, "geometry": { "type": "Point", "coordinates": [ -104.9154853, 38.7947324 ] } },
{ "type": "Feature", "properties": { "full_id": "n434804045", "osm_id": "434804045", "osm_type": "node", "inscription": null, "historic": null, "armrest": null, "lgbtq": null, "kinky": null, "club": null, "addr:unit": null, "waste": null, "addr:country": null, "alt_name": null, "ref": null, "operator:type": null, "operator:short": null, "official_name": null, "monitoring:water_level": null, "monitoring:precipitation": null, "monitoring:flow_rate": null, "ele:datum": null, "ele:accuracy": null, "direction": null, "fire_hydrant:type": null, "fire_hydrant:position": null, "emergency": null, "ford": null, "phone": null, "level": null, "email": null, "addr:street": null, "addr:postcode": null, "addr:housenumber": null, "addr:city": null, "opening_hours": null, "unisex": null, "toilets:disposal": null, "fee": null, "mtb": null, "map_type": null, "map_size": null, "hiking": null, "shelter_type": null, "covered": null, "leisure": null, "seats": null, "backrest": null, "tactile_paving": null, "oneway": null, "kerb": null, "flashing_lights": null, "crossing:signals": null, "crossing:markings": null, "crossing:island": null, "motorcycle": null, "motorcar": null, "locked": null, "access:delivery": null, "barrier:keypad": null, "crossing": null, "traffic_signals": null, "waterway": null, "intermittent": null, "information": null, "description": null, "motor_vehicle": null, "horse": null, "foot": null, "bicycle": null, "man_made": null, "structure": null, "operator:wikidata": null, "operator": null, "line_management": null, "line_attachment": null, "frequency": null, "design": null, "check_date": null, "amenity": null, "power": null, "wheelchair": null, "tourism": null, "landuse": null, "building": null, "addr:state": null, "source:ele": null, "natural": null, "mountain_pass": null, "material": null, "barrier": null, "access": null, "wikipedia": null, "wikidata": null, "website": null, "source:population": null, "population:date": null, "population": null, "place": null, "name:zh": null, "name:vi": null, "name:uz": null, "name:ur": null, "name:uk": null, "name:tt": null, "name:tl": null, "name:th": null, "name:tg": null, "name:sw": null, "name:sr": null, "name:sq": null, "name:sl": null, "name:sa": null, "name:ru": null, "name:os": null, "name:nv": null, "name:mr": null, "name:mn": null, "name:ml": null, "name:mk": null, "name:lv": null, "name:lt": null, "name:la": null, "name:ky": null, "name:kw": null, "name:ko": null, "name:kk": null, "name:ka": null, "name:ja": null, "name:hy": null, "name:ht": null, "name:he": null, "name:gl": null, "name:gd": null, "name:ga": null, "name:fa": null, "name:en": null, "name:el": null, "name:cy": null, "name:ce": null, "name:bn": null, "name:bg": null, "name:be": null, "name:az": null, "name:ar": null, "name": "Gold Camp Road Trailhead", "gnis:feature_id": null, "ele": null, "capital": null, "stop": null, "highway": "trailhead" }, "geometry": { "type": "Point", "coordinates": [ -104.890358, 38.82284 ] } },
{ "type": "Feature", "properties": { "full_id": "n434802620", "osm_id": "434802620", "osm_type": "node", "inscription": null, "historic": null, "armrest": null, "lgbtq": null, "kinky": null, "club": null, "addr:unit": null, "waste": null, "addr:country": null, "alt_name": null, "ref": null, "operator:type": null, "operator:short": null, "official_name": null, "monitoring:water_level": null, "monitoring:precipitation": null, "monitoring:flow_rate": null, "ele:datum": null, "ele:accuracy": null, "direction": null, "fire_hydrant:type": null, "fire_hydrant:position": null, "emergency": null, "ford": null, "phone": null, "level": null, "email": null, "addr:street": null, "addr:postcode": null, "addr:housenumber": null, "addr:city": null, "opening_hours": null, "unisex": null, "toilets:disposal": null, "fee": null, "mtb": null, "map_type": null, "map_size": null, "hiking": null, "shelter_type": null, "covered": null, "leisure": null, "seats": null, "backrest": null, "tactile_paving": null, "oneway": null, "kerb": null, "flashing_lights": null, "crossing:signals": null, "crossing:markings": null, "crossing:island": null, "motorcycle": null, "motorcar": null, "locked": null, "access:delivery": null, "barrier:keypad": null, "crossing": null, "traffic_signals": null, "waterway": null, "intermittent": null, "information": null, "description": null, "motor_vehicle": null, "horse": null, "foot": null, "bicycle": null, "man_made": null, "structure": null, "operator:wikidata": null, "operator": null, "line_management": null, "line_attachment": null, "frequency": null, "design": null, "check_date": null, "amenity": "waste_basket", "power": null, "wheelchair": null, "tourism": null, "landuse": null, "building": null, "addr:state": null, "source:ele": null, "natural": null, "mountain_pass": null, "material": null, "barrier": null, "access": null, "wikipedia": null, "wikidata": null, "website": null, "source:population": null, "population:date": null, "population": null, "place": null, "name:zh": null, "name:vi": null, "name:uz": null, "name:ur": null, "name:uk": null, "name:tt": null, "name:tl": null, "name:th": null, "name:tg": null, "name:sw": null, "name:sr": null, "name:sq": null, "name:sl": null, "name:sa": null, "name:ru": null, "name:os": null, "name:nv": null, "name:mr": null, "name:mn": null, "name:ml": null, "name:mk": null, "name:lv": null, "name:lt": null, "name:la": null, "name:ky": null, "name:kw": null, "name:ko": null, "name:kk": null, "name:ka": null, "name:ja": null, "name:hy": null, "name:ht": null, "name:he": null, "name:gl": null, "name:gd": null, "name:ga": null, "name:fa": null, "name:en": null, "name:el": null, "name:cy": null, "name:ce": null, "name:bn": null, "name:bg": null, "name:be": null, "name:az": null, "name:ar": null, "name": null, "gnis:feature_id": null, "ele": null, "capital": null, "stop": null, "highway": null }, "geometry": { "type": "Point", "coordinates": [ -104.8907628, 38.8217701 ] } },
{ "type": "Feature", "properties": { "full_id": "n5154413195", "osm_id": "5154413195", "osm_type": "node", "inscription": null, "historic": null, "armrest": null, "lgbtq": null, "kinky": null, "club": null, "addr:unit": null, "waste": null, "addr:country": null, "alt_name": null, "ref": null, "operator:type": null, "operator:short": null, "official_name": null, "monitoring:water_level": null, "monitoring:precipitation": null, "monitoring:flow_rate": null, "ele:datum": null, "ele:accuracy": null, "direction": null, "fire_hydrant:type": null, "fire_hydrant:position": null, "emergency": null, "ford": null, "phone": null, "level": null, "email": null, "addr:street": null, "addr:postcode": null, "addr:housenumber": null, "addr:city": null, "opening_hours": null, "unisex": null, "toilets:disposal": null, "fee": null, "mtb": null, "map_type": null, "map_size": null, "hiking": null, "shelter_type": null, "covered": null, "leisure": null, "seats": null, "backrest": null, "tactile_paving": null, "oneway": null, "kerb": null, "flashing_lights": null, "crossing:signals": null, "crossing:markings": null, "crossing:island": null, "motorcycle": null, "motorcar": null, "locked": null, "access:delivery": null, "barrier:keypad": null, "crossing": null, "traffic_signals": null, "waterway": null, "intermittent": null, "information": "guidepost", "description": null, "motor_vehicle": null, "horse": null, "foot": null, "bicycle": null, "man_made": null, "structure": null, "operator:wikidata": null, "operator": null, "line_management": null, "line_attachment": null, "frequency": null, "design": null, "check_date": null, "amenity": null, "power": null, "wheelchair": null, "tourism": "information", "landuse": null, "building": null, "addr:state": null, "source:ele": null, "natural": null, "mountain_pass": null, "material": null, "barrier": null, "access": null, "wikipedia": null, "wikidata": null, "website": null, "source:population": null, "population:date": null, "population": null, "place": null, "name:zh": null, "name:vi": null, "name:uz": null, "name:ur": null, "name:uk": null, "name:tt": null, "name:tl": null, "name:th": null, "name:tg": null, "name:sw": null, "name:sr": null, "name:sq": null, "name:sl": null, "name:sa": null, "name:ru": null, "name:os": null, "name:nv": null, "name:mr": null, "name:mn": null, "name:ml": null, "name:mk": null, "name:lv": null, "name:lt": null, "name:la": null, "name:ky": null, "name:kw": null, "name:ko": null, "name:kk": null, "name:ka": null, "name:ja": null, "name:hy": null, "name:ht": null, "name:he": null, "name:gl": null, "name:gd": null, "name:ga": null, "name:fa": null, "name:en": null, "name:el": null, "name:cy": null, "name:ce": null, "name:bn": null, "name:bg": null, "name:be": null, "name:az": null, "name:ar": null, "name": null, "gnis:feature_id": null, "ele": null, "capital": null, "stop": null, "highway": null }, "geometry": { "type": "Point", "coordinates": [ -104.9055018, 38.7979884 ] } },
{ "type": "Feature", "properties": { "full_id": "n5154413169", "osm_id": "5154413169", "osm_type": "node", "inscription": null, "historic": null, "armrest": null, "lgbtq": null, "kinky": null, "club": null, "addr:unit": null, "waste": null, "addr:country": null, "alt_name": null, "ref": null, "operator:type": null, "operator:short": null, "official_name": null, "monitoring:water_level": null, "monitoring:precipitation": null, "monitoring:flow_rate": null, "ele:datum": null, "ele:accuracy": null, "direction": null, "fire_hydrant:type": null, "fire_hydrant:position": null, "emergency": null, "ford": null, "phone": null, "level": null, "email": null, "addr:street": null, "addr:postcode": null, "addr:housenumber": null, "addr:city": null, "opening_hours": null, "unisex": null, "toilets:disposal": null, "fee": null, "mtb": null, "map_type": null, "map_size": null, "hiking": null, "shelter_type": null, "covered": null, "leisure": null, "seats": null, "backrest": null, "tactile_paving": null, "oneway": null, "kerb": null, "flashing_lights": null, "crossing:signals": null, "crossing:markings": null, "crossing:island": null, "motorcycle": null, "motorcar": null, "locked": null, "access:delivery": null, "barrier:keypad": null, "crossing": null, "traffic_signals": null, "waterway": null, "intermittent": null, "information": "guidepost", "description": null, "motor_vehicle": null, "horse": null, "foot": null, "bicycle": null, "man_made": null, "structure": null, "operator:wikidata": null, "operator": null, "line_management": null, "line_attachment": null, "frequency": null, "design": null, "check_date": null, "amenity": null, "power": null, "wheelchair": null, "tourism": "information", "landuse": null, "building": null, "addr:state": null, "source:ele": null, "natural": null, "mountain_pass": null, "material": null, "barrier": null, "access": null, "wikipedia": null, "wikidata": null, "website": null, "source:population": null, "population:date": null, "population": null, "place": null, "name:zh": null, "name:vi": null, "name:uz": null, "name:ur": null, "name:uk": null, "name:tt": null, "name:tl": null, "name:th": null, "name:tg": null, "name:sw": null, "name:sr": null, "name:sq": null, "name:sl": null, "name:sa": null, "name:ru": null, "name:os": null, "name:nv": null, "name:mr": null, "name:mn": null, "name:ml": null, "name:mk": null, "name:lv": null, "name:lt": null, "name:la": null, "name:ky": null, "name:kw": null, "name:ko": null, "name:kk": null, "name:ka": null, "name:ja": null, "name:hy": null, "name:ht": null, "name:he": null, "name:gl": null, "name:gd": null, "name:ga": null, "name:fa": null, "name:en": null, "name:el": null, "name:cy": null, "name:ce": null, "name:bn": null, "name:bg": null, "name:be": null, "name:az": null, "name:ar": null, "name": null, "gnis:feature_id": null, "ele": null, "capital": null, "stop": null, "highway": null }, "geometry": { "type": "Point", "coordinates": [ -104.9054752, 38.7979997 ] } },
{ "type": "Feature", "properties": { "full_id": "n5157806965", "osm_id": "5157806965", "osm_type": "node", "inscription": null, "historic": null, "armrest": null, "lgbtq": null, "kinky": null, "club": null, "addr:unit": null, "waste": null, "addr:country": null, "alt_name": null, "ref": null, "operator:type": null, "operator:short": null, "official_name": null, "monitoring:water_level": null, "monitoring:precipitation": null, "monitoring:flow_rate": null, "ele:datum": null, "ele:accuracy": null, "direction": null, "fire_hydrant:type": null, "fire_hydrant:position": null, "emergency": null, "ford": null, "phone": null, "level": null, "email": null, "addr:street": null, "addr:postcode": null, "addr:housenumber": null, "addr:city": null, "opening_hours": null, "unisex": null, "toilets:disposal": null, "fee": null, "mtb": null, "map_type": null, "map_size": null, "hiking": null, "shelter_type": null, "covered": null, "leisure": null, "seats": null, "backrest": null, "tactile_paving": null, "oneway": null, "kerb": null, "flashing_lights": null, "crossing:signals": null, "crossing:markings": null, "crossing:island": null, "motorcycle": null, "motorcar": null, "locked": null, "access:delivery": null, "barrier:keypad": null, "crossing": null, "traffic_signals": null, "waterway": null, "intermittent": null, "information": null, "description": null, "motor_vehicle": null, "horse": null, "foot": null, "bicycle": null, "man_made": null, "structure": null, "operator:wikidata": null, "operator": null, "line_management": null, "line_attachment": null, "frequency": null, "design": null, "check_date": null, "amenity": "bench", "power": null, "wheelchair": null, "tourism": null, "landuse": null, "building": null, "addr:state": null, "source:ele": null, "natural": null, "mountain_pass": null, "material": "wood", "barrier": null, "access": null, "wikipedia": null, "wikidata": null, "website": null, "source:population": null, "population:date": null, "population": null, "place": null, "name:zh": null, "name:vi": null, "name:uz": null, "name:ur": null, "name:uk": null, "name:tt": null, "name:tl": null, "name:th": null, "name:tg": null, "name:sw": null, "name:sr": null, "name:sq": null, "name:sl": null, "name:sa": null, "name:ru": null, "name:os": null, "name:nv": null, "name:mr": null, "name:mn": null, "name:ml": null, "name:mk": null, "name:lv": null, "name:lt": null, "name:la": null, "name:ky": null, "name:kw": null, "name:ko": null, "name:kk": null, "name:ka": null, "name:ja": null, "name:hy": null, "name:ht": null, "name:he": null, "name:gl": null, "name:gd": null, "name:ga": null, "name:fa": null, "name:en": null, "name:el": null, "name:cy": null, "name:ce": null, "name:bn": null, "name:bg": null, "name:be": null, "name:az": null, "name:ar": null, "name": null, "gnis:feature_id": null, "ele": null, "capital": null, "stop": null, "highway": null }, "geometry": { "type": "Point", "coordinates": [ -104.8903866, 38.8228668 ] } },
{ "type": "Feature", "properties": { "full_id": "n5154416608", "osm_id": "5154416608", "osm_type": "node", "inscription": null, "historic": null, "armrest": null, "lgbtq": null, "kinky": null, "club": null, "addr:unit": null, "waste": null, "addr:country": null, "alt_name": null, "ref": null, "operator:type": null, "operator:short": null, "official_name": null, "monitoring:water_level": null, "monitoring:precipitation": null, "monitoring:flow_rate": null, "ele:datum": null, "ele:accuracy": null, "direction": null, "fire_hydrant:type": null, "fire_hydrant:position": null, "emergency": null, "ford": null, "phone": null, "level": null, "email": null, "addr:street": null, "addr:postcode": null, "addr:housenumber": null, "addr:city": null, "opening_hours": null, "unisex": null, "toilets:disposal": null, "fee": null, "mtb": null, "map_type": null, "map_size": null, "hiking": null, "shelter_type": null, "covered": null, "leisure": null, "seats": null, "backrest": null, "tactile_paving": null, "oneway": null, "kerb": null, "flashing_lights": null, "crossing:signals": null, "crossing:markings": null, "crossing:island": null, "motorcycle": null, "motorcar": null, "locked": null, "access:delivery": null, "barrier:keypad": null, "crossing": null, "traffic_signals": null, "waterway": null, "intermittent": null, "information": null, "description": null, "motor_vehicle": null, "horse": null, "foot": null, "bicycle": null, "man_made": null, "structure": null, "operator:wikidata": null, "operator": null, "line_management": null, "line_attachment": null, "frequency": null, "design": null, "check_date": null, "amenity": null, "power": null, "wheelchair": null, "tourism": "viewpoint", "landuse": null, "building": null, "addr:state": null, "source:ele": null, "natural": null, "mountain_pass": null, "material": null, "barrier": null, "access": null, "wikipedia": null, "wikidata": null, "website": null, "source:population": null, "population:date": null, "population": null, "place": null, "name:zh": null, "name:vi": null, "name:uz": null, "name:ur": null, "name:uk": null, "name:tt": null, "name:tl": null, "name:th": null, "name:tg": null, "name:sw": null, "name:sr": null, "name:sq": null, "name:sl": null, "name:sa": null, "name:ru": null, "name:os": null, "name:nv": null, "name:mr": null, "name:mn": null, "name:ml": null, "name:mk": null, "name:lv": null, "name:lt": null, "name:la": null, "name:ky": null, "name:kw": null, "name:ko": null, "name:kk": null, "name:ka": null, "name:ja": null, "name:hy": null, "name:ht": null, "name:he": null, "name:gl": null, "name:gd": null, "name:ga": null, "name:fa": null, "name:en": null, "name:el": null, "name:cy": null, "name:ce": null, "name:bn": null, "name:bg": null, "name:be": null, "name:az": null, "name:ar": null, "name": null, "gnis:feature_id": null, "ele": null, "capital": null, "stop": null, "highway": null }, "geometry": { "type": "Point", "coordinates": [ -104.9143686, 38.7928345 ] } },
{ "type": "Feature", "properties": { "full_id": "n12737906078", "osm_id": "12737906078", "osm_type": "node", "inscription": null, "historic": null, "armrest": null, "lgbtq": null, "kinky": null, "club": null, "addr:unit": null, "waste": null, "addr:country": null, "alt_name": "Birthday Bruce Peak", "ref": null, "operator:type": null, "operator:short": null, "official_name": null, "monitoring:water_level": null, "monitoring:precipitation": null, "monitoring:flow_rate": null, "ele:datum": null, "ele:accuracy": null, "direction": null, "fire_hydrant:type": null, "fire_hydrant:position": null, "emergency": null, "ford": null, "phone": null, "level": null, "email": null, "addr:street": null, "addr:postcode": null, "addr:housenumber": null, "addr:city": null, "opening_hours": null, "unisex": null, "toilets:disposal": null, "fee": null, "mtb": null, "map_type": null, "map_size": null, "hiking": null, "shelter_type": null, "covered": null, "leisure": null, "seats": null, "backrest": null, "tactile_paving": null, "oneway": null, "kerb": null, "flashing_lights": null, "crossing:signals": null, "crossing:markings": null, "crossing:island": null, "motorcycle": null, "motorcar": null, "locked": null, "access:delivery": null, "barrier:keypad": null, "crossing": null, "traffic_signals": null, "waterway": null, "intermittent": null, "information": null, "description": null, "motor_vehicle": null, "horse": null, "foot": null, "bicycle": null, "man_made": null, "structure": null, "operator:wikidata": null, "operator": null, "line_management": null, "line_attachment": null, "frequency": null, "design": null, "check_date": null, "amenity": null, "power": null, "wheelchair": null, "tourism": null, "landuse": null, "building": null, "addr:state": null, "source:ele": null, "natural": "peak", "mountain_pass": null, "material": null, "barrier": null, "access": null, "wikipedia": null, "wikidata": null, "website": null, "source:population": null, "population:date": null, "population": null, "place": null, "name:zh": null, "name:vi": null, "name:uz": null, "name:ur": null, "name:uk": null, "name:tt": null, "name:tl": null, "name:th": null, "name:tg": null, "name:sw": null, "name:sr": null, "name:sq": null, "name:sl": null, "name:sa": null, "name:ru": null, "name:os": null, "name:nv": null, "name:mr": null, "name:mn": null, "name:ml": null, "name:mk": null, "name:lv": null, "name:lt": null, "name:la": null, "name:ky": null, "name:kw": null, "name:ko": null, "name:kk": null, "name:ka": null, "name:ja": null, "name:hy": null, "name:ht": null, "name:he": null, "name:gl": null, "name:gd": null, "name:ga": null, "name:fa": null, "name:en": null, "name:el": null, "name:cy": null, "name:ce": null, "name:bn": null, "name:bg": null, "name:be": null, "name:az": null, "name:ar": null, "name": "Bear Creek Peak", "gnis:feature_id": null, "ele": "2476", "capital": null, "stop": null, "highway": null }, "geometry": { "type": "Point", "coordinates": [ -104.905635, 38.8277921 ] } },
{ "type": "Feature", "properties": { "full_id": "n5154413646", "osm_id": "5154413646", "osm_type": "node", "inscription": null, "historic": null, "armrest": null, "lgbtq": null, "kinky": null, "club": null, "addr:unit": null, "waste": null, "addr:country": null, "alt_name": null, "ref": null, "operator:type": null, "operator:short": null, "official_name": null, "monitoring:water_level": null, "monitoring:precipitation": null, "monitoring:flow_rate": null, "ele:datum": null, "ele:accuracy": null, "direction": null, "fire_hydrant:type": null, "fire_hydrant:position": null, "emergency": null, "ford": null, "phone": null, "level": null, "email": null, "addr:street": null, "addr:postcode": null, "addr:housenumber": null, "addr:city": null, "opening_hours": null, "unisex": null, "toilets:disposal": null, "fee": null, "mtb": null, "map_type": null, "map_size": null, "hiking": null, "shelter_type": null, "covered": null, "leisure": null, "seats": null, "backrest": null, "tactile_paving": null, "oneway": null, "kerb": null, "flashing_lights": null, "crossing:signals": null, "crossing:markings": null, "crossing:island": null, "motorcycle": null, "motorcar": null, "locked": null, "access:delivery": null, "barrier:keypad": null, "crossing": null, "traffic_signals": null, "waterway": null, "intermittent": null, "information": "guidepost", "description": null, "motor_vehicle": null, "horse": null, "foot": null, "bicycle": null, "man_made": null, "structure": null, "operator:wikidata": null, "operator": null, "line_management": null, "line_attachment": null, "frequency": null, "design": null, "check_date": null, "amenity": null, "power": null, "wheelchair": null, "tourism": "information", "landuse": null, "building": null, "addr:state": null, "source:ele": null, "natural": null, "mountain_pass": null, "material": null, "barrier": null, "access": null, "wikipedia": null, "wikidata": null, "website": null, "source:population": null, "population:date": null, "population": null, "place": null, "name:zh": null, "name:vi": null, "name:uz": null, "name:ur": null, "name:uk": null, "name:tt": null, "name:tl": null, "name:th": null, "name:tg": null, "name:sw": null, "name:sr": null, "name:sq": null, "name:sl": null, "name:sa": null, "name:ru": null, "name:os": null, "name:nv": null, "name:mr": null, "name:mn": null, "name:ml": null, "name:mk": null, "name:lv": null, "name:lt": null, "name:la": null, "name:ky": null, "name:kw": null, "name:ko": null, "name:kk": null, "name:ka": null, "name:ja": null, "name:hy": null, "name:ht": null, "name:he": null, "name:gl": null, "name:gd": null, "name:ga": null, "name:fa": null, "name:en": null, "name:el": null, "name:cy": null, "name:ce": null, "name:bn": null, "name:bg": null, "name:be": null, "name:az": null, "name:ar": null, "name": null, "gnis:feature_id": null, "ele": null, "capital": null, "stop": null, "highway": null }, "geometry": { "type": "Point", "coordinates": [ -104.9055067, 38.7980037 ] } },
{ "type": "Feature", "properties": { "full_id": "n358928768", "osm_id": "358928768", "osm_type": "node", "inscription": null, "historic": null, "armrest": null, "lgbtq": null, "kinky": null, "club": null, "addr:unit": null, "waste": null, "addr:country": null, "alt_name": null, "ref": null, "operator:type": null, "operator:short": null, "official_name": null, "monitoring:water_level": null, "monitoring:precipitation": null, "monitoring:flow_rate": null, "ele:datum": null, "ele:accuracy": null, "direction": null, "fire_hydrant:type": null, "fire_hydrant:position": null, "emergency": null, "ford": null, "phone": null, "level": null, "email": null, "addr:street": null, "addr:postcode": null, "addr:housenumber": null, "addr:city": null, "opening_hours": null, "unisex": null, "toilets:disposal": null, "fee": null, "mtb": null, "map_type": null, "map_size": null, "hiking": null, "shelter_type": null, "covered": null, "leisure": null, "seats": null, "backrest": null, "tactile_paving": null, "oneway": null, "kerb": null, "flashing_lights": null, "crossing:signals": null, "crossing:markings": null, "crossing:island": null, "motorcycle": null, "motorcar": null, "locked": null, "access:delivery": null, "barrier:keypad": null, "crossing": null, "traffic_signals": null, "waterway": null, "intermittent": null, "information": null, "description": null, "motor_vehicle": null, "horse": null, "foot": null, "bicycle": null, "man_made": null, "structure": null, "operator:wikidata": null, "operator": null, "line_management": null, "line_attachment": null, "frequency": null, "design": null, "check_date": null, "amenity": null, "power": null, "wheelchair": null, "tourism": null, "landuse": null, "building": null, "addr:state": null, "source:ele": null, "natural": "peak", "mountain_pass": null, "material": null, "barrier": null, "access": null, "wikipedia": null, "wikidata": null, "website": null, "source:population": null, "population:date": null, "population": null, "place": null, "name:zh": null, "name:vi": null, "name:uz": null, "name:ur": null, "name:uk": null, "name:tt": null, "name:tl": null, "name:th": null, "name:tg": null, "name:sw": null, "name:sr": null, "name:sq": null, "name:sl": null, "name:sa": null, "name:ru": null, "name:os": null, "name:nv": null, "name:mr": null, "name:mn": null, "name:ml": null, "name:mk": null, "name:lv": null, "name:lt": null, "name:la": null, "name:ky": null, "name:kw": null, "name:ko": null, "name:kk": null, "name:ka": null, "name:ja": null, "name:hy": null, "name:ht": null, "name:he": null, "name:gl": null, "name:gd": null, "name:ga": null, "name:fa": null, "name:en": null, "name:el": null, "name:cy": null, "name:ce": null, "name:bn": null, "name:bg": null, "name:be": null, "name:az": null, "name:ar": null, "name": "Mays Peak", "gnis:feature_id": "193418", "ele": "2525", "capital": null, "stop": null, "highway": null }, "geometry": { "type": "Point", "coordinates": [ -104.8963632, 38.8013792 ] } },
{ "type": "Feature", "properties": { "full_id": "n5157806970", "osm_id": "5157806970", "osm_type": "node", "inscription": null, "historic": null, "armrest": null, "lgbtq": null, "kinky": null, "club": null, "addr:unit": null, "waste": null, "addr:country": null, "alt_name": null, "ref": null, "operator:type": null, "operator:short": null, "official_name": null, "monitoring:water_level": null, "monitoring:precipitation": null, "monitoring:flow_rate": null, "ele:datum": null, "ele:accuracy": null, "direction": null, "fire_hydrant:type": null, "fire_hydrant:position": null, "emergency": null, "ford": null, "phone": null, "level": null, "email": null, "addr:street": null, "addr:postcode": null, "addr:housenumber": null, "addr:city": null, "opening_hours": null, "unisex": "yes", "toilets:disposal": "chemical", "fee": "no", "mtb": null, "map_type": null, "map_size": null, "hiking": null, "shelter_type": null, "covered": null, "leisure": null, "seats": null, "backrest": null, "tactile_paving": null, "oneway": null, "kerb": null, "flashing_lights": null, "crossing:signals": null, "crossing:markings": null, "crossing:island": null, "motorcycle": null, "motorcar": null, "locked": null, "access:delivery": null, "barrier:keypad": null, "crossing": null, "traffic_signals": null, "waterway": null, "intermittent": null, "information": null, "description": null, "motor_vehicle": null, "horse": null, "foot": null, "bicycle": null, "man_made": null, "structure": null, "operator:wikidata": null, "operator": null, "line_management": null, "line_attachment": null, "frequency": null, "design": null, "check_date": null, "amenity": "toilets", "power": null, "wheelchair": null, "tourism": null, "landuse": null, "building": null, "addr:state": null, "source:ele": null, "natural": null, "mountain_pass": null, "material": null, "barrier": null, "access": null, "wikipedia": null, "wikidata": null, "website": null, "source:population": null, "population:date": null, "population": null, "place": null, "name:zh": null, "name:vi": null, "name:uz": null, "name:ur": null, "name:uk": null, "name:tt": null, "name:tl": null, "name:th": null, "name:tg": null, "name:sw": null, "name:sr": null, "name:sq": null, "name:sl": null, "name:sa": null, "name:ru": null, "name:os": null, "name:nv": null, "name:mr": null, "name:mn": null, "name:ml": null, "name:mk": null, "name:lv": null, "name:lt": null, "name:la": null, "name:ky": null, "name:kw": null, "name:ko": null, "name:kk": null, "name:ka": null, "name:ja": null, "name:hy": null, "name:ht": null, "name:he": null, "name:gl": null, "name:gd": null, "name:ga": null, "name:fa": null, "name:en": null, "name:el": null, "name:cy": null, "name:ce": null, "name:bn": null, "name:bg": null, "name:be": null, "name:az": null, "name:ar": null, "name": null, "gnis:feature_id": null, "ele": null, "capital": null, "stop": null, "highway": null }, "geometry": { "type": "Point", "coordinates": [ -104.8904711, 38.8226181 ] } },
{ "type": "Feature", "properties": { "full_id": "n5157806969", "osm_id": "5157806969", "osm_type": "node", "inscription": null, "historic": null, "armrest": null, "lgbtq": null, "kinky": null, "club": null, "addr:unit": null, "waste": null, "addr:country": null, "alt_name": null, "ref": null, "operator:type": null, "operator:short": null, "official_name": null, "monitoring:water_level": null, "monitoring:precipitation": null, "monitoring:flow_rate": null, "ele:datum": null, "ele:accuracy": null, "direction": null, "fire_hydrant:type": null, "fire_hydrant:position": null, "emergency": null, "ford": null, "phone": null, "level": null, "email": null, "addr:street": null, "addr:postcode": null, "addr:housenumber": null, "addr:city": null, "opening_hours": null, "unisex": null, "toilets:disposal": null, "fee": null, "mtb": null, "map_type": null, "map_size": null, "hiking": null, "shelter_type": null, "covered": null, "leisure": null, "seats": null, "backrest": null, "tactile_paving": null, "oneway": null, "kerb": null, "flashing_lights": null, "crossing:signals": null, "crossing:markings": null, "crossing:island": null, "motorcycle": null, "motorcar": null, "locked": null, "access:delivery": null, "barrier:keypad": null, "crossing": null, "traffic_signals": null, "waterway": null, "intermittent": null, "information": null, "description": null, "motor_vehicle": null, "horse": null, "foot": null, "bicycle": null, "man_made": null, "structure": null, "operator:wikidata": null, "operator": null, "line_management": null, "line_attachment": null, "frequency": null, "design": null, "check_date": null, "amenity": "bench", "power": null, "wheelchair": null, "tourism": null, "landuse": null, "building": null, "addr:state": null, "source:ele": null, "natural": null, "mountain_pass": null, "material": "stone", "barrier": null, "access": null, "wikipedia": null, "wikidata": null, "website": null, "source:population": null, "population:date": null, "population": null, "place": null, "name:zh": null, "name:vi": null, "name:uz": null, "name:ur": null, "name:uk": null, "name:tt": null, "name:tl": null, "name:th": null, "name:tg": null, "name:sw": null, "name:sr": null, "name:sq": null, "name:sl": null, "name:sa": null, "name:ru": null, "name:os": null, "name:nv": null, "name:mr": null, "name:mn": null, "name:ml": null, "name:mk": null, "name:lv": null, "name:lt": null, "name:la": null, "name:ky": null, "name:kw": null, "name:ko": null, "name:kk": null, "name:ka": null, "name:ja": null, "name:hy": null, "name:ht": null, "name:he": null, "name:gl": null, "name:gd": null, "name:ga": null, "name:fa": null, "name:en": null, "name:el": null, "name:cy": null, "name:ce": null, "name:bn": null, "name:bg": null, "name:be": null, "name:az": null, "name:ar": null, "name": null, "gnis:feature_id": null, "ele": null, "capital": null, "stop": null, "highway": null }, "geometry": { "type": "Point", "coordinates": [ -104.8904523, 38.8227467 ] } },
{ "type": "Feature", "properties": { "full_id": "n5157806968", "osm_id": "5157806968", "osm_type": "node", "inscription": null, "historic": null, "armrest": null, "lgbtq": null, "kinky": null, "club": null, "addr:unit": null, "waste": null, "addr:country": null, "alt_name": null, "ref": null, "operator:type": null, "operator:short": null, "official_name": null, "monitoring:water_level": null, "monitoring:precipitation": null, "monitoring:flow_rate": null, "ele:datum": null, "ele:accuracy": null, "direction": null, "fire_hydrant:type": null, "fire_hydrant:position": null, "emergency": null, "ford": null, "phone": null, "level": null, "email": null, "addr:street": null, "addr:postcode": null, "addr:housenumber": null, "addr:city": null, "opening_hours": null, "unisex": null, "toilets:disposal": null, "fee": null, "mtb": null, "map_type": null, "map_size": null, "hiking": null, "shelter_type": null, "covered": null, "leisure": null, "seats": null, "backrest": null, "tactile_paving": null, "oneway": null, "kerb": null, "flashing_lights": null, "crossing:signals": null, "crossing:markings": null, "crossing:island": null, "motorcycle": null, "motorcar": null, "locked": null, "access:delivery": null, "barrier:keypad": null, "crossing": null, "traffic_signals": null, "waterway": null, "intermittent": null, "information": null, "description": null, "motor_vehicle": null, "horse": null, "foot": null, "bicycle": null, "man_made": null, "structure": null, "operator:wikidata": null, "operator": null, "line_management": null, "line_attachment": null, "frequency": null, "design": null, "check_date": null, "amenity": "waste_basket", "power": null, "wheelchair": null, "tourism": null, "landuse": null, "building": null, "addr:state": null, "source:ele": null, "natural": null, "mountain_pass": null, "material": null, "barrier": null, "access": null, "wikipedia": null, "wikidata": null, "website": null, "source:population": null, "population:date": null, "population": null, "place": null, "name:zh": null, "name:vi": null, "name:uz": null, "name:ur": null, "name:uk": null, "name:tt": null, "name:tl": null, "name:th": null, "name:tg": null, "name:sw": null, "name:sr": null, "name:sq": null, "name:sl": null, "name:sa": null, "name:ru": null, "name:os": null, "name:nv": null, "name:mr": null, "name:mn": null, "name:ml": null, "name:mk": null, "name:lv": null, "name:lt": null, "name:la": null, "name:ky": null, "name:kw": null, "name:ko": null, "name:kk": null, "name:ka": null, "name:ja": null, "name:hy": null, "name:ht": null, "name:he": null, "name:gl": null, "name:gd": null, "name:ga": null, "name:fa": null, "name:en": null, "name:el": null, "name:cy": null, "name:ce": null, "name:bn": null, "name:bg": null, "name:be": null, "name:az": null, "name:ar": null, "name": null, "gnis:feature_id": null, "ele": null, "capital": null, "stop": null, "highway": null }, "geometry": { "type": "Point", "coordinates": [ -104.8902217, 38.8230089 ] } },
{ "type": "Feature", "properties": { "full_id": "n5157806966", "osm_id": "5157806966", "osm_type": "node", "inscription": null, "historic": null, "armrest": null, "lgbtq": null, "kinky": null, "club": null, "addr:unit": null, "waste": null, "addr:country": null, "alt_name": null, "ref": null, "operator:type": null, "operator:short": null, "official_name": null, "monitoring:water_level": null, "monitoring:precipitation": null, "monitoring:flow_rate": null, "ele:datum": null, "ele:accuracy": null, "direction": null, "fire_hydrant:type": null, "fire_hydrant:position": null, "emergency": null, "ford": null, "phone": null, "level": null, "email": null, "addr:street": null, "addr:postcode": null, "addr:housenumber": null, "addr:city": null, "opening_hours": null, "unisex": null, "toilets:disposal": null, "fee": null, "mtb": "yes", "map_type": "scheme", "map_size": null, "hiking": "yes", "shelter_type": null, "covered": null, "leisure": null, "seats": null, "backrest": null, "tactile_paving": null, "oneway": null, "kerb": null, "flashing_lights": null, "crossing:signals": null, "crossing:markings": null, "crossing:island": null, "motorcycle": null, "motorcar": null, "locked": null, "access:delivery": null, "barrier:keypad": null, "crossing": null, "traffic_signals": null, "waterway": null, "intermittent": null, "information": "map", "description": null, "motor_vehicle": null, "horse": null, "foot": null, "bicycle": null, "man_made": null, "structure": null, "operator:wikidata": null, "operator": null, "line_management": null, "line_attachment": null, "frequency": null, "design": null, "check_date": null, "amenity": null, "power": null, "wheelchair": null, "tourism": "information", "landuse": null, "building": null, "addr:state": null, "source:ele": null, "natural": null, "mountain_pass": null, "material": null, "barrier": null, "access": null, "wikipedia": null, "wikidata": null, "website": null, "source:population": null, "population:date": null, "population": null, "place": null, "name:zh": null, "name:vi": null, "name:uz": null, "name:ur": null, "name:uk": null, "name:tt": null, "name:tl": null, "name:th": null, "name:tg": null, "name:sw": null, "name:sr": null, "name:sq": null, "name:sl": null, "name:sa": null, "name:ru": null, "name:os": null, "name:nv": null, "name:mr": null, "name:mn": null, "name:ml": null, "name:mk": null, "name:lv": null, "name:lt": null, "name:la": null, "name:ky": null, "name:kw": null, "name:ko": null, "name:kk": null, "name:ka": null, "name:ja": null, "name:hy": null, "name:ht": null, "name:he": null, "name:gl": null, "name:gd": null, "name:ga": null, "name:fa": null, "name:en": null, "name:el": null, "name:cy": null, "name:ce": null, "name:bn": null, "name:bg": null, "name:be": null, "name:az": null, "name:ar": null, "name": null, "gnis:feature_id": null, "ele": null, "capital": null, "stop": null, "highway": null }, "geometry": { "type": "Point", "coordinates": [ -104.8903544, 38.8228888 ] } },
{ "type": "Feature", "properties": { "full_id": "n358928770", "osm_id": "358928770", "osm_type": "node", "inscription": null, "historic": null, "armrest": null, "lgbtq": null, "kinky": null, "club": null, "addr:unit": null, "waste": null, "addr:country": null, "alt_name": null, "ref": null, "operator:type": null, "operator:short": null, "official_name": null, "monitoring:water_level": null, "monitoring:precipitation": null, "monitoring:flow_rate": null, "ele:datum": null, "ele:accuracy": null, "direction": null, "fire_hydrant:type": null, "fire_hydrant:position": null, "emergency": null, "ford": null, "phone": null, "level": null, "email": null, "addr:street": null, "addr:postcode": null, "addr:housenumber": null, "addr:city": null, "opening_hours": null, "unisex": null, "toilets:disposal": null, "fee": null, "mtb": null, "map_type": null, "map_size": null, "hiking": null, "shelter_type": null, "covered": null, "leisure": null, "seats": null, "backrest": null, "tactile_paving": null, "oneway": null, "kerb": null, "flashing_lights": null, "crossing:signals": null, "crossing:markings": null, "crossing:island": null, "motorcycle": null, "motorcar": null, "locked": null, "access:delivery": null, "barrier:keypad": null, "crossing": null, "traffic_signals": null, "waterway": null, "intermittent": null, "information": null, "description": null, "motor_vehicle": null, "horse": null, "foot": null, "bicycle": null, "man_made": null, "structure": null, "operator:wikidata": null, "operator": null, "line_management": null, "line_attachment": null, "frequency": null, "design": null, "check_date": null, "amenity": null, "power": null, "wheelchair": null, "tourism": null, "landuse": null, "building": null, "addr:state": null, "source:ele": null, "natural": "peak", "mountain_pass": null, "material": null, "barrier": null, "access": null, "wikipedia": null, "wikidata": null, "website": null, "source:population": null, "population:date": null, "population": null, "place": null, "name:zh": null, "name:vi": null, "name:uz": null, "name:ur": null, "name:uk": null, "name:tt": null, "name:tl": null, "name:th": null, "name:tg": null, "name:sw": null, "name:sr": null, "name:sq": null, "name:sl": null, "name:sa": null, "name:ru": null, "name:os": null, "name:nv": null, "name:mr": null, "name:mn": null, "name:ml": null, "name:mk": null, "name:lv": null, "name:lt": null, "name:la": null, "name:ky": null, "name:kw": null, "name:ko": null, "name:kk": null, "name:ka": null, "name:ja": null, "name:hy": null, "name:ht": null, "name:he": null, "name:gl": null, "name:gd": null, "name:ga": null, "name:fa": null, "name:en": null, "name:el": null, "name:cy": null, "name:ce": null, "name:bn": null, "name:bg": null, "name:be": null, "name:az": null, "name:ar": null, "name": "Mount Buckhorn", "gnis:feature_id": "193419", "ele": "2548", "capital": null, "stop": null, "highway": null }, "geometry": { "type": "Point", "coordinates": [ -104.9033078, 38.8002679 ] } },
{ "type": "Feature", "properties": { "full_id": "n366394488", "osm_id": "366394488", "osm_type": "node", "inscription": null, "historic": null, "armrest": null, "lgbtq": null, "kinky": null, "club": null, "addr:unit": null, "waste": null, "addr:country": null, "alt_name": null, "ref": null, "operator:type": null, "operator:short": null, "official_name": null, "monitoring:water_level": null, "monitoring:precipitation": null, "monitoring:flow_rate": null, "ele:datum": null, "ele:accuracy": null, "direction": null, "fire_hydrant:type": null, "fire_hydrant:position": null, "emergency": null, "ford": null, "phone": null, "level": null, "email": null, "addr:street": null, "addr:postcode": null, "addr:housenumber": null, "addr:city": null, "opening_hours": null, "unisex": null, "toilets:disposal": null, "fee": null, "mtb": null, "map_type": null, "map_size": null, "hiking": null, "shelter_type": null, "covered": null, "leisure": null, "seats": null, "backrest": null, "tactile_paving": null, "oneway": null, "kerb": null, "flashing_lights": null, "crossing:signals": null, "crossing:markings": null, "crossing:island": null, "motorcycle": null, "motorcar": null, "locked": null, "access:delivery": null, "barrier:keypad": null, "crossing": null, "traffic_signals": null, "waterway": null, "intermittent": null, "information": null, "description": null, "motor_vehicle": null, "horse": null, "foot": null, "bicycle": null, "man_made": null, "structure": null, "operator:wikidata": null, "operator": null, "line_management": null, "line_attachment": null, "frequency": null, "design": null, "check_date": null, "amenity": null, "power": null, "wheelchair": null, "tourism": null, "landuse": null, "building": "yes", "addr:state": "CO", "source:ele": null, "natural": null, "mountain_pass": null, "material": null, "barrier": null, "access": null, "wikipedia": null, "wikidata": null, "website": null, "source:population": null, "population:date": null, "population": null, "place": null, "name:zh": null, "name:vi": null, "name:uz": null, "name:ur": null, "name:uk": null, "name:tt": null, "name:tl": null, "name:th": null, "name:tg": null, "name:sw": null, "name:sr": null, "name:sq": null, "name:sl": null, "name:sa": null, "name:ru": null, "name:os": null, "name:nv": null, "name:mr": null, "name:mn": null, "name:ml": null, "name:mk": null, "name:lv": null, "name:lt": null, "name:la": null, "name:ky": null, "name:kw": null, "name:ko": null, "name:kk": null, "name:ka": null, "name:ja": null, "name:hy": null, "name:ht": null, "name:he": null, "name:gl": null, "name:gd": null, "name:ga": null, "name:fa": null, "name:en": null, "name:el": null, "name:cy": null, "name:ce": null, "name:bn": null, "name:bg": null, "name:be": null, "name:az": null, "name:ar": null, "name": "Neeper Cabin", "gnis:feature_id": "1962132", "ele": "2173", "capital": null, "stop": null, "highway": null }, "geometry": { "type": "Point", "coordinates": [ -104.9152533, 38.8305457 ] } }
]
}
