{
"type": "FeatureCollection",
"name": "bearCreekCanyon",
"crs": { "type": "name", "properties": { "name": "urn:ogc:def:crs:OGC:1.3:CRS84" } },
"features": [
{ "type": "Feature", "properties": { "full_id": "w988946153", "osm_id": "988946153", "osm_type": "way", "min_height": null, "height": null, "roof:shape": null, "building:part": null, "building:levels": null, "substation": null, "location": null, "fence_type": null, "crossing:markings": null, "crossing": null, "segregated": null, "trailblazed": null, "narrow": null, "route": null, "vehicle": null, "protected": null, "ownership": null, "operator:wikipedia": null, "operator:type": null, "operator:short": null, "hiking": null, "source:hgv": null, "hgv": null, "cycleway:left:buffer": null, "cycleway:both": null, "bridge:structure": null, "motorcar": null, "dirtbike:scale": null, "informal": null, "usage": null, "covered": null, "footway": null, "restriction": null, "abandoned:landuse": null, "motorcycle": null, "atv": null, "mtb:type": null, "source_ref": null, "abandoned": null, "natural": null, "attribution": null, "tunnel": null, "railway": null, "old_railway_operator": null, "SHAPE_len": null, "SHAPE_area": null, "tiger:CLASSFP": null, "official_name": null, "mtb:scale:uphill": null, "wikipedia": null, "wikidata": null, "tiger:STATEFP": null, "tiger:PLCIDFP": null, "tiger:PLACEFP": null, "tiger:PCINECTA": null, "tiger:PCICBSA": null, "tiger:NAMELSAD": null, "tiger:NAME": null, "tiger:MTFCC": null, "tiger:LSAD": null, "tiger:FUNCSTAT": null, "tiger:CPI": null, "is_in:state": null, "is_in:iso_3166_2": null, "gnis:feature_id": null, "man_made": null, "sac_scale": null, "wires": null, "voltage": null, "operator:wikidata": null, "operator": null, "description": null, "circuits": null, "check_date": null, "cables": null, "power": null, "layer": null, "bridge": null, "width": null, "wheelchair": null, "trail_visibility": null, "stroller": null, "snowmobile": null, "ski": null, "incline": null, "barrier": null, "waterway": null, "intermittent": null, "mtb:scale:imba": null, "mtb:scale": null, "dog": null, "source:url": null, "boundary": null, "border_type": null, "admin_level": null, "ref": null, "smoothness": null, "lit": null, "motor_vehicle": null, "horse": null, "bicycle": null, "foot": "yes", "tiger:name_type_1": null, "tiger:name_direction_suffix_1": null, "tiger:name_base_1": null, "name_1": null, "tiger:upload_uuid": null, "tiger:tlid": null, "tiger:source": null, "tiger:separated": null, "tiger:name_direction_suffix": null, "sidewalk:both": null, "maxspeed": null, "lanes": null, "cycleway": null, "tracktype": null, "tiger:name_direction_prefix": null, "surface": null, "tiger:name_type": null, "tiger:name_base": null, "oneway": null, "name": "Mays Peak Trail", "tiger:reviewed": null, "tiger:county": null, "tiger:cfcc": null, "service": null, "highway": "path", "access": null }, "geometry": { "type": "LineString", "coordinates": [ [ -104.8995227, 38.8004946 ], [ -104.8993948, 38.8003188 ], [ -104.8992339, 38.8003156 ], [ -104.8991239, 38.8002843 ], [ -104.8988262, 38.800162 ], [ -104.8986183, 38.8000125 ], [ -104.8985177, 38.7999143 ], [ -104.8983233, 38.7997931 ], [ -104.8981999, 38.7997262 ], [ -104.8980618, 38.7996133 ], [ -104.8979317, 38.7994858 ], [ -104.8977828, 38.7993865 ], [ -104.8976702, 38.7992475 ], [ -104.8975427, 38.7991534 ], [ -104.8973912, 38.799097 ], [ -104.8971391, 38.7989663 ], [ -104.8969272, 38.7988869 ], [ -104.896785, 38.7988419 ], [ -104.8965946, 38.7987865 ], [ -104.89638, 38.7987186 ], [ -104.8962741, 38.7986622 ], [ -104.896156, 38.7986339 ], [ -104.896097, 38.7986413 ], [ -104.8959522, 38.7986914 ], [ -104.8958476, 38.7987479 ], [ -104.8956558, 38.7989485 ], [ -104.8955646, 38.7990541 ], [ -104.8955324, 38.7991095 ], [ -104.8955458, 38.7991983 ], [ -104.895452, 38.7993488 ], [ -104.8953527, 38.7995558 ], [ -104.8952307, 38.7996687 ], [ -104.895118, 38.7997627 ], [ -104.8949061, 38.799885 ], [ -104.8948471, 38.7999822 ], [ -104.8947774, 38.800092 ], [ -104.8947372, 38.8002163 ], [ -104.8947358, 38.8002979 ], [ -104.894705, 38.8003731 ], [ -104.8946768, 38.8004923 ], [ -104.894658, 38.8005707 ], [ -104.8946942, 38.8007222 ], [ -104.8946956, 38.8008267 ], [ -104.8947211, 38.8009574 ], [ -104.8947372, 38.801087 ], [ -104.8947063, 38.8012019 ], [ -104.8947506, 38.8013179 ], [ -104.8947613, 38.8013629 ], [ -104.8947184, 38.8015071 ], [ -104.8946661, 38.8016095 ], [ -104.8946849, 38.8017684 ], [ -104.8946849, 38.8018719 ], [ -104.8946607, 38.8019534 ], [ -104.8946942, 38.8020391 ], [ -104.8948096, 38.8021185 ], [ -104.8948967, 38.8021415 ], [ -104.8949611, 38.802222 ], [ -104.8951516, 38.8023756 ], [ -104.8952709, 38.8024059 ], [ -104.8953715, 38.8024885 ], [ -104.8954667, 38.8024885 ], [ -104.8956142, 38.8023924 ], [ -104.8957001, 38.8023119 ], [ -104.895747, 38.8021844 ], [ -104.8957497, 38.8021185 ], [ -104.8957014, 38.8019952 ], [ -104.8957121, 38.8019137 ], [ -104.8957202, 38.8018353 ], [ -104.8957349, 38.8017423 ], [ -104.8958181, 38.8016597 ], [ -104.8958986, 38.8016179 ], [ -104.8959857, 38.8015845 ], [ -104.8960461, 38.8015134 ], [ -104.8961091, 38.8014298 ], [ -104.8962218, 38.8013117 ], [ -104.8962446, 38.8012876 ] ] } },
{ "type": "Feature", "properties": { "full_id": "w437657385", "osm_id": "437657385", "osm_type": "way", "min_height": null, "height": null, "roof:shape": null, "building:part": null, "building:levels": null, "substation": null, "location": null, "fence_type": null, "crossing:markings": null, "crossing": null, "segregated": null, "trailblazed": null, "narrow": null, "route": null, "vehicle": null, "protected": null, "ownership": null, "operator:wikipedia": null, "operator:type": null, "operator:short": null, "hiking": null, "source:hgv": null, "hgv": null, "cycleway:left:buffer": null, "cycleway:both": null, "bridge:structure": null, "motorcar": null, "dirtbike:scale": null, "informal": null, "usage": null, "covered": null, "footway": null, "restriction": null, "abandoned:landuse": null, "motorcycle": null, "atv": null, "mtb:type": null, "source_ref": null, "abandoned": null, "natural": null, "attribution": null, "tunnel": null, "railway": "abandoned", "old_railway_operator": "CS&CCD", "SHAPE_len": null, "SHAPE_area": null, "tiger:CLASSFP": null, "official_name": null, "mtb:scale:uphill": null, "wikipedia": null, "wikidata": null, "tiger:STATEFP": null, "tiger:PLCIDFP": null, "tiger:PLACEFP": null, "tiger:PCINECTA": null, "tiger:PCICBSA": null, "tiger:NAMELSAD": null, "tiger:NAME": null, "tiger:MTFCC": null, "tiger:LSAD": null, "tiger:FUNCSTAT": null, "tiger:CPI": null, "is_in:state": null, "is_in:iso_3166_2": null, "gnis:feature_id": null, "man_made": null, "sac_scale": null, "wires": null, "voltage": null, "operator:wikidata": null, "operator": null, "description": null, "circuits": null, "check_date": null, "cables": null, "power": null, "layer": null, "bridge": null, "width": null, "wheelchair": null, "trail_visibility": null, "stroller": null, "snowmobile": null, "ski": null, "incline": null, "barrier": null, "waterway": null, "intermittent": null, "mtb:scale:imba": null, "mtb:scale": null, "dog": null, "source:url": null, "boundary": null, "border_type": null, "admin_level": null, "ref": null, "smoothness": null, "lit": null, "motor_vehicle": null, "horse": null, "bicycle": null, "foot": null, "tiger:name_type_1": null, "tiger:name_direction_suffix_1": null, "tiger:name_base_1": null, "name_1": null, "tiger:upload_uuid": null, "tiger:tlid": null, "tiger:source": null, "tiger:separated": null, "tiger:name_direction_suffix": null, "sidewalk:both": null, "maxspeed": "20 mph", "lanes": "2", "cycleway": null, "tracktype": null, "tiger:name_direction_prefix": null, "surface": "asphalt", "tiger:name_type": "Rd", "tiger:name_base": "Gold Camp", "oneway": null, "name": "Gold Camp Road", "tiger:reviewed": "no", "tiger:county": "El Paso, CO", "tiger:cfcc": "A41", "service": null, "highway": "tertiary", "access": null }, "geometry": null },
{ "type": "Feature", "properties": { "full_id": "w530918392", "osm_id": "530918392", "osm_type": "way", "min_height": null, "height": null, "roof:shape": null, "building:part": null, "building:levels": null, "substation": null, "location": null, "fence_type": null, "crossing:markings": null, "crossing": null, "segregated": null, "trailblazed": null, "narrow": null, "route": null, "vehicle": null, "protected": null, "ownership": null, "operator:wikipedia": null, "operator:type": null, "operator:short": null, "hiking": null, "source:hgv": null, "hgv": null, "cycleway:left:buffer": null, "cycleway:both": null, "bridge:structure": null, "motorcar": null, "dirtbike:scale": null, "informal": null, "usage": null, "covered": null, "footway": null, "restriction": null, "abandoned:landuse": null, "motorcycle": null, "atv": null, "mtb:type": null, "source_ref": null, "abandoned": null, "natural": null, "attribution": null, "tunnel": null, "railway": null, "old_railway_operator": null, "SHAPE_len": null, "SHAPE_area": null, "tiger:CLASSFP": null, "official_name": null, "mtb:scale:uphill": null, "wikipedia": null, "wikidata": null, "tiger:STATEFP": null, "tiger:PLCIDFP": null, "tiger:PLACEFP": null, "tiger:PCINECTA": null, "tiger:PCICBSA": null, "tiger:NAMELSAD": null, "tiger:NAME": null, "tiger:MTFCC": null, "tiger:LSAD": null, "tiger:FUNCSTAT": null, "tiger:CPI": null, "is_in:state": null, "is_in:iso_3166_2": null, "gnis:feature_id": null, "man_made": null, "sac_scale": null, "wires": null, "voltage": null, "operator:wikidata": null, "operator": null, "description": null, "circuits": null, "check_date": null, "cables": null, "power": null, "layer": null, "bridge": null, "width": ".5", "wheelchair": null, "trail_visibility": null, "stroller": null, "snowmobile": null, "ski": null, "incline": null, "barrier": null, "waterway": null, "intermittent": null, "mtb:scale:imba": "2", "mtb:scale": "2", "dog": null, "source:url": null, "boundary": null, "border_type": null, "admin_level": null, "ref": null, "smoothness": null, "lit": null, "motor_vehicle": "no", "horse": null, "bicycle": "designated", "foot": "designated", "tiger:name_type_1": null, "tiger:name_direction_suffix_1": null, "tiger:name_base_1": null, "name_1": null, "tiger:upload_uuid": null, "tiger:tlid": null, "tiger:source": null, "tiger:separated": null, "tiger:name_direction_suffix": null, "sidewalk:both": null, "maxspeed": null, "lanes": null, "cycleway": null, "tracktype": null, "tiger:name_direction_prefix": null, "surface": "ground", "tiger:name_type": null, "tiger:name_base": null, "oneway": null, "name": "776", "tiger:reviewed": null, "tiger:county": null, "tiger:cfcc": null, "service": null, "highway": "path", "access": "yes" }, "geometry": { "type": "LineString", "coordinates": [ [ -104.9054932, 38.7979968 ], [ -104.9055251, 38.7980145 ], [ -104.905575, 38.7980362 ], [ -104.9056258, 38.7980634 ], [ -104.9056982, 38.7981006 ], [ -104.905795, 38.7981493 ], [ -104.9058786, 38.7981984 ], [ -104.9059314, 38.7982493 ], [ -104.9059926, 38.798272 ], [ -104.9060664, 38.798328 ], [ -104.9061243, 38.7983939 ], [ -104.9062102, 38.7984348 ], [ -104.9063169, 38.7985381 ], [ -104.9064105, 38.7986044 ], [ -104.90648, 38.798651 ], [ -104.9066182, 38.7987145 ], [ -104.9066811, 38.7987687 ], [ -104.906711, 38.7987999 ], [ -104.9067708, 38.7988251 ], [ -104.9068695, 38.7988966 ], [ -104.9069593, 38.7989756 ], [ -104.9070024, 38.7990098 ], [ -104.9070405, 38.7990869 ], [ -104.9070514, 38.7991333 ], [ -104.9070968, 38.7991941 ], [ -104.9071524, 38.7992244 ], [ -104.9072008, 38.799209 ], [ -104.907275, 38.7991902 ], [ -104.9072976, 38.7991557 ], [ -104.907357, 38.7991079 ], [ -104.9073904, 38.7990815 ], [ -104.907437, 38.799041 ], [ -104.9074475, 38.7989904 ], [ -104.907445, 38.7989462 ], [ -104.9074706, 38.7988723 ], [ -104.9074974, 38.7988084 ], [ -104.9075168, 38.7987509 ], [ -104.9075545, 38.7986997 ], [ -104.9076078, 38.7986603 ], [ -104.9076207, 38.7986116 ], [ -104.9076906, 38.7985759 ], [ -104.9077357, 38.7985059 ], [ -104.9077765, 38.7984369 ], [ -104.9078161, 38.7983621 ], [ -104.9078519, 38.7983167 ], [ -104.9078922, 38.7982749 ], [ -104.9079462, 38.7982161 ], [ -104.908015, 38.7981453 ], [ -104.9081215, 38.7981182 ], [ -104.9081902, 38.7980743 ], [ -104.9082672, 38.798044 ], [ -104.9083313, 38.7979965 ], [ -104.9084386, 38.7979557 ], [ -104.9084883, 38.79792 ], [ -104.9085078, 38.7978667 ], [ -104.9085326, 38.7978113 ], [ -104.908567, 38.7977774 ], [ -104.9085907, 38.7976926 ], [ -104.9086989, 38.7976128 ], [ -104.9087603, 38.7975907 ], [ -104.908812, 38.7976168 ], [ -104.9088846, 38.7976498 ], [ -104.908932, 38.7976589 ], [ -104.908976, 38.7976146 ], [ -104.9090296, 38.797565 ], [ -104.9090789, 38.7975195 ], [ -104.9091236, 38.7974523 ], [ -104.9091663, 38.7974005 ], [ -104.9092044, 38.797356 ], [ -104.9092767, 38.7973324 ], [ -104.9093269, 38.7973059 ], [ -104.9093864, 38.7972526 ], [ -104.9094314, 38.7972463 ], [ -104.9094722, 38.7972457 ], [ -104.9095243, 38.7972575 ], [ -104.9095684, 38.7972619 ], [ -104.9095952, 38.7972228 ], [ -104.9096379, 38.797139 ], [ -104.9096628, 38.7970969 ], [ -104.909704, 38.7970315 ], [ -104.9097341, 38.7969934 ], [ -104.9097709, 38.7969554 ], [ -104.9098269, 38.7969239 ], [ -104.9099009, 38.796928 ], [ -104.9099512, 38.7968941 ], [ -104.9100113, 38.7969324 ], [ -104.9100589, 38.7969191 ], [ -104.9101223, 38.79691 ], [ -104.9101808, 38.7968402 ], [ -104.9102, 38.7968047 ], [ -104.9102585, 38.7967574 ], [ -104.910314, 38.7967659 ], [ -104.9103696, 38.7967821 ], [ -104.9104266, 38.7967986 ], [ -104.9104923, 38.7967926 ], [ -104.9105524, 38.7967942 ], [ -104.910597, 38.7967482 ], [ -104.9106172, 38.7967135 ], [ -104.9106835, 38.7966905 ], [ -104.9107265, 38.7966792 ], [ -104.9107985, 38.796638 ], [ -104.9108391, 38.7965844 ], [ -104.91085, 38.7965149 ], [ -104.910851, 38.7964576 ], [ -104.9109033, 38.7964326 ], [ -104.9109323, 38.796395 ], [ -104.9109862, 38.7963748 ], [ -104.9110349, 38.7963494 ], [ -104.9110976, 38.7963038 ], [ -104.9111592, 38.7962881 ], [ -104.9112214, 38.796259 ], [ -104.9113001, 38.7962279 ], [ -104.9113323, 38.7962122 ], [ -104.9113784, 38.7961678 ], [ -104.9114193, 38.7961504 ], [ -104.9114835, 38.7961351 ], [ -104.9115493, 38.7961112 ], [ -104.9115773, 38.796083 ], [ -104.9116332, 38.7960701 ], [ -104.9116907, 38.7960612 ], [ -104.9117332, 38.7960321 ], [ -104.9117743, 38.7959883 ], [ -104.9118147, 38.7959531 ], [ -104.9118738, 38.7959108 ], [ -104.9119054, 38.7958712 ], [ -104.912019, 38.795774 ] ] } },
{ "type": "Feature", "properties": { "full_id": "w117996142", "osm_id": "117996142", "osm_type": "way", "min_height": null, "height": null, "roof:shape": null, "building:part": null, "building:levels": null, "substation": null, "location": null, "fence_type": null, "crossing:markings": null, "crossing": null, "segregated": null, "trailblazed": null, "narrow": null, "route": null, "vehicle": null, "protected": null, "ownership": null, "operator:wikipedia": null, "operator:type": null, "operator:short": null, "hiking": null, "source:hgv": null, "hgv": null, "cycleway:left:buffer": null, "cycleway:both": null, "bridge:structure": null, "motorcar": null, "dirtbike:scale": null, "informal": null, "usage": null, "covered": null, "footway": null, "restriction": null, "abandoned:landuse": null, "motorcycle": null, "atv": null, "mtb:type": null, "source_ref": null, "abandoned": null, "natural": null, "attribution": null, "tunnel": null, "railway": "abandoned", "old_railway_operator": "CS&CCD", "SHAPE_len": null, "SHAPE_area": null, "tiger:CLASSFP": null, "official_name": null, "mtb:scale:uphill": null, "wikipedia": null, "wikidata": null, "tiger:STATEFP": null, "tiger:PLCIDFP": null, "tiger:PLACEFP": null, "tiger:PCINECTA": null, "tiger:PCICBSA": null, "tiger:NAMELSAD": null, "tiger:NAME": null, "tiger:MTFCC": null, "tiger:LSAD": null, "tiger:FUNCSTAT": null, "tiger:CPI": null, "is_in:state": null, "is_in:iso_3166_2": null, "gnis:feature_id": null, "man_made": null, "sac_scale": null, "wires": null, "voltage": null, "operator:wikidata": null, "operator": null, "description": null, "circuits": null, "check_date": null, "cables": null, "power": null, "layer": null, "bridge": null, "width": null, "wheelchair": null, "trail_visibility": null, "stroller": null, "snowmobile": null, "ski": null, "incline": null, "barrier": null, "waterway": null, "intermittent": null, "mtb:scale:imba": null, "mtb:scale": null, "dog": null, "source:url": null, "boundary": null, "border_type": null, "admin_level": null, "ref": null, "smoothness": null, "lit": null, "motor_vehicle": null, "horse": null, "bicycle": null, "foot": null, "tiger:name_type_1": null, "tiger:name_direction_suffix_1": null, "tiger:name_base_1": null, "name_1": null, "tiger:upload_uuid": null, "tiger:tlid": null, "tiger:source": null, "tiger:separated": null, "tiger:name_direction_suffix": null, "sidewalk:both": null, "maxspeed": "20 mph", "lanes": null, "cycleway": null, "tracktype": null, "tiger:name_direction_prefix": null, "surface": "unpaved", "tiger:name_type": "Rd", "tiger:name_base": "Gold Camp", "oneway": null, "name": "Gold Camp Road", "tiger:reviewed": "no", "tiger:county": "El Paso, CO", "tiger:cfcc": "A41", "service": null, "highway": "tertiary", "access": "yes" }, "geometry": { "type": "LineString", "coordinates": [ [ -104.8849503, 38.7986362 ], [ -104.8848099, 38.798736 ], [ -104.884671, 38.798816 ], [ -104.8845685, 38.7988761 ], [ -104.8844749, 38.7989277 ], [ -104.8843816, 38.798964 ], [ -104.8842772, 38.7989895 ], [ -104.8841498, 38.7990128 ], [ -104.8840238, 38.7990184 ], [ -104.8839094, 38.7990152 ], [ -104.8837813, 38.7989999 ], [ -104.8836684, 38.7989825 ], [ -104.8835574, 38.7989534 ] ] } },
{ "type": "Feature", "properties": { "full_id": "w99568977", "osm_id": "99568977", "osm_type": "way", "min_height": null, "height": null, "roof:shape": null, "building:part": null, "building:levels": null, "substation": null, "location": null, "fence_type": null, "crossing:markings": null, "crossing": null, "segregated": null, "trailblazed": null, "narrow": null, "route": null, "vehicle": null, "protected": null, "ownership": null, "operator:wikipedia": null, "operator:type": null, "operator:short": null, "hiking": null, "source:hgv": null, "hgv": null, "cycleway:left:buffer": null, "cycleway:both": null, "bridge:structure": null, "motorcar": null, "dirtbike:scale": null, "informal": null, "usage": null, "covered": null, "footway": null, "restriction": null, "abandoned:landuse": null, "motorcycle": null, "atv": null, "mtb:type": null, "source_ref": null, "abandoned": null, "natural": null, "attribution": null, "tunnel": "yes", "railway": "abandoned", "old_railway_operator": "CS&CCD", "SHAPE_len": null, "SHAPE_area": null, "tiger:CLASSFP": null, "official_name": null, "mtb:scale:uphill": null, "wikipedia": null, "wikidata": null, "tiger:STATEFP": null, "tiger:PLCIDFP": null, "tiger:PLACEFP": null, "tiger:PCINECTA": null, "tiger:PCICBSA": null, "tiger:NAMELSAD": null, "tiger:NAME": null, "tiger:MTFCC": null, "tiger:LSAD": null, "tiger:FUNCSTAT": null, "tiger:CPI": null, "is_in:state": null, "is_in:iso_3166_2": null, "gnis:feature_id": null, "man_made": null, "sac_scale": null, "wires": null, "voltage": null, "operator:wikidata": null, "operator": null, "description": null, "circuits": null, "check_date": null, "cables": null, "power": null, "layer": "-1", "bridge": null, "width": null, "wheelchair": null, "trail_visibility": null, "stroller": null, "snowmobile": null, "ski": null, "incline": null, "barrier": null, "waterway": null, "intermittent": null, "mtb:scale:imba": null, "mtb:scale": null, "dog": null, "source:url": null, "boundary": null, "border_type": null, "admin_level": null, "ref": null, "smoothness": null, "lit": null, "motor_vehicle": null, "horse": null, "bicycle": null, "foot": null, "tiger:name_type_1": null, "tiger:name_direction_suffix_1": null, "tiger:name_base_1": null, "name_1": null, "tiger:upload_uuid": null, "tiger:tlid": null, "tiger:source": null, "tiger:separated": null, "tiger:name_direction_suffix": null, "sidewalk:both": null, "maxspeed": "20 mph", "lanes": "2", "cycleway": null, "tracktype": null, "tiger:name_direction_prefix": null, "surface": "asphalt", "tiger:name_type": "Rd", "tiger:name_base": "Gold Camp", "oneway": null, "name": "Gold Camp Road", "tiger:reviewed": "no", "tiger:county": "El Paso, CO", "tiger:cfcc": "A41", "service": null, "highway": "tertiary", "access": null }, "geometry": { "type": "LineString", "coordinates": [ [ -104.8982578, 38.7941117 ], [ -104.8982151, 38.7942277 ], [ -104.8981478, 38.7943419 ], [ -104.8980559, 38.7944452 ], [ -104.8979422, 38.7945344 ] ] } },
{ "type": "Feature", "properties": { "full_id": "w414838575", "osm_id": "414838575", "osm_type": "way", "min_height": null, "height": null, "roof:shape": null, "building:part": null, "building:levels": null, "substation": null, "location": null, "fence_type": null, "crossing:markings": null, "crossing": null, "segregated": null, "trailblazed": null, "narrow": null, "route": null, "vehicle": null, "protected": null, "ownership": null, "operator:wikipedia": null, "operator:type": null, "operator:short": null, "hiking": null, "source:hgv": null, "hgv": null, "cycleway:left:buffer": null, "cycleway:both": null, "bridge:structure": null, "motorcar": null, "dirtbike:scale": null, "informal": null, "usage": null, "covered": null, "footway": null, "restriction": null, "abandoned:landuse": null, "motorcycle": null, "atv": null, "mtb:type": null, "source_ref": null, "abandoned": null, "natural": null, "attribution": null, "tunnel": null, "railway": null, "old_railway_operator": null, "SHAPE_len": null, "SHAPE_area": null, "tiger:CLASSFP": null, "official_name": null, "mtb:scale:uphill": null, "wikipedia": null, "wikidata": null, "tiger:STATEFP": null, "tiger:PLCIDFP": null, "tiger:PLACEFP": null, "tiger:PCINECTA": null, "tiger:PCICBSA": null, "tiger:NAMELSAD": null, "tiger:NAME": null, "tiger:MTFCC": null, "tiger:LSAD": null, "tiger:FUNCSTAT": null, "tiger:CPI": null, "is_in:state": null, "is_in:iso_3166_2": null, "gnis:feature_id": null, "man_made": null, "sac_scale": null, "wires": null, "voltage": null, "operator:wikidata": null, "operator": null, "description": null, "circuits": null, "check_date": null, "cables": null, "power": null, "layer": null, "bridge": null, "width": null, "wheelchair": null, "trail_visibility": null, "stroller": null, "snowmobile": null, "ski": null, "incline": null, "barrier": null, "waterway": "stream", "intermittent": null, "mtb:scale:imba": null, "mtb:scale": null, "dog": null, "source:url": null, "boundary": null, "border_type": null, "admin_level": null, "ref": null, "smoothness": null, "lit": null, "motor_vehicle": null, "horse": null, "bicycle": null, "foot": null, "tiger:name_type_1": null, "tiger:name_direction_suffix_1": null, "tiger:name_base_1": null, "name_1": null, "tiger:upload_uuid": null, "tiger:tlid": null, "tiger:source": null, "tiger:separated": null, "tiger:name_direction_suffix": null, "sidewalk:both": null, "maxspeed": null, "lanes": null, "cycleway": null, "tracktype": null, "tiger:name_direction_prefix": null, "surface": null, "tiger:name_type": null, "tiger:name_base": null, "oneway": null, "name": "Bear Creek", "tiger:reviewed": null, "tiger:county": null, "tiger:cfcc": null, "service": null, "highway": null, "access": null }, "geometry": { "type": "LineString", "coordinates": [ [ -104.9238519, 38.7924412 ], [ -104.9234571, 38.7923896 ], [ -104.923178, 38.7925152 ], [ -104.9228346, 38.792767 ], [ -104.9222442, 38.7927432 ], [ -104.921524, 38.7927219 ], [ -104.9207815, 38.7930237 ], [ -104.9198247, 38.7938858 ], [ -104.9194921, 38.7939466 ], [ -104.9191564, 38.7938249 ], [ -104.9187401, 38.7937418 ], [ -104.9179519, 38.7937344 ], [ -104.9172078, 38.7939122 ], [ -104.9165014, 38.7941118 ], [ -104.9165028, 38.7942275 ], [ -104.9162347, 38.7944109 ], [ -104.9159073, 38.7944879 ], [ -104.9156626, 38.794699 ], [ -104.9144123, 38.7949025 ], [ -104.9134659, 38.7953231 ], [ -104.9130312, 38.7958155 ], [ -104.912662, 38.7963621 ], [ -104.9123218, 38.7967736 ], [ -104.9117603, 38.7975206 ], [ -104.9114947, 38.7980969 ], [ -104.9110593, 38.7986039 ], [ -104.9105781, 38.7988519 ], [ -104.9102063, 38.7994777 ], [ -104.9102488, 38.8000095 ], [ -104.9101106, 38.8003193 ], [ -104.9104842, 38.8008745 ], [ -104.9106787, 38.8014147 ], [ -104.9106687, 38.8020538 ], [ -104.9104183, 38.8028711 ], [ -104.9099039, 38.8038543 ], [ -104.9095212, 38.8043525 ], [ -104.9091569, 38.8049816 ], [ -104.9093345, 38.8056597 ], [ -104.9093765, 38.8063587 ], [ -104.908976, 38.8067412 ], [ -104.9084842, 38.8069229 ], [ -104.9078932, 38.8070885 ], [ -104.9075869, 38.8076325 ], [ -104.9069255, 38.8086758 ], [ -104.9064779, 38.8091758 ], [ -104.9059448, 38.8094637 ], [ -104.904607, 38.8094895 ], [ -104.9041061, 38.8097445 ], [ -104.9037982, 38.8099545 ], [ -104.9035757, 38.8101245 ], [ -104.902546, 38.8109964 ], [ -104.902355, 38.811048 ], [ -104.9022037, 38.8110552 ], [ -104.9016042, 38.8114498 ], [ -104.9012999, 38.8116213 ], [ -104.9009843, 38.8117714 ], [ -104.9005881, 38.8120268 ], [ -104.9002799, 38.8122127 ], [ -104.8999169, 38.8125316 ], [ -104.8996031, 38.8127932 ], [ -104.8993907, 38.8129603 ], [ -104.8990457, 38.8131647 ], [ -104.8986857, 38.8133014 ], [ -104.8982918, 38.8135702 ], [ -104.8980793, 38.8138057 ], [ -104.8979692, 38.8140649 ], [ -104.8978327, 38.8145293 ], [ -104.8978099, 38.8147275 ], [ -104.8975587, 38.8148368 ], [ -104.8972358, 38.8150656 ], [ -104.8970632, 38.8153663 ], [ -104.8968675, 38.8156942 ], [ -104.8967895, 38.8159775 ], [ -104.8967601, 38.8162392 ], [ -104.8967047, 38.816468 ], [ -104.8967135, 38.8167435 ], [ -104.8964525, 38.8170129 ], [ -104.8962436, 38.8172207 ], [ -104.8960544, 38.8173376 ], [ -104.8958397, 38.8174519 ] ] } },
{ "type": "Feature", "properties": { "full_id": "w530918750", "osm_id": "530918750", "osm_type": "way", "min_height": null, "height": null, "roof:shape": null, "building:part": null, "building:levels": null, "substation": null, "location": null, "fence_type": null, "crossing:markings": null, "crossing": null, "segregated": null, "trailblazed": null, "narrow": null, "route": null, "vehicle": null, "protected": null, "ownership": null, "operator:wikipedia": null, "operator:type": null, "operator:short": null, "hiking": null, "source:hgv": null, "hgv": null, "cycleway:left:buffer": null, "cycleway:both": null, "bridge:structure": null, "motorcar": null, "dirtbike:scale": "?", "informal": null, "usage": null, "covered": null, "footway": null, "restriction": null, "abandoned:landuse": null, "motorcycle": "yes", "atv": null, "mtb:type": null, "source_ref": null, "abandoned": null, "natural": null, "attribution": null, "tunnel": null, "railway": null, "old_railway_operator": null, "SHAPE_len": null, "SHAPE_area": null, "tiger:CLASSFP": null, "official_name": null, "mtb:scale:uphill": null, "wikipedia": null, "wikidata": null, "tiger:STATEFP": null, "tiger:PLCIDFP": null, "tiger:PLACEFP": null, "tiger:PCINECTA": null, "tiger:PCICBSA": null, "tiger:NAMELSAD": null, "tiger:NAME": null, "tiger:MTFCC": null, "tiger:LSAD": null, "tiger:FUNCSTAT": null, "tiger:CPI": null, "is_in:state": null, "is_in:iso_3166_2": null, "gnis:feature_id": null, "man_made": null, "sac_scale": null, "wires": null, "voltage": null, "operator:wikidata": null, "operator": null, "description": null, "circuits": null, "check_date": null, "cables": null, "power": null, "layer": null, "bridge": null, "width": null, "wheelchair": null, "trail_visibility": null, "stroller": null, "snowmobile": null, "ski": null, "incline": null, "barrier": null, "waterway": null, "intermittent": null, "mtb:scale:imba": "2", "mtb:scale": "4", "dog": null, "source:url": null, "boundary": null, "border_type": null, "admin_level": null, "ref": null, "smoothness": null, "lit": null, "motor_vehicle": null, "horse": null, "bicycle": "designated", "foot": "designated", "tiger:name_type_1": null, "tiger:name_direction_suffix_1": null, "tiger:name_base_1": null, "name_1": null, "tiger:upload_uuid": null, "tiger:tlid": null, "tiger:source": null, "tiger:separated": null, "tiger:name_direction_suffix": null, "sidewalk:both": null, "maxspeed": null, "lanes": null, "cycleway": null, "tracktype": null, "tiger:name_direction_prefix": null, "surface": "ground", "tiger:name_type": null, "tiger:name_base": null, "oneway": null, "name": "667", "tiger:reviewed": null, "tiger:county": null, "tiger:cfcc": null, "service": null, "highway": "path", "access": "yes" }, "geometry": { "type": "LineString", "coordinates": [ [ -104.9148363, 38.7928249 ], [ -104.914821, 38.7927804 ], [ -104.9148291, 38.792736 ], [ -104.9149023, 38.7926852 ], [ -104.9149415, 38.792638 ], [ -104.9149012, 38.792629 ], [ -104.914732, 38.792695 ], [ -104.914434, 38.792795 ], [ -104.914342, 38.792782 ], [ -104.914141, 38.792723 ], [ -104.9138085, 38.7927324 ], [ -104.9136478, 38.7928291 ], [ -104.913524, 38.792865 ], [ -104.913403, 38.79289 ], [ -104.9129263, 38.7929058 ] ] } },
{ "type": "Feature", "properties": { "full_id": "w530918550", "osm_id": "530918550", "osm_type": "way", "min_height": null, "height": null, "roof:shape": null, "building:part": null, "building:levels": null, "substation": null, "location": null, "fence_type": null, "crossing:markings": null, "crossing": null, "segregated": null, "trailblazed": null, "narrow": null, "route": null, "vehicle": null, "protected": null, "ownership": null, "operator:wikipedia": null, "operator:type": null, "operator:short": null, "hiking": null, "source:hgv": null, "hgv": null, "cycleway:left:buffer": null, "cycleway:both": null, "bridge:structure": null, "motorcar": null, "dirtbike:scale": "?", "informal": null, "usage": null, "covered": null, "footway": null, "restriction": null, "abandoned:landuse": null, "motorcycle": "yes", "atv": null, "mtb:type": null, "source_ref": null, "abandoned": null, "natural": null, "attribution": null, "tunnel": null, "railway": null, "old_railway_operator": null, "SHAPE_len": null, "SHAPE_area": null, "tiger:CLASSFP": null, "official_name": null, "mtb:scale:uphill": null, "wikipedia": null, "wikidata": null, "tiger:STATEFP": null, "tiger:PLCIDFP": null, "tiger:PLACEFP": null, "tiger:PCINECTA": null, "tiger:PCICBSA": null, "tiger:NAMELSAD": null, "tiger:NAME": null, "tiger:MTFCC": null, "tiger:LSAD": null, "tiger:FUNCSTAT": null, "tiger:CPI": null, "is_in:state": null, "is_in:iso_3166_2": null, "gnis:feature_id": null, "man_made": null, "sac_scale": null, "wires": null, "voltage": null, "operator:wikidata": null, "operator": null, "description": null, "circuits": null, "check_date": null, "cables": null, "power": null, "layer": null, "bridge": null, "width": null, "wheelchair": null, "trail_visibility": null, "stroller": null, "snowmobile": null, "ski": null, "incline": null, "barrier": null, "waterway": null, "intermittent": null, "mtb:scale:imba": "2", "mtb:scale": "2", "dog": null, "source:url": null, "boundary": null, "border_type": null, "admin_level": null, "ref": null, "smoothness": null, "lit": null, "motor_vehicle": null, "horse": null, "bicycle": "designated", "foot": "designated", "tiger:name_type_1": null, "tiger:name_direction_suffix_1": null, "tiger:name_base_1": null, "name_1": null, "tiger:upload_uuid": null, "tiger:tlid": null, "tiger:source": null, "tiger:separated": null, "tiger:name_direction_suffix": null, "sidewalk:both": null, "maxspeed": null, "lanes": null, "cycleway": null, "tracktype": null, "tiger:name_direction_prefix": null, "surface": "ground", "tiger:name_type": null, "tiger:name_base": null, "oneway": null, "name": "667", "tiger:reviewed": null, "tiger:county": null, "tiger:cfcc": null, "service": null, "highway": "path", "access": "yes" }, "geometry": { "type": "LineString", "coordinates": [ [ -104.9219141, 38.7919568 ], [ -104.9218218, 38.792018 ], [ -104.9217378, 38.7920958 ], [ -104.9216046, 38.7921056 ], [ -104.921407, 38.7920763 ], [ -104.921136, 38.792103 ], [ -104.9210346, 38.7921111 ], [ -104.9209686, 38.7921626 ], [ -104.920853, 38.792254 ], [ -104.920775, 38.792288 ], [ -104.920453, 38.792376 ], [ -104.920003, 38.792465 ], [ -104.919913, 38.792498 ], [ -104.919714, 38.792666 ], [ -104.919617, 38.792774 ], [ -104.919473, 38.793013 ], [ -104.9194527, 38.7930571 ], [ -104.9193939, 38.7930697 ], [ -104.919315, 38.793049 ], [ -104.918613, 38.792844 ], [ -104.918294, 38.792788 ], [ -104.917923, 38.792765 ], [ -104.917708, 38.792783 ], [ -104.917442, 38.792829 ], [ -104.917155, 38.792832 ], [ -104.916941, 38.792851 ], [ -104.916362, 38.792974 ], [ -104.915947, 38.793119 ], [ -104.9158614, 38.793147 ], [ -104.9157897, 38.793146 ], [ -104.915474, 38.792992 ], [ -104.915152, 38.792942 ], [ -104.915059, 38.792909 ], [ -104.9149295, 38.7928648 ], [ -104.9148363, 38.7928249 ] ] } },
{ "type": "Feature", "properties": { "full_id": "w530918393", "osm_id": "530918393", "osm_type": "way", "min_height": null, "height": null, "roof:shape": null, "building:part": null, "building:levels": null, "substation": null, "location": null, "fence_type": null, "crossing:markings": null, "crossing": null, "segregated": null, "trailblazed": null, "narrow": null, "route": null, "vehicle": null, "protected": null, "ownership": null, "operator:wikipedia": null, "operator:type": null, "operator:short": null, "hiking": null, "source:hgv": null, "hgv": null, "cycleway:left:buffer": null, "cycleway:both": null, "bridge:structure": null, "motorcar": null, "dirtbike:scale": null, "informal": null, "usage": null, "covered": null, "footway": null, "restriction": null, "abandoned:landuse": null, "motorcycle": null, "atv": null, "mtb:type": null, "source_ref": null, "abandoned": null, "natural": null, "attribution": null, "tunnel": null, "railway": null, "old_railway_operator": null, "SHAPE_len": null, "SHAPE_area": null, "tiger:CLASSFP": null, "official_name": null, "mtb:scale:uphill": null, "wikipedia": null, "wikidata": null, "tiger:STATEFP": null, "tiger:PLCIDFP": null, "tiger:PLACEFP": null, "tiger:PCINECTA": null, "tiger:PCICBSA": null, "tiger:NAMELSAD": null, "tiger:NAME": null, "tiger:MTFCC": null, "tiger:LSAD": null, "tiger:FUNCSTAT": null, "tiger:CPI": null, "is_in:state": null, "is_in:iso_3166_2": null, "gnis:feature_id": null, "man_made": null, "sac_scale": null, "wires": null, "voltage": null, "operator:wikidata": null, "operator": null, "description": null, "circuits": null, "check_date": null, "cables": null, "power": null, "layer": null, "bridge": null, "width": null, "wheelchair": null, "trail_visibility": null, "stroller": null, "snowmobile": null, "ski": null, "incline": null, "barrier": null, "waterway": null, "intermittent": null, "mtb:scale:imba": "3", "mtb:scale": "2", "dog": "leashed", "source:url": null, "boundary": null, "border_type": null, "admin_level": null, "ref": null, "smoothness": null, "lit": null, "motor_vehicle": null, "horse": null, "bicycle": "yes", "foot": "yes", "tiger:name_type_1": null, "tiger:name_direction_suffix_1": null, "tiger:name_base_1": null, "name_1": null, "tiger:upload_uuid": null, "tiger:tlid": null, "tiger:source": null, "tiger:separated": null, "tiger:name_direction_suffix": null, "sidewalk:both": null, "maxspeed": null, "lanes": null, "cycleway": null, "tracktype": null, "tiger:name_direction_prefix": null, "surface": "ground", "tiger:name_type": null, "tiger:name_base": null, "oneway": null, "name": "Buckhorn Trail-776", "tiger:reviewed": null, "tiger:county": null, "tiger:cfcc": null, "service": null, "highway": "path", "access": null }, "geometry": { "type": "LineString", "coordinates": [ [ -104.9054932, 38.7979968 ], [ -104.905406, 38.7979597 ], [ -104.905272, 38.797935 ], [ -104.904977, 38.797907 ], [ -104.904895, 38.797865 ], [ -104.904785, 38.797707 ], [ -104.9047042, 38.7975386 ], [ -104.9046911, 38.7974596 ], [ -104.9046661, 38.7974143 ], [ -104.9046855, 38.797384 ], [ -104.904734, 38.7973899 ], [ -104.9048192, 38.7974336 ], [ -104.9050321, 38.7975396 ], [ -104.9050931, 38.7975482 ], [ -104.9051403, 38.7975353 ], [ -104.905182, 38.797483 ], [ -104.905365, 38.797175 ], [ -104.9054557, 38.7969744 ], [ -104.9054799, 38.796874 ], [ -104.9055577, 38.7967486 ], [ -104.9055684, 38.7966315 ], [ -104.9056301, 38.79655 ], [ -104.905724, 38.7963828 ], [ -104.905727, 38.796141 ], [ -104.905785, 38.795894 ], [ -104.905897, 38.795698 ], [ -104.905997, 38.795451 ], [ -104.906081, 38.795306 ], [ -104.906102, 38.7952618 ], [ -104.9060979, 38.7951435 ], [ -104.9061225, 38.7950573 ], [ -104.9062249, 38.7949454 ], [ -104.90632, 38.794708 ], [ -104.906357, 38.7945097 ], [ -104.9063543, 38.7943696 ], [ -104.9063972, 38.7942149 ], [ -104.9064911, 38.7940728 ], [ -104.9065286, 38.7940163 ], [ -104.9065394, 38.7939599 ], [ -104.906593, 38.7938261 ], [ -104.9067459, 38.7935794 ], [ -104.9068451, 38.7934101 ], [ -104.9069578, 38.7932993 ], [ -104.9071375, 38.7931801 ], [ -104.9075219, 38.7930004 ], [ -104.9077088, 38.7929063 ], [ -104.9078644, 38.7927704 ], [ -104.9081648, 38.7926178 ], [ -104.9086807, 38.7924132 ], [ -104.909227, 38.792269 ], [ -104.9093195, 38.7922346 ], [ -104.9093768, 38.7921969 ], [ -104.9093932, 38.7921097 ], [ -104.9094013, 38.792047 ], [ -104.9094308, 38.7919362 ], [ -104.9095662, 38.7918741 ], [ -104.9096676, 38.7917848 ], [ -104.9098042, 38.7916543 ], [ -104.9098841, 38.7915829 ], [ -104.9099726, 38.7915118 ], [ -104.9100396, 38.7914596 ], [ -104.910117, 38.7914345 ], [ -104.910161, 38.7914002 ], [ -104.9101787, 38.7913693 ], [ -104.9101434, 38.7913452 ], [ -104.9100729, 38.7913418 ], [ -104.9098835, 38.7914036 ], [ -104.9097343, 38.7914825 ], [ -104.9097042, 38.7914867 ], [ -104.9096714, 38.7914739 ], [ -104.9096686, 38.7914484 ], [ -104.909685, 38.7914249 ], [ -104.9098737, 38.7912842 ], [ -104.9101363, 38.7911521 ], [ -104.910387, 38.790852 ], [ -104.9107, 38.790623 ], [ -104.910967, 38.790307 ], [ -104.911176, 38.78994 ], [ -104.91135, 38.789709 ], [ -104.911613, 38.789432 ], [ -104.911768, 38.789387 ], [ -104.912196, 38.789426 ], [ -104.912394, 38.789427 ], [ -104.912532, 38.789406 ], [ -104.9126409, 38.7893595 ], [ -104.9126584, 38.7893323 ], [ -104.9126664, 38.7892913 ], [ -104.9126758, 38.7892125 ], [ -104.9127201, 38.7891633 ], [ -104.9127959, 38.789119 ], [ -104.912876, 38.789028 ], [ -104.913013, 38.788717 ], [ -104.91304, 38.788588 ], [ -104.913018, 38.788402 ], [ -104.913062, 38.788173 ], [ -104.913138, 38.788034 ], [ -104.91332, 38.787843 ], [ -104.913366, 38.78775 ], [ -104.913374, 38.787462 ] ] } },
{ "type": "Feature", "properties": { "full_id": "w99568887", "osm_id": "99568887", "osm_type": "way", "min_height": null, "height": null, "roof:shape": null, "building:part": null, "building:levels": null, "substation": null, "location": null, "fence_type": null, "crossing:markings": null, "crossing": null, "segregated": null, "trailblazed": null, "narrow": null, "route": null, "vehicle": null, "protected": null, "ownership": null, "operator:wikipedia": null, "operator:type": null, "operator:short": null, "hiking": null, "source:hgv": null, "hgv": null, "cycleway:left:buffer": null, "cycleway:both": null, "bridge:structure": null, "motorcar": null, "dirtbike:scale": null, "informal": null, "usage": null, "covered": null, "footway": null, "restriction": null, "abandoned:landuse": null, "motorcycle": null, "atv": null, "mtb:type": null, "source_ref": null, "abandoned": null, "natural": null, "attribution": null, "tunnel": null, "railway": "abandoned", "old_railway_operator": "CS&CCD", "SHAPE_len": null, "SHAPE_area": null, "tiger:CLASSFP": null, "official_name": null, "mtb:scale:uphill": null, "wikipedia": null, "wikidata": null, "tiger:STATEFP": null, "tiger:PLCIDFP": null, "tiger:PLACEFP": null, "tiger:PCINECTA": null, "tiger:PCICBSA": null, "tiger:NAMELSAD": null, "tiger:NAME": null, "tiger:MTFCC": null, "tiger:LSAD": null, "tiger:FUNCSTAT": null, "tiger:CPI": null, "is_in:state": null, "is_in:iso_3166_2": null, "gnis:feature_id": null, "man_made": null, "sac_scale": null, "wires": null, "voltage": null, "operator:wikidata": null, "operator": null, "description": null, "circuits": null, "check_date": null, "cables": null, "power": null, "layer": null, "bridge": null, "width": null, "wheelchair": null, "trail_visibility": null, "stroller": null, "snowmobile": null, "ski": null, "incline": null, "barrier": null, "waterway": null, "intermittent": null, "mtb:scale:imba": null, "mtb:scale": null, "dog": null, "source:url": null, "boundary": null, "border_type": null, "admin_level": null, "ref": null, "smoothness": null, "lit": null, "motor_vehicle": null, "horse": null, "bicycle": null, "foot": null, "tiger:name_type_1": null, "tiger:name_direction_suffix_1": null, "tiger:name_base_1": null, "name_1": null, "tiger:upload_uuid": null, "tiger:tlid": null, "tiger:source": null, "tiger:separated": null, "tiger:name_direction_suffix": null, "sidewalk:both": null, "maxspeed": "20 mph", "lanes": "2", "cycleway": null, "tracktype": null, "tiger:name_direction_prefix": null, "surface": "unpaved", "tiger:name_type": "Rd", "tiger:name_base": "Gold Camp", "oneway": null, "name": "Gold Camp Road", "tiger:reviewed": "no", "tiger:county": "El Paso, CO", "tiger:cfcc": "A41", "service": null, "highway": "tertiary", "access": null }, "geometry": { "type": "LineString", "coordinates": [ [ -104.8979422, 38.7945344 ], [ -104.8978986, 38.7945746 ], [ -104.8978369, 38.7946112 ], [ -104.8976307, 38.7946907 ], [ -104.8975062, 38.7947218 ], [ -104.8973848, 38.7947415 ], [ -104.8972449, 38.7947529 ], [ -104.8970824, 38.7947496 ], [ -104.8969346, 38.7947393 ], [ -104.8967812, 38.7947154 ], [ -104.8966517, 38.7946751 ], [ -104.8965442, 38.79463 ], [ -104.8964551, 38.7945748 ], [ -104.8963748, 38.7944983 ], [ -104.8962627, 38.7943655 ], [ -104.8959707, 38.7939197 ], [ -104.8956832, 38.7935752 ], [ -104.8953302, 38.7932441 ], [ -104.895151, 38.7931065 ], [ -104.8949669, 38.7929967 ], [ -104.8948717, 38.7929513 ], [ -104.8947578, 38.7929247 ], [ -104.8942651, 38.7928895 ], [ -104.894161, 38.7929077 ], [ -104.8940841, 38.7929286 ], [ -104.8939986, 38.7929619 ], [ -104.8936736, 38.7931606 ], [ -104.8935424, 38.7932407 ], [ -104.8934883, 38.7932943 ], [ -104.8934399, 38.7933616 ], [ -104.8933772, 38.7934728 ], [ -104.8932889, 38.7935954 ], [ -104.8931513, 38.7937059 ], [ -104.8930828, 38.793758 ], [ -104.8928693, 38.7939306 ], [ -104.8926054, 38.7941318 ], [ -104.8925093, 38.7941939 ], [ -104.8924172, 38.7942348 ], [ -104.8922808, 38.7942658 ], [ -104.8921657, 38.7942835 ], [ -104.8920157, 38.7942897 ], [ -104.8918399, 38.7942869 ], [ -104.8917252, 38.7942727 ], [ -104.891618, 38.7942496 ], [ -104.8915116, 38.7942163 ], [ -104.89134, 38.7941681 ], [ -104.8912117, 38.7941375 ], [ -104.8910836, 38.7941193 ], [ -104.8909581, 38.7941223 ], [ -104.8907847, 38.7941431 ], [ -104.8905798, 38.7941835 ], [ -104.8904345, 38.7942245 ], [ -104.8903067, 38.794273 ], [ -104.8901915, 38.7943422 ], [ -104.8900245, 38.7944654 ], [ -104.8897947, 38.7946155 ], [ -104.8896763, 38.7946831 ], [ -104.8895554, 38.7947488 ], [ -104.8893264, 38.7948631 ], [ -104.8890498, 38.7949847 ], [ -104.8889209, 38.7950606 ], [ -104.8887615, 38.7951618 ], [ -104.8886052, 38.7952394 ], [ -104.8884656, 38.7953311 ], [ -104.8883794, 38.7954048 ], [ -104.8883104, 38.7954889 ], [ -104.8882233, 38.7955918 ], [ -104.8881777, 38.7956875 ], [ -104.8881419, 38.7957991 ], [ -104.8881239, 38.7958992 ], [ -104.8881121, 38.7960232 ], [ -104.8881112, 38.7960407 ], [ -104.8881025, 38.796215 ], [ -104.8880877, 38.7963531 ], [ -104.8880668, 38.7964411 ], [ -104.8880374, 38.7965333 ], [ -104.887973, 38.7965999 ], [ -104.8878978, 38.7966932 ], [ -104.8878789, 38.7967369 ], [ -104.8877711, 38.7968212 ], [ -104.8874676, 38.7970251 ], [ -104.8871198, 38.7972417 ], [ -104.8870186, 38.7973175 ], [ -104.8868963, 38.7974204 ], [ -104.8867647, 38.7974953 ], [ -104.8865705, 38.7975921 ], [ -104.8858184, 38.7980803 ] ] } },
{ "type": "Feature", "properties": { "full_id": "w352553789", "osm_id": "352553789", "osm_type": "way", "min_height": null, "height": null, "roof:shape": null, "building:part": null, "building:levels": null, "substation": null, "location": null, "fence_type": null, "crossing:markings": null, "crossing": null, "segregated": null, "trailblazed": null, "narrow": null, "route": null, "vehicle": null, "protected": null, "ownership": null, "operator:wikipedia": null, "operator:type": null, "operator:short": null, "hiking": null, "source:hgv": null, "hgv": null, "cycleway:left:buffer": null, "cycleway:both": null, "bridge:structure": null, "motorcar": null, "dirtbike:scale": null, "informal": null, "usage": null, "covered": null, "footway": null, "restriction": null, "abandoned:landuse": null, "motorcycle": null, "atv": null, "mtb:type": null, "source_ref": null, "abandoned": null, "natural": null, "attribution": null, "tunnel": null, "railway": null, "old_railway_operator": null, "SHAPE_len": null, "SHAPE_area": null, "tiger:CLASSFP": null, "official_name": null, "mtb:scale:uphill": null, "wikipedia": null, "wikidata": null, "tiger:STATEFP": null, "tiger:PLCIDFP": null, "tiger:PLACEFP": null, "tiger:PCINECTA": null, "tiger:PCICBSA": null, "tiger:NAMELSAD": null, "tiger:NAME": null, "tiger:MTFCC": null, "tiger:LSAD": null, "tiger:FUNCSTAT": null, "tiger:CPI": null, "is_in:state": null, "is_in:iso_3166_2": null, "gnis:feature_id": null, "man_made": null, "sac_scale": "hiking", "wires": null, "voltage": null, "operator:wikidata": null, "operator": null, "description": null, "circuits": null, "check_date": null, "cables": null, "power": null, "layer": null, "bridge": null, "width": null, "wheelchair": null, "trail_visibility": "intermediate", "stroller": null, "snowmobile": null, "ski": null, "incline": null, "barrier": null, "waterway": null, "intermittent": null, "mtb:scale:imba": "2", "mtb:scale": "2", "dog": "leashed", "source:url": null, "boundary": null, "border_type": null, "admin_level": null, "ref": null, "smoothness": null, "lit": null, "motor_vehicle": null, "horse": null, "bicycle": "designated", "foot": "designated", "tiger:name_type_1": null, "tiger:name_direction_suffix_1": null, "tiger:name_base_1": null, "name_1": null, "tiger:upload_uuid": null, "tiger:tlid": null, "tiger:source": null, "tiger:separated": null, "tiger:name_direction_suffix": null, "sidewalk:both": null, "maxspeed": null, "lanes": null, "cycleway": null, "tracktype": null, "tiger:name_direction_prefix": null, "surface": "ground", "tiger:name_type": null, "tiger:name_base": null, "oneway": null, "name": "Palmer Trail", "tiger:reviewed": null, "tiger:county": null, "tiger:cfcc": null, "service": null, "highway": "path", "access": null }, "geometry": { "type": "LineString", "coordinates": [ [ -104.913948, 38.818669 ], [ -104.913872, 38.818642 ], [ -104.913777, 38.818637 ], [ -104.913284, 38.818705 ], [ -104.912749, 38.818626 ], [ -104.912545, 38.818636 ], [ -104.91231, 38.818626 ], [ -104.912078, 38.818656 ], [ -104.911789, 38.818637 ], [ -104.911613, 38.818715 ], [ -104.911465, 38.818754 ], [ -104.911238, 38.818768 ], [ -104.910948, 38.81887 ], [ -104.910839, 38.818892 ], [ -104.91061, 38.818908 ], [ -104.910311, 38.818904 ], [ -104.909633, 38.818847 ], [ -104.909419, 38.818856 ], [ -104.909263, 38.818837 ], [ -104.909151, 38.818797 ], [ -104.908682, 38.818576 ], [ -104.908107, 38.818358 ], [ -104.907997, 38.818287 ], [ -104.907914, 38.818173 ], [ -104.907876, 38.818147 ], [ -104.907805, 38.818134 ], [ -104.907655, 38.81815 ], [ -104.90742, 38.818128 ], [ -104.90731, 38.818132 ], [ -104.907137, 38.818175 ], [ -104.906979, 38.818185 ], [ -104.906844, 38.818168 ], [ -104.906178, 38.818022 ], [ -104.905907, 38.817897 ], [ -104.905795, 38.817892 ], [ -104.905674, 38.817918 ], [ -104.905596, 38.817954 ], [ -104.905424, 38.818076 ], [ -104.905329, 38.818094 ], [ -104.905178, 38.818089 ], [ -104.905084, 38.81811 ], [ -104.904872, 38.818291 ], [ -104.904638, 38.818379 ], [ -104.904495, 38.8184 ], [ -104.904224, 38.818397 ], [ -104.904037, 38.818434 ], [ -104.903817, 38.818503 ], [ -104.903611, 38.818596 ], [ -104.903493, 38.818621 ], [ -104.903404, 38.818615 ], [ -104.903248, 38.818559 ], [ -104.9029, 38.818375 ], [ -104.902137, 38.818154 ], [ -104.902018, 38.818089 ], [ -104.901954, 38.817997 ], [ -104.901925, 38.817893 ], [ -104.901933, 38.817763 ], [ -104.901985, 38.817675 ], [ -104.902247, 38.817494 ], [ -104.9023, 38.817428 ], [ -104.902323, 38.817306 ], [ -104.902306, 38.817084 ], [ -104.902315, 38.817016 ], [ -104.90236, 38.81696 ], [ -104.902483, 38.81693 ], [ -104.902573, 38.816946 ], [ -104.902746, 38.817017 ], [ -104.902958, 38.817138 ], [ -104.9031, 38.817179 ], [ -104.903192, 38.817156 ], [ -104.903348, 38.817067 ], [ -104.903434, 38.81705 ], [ -104.903731, 38.817092 ], [ -104.904094, 38.817045 ], [ -104.904129, 38.816985 ], [ -104.90401, 38.816843 ], [ -104.903978, 38.816778 ], [ -104.903982, 38.816711 ], [ -104.904034, 38.816647 ], [ -104.904185, 38.816537 ], [ -104.904255, 38.816466 ], [ -104.904281, 38.816373 ], [ -104.904233, 38.816322 ], [ -104.904149, 38.816292 ], [ -104.903896, 38.816237 ], [ -104.903685, 38.816169 ], [ -104.903466, 38.816125 ], [ -104.903399, 38.816098 ], [ -104.903345, 38.816047 ], [ -104.903295, 38.815947 ], [ -104.903233, 38.815876 ], [ -104.903168, 38.81584 ], [ -104.902758, 38.815667 ], [ -104.902469, 38.815561 ], [ -104.902223, 38.815491 ], [ -104.901714, 38.81546 ], [ -104.901545, 38.815476 ], [ -104.901316, 38.815524 ], [ -104.901137, 38.815519 ], [ -104.900918, 38.81554 ], [ -104.900836, 38.815516 ], [ -104.900717, 38.815432 ], [ -104.900671, 38.815372 ], [ -104.900611, 38.815132 ], [ -104.900545, 38.815074 ], [ -104.900143, 38.814905 ], [ -104.899817, 38.81471 ], [ -104.899713, 38.814627 ], [ -104.899665, 38.814567 ], [ -104.899643, 38.814484 ], [ -104.899688, 38.814399 ], [ -104.899795, 38.81436 ], [ -104.899885, 38.814367 ], [ -104.90007, 38.814416 ], [ -104.900175, 38.814415 ], [ -104.900232, 38.814367 ], [ -104.900238, 38.814317 ], [ -104.90019, 38.814077 ], [ -104.900193, 38.81388 ], [ -104.900211, 38.813812 ], [ -104.900262, 38.813761 ], [ -104.900311, 38.813743 ], [ -104.90056, 38.813715 ], [ -104.901409, 38.813675 ], [ -104.901541, 38.813683 ], [ -104.901687, 38.813751 ], [ -104.902243, 38.81417 ], [ -104.902318, 38.814209 ], [ -104.902409, 38.814219 ], [ -104.902469, 38.814192 ], [ -104.902645, 38.814032 ], [ -104.902695, 38.813818 ], [ -104.902683, 38.813725 ], [ -104.90264, 38.813664 ], [ -104.902276, 38.813297 ], [ -104.902122, 38.812946 ], [ -104.90206, 38.812861 ], [ -104.901863, 38.812689 ], [ -104.90133, 38.812357 ], [ -104.901275, 38.812284 ], [ -104.90125, 38.812055 ], [ -104.901269, 38.811978 ], [ -104.901329, 38.811893 ], [ -104.901419, 38.81181 ], [ -104.901538, 38.811638 ] ] } },
{ "type": "Feature", "properties": { "full_id": "w352553777", "osm_id": "352553777", "osm_type": "way", "min_height": null, "height": null, "roof:shape": null, "building:part": null, "building:levels": null, "substation": null, "location": null, "fence_type": null, "crossing:markings": null, "crossing": null, "segregated": null, "trailblazed": null, "narrow": null, "route": null, "vehicle": null, "protected": null, "ownership": null, "operator:wikipedia": null, "operator:type": null, "operator:short": null, "hiking": null, "source:hgv": null, "hgv": null, "cycleway:left:buffer": null, "cycleway:both": null, "bridge:structure": null, "motorcar": null, "dirtbike:scale": null, "informal": null, "usage": null, "covered": null, "footway": null, "restriction": null, "abandoned:landuse": null, "motorcycle": null, "atv": null, "mtb:type": null, "source_ref": null, "abandoned": null, "natural": null, "attribution": null, "tunnel": null, "railway": null, "old_railway_operator": null, "SHAPE_len": null, "SHAPE_area": null, "tiger:CLASSFP": null, "official_name": null, "mtb:scale:uphill": null, "wikipedia": null, "wikidata": null, "tiger:STATEFP": null, "tiger:PLCIDFP": null, "tiger:PLACEFP": null, "tiger:PCINECTA": null, "tiger:PCICBSA": null, "tiger:NAMELSAD": null, "tiger:NAME": null, "tiger:MTFCC": null, "tiger:LSAD": null, "tiger:FUNCSTAT": null, "tiger:CPI": null, "is_in:state": null, "is_in:iso_3166_2": null, "gnis:feature_id": null, "man_made": null, "sac_scale": null, "wires": null, "voltage": null, "operator:wikidata": null, "operator": null, "description": null, "circuits": null, "check_date": null, "cables": null, "power": null, "layer": null, "bridge": null, "width": null, "wheelchair": null, "trail_visibility": null, "stroller": null, "snowmobile": null, "ski": null, "incline": null, "barrier": null, "waterway": null, "intermittent": null, "mtb:scale:imba": "3", "mtb:scale": "3", "dog": null, "source:url": null, "boundary": null, "border_type": null, "admin_level": null, "ref": null, "smoothness": null, "lit": null, "motor_vehicle": "no", "horse": null, "bicycle": "designated", "foot": "designated", "tiger:name_type_1": null, "tiger:name_direction_suffix_1": null, "tiger:name_base_1": null, "name_1": null, "tiger:upload_uuid": null, "tiger:tlid": null, "tiger:source": null, "tiger:separated": null, "tiger:name_direction_suffix": null, "sidewalk:both": null, "maxspeed": null, "lanes": null, "cycleway": null, "tracktype": null, "tiger:name_direction_prefix": null, "surface": "ground", "tiger:name_type": null, "tiger:name_base": null, "oneway": null, "name": "Bear Creek-666", "tiger:reviewed": null, "tiger:county": null, "tiger:cfcc": null, "service": null, "highway": "path", "access": "yes" }, "geometry": { "type": "LineString", "coordinates": [ [ -104.9038749, 38.8096281 ], [ -104.9041438, 38.8094217 ], [ -104.9044627, 38.8093384 ], [ -104.9046911, 38.8093296 ], [ -104.9051139, 38.8092879 ], [ -104.9052828, 38.8093506 ], [ -104.9055376, 38.809384 ], [ -104.9056583, 38.8094112 ], [ -104.9058729, 38.809407 ], [ -104.906117, 38.8093109 ], [ -104.9063289, 38.8091897 ], [ -104.9064925, 38.8090036 ], [ -104.9066394, 38.8087753 ], [ -104.9067273, 38.8085519 ], [ -104.9068903, 38.8082959 ], [ -104.9069887, 38.8081279 ], [ -104.9071228, 38.8079711 ], [ -104.9071309, 38.8077914 ], [ -104.9072328, 38.8076994 ], [ -104.9074393, 38.8075071 ], [ -104.9075466, 38.8073671 ], [ -104.9075627, 38.8072751 ], [ -104.9074876, 38.8071685 ], [ -104.9074018, 38.8071225 ], [ -104.9073186, 38.8070348 ], [ -104.9071497, 38.8067171 ], [ -104.9070719, 38.806508 ], [ -104.9070987, 38.8063868 ], [ -104.9071201, 38.806228 ], [ -104.9071094, 38.8060064 ], [ -104.9071631, 38.8059353 ], [ -104.9072113, 38.8059479 ], [ -104.9073615, 38.8060775 ], [ -104.9077585, 38.8063534 ], [ -104.9079516, 38.8064662 ], [ -104.9081126, 38.8064746 ], [ -104.9083271, 38.8064871 ], [ -104.9085149, 38.8064662 ], [ -104.9086812, 38.8063659 ], [ -104.9088099, 38.8062739 ], [ -104.9088689, 38.8061527 ], [ -104.9088207, 38.8059897 ], [ -104.9087348, 38.8058601 ], [ -104.9087134, 38.8056845 ], [ -104.9086436, 38.8053752 ], [ -104.9086597, 38.80507 ], [ -104.9087509, 38.8046938 ], [ -104.9089011, 38.8043886 ], [ -104.9091533, 38.8040416 ], [ -104.9094, 38.8036988 ], [ -104.9096843, 38.8032724 ], [ -104.9097916, 38.8030383 ], [ -104.9099847, 38.8026537 ], [ -104.9101403, 38.802336 ], [ -104.9102261, 38.8019806 ], [ -104.910151, 38.8016336 ], [ -104.9099579, 38.8013493 ], [ -104.9097648, 38.8010818 ], [ -104.9094805, 38.8006888 ], [ -104.909513, 38.800513 ], [ -104.909506, 38.800423 ], [ -104.909367, 38.79994 ], [ -104.909365, 38.79958 ], [ -104.909396, 38.799433 ], [ -104.909446, 38.79931 ], [ -104.909507, 38.79898 ], [ -104.909502, 38.798777 ], [ -104.909527, 38.798677 ], [ -104.909752, 38.798372 ], [ -104.909827, 38.798287 ], [ -104.910272, 38.797881 ], [ -104.910621, 38.797594 ], [ -104.910707, 38.797464 ], [ -104.910761, 38.797414 ], [ -104.910929, 38.797309 ], [ -104.911525, 38.796486 ], [ -104.911687, 38.796351 ], [ -104.911875, 38.796136 ], [ -104.911931, 38.796035 ], [ -104.912019, 38.795774 ] ] } },
{ "type": "Feature", "properties": { "full_id": "w530918805", "osm_id": "530918805", "osm_type": "way", "min_height": null, "height": null, "roof:shape": null, "building:part": null, "building:levels": null, "substation": null, "location": null, "fence_type": null, "crossing:markings": null, "crossing": null, "segregated": null, "trailblazed": null, "narrow": null, "route": null, "vehicle": null, "protected": null, "ownership": null, "operator:wikipedia": null, "operator:type": null, "operator:short": null, "hiking": null, "source:hgv": null, "hgv": null, "cycleway:left:buffer": null, "cycleway:both": null, "bridge:structure": null, "motorcar": null, "dirtbike:scale": "?", "informal": null, "usage": null, "covered": null, "footway": null, "restriction": null, "abandoned:landuse": null, "motorcycle": "yes", "atv": null, "mtb:type": null, "source_ref": null, "abandoned": null, "natural": null, "attribution": null, "tunnel": null, "railway": null, "old_railway_operator": null, "SHAPE_len": null, "SHAPE_area": null, "tiger:CLASSFP": null, "official_name": null, "mtb:scale:uphill": null, "wikipedia": null, "wikidata": null, "tiger:STATEFP": null, "tiger:PLCIDFP": null, "tiger:PLACEFP": null, "tiger:PCINECTA": null, "tiger:PCICBSA": null, "tiger:NAMELSAD": null, "tiger:NAME": null, "tiger:MTFCC": null, "tiger:LSAD": null, "tiger:FUNCSTAT": null, "tiger:CPI": null, "is_in:state": null, "is_in:iso_3166_2": null, "gnis:feature_id": null, "man_made": null, "sac_scale": null, "wires": null, "voltage": null, "operator:wikidata": null, "operator": null, "description": null, "circuits": null, "check_date": null, "cables": null, "power": null, "layer": null, "bridge": null, "width": null, "wheelchair": null, "trail_visibility": null, "stroller": null, "snowmobile": null, "ski": null, "incline": null, "barrier": null, "waterway": null, "intermittent": null, "mtb:scale:imba": "2", "mtb:scale": "3", "dog": null, "source:url": null, "boundary": null, "border_type": null, "admin_level": null, "ref": null, "smoothness": null, "lit": null, "motor_vehicle": null, "horse": null, "bicycle": "designated", "foot": "designated", "tiger:name_type_1": null, "tiger:name_direction_suffix_1": null, "tiger:name_base_1": null, "name_1": null, "tiger:upload_uuid": null, "tiger:tlid": null, "tiger:source": null, "tiger:separated": null, "tiger:name_direction_suffix": null, "sidewalk:both": null, "maxspeed": null, "lanes": null, "cycleway": null, "tracktype": null, "tiger:name_direction_prefix": null, "surface": "ground", "tiger:name_type": null, "tiger:name_base": null, "oneway": null, "name": "667", "tiger:reviewed": null, "tiger:county": null, "tiger:cfcc": null, "service": null, "highway": "path", "access": "yes" }, "geometry": { "type": "LineString", "coordinates": [ [ -104.9090765, 38.7943796 ], [ -104.908834, 38.794452 ], [ -104.908553, 38.794551 ], [ -104.9084, 38.794643 ], [ -104.9081323, 38.7948534 ], [ -104.907967, 38.795035 ] ] } },
{ "type": "Feature", "properties": { "full_id": "w913912511", "osm_id": "913912511", "osm_type": "way", "min_height": null, "height": null, "roof:shape": null, "building:part": null, "building:levels": null, "substation": null, "location": null, "fence_type": null, "crossing:markings": null, "crossing": null, "segregated": null, "trailblazed": null, "narrow": null, "route": null, "vehicle": null, "protected": null, "ownership": null, "operator:wikipedia": null, "operator:type": null, "operator:short": null, "hiking": null, "source:hgv": null, "hgv": null, "cycleway:left:buffer": null, "cycleway:both": null, "bridge:structure": null, "motorcar": null, "dirtbike:scale": null, "informal": null, "usage": null, "covered": null, "footway": null, "restriction": null, "abandoned:landuse": null, "motorcycle": null, "atv": null, "mtb:type": null, "source_ref": null, "abandoned": null, "natural": null, "attribution": null, "tunnel": null, "railway": null, "old_railway_operator": null, "SHAPE_len": null, "SHAPE_area": null, "tiger:CLASSFP": null, "official_name": null, "mtb:scale:uphill": null, "wikipedia": null, "wikidata": null, "tiger:STATEFP": null, "tiger:PLCIDFP": null, "tiger:PLACEFP": null, "tiger:PCINECTA": null, "tiger:PCICBSA": null, "tiger:NAMELSAD": null, "tiger:NAME": null, "tiger:MTFCC": null, "tiger:LSAD": null, "tiger:FUNCSTAT": null, "tiger:CPI": null, "is_in:state": null, "is_in:iso_3166_2": null, "gnis:feature_id": null, "man_made": null, "sac_scale": null, "wires": null, "voltage": null, "operator:wikidata": null, "operator": null, "description": null, "circuits": null, "check_date": null, "cables": null, "power": null, "layer": null, "bridge": null, "width": null, "wheelchair": null, "trail_visibility": null, "stroller": null, "snowmobile": null, "ski": null, "incline": null, "barrier": null, "waterway": "stream", "intermittent": null, "mtb:scale:imba": null, "mtb:scale": null, "dog": null, "source:url": null, "boundary": null, "border_type": null, "admin_level": null, "ref": null, "smoothness": null, "lit": null, "motor_vehicle": null, "horse": null, "bicycle": null, "foot": null, "tiger:name_type_1": null, "tiger:name_direction_suffix_1": null, "tiger:name_base_1": null, "name_1": null, "tiger:upload_uuid": null, "tiger:tlid": null, "tiger:source": null, "tiger:separated": null, "tiger:name_direction_suffix": null, "sidewalk:both": null, "maxspeed": null, "lanes": null, "cycleway": null, "tracktype": null, "tiger:name_direction_prefix": null, "surface": null, "tiger:name_type": null, "tiger:name_base": null, "oneway": null, "name": "Bear Creek", "tiger:reviewed": null, "tiger:county": null, "tiger:cfcc": null, "service": null, "highway": null, "access": null }, "geometry": { "type": "LineString", "coordinates": [ [ -104.8957348, 38.8175078 ], [ -104.8955684, 38.8175968 ], [ -104.8953032, 38.8176192 ], [ -104.8940307, 38.8179517 ], [ -104.8937841, 38.8180183 ], [ -104.8936809, 38.8181171 ], [ -104.8935932, 38.8182508 ], [ -104.8935068, 38.8184253 ], [ -104.8933606, 38.8185863 ], [ -104.8931068, 38.8188384 ], [ -104.8929879, 38.8190373 ], [ -104.8928258, 38.8193199 ], [ -104.8927673, 38.8194778 ], [ -104.8925796, 38.8197028 ], [ -104.8924763, 38.8198516 ], [ -104.8922697, 38.8200267 ] ] } },
{ "type": "Feature", "properties": { "full_id": "w530918804", "osm_id": "530918804", "osm_type": "way", "min_height": null, "height": null, "roof:shape": null, "building:part": null, "building:levels": null, "substation": null, "location": null, "fence_type": null, "crossing:markings": null, "crossing": null, "segregated": null, "trailblazed": null, "narrow": null, "route": null, "vehicle": null, "protected": null, "ownership": null, "operator:wikipedia": null, "operator:type": null, "operator:short": null, "hiking": null, "source:hgv": null, "hgv": null, "cycleway:left:buffer": null, "cycleway:both": null, "bridge:structure": null, "motorcar": null, "dirtbike:scale": "?", "informal": null, "usage": null, "covered": null, "footway": null, "restriction": null, "abandoned:landuse": null, "motorcycle": "yes", "atv": null, "mtb:type": null, "source_ref": null, "abandoned": null, "natural": null, "attribution": null, "tunnel": null, "railway": null, "old_railway_operator": null, "SHAPE_len": null, "SHAPE_area": null, "tiger:CLASSFP": null, "official_name": null, "mtb:scale:uphill": null, "wikipedia": null, "wikidata": null, "tiger:STATEFP": null, "tiger:PLCIDFP": null, "tiger:PLACEFP": null, "tiger:PCINECTA": null, "tiger:PCICBSA": null, "tiger:NAMELSAD": null, "tiger:NAME": null, "tiger:MTFCC": null, "tiger:LSAD": null, "tiger:FUNCSTAT": null, "tiger:CPI": null, "is_in:state": null, "is_in:iso_3166_2": null, "gnis:feature_id": null, "man_made": null, "sac_scale": null, "wires": null, "voltage": null, "operator:wikidata": null, "operator": null, "description": null, "circuits": null, "check_date": null, "cables": null, "power": null, "layer": null, "bridge": null, "width": null, "wheelchair": null, "trail_visibility": null, "stroller": null, "snowmobile": null, "ski": null, "incline": null, "barrier": null, "waterway": null, "intermittent": null, "mtb:scale:imba": "2", "mtb:scale": "2", "dog": null, "source:url": null, "boundary": null, "border_type": null, "admin_level": null, "ref": null, "smoothness": null, "lit": null, "motor_vehicle": null, "horse": null, "bicycle": "designated", "foot": "designated", "tiger:name_type_1": null, "tiger:name_direction_suffix_1": null, "tiger:name_base_1": null, "name_1": null, "tiger:upload_uuid": null, "tiger:tlid": null, "tiger:source": null, "tiger:separated": null, "tiger:name_direction_suffix": null, "sidewalk:both": null, "maxspeed": null, "lanes": null, "cycleway": null, "tracktype": null, "tiger:name_direction_prefix": null, "surface": "ground", "tiger:name_type": null, "tiger:name_base": null, "oneway": null, "name": "667", "tiger:reviewed": null, "tiger:county": null, "tiger:cfcc": null, "service": null, "highway": "path", "access": "yes" }, "geometry": { "type": "LineString", "coordinates": [ [ -104.907967, 38.795035 ], [ -104.907483, 38.795663 ], [ -104.907031, 38.796375 ], [ -104.906786, 38.796864 ], [ -104.90631, 38.797476 ], [ -104.906256, 38.797574 ], [ -104.9061247, 38.7978705 ], [ -104.9061268, 38.7980275 ], [ -104.9060975, 38.7980651 ], [ -104.906009, 38.798045 ], [ -104.9058833, 38.7979354 ], [ -104.9058406, 38.7979108 ], [ -104.9057847, 38.7979263 ], [ -104.9056488, 38.7980237 ], [ -104.9054932, 38.7979968 ] ] } },
{ "type": "Feature", "properties": { "full_id": "w530918751", "osm_id": "530918751", "osm_type": "way", "min_height": null, "height": null, "roof:shape": null, "building:part": null, "building:levels": null, "substation": null, "location": null, "fence_type": null, "crossing:markings": null, "crossing": null, "segregated": null, "trailblazed": null, "narrow": null, "route": null, "vehicle": null, "protected": null, "ownership": null, "operator:wikipedia": null, "operator:type": null, "operator:short": null, "hiking": null, "source:hgv": null, "hgv": null, "cycleway:left:buffer": null, "cycleway:both": null, "bridge:structure": null, "motorcar": null, "dirtbike:scale": "?", "informal": null, "usage": null, "covered": null, "footway": null, "restriction": null, "abandoned:landuse": null, "motorcycle": "yes", "atv": null, "mtb:type": null, "source_ref": null, "abandoned": null, "natural": null, "attribution": null, "tunnel": null, "railway": null, "old_railway_operator": null, "SHAPE_len": null, "SHAPE_area": null, "tiger:CLASSFP": null, "official_name": null, "mtb:scale:uphill": null, "wikipedia": null, "wikidata": null, "tiger:STATEFP": null, "tiger:PLCIDFP": null, "tiger:PLACEFP": null, "tiger:PCINECTA": null, "tiger:PCICBSA": null, "tiger:NAMELSAD": null, "tiger:NAME": null, "tiger:MTFCC": null, "tiger:LSAD": null, "tiger:FUNCSTAT": null, "tiger:CPI": null, "is_in:state": null, "is_in:iso_3166_2": null, "gnis:feature_id": null, "man_made": null, "sac_scale": null, "wires": null, "voltage": null, "operator:wikidata": null, "operator": null, "description": null, "circuits": null, "check_date": null, "cables": null, "power": null, "layer": null, "bridge": null, "width": null, "wheelchair": null, "trail_visibility": null, "stroller": null, "snowmobile": null, "ski": null, "incline": null, "barrier": null, "waterway": null, "intermittent": null, "mtb:scale:imba": "2", "mtb:scale": "2", "dog": null, "source:url": null, "boundary": null, "border_type": null, "admin_level": null, "ref": null, "smoothness": null, "lit": null, "motor_vehicle": null, "horse": null, "bicycle": "designated", "foot": "designated", "tiger:name_type_1": null, "tiger:name_direction_suffix_1": null, "tiger:name_base_1": null, "name_1": null, "tiger:upload_uuid": null, "tiger:tlid": null, "tiger:source": null, "tiger:separated": null, "tiger:name_direction_suffix": null, "sidewalk:both": null, "maxspeed": null, "lanes": null, "cycleway": null, "tracktype": null, "tiger:name_direction_prefix": null, "surface": "ground", "tiger:name_type": null, "tiger:name_base": null, "oneway": null, "name": "667", "tiger:reviewed": null, "tiger:county": null, "tiger:cfcc": null, "service": null, "highway": "path", "access": "yes" }, "geometry": { "type": "LineString", "coordinates": [ [ -104.9129263, 38.7929058 ], [ -104.9127906, 38.7930333 ], [ -104.912627, 38.793164 ], [ -104.911978, 38.793543 ], [ -104.911749, 38.793642 ], [ -104.91158, 38.793747 ], [ -104.911312, 38.793867 ], [ -104.91093, 38.794076 ], [ -104.910594, 38.794202 ], [ -104.910357, 38.794365 ], [ -104.910283, 38.79439 ], [ -104.910148, 38.794408 ], [ -104.909758, 38.79441 ], [ -104.9093747, 38.7943581 ], [ -104.909262, 38.794367 ], [ -104.9090765, 38.7943796 ] ] } },
{ "type": "Feature", "properties": { "full_id": "w79064459", "osm_id": "79064459", "osm_type": "way", "min_height": null, "height": null, "roof:shape": null, "building:part": null, "building:levels": null, "substation": null, "location": null, "fence_type": null, "crossing:markings": null, "crossing": null, "segregated": null, "trailblazed": null, "narrow": null, "route": null, "vehicle": null, "protected": null, "ownership": null, "operator:wikipedia": null, "operator:type": null, "operator:short": null, "hiking": null, "source:hgv": null, "hgv": null, "cycleway:left:buffer": null, "cycleway:both": null, "bridge:structure": null, "motorcar": null, "dirtbike:scale": null, "informal": null, "usage": null, "covered": null, "footway": null, "restriction": null, "abandoned:landuse": null, "motorcycle": null, "atv": null, "mtb:type": null, "source_ref": null, "abandoned": null, "natural": null, "attribution": null, "tunnel": null, "railway": null, "old_railway_operator": null, "SHAPE_len": null, "SHAPE_area": null, "tiger:CLASSFP": null, "official_name": null, "mtb:scale:uphill": null, "wikipedia": null, "wikidata": null, "tiger:STATEFP": null, "tiger:PLCIDFP": null, "tiger:PLACEFP": null, "tiger:PCINECTA": null, "tiger:PCICBSA": null, "tiger:NAMELSAD": null, "tiger:NAME": null, "tiger:MTFCC": null, "tiger:LSAD": null, "tiger:FUNCSTAT": null, "tiger:CPI": null, "is_in:state": null, "is_in:iso_3166_2": null, "gnis:feature_id": null, "man_made": null, "sac_scale": null, "wires": null, "voltage": null, "operator:wikidata": null, "operator": null, "description": null, "circuits": null, "check_date": null, "cables": null, "power": null, "layer": null, "bridge": null, "width": null, "wheelchair": null, "trail_visibility": null, "stroller": null, "snowmobile": null, "ski": null, "incline": null, "barrier": null, "waterway": null, "intermittent": null, "mtb:scale:imba": null, "mtb:scale": null, "dog": "leashed", "source:url": null, "boundary": null, "border_type": null, "admin_level": null, "ref": null, "smoothness": null, "lit": null, "motor_vehicle": "forestry", "horse": null, "bicycle": null, "foot": "yes", "tiger:name_type_1": null, "tiger:name_direction_suffix_1": null, "tiger:name_base_1": null, "name_1": null, "tiger:upload_uuid": null, "tiger:tlid": null, "tiger:source": null, "tiger:separated": null, "tiger:name_direction_suffix": null, "sidewalk:both": null, "maxspeed": null, "lanes": null, "cycleway": null, "tracktype": null, "tiger:name_direction_prefix": null, "surface": "compacted", "tiger:name_type": "Dr", "tiger:name_base": "High", "oneway": null, "name": "High Drive", "tiger:reviewed": "no", "tiger:county": "El Paso, CO", "tiger:cfcc": "A41", "service": null, "highway": "unclassified", "access": "designated" }, "geometry": { "type": "LineString", "coordinates": [ [ -104.9027777, 38.8106339 ], [ -104.903049, 38.810429 ], [ -104.903399, 38.810136 ], [ -104.903745, 38.809904 ], [ -104.903822, 38.809839 ], [ -104.9038644, 38.8098093 ], [ -104.9039045, 38.8097605 ], [ -104.9039065, 38.8096712 ], [ -104.9038749, 38.8096281 ], [ -104.9038127, 38.8096116 ], [ -104.903646, 38.80966 ], [ -104.903491, 38.809723 ], [ -104.903372, 38.809747 ], [ -104.9031225, 38.8097415 ], [ -104.903001, 38.809723 ], [ -104.902912, 38.809688 ], [ -104.902798, 38.809616 ], [ -104.902673, 38.8095 ], [ -104.902371, 38.809085 ], [ -104.902223, 38.808915 ], [ -104.90208, 38.808801 ], [ -104.901953, 38.808727 ], [ -104.901767, 38.808665 ], [ -104.901636, 38.808674 ], [ -104.901563, 38.808712 ], [ -104.901509, 38.808778 ], [ -104.90139, 38.809116 ], [ -104.901347, 38.809175 ], [ -104.901282, 38.809201 ], [ -104.901244, 38.809191 ], [ -104.901209, 38.809145 ], [ -104.901208, 38.809071 ], [ -104.901258, 38.808832 ], [ -104.901272, 38.808349 ], [ -104.901314, 38.808031 ], [ -104.90144, 38.807528 ], [ -104.901514, 38.807152 ], [ -104.901594, 38.806952 ], [ -104.901656, 38.806849 ], [ -104.90185, 38.806641 ], [ -104.902044, 38.806483 ], [ -104.902067, 38.80641 ], [ -104.902035, 38.806339 ], [ -104.90198, 38.806296 ], [ -104.901646, 38.806178 ], [ -104.901437, 38.806138 ], [ -104.901295, 38.806157 ], [ -104.900826, 38.806409 ], [ -104.900692, 38.806516 ], [ -104.900656, 38.806589 ], [ -104.900653, 38.80665 ], [ -104.900747, 38.806984 ], [ -104.900746, 38.807196 ], [ -104.900707, 38.807287 ], [ -104.900457, 38.807682 ], [ -104.900131, 38.808267 ], [ -104.900041, 38.808368 ], [ -104.899917, 38.808445 ], [ -104.899714, 38.808539 ], [ -104.899646, 38.808607 ], [ -104.899619, 38.808684 ], [ -104.899618, 38.808755 ], [ -104.899673, 38.809089 ], [ -104.899664, 38.80923 ], [ -104.89964, 38.809344 ], [ -104.899592, 38.809452 ], [ -104.899539, 38.80953 ], [ -104.899418, 38.809647 ], [ -104.899162, 38.809808 ], [ -104.899081, 38.809836 ], [ -104.898997, 38.809827 ], [ -104.898964, 38.809786 ], [ -104.899003, 38.8097 ], [ -104.899168, 38.809571 ], [ -104.89922, 38.809513 ], [ -104.89927, 38.809424 ], [ -104.899294, 38.809285 ], [ -104.899278, 38.809206 ], [ -104.899219, 38.80909 ], [ -104.898954, 38.808663 ], [ -104.898907, 38.808546 ], [ -104.898903, 38.808476 ], [ -104.898926, 38.8084 ], [ -104.899215, 38.807943 ], [ -104.899281, 38.807811 ], [ -104.899345, 38.807578 ], [ -104.899352, 38.807445 ], [ -104.899317, 38.807233 ], [ -104.899258, 38.807109 ], [ -104.899142, 38.806988 ], [ -104.898717, 38.806735 ], [ -104.898612, 38.806642 ], [ -104.898566, 38.806571 ], [ -104.898543, 38.806485 ], [ -104.898577, 38.806347 ], [ -104.898802, 38.80604 ], [ -104.898864, 38.80587 ], [ -104.898937, 38.805587 ], [ -104.898995, 38.805182 ], [ -104.898971, 38.804475 ], [ -104.898915, 38.803996 ], [ -104.898834, 38.803803 ], [ -104.898697, 38.80364 ], [ -104.898637, 38.803519 ], [ -104.898641, 38.80345 ], [ -104.8988, 38.803082 ], [ -104.898908, 38.802516 ], [ -104.899167, 38.801837 ], [ -104.8994329, 38.8010256 ], [ -104.8995697, 38.8006252 ], [ -104.8996369, 38.8005017 ], [ -104.899902, 38.800072 ], [ -104.8999, 38.799991 ], [ -104.899967, 38.799756 ], [ -104.900047, 38.799555 ], [ -104.90026, 38.799234 ], [ -104.900373, 38.799022 ], [ -104.900504, 38.798386 ], [ -104.900541, 38.798093 ], [ -104.900515, 38.797683 ], [ -104.900475, 38.797391 ], [ -104.900478, 38.797248 ], [ -104.900507, 38.797118 ], [ -104.900679, 38.796841 ], [ -104.900712, 38.796649 ], [ -104.900677, 38.796312 ], [ -104.900633, 38.796166 ], [ -104.900577, 38.79605 ], [ -104.900288, 38.795638 ], [ -104.900211, 38.7955 ], [ -104.900115, 38.795275 ], [ -104.900078, 38.795138 ], [ -104.900068, 38.794878 ], [ -104.900085, 38.794719 ], [ -104.900135, 38.794483 ], [ -104.900277, 38.794065 ], [ -104.90027, 38.793915 ], [ -104.90012, 38.793389 ], [ -104.900001, 38.793148 ], [ -104.899923, 38.793039 ], [ -104.899813, 38.79295 ], [ -104.899733, 38.792917 ], [ -104.89958, 38.792887 ], [ -104.899343, 38.792869 ], [ -104.899272, 38.792846 ], [ -104.899214, 38.792807 ], [ -104.899174, 38.792746 ], [ -104.899161, 38.792648 ], [ -104.899167, 38.792441 ], [ -104.899191, 38.792318 ], [ -104.899231, 38.792235 ], [ -104.899318, 38.792131 ], [ -104.899464, 38.792031 ], [ -104.899645, 38.791939 ], [ -104.899732, 38.79184 ], [ -104.899745, 38.791744 ], [ -104.899726, 38.791674 ], [ -104.899492, 38.791355 ], [ -104.899458, 38.791226 ], [ -104.899445, 38.791057 ], [ -104.89948, 38.790958 ], [ -104.899531, 38.790915 ], [ -104.899591, 38.790892 ], [ -104.899789, 38.790856 ], [ -104.899845, 38.790829 ], [ -104.899988, 38.790679 ], [ -104.900078, 38.790614 ], [ -104.900173, 38.790592 ], [ -104.90026, 38.790604 ], [ -104.900526, 38.790702 ], [ -104.900703, 38.790726 ], [ -104.900853, 38.790723 ], [ -104.901032, 38.7907 ], [ -104.901433, 38.790605 ], [ -104.901955, 38.790389 ], [ -104.902353, 38.790282 ], [ -104.9026041, 38.7902597 ], [ -104.902801, 38.7902428 ], [ -104.903005, 38.7902391 ], [ -104.9032115, 38.7902634 ], [ -104.9034318, 38.7902869 ], [ -104.9035073, 38.7902961 ], [ -104.9035683, 38.7902894 ], [ -104.9036154, 38.7902671 ] ] } },
{ "type": "Feature", "properties": { "full_id": "w531329082", "osm_id": "531329082", "osm_type": "way", "min_height": null, "height": null, "roof:shape": null, "building:part": null, "building:levels": null, "substation": null, "location": null, "fence_type": null, "crossing:markings": null, "crossing": null, "segregated": null, "trailblazed": null, "narrow": null, "route": null, "vehicle": null, "protected": null, "ownership": null, "operator:wikipedia": null, "operator:type": null, "operator:short": null, "hiking": null, "source:hgv": null, "hgv": null, "cycleway:left:buffer": null, "cycleway:both": null, "bridge:structure": null, "motorcar": null, "dirtbike:scale": null, "informal": null, "usage": null, "covered": null, "footway": null, "restriction": null, "abandoned:landuse": null, "motorcycle": null, "atv": null, "mtb:type": null, "source_ref": null, "abandoned": null, "natural": null, "attribution": null, "tunnel": null, "railway": null, "old_railway_operator": null, "SHAPE_len": null, "SHAPE_area": null, "tiger:CLASSFP": null, "official_name": null, "mtb:scale:uphill": null, "wikipedia": null, "wikidata": null, "tiger:STATEFP": null, "tiger:PLCIDFP": null, "tiger:PLACEFP": null, "tiger:PCINECTA": null, "tiger:PCICBSA": null, "tiger:NAMELSAD": null, "tiger:NAME": null, "tiger:MTFCC": null, "tiger:LSAD": null, "tiger:FUNCSTAT": null, "tiger:CPI": null, "is_in:state": null, "is_in:iso_3166_2": null, "gnis:feature_id": null, "man_made": null, "sac_scale": null, "wires": null, "voltage": null, "operator:wikidata": null, "operator": null, "description": null, "circuits": null, "check_date": null, "cables": null, "power": null, "layer": null, "bridge": null, "width": null, "wheelchair": null, "trail_visibility": null, "stroller": null, "snowmobile": null, "ski": null, "incline": null, "barrier": null, "waterway": null, "intermittent": null, "mtb:scale:imba": null, "mtb:scale": null, "dog": null, "source:url": null, "boundary": null, "border_type": null, "admin_level": null, "ref": null, "smoothness": null, "lit": null, "motor_vehicle": null, "horse": null, "bicycle": null, "foot": null, "tiger:name_type_1": null, "tiger:name_direction_suffix_1": null, "tiger:name_base_1": null, "name_1": null, "tiger:upload_uuid": null, "tiger:tlid": null, "tiger:source": null, "tiger:separated": null, "tiger:name_direction_suffix": null, "sidewalk:both": null, "maxspeed": null, "lanes": null, "cycleway": null, "tracktype": null, "tiger:name_direction_prefix": null, "surface": null, "tiger:name_type": null, "tiger:name_base": null, "oneway": null, "name": null, "tiger:reviewed": null, "tiger:county": null, "tiger:cfcc": null, "service": null, "highway": "path", "access": "no" }, "geometry": { "type": "LineString", "coordinates": [ [ -104.912019, 38.795774 ], [ -104.912081, 38.79567 ], [ -104.91247, 38.795183 ], [ -104.912609, 38.795083 ], [ -104.91275, 38.794928 ], [ -104.91329, 38.794595 ], [ -104.913592, 38.794334 ], [ -104.913693, 38.794272 ], [ -104.91405, 38.794243 ], [ -104.914247, 38.794248 ], [ -104.914552, 38.794219 ], [ -104.914813, 38.794225 ], [ -104.9150488, 38.7943423 ], [ -104.9152311, 38.7944552 ], [ -104.9153438, 38.7945973 ], [ -104.9153703, 38.7946172 ], [ -104.915494, 38.7947102 ] ] } },
{ "type": "Feature", "properties": { "full_id": "w1067773622", "osm_id": "1067773622", "osm_type": "way", "min_height": null, "height": null, "roof:shape": null, "building:part": null, "building:levels": null, "substation": null, "location": null, "fence_type": null, "crossing:markings": null, "crossing": null, "segregated": null, "trailblazed": null, "narrow": null, "route": null, "vehicle": null, "protected": null, "ownership": null, "operator:wikipedia": null, "operator:type": null, "operator:short": null, "hiking": null, "source:hgv": null, "hgv": null, "cycleway:left:buffer": null, "cycleway:both": null, "bridge:structure": null, "motorcar": null, "dirtbike:scale": null, "informal": null, "usage": null, "covered": null, "footway": null, "restriction": null, "abandoned:landuse": null, "motorcycle": null, "atv": null, "mtb:type": null, "source_ref": null, "abandoned": null, "natural": null, "attribution": null, "tunnel": null, "railway": null, "old_railway_operator": null, "SHAPE_len": null, "SHAPE_area": null, "tiger:CLASSFP": null, "official_name": null, "mtb:scale:uphill": null, "wikipedia": null, "wikidata": null, "tiger:STATEFP": null, "tiger:PLCIDFP": null, "tiger:PLACEFP": null, "tiger:PCINECTA": null, "tiger:PCICBSA": null, "tiger:NAMELSAD": null, "tiger:NAME": null, "tiger:MTFCC": null, "tiger:LSAD": null, "tiger:FUNCSTAT": null, "tiger:CPI": null, "is_in:state": null, "is_in:iso_3166_2": null, "gnis:feature_id": null, "man_made": null, "sac_scale": null, "wires": null, "voltage": null, "operator:wikidata": null, "operator": null, "description": null, "circuits": null, "check_date": null, "cables": null, "power": null, "layer": "1", "bridge": "yes", "width": null, "wheelchair": null, "trail_visibility": null, "stroller": null, "snowmobile": null, "ski": null, "incline": null, "barrier": null, "waterway": null, "intermittent": null, "mtb:scale:imba": null, "mtb:scale": null, "dog": null, "source:url": null, "boundary": null, "border_type": null, "admin_level": null, "ref": null, "smoothness": null, "lit": null, "motor_vehicle": "permit", "horse": null, "bicycle": "yes", "foot": "yes", "tiger:name_type_1": null, "tiger:name_direction_suffix_1": null, "tiger:name_base_1": null, "name_1": null, "tiger:upload_uuid": null, "tiger:tlid": null, "tiger:source": null, "tiger:separated": null, "tiger:name_direction_suffix": null, "sidewalk:both": null, "maxspeed": null, "lanes": null, "cycleway": null, "tracktype": null, "tiger:name_direction_prefix": null, "surface": "gravel", "tiger:name_type": "Dr", "tiger:name_base": "High", "oneway": null, "name": "High Drive", "tiger:reviewed": "no", "tiger:county": "El Paso, CO", "tiger:cfcc": "A41", "service": null, "highway": "unclassified", "access": "yes" }, "geometry": { "type": "LineString", "coordinates": [ [ -104.902412, 38.8110766 ], [ -104.9024972, 38.8109697 ] ] } },
{ "type": "Feature", "properties": { "full_id": "w1067773621", "osm_id": "1067773621", "osm_type": "way", "min_height": null, "height": null, "roof:shape": null, "building:part": null, "building:levels": null, "substation": null, "location": null, "fence_type": null, "crossing:markings": null, "crossing": null, "segregated": null, "trailblazed": null, "narrow": null, "route": null, "vehicle": null, "protected": null, "ownership": null, "operator:wikipedia": null, "operator:type": null, "operator:short": null, "hiking": null, "source:hgv": null, "hgv": null, "cycleway:left:buffer": null, "cycleway:both": null, "bridge:structure": null, "motorcar": null, "dirtbike:scale": null, "informal": null, "usage": null, "covered": null, "footway": null, "restriction": null, "abandoned:landuse": null, "motorcycle": null, "atv": null, "mtb:type": null, "source_ref": null, "abandoned": null, "natural": null, "attribution": null, "tunnel": null, "railway": null, "old_railway_operator": null, "SHAPE_len": null, "SHAPE_area": null, "tiger:CLASSFP": null, "official_name": null, "mtb:scale:uphill": null, "wikipedia": null, "wikidata": null, "tiger:STATEFP": null, "tiger:PLCIDFP": null, "tiger:PLACEFP": null, "tiger:PCINECTA": null, "tiger:PCICBSA": null, "tiger:NAMELSAD": null, "tiger:NAME": null, "tiger:MTFCC": null, "tiger:LSAD": null, "tiger:FUNCSTAT": null, "tiger:CPI": null, "is_in:state": null, "is_in:iso_3166_2": null, "gnis:feature_id": null, "man_made": null, "sac_scale": null, "wires": null, "voltage": null, "operator:wikidata": null, "operator": null, "description": null, "circuits": null, "check_date": null, "cables": null, "power": null, "layer": null, "bridge": null, "width": null, "wheelchair": null, "trail_visibility": null, "stroller": null, "snowmobile": null, "ski": null, "incline": null, "barrier": null, "waterway": null, "intermittent": null, "mtb:scale:imba": null, "mtb:scale": null, "dog": null, "source:url": null, "boundary": null, "border_type": null, "admin_level": null, "ref": null, "smoothness": null, "lit": null, "motor_vehicle": "permit", "horse": null, "bicycle": null, "foot": "yes", "tiger:name_type_1": null, "tiger:name_direction_suffix_1": null, "tiger:name_base_1": null, "name_1": null, "tiger:upload_uuid": null, "tiger:tlid": null, "tiger:source": null, "tiger:separated": null, "tiger:name_direction_suffix": null, "sidewalk:both": null, "maxspeed": null, "lanes": null, "cycleway": null, "tracktype": null, "tiger:name_direction_prefix": null, "surface": "gravel", "tiger:name_type": "Dr", "tiger:name_base": "High", "oneway": null, "name": "High Drive", "tiger:reviewed": "no", "tiger:county": "El Paso, CO", "tiger:cfcc": "A41", "service": null, "highway": "unclassified", "access": "designated" }, "geometry": { "type": "LineString", "coordinates": [ [ -104.9024972, 38.8109697 ], [ -104.9027777, 38.8106339 ] ] } },
{ "type": "Feature", "properties": { "full_id": "w913912512", "osm_id": "913912512", "osm_type": "way", "min_height": null, "height": null, "roof:shape": null, "building:part": null, "building:levels": null, "substation": null, "location": null, "fence_type": null, "crossing:markings": null, "crossing": null, "segregated": null, "trailblazed": null, "narrow": null, "route": null, "vehicle": null, "protected": null, "ownership": null, "operator:wikipedia": null, "operator:type": null, "operator:short": null, "hiking": null, "source:hgv": null, "hgv": null, "cycleway:left:buffer": null, "cycleway:both": null, "bridge:structure": null, "motorcar": null, "dirtbike:scale": null, "informal": null, "usage": null, "covered": null, "footway": null, "restriction": null, "abandoned:landuse": null, "motorcycle": null, "atv": null, "mtb:type": null, "source_ref": null, "abandoned": null, "natural": null, "attribution": null, "tunnel": "culvert", "railway": null, "old_railway_operator": null, "SHAPE_len": null, "SHAPE_area": null, "tiger:CLASSFP": null, "official_name": null, "mtb:scale:uphill": null, "wikipedia": null, "wikidata": null, "tiger:STATEFP": null, "tiger:PLCIDFP": null, "tiger:PLACEFP": null, "tiger:PCINECTA": null, "tiger:PCICBSA": null, "tiger:NAMELSAD": null, "tiger:NAME": null, "tiger:MTFCC": null, "tiger:LSAD": null, "tiger:FUNCSTAT": null, "tiger:CPI": null, "is_in:state": null, "is_in:iso_3166_2": null, "gnis:feature_id": null, "man_made": null, "sac_scale": null, "wires": null, "voltage": null, "operator:wikidata": null, "operator": null, "description": null, "circuits": null, "check_date": null, "cables": null, "power": null, "layer": "-1", "bridge": null, "width": null, "wheelchair": null, "trail_visibility": null, "stroller": null, "snowmobile": null, "ski": null, "incline": null, "barrier": null, "waterway": "stream", "intermittent": null, "mtb:scale:imba": null, "mtb:scale": null, "dog": null, "source:url": null, "boundary": null, "border_type": null, "admin_level": null, "ref": null, "smoothness": null, "lit": null, "motor_vehicle": null, "horse": null, "bicycle": null, "foot": null, "tiger:name_type_1": null, "tiger:name_direction_suffix_1": null, "tiger:name_base_1": null, "name_1": null, "tiger:upload_uuid": null, "tiger:tlid": null, "tiger:source": null, "tiger:separated": null, "tiger:name_direction_suffix": null, "sidewalk:both": null, "maxspeed": null, "lanes": null, "cycleway": null, "tracktype": null, "tiger:name_direction_prefix": null, "surface": null, "tiger:name_type": null, "tiger:name_base": null, "oneway": null, "name": "Bear Creek", "tiger:reviewed": null, "tiger:county": null, "tiger:cfcc": null, "service": null, "highway": null, "access": null }, "geometry": { "type": "LineString", "coordinates": [ [ -104.8958397, 38.8174519 ], [ -104.8957348, 38.8175078 ] ] } },
{ "type": "Feature", "properties": { "full_id": "w117996134", "osm_id": "117996134", "osm_type": "way", "min_height": null, "height": null, "roof:shape": null, "building:part": null, "building:levels": null, "substation": null, "location": null, "fence_type": null, "crossing:markings": null, "crossing": null, "segregated": null, "trailblazed": null, "narrow": null, "route": null, "vehicle": null, "protected": null, "ownership": null, "operator:wikipedia": null, "operator:type": null, "operator:short": null, "hiking": null, "source:hgv": null, "hgv": null, "cycleway:left:buffer": null, "cycleway:both": null, "bridge:structure": null, "motorcar": null, "dirtbike:scale": null, "informal": null, "usage": null, "covered": null, "footway": null, "restriction": null, "abandoned:landuse": null, "motorcycle": null, "atv": null, "mtb:type": "downhill", "source_ref": null, "abandoned": null, "natural": null, "attribution": null, "tunnel": null, "railway": null, "old_railway_operator": null, "SHAPE_len": null, "SHAPE_area": null, "tiger:CLASSFP": null, "official_name": null, "mtb:scale:uphill": null, "wikipedia": null, "wikidata": null, "tiger:STATEFP": null, "tiger:PLCIDFP": null, "tiger:PLACEFP": null, "tiger:PCINECTA": null, "tiger:PCICBSA": null, "tiger:NAMELSAD": null, "tiger:NAME": null, "tiger:MTFCC": null, "tiger:LSAD": null, "tiger:FUNCSTAT": null, "tiger:CPI": null, "is_in:state": null, "is_in:iso_3166_2": null, "gnis:feature_id": null, "man_made": null, "sac_scale": null, "wires": null, "voltage": null, "operator:wikidata": null, "operator": null, "description": null, "circuits": null, "check_date": null, "cables": null, "power": null, "layer": null, "bridge": null, "width": null, "wheelchair": null, "trail_visibility": null, "stroller": null, "snowmobile": null, "ski": null, "incline": null, "barrier": null, "waterway": null, "intermittent": null, "mtb:scale:imba": "2", "mtb:scale": "2", "dog": "no", "source:url": null, "boundary": null, "border_type": null, "admin_level": null, "ref": null, "smoothness": null, "lit": null, "motor_vehicle": null, "horse": "no", "bicycle": "designated", "foot": "yes", "tiger:name_type_1": null, "tiger:name_direction_suffix_1": null, "tiger:name_base_1": null, "name_1": null, "tiger:upload_uuid": null, "tiger:tlid": null, "tiger:source": null, "tiger:separated": null, "tiger:name_direction_suffix": null, "sidewalk:both": null, "maxspeed": null, "lanes": null, "cycleway": null, "tracktype": null, "tiger:name_direction_prefix": null, "surface": "ground", "tiger:name_type": null, "tiger:name_base": null, "oneway": null, "name": "Captain Jacks Trail 667", "tiger:reviewed": null, "tiger:county": null, "tiger:cfcc": null, "service": null, "highway": "path", "access": "yes" }, "geometry": { "type": "LineString", "coordinates": [ [ -104.8835574, 38.7989534 ], [ -104.883585, 38.799138 ], [ -104.8838333, 38.7995481 ], [ -104.8838928, 38.7996627 ], [ -104.8839017, 38.7996923 ], [ -104.883978, 38.799944 ], [ -104.884007, 38.800068 ], [ -104.8840571, 38.8001873 ], [ -104.8841456, 38.8002688 ], [ -104.8842743, 38.8003524 ], [ -104.8844058, 38.8004423 ], [ -104.8844755, 38.8005092 ], [ -104.8845104, 38.8005886 ], [ -104.8845184, 38.8006827 ], [ -104.8845399, 38.800783 ], [ -104.8845962, 38.8008457 ], [ -104.884682, 38.8009168 ], [ -104.8847384, 38.800967 ], [ -104.884881, 38.801267 ], [ -104.884881, 38.801335 ], [ -104.884824, 38.801534 ], [ -104.884827, 38.801594 ], [ -104.884923, 38.801797 ], [ -104.884935, 38.801874 ], [ -104.884921, 38.801986 ], [ -104.884804, 38.802167 ], [ -104.884802, 38.802216 ], [ -104.884841, 38.802299 ], [ -104.8849752, 38.8024468 ], [ -104.8849917, 38.802465 ], [ -104.885127, 38.802614 ], [ -104.885353, 38.802767 ], [ -104.885483, 38.80298 ], [ -104.885503, 38.803046 ], [ -104.885485, 38.803111 ], [ -104.885433, 38.803168 ], [ -104.885315, 38.803252 ], [ -104.885234, 38.803263 ], [ -104.885162, 38.803184 ], [ -104.885077, 38.803025 ], [ -104.8849628, 38.802899 ], [ -104.8849187, 38.8028743 ], [ -104.884831, 38.802841 ], [ -104.884597, 38.8027627 ], [ -104.884537, 38.802731 ], [ -104.884307, 38.802511 ], [ -104.884087, 38.8023571 ], [ -104.883901, 38.802079 ], [ -104.883659, 38.801762 ], [ -104.883534, 38.80171 ], [ -104.883461, 38.801703 ], [ -104.883085, 38.801719 ], [ -104.882981, 38.801692 ], [ -104.882843, 38.801617 ], [ -104.882705, 38.801585 ], [ -104.882641, 38.801549 ], [ -104.88261, 38.801496 ], [ -104.882599, 38.801423 ], [ -104.882603, 38.801282 ], [ -104.882796, 38.800846 ], [ -104.882824, 38.800716 ], [ -104.882819, 38.800655 ], [ -104.882789, 38.800571 ], [ -104.882567, 38.800212 ], [ -104.882405, 38.800052 ], [ -104.882299, 38.800005 ], [ -104.882222, 38.799994 ], [ -104.881933, 38.800003 ], [ -104.881741, 38.800056 ], [ -104.881647, 38.800118 ], [ -104.881602, 38.800169 ], [ -104.881555, 38.800314 ], [ -104.881565, 38.800402 ], [ -104.881631, 38.800531 ], [ -104.881622, 38.800717 ], [ -104.881644, 38.800894 ], [ -104.881668, 38.80098 ], [ -104.881807, 38.801172 ], [ -104.881825, 38.801248 ], [ -104.881781, 38.801415 ], [ -104.881783, 38.801548 ], [ -104.8819, 38.80191 ], [ -104.882082, 38.802145 ], [ -104.882301, 38.802498 ], [ -104.882389, 38.802601 ], [ -104.882466, 38.802653 ], [ -104.882637, 38.802724 ], [ -104.88293, 38.802789 ], [ -104.883002, 38.80283 ], [ -104.88306, 38.802904 ], [ -104.883157, 38.803415 ], [ -104.883234, 38.803713 ], [ -104.8832739, 38.8038223 ], [ -104.88329, 38.8039289 ], [ -104.8833624, 38.8040376 ], [ -104.8834563, 38.804163 ], [ -104.8835716, 38.8043449 ], [ -104.8836708, 38.804487 ], [ -104.8837701, 38.8045936 ], [ -104.8838854, 38.8047106 ], [ -104.8840168, 38.8048131 ], [ -104.8840785, 38.8048507 ], [ -104.884151, 38.804928 ], [ -104.8842127, 38.8050513 ], [ -104.8842475, 38.8051726 ], [ -104.8842422, 38.8052896 ], [ -104.8842717, 38.8053586 ], [ -104.8843146, 38.8053941 ], [ -104.884438, 38.805415 ], [ -104.8845506, 38.8054464 ], [ -104.8846659, 38.8054819 ], [ -104.8847169, 38.8055363 ], [ -104.8846901, 38.805622 ], [ -104.8846579, 38.8056826 ], [ -104.8846418, 38.8057516 ], [ -104.8846633, 38.8058331 ], [ -104.8847062, 38.8059083 ], [ -104.8848054, 38.8060087 ], [ -104.8849073, 38.8060525 ], [ -104.8849744, 38.8061027 ], [ -104.88502, 38.8061717 ], [ -104.8850495, 38.806226 ], [ -104.8851219, 38.806249 ], [ -104.8852185, 38.8062532 ], [ -104.8853231, 38.8062532 ], [ -104.8854277, 38.8062637 ], [ -104.8855538, 38.8062992 ], [ -104.8857066, 38.8063577 ], [ -104.8857791, 38.8063995 ], [ -104.8858649, 38.8064246 ], [ -104.8859775, 38.8064225 ], [ -104.8861036, 38.8064121 ], [ -104.8862297, 38.8064288 ], [ -104.8863718, 38.806458 ], [ -104.8866347, 38.8064873 ], [ -104.8868305, 38.8064936 ], [ -104.8870048, 38.8064643 ], [ -104.887214, 38.8063932 ], [ -104.8873401, 38.806318 ], [ -104.8874125, 38.8062511 ], [ -104.8875064, 38.8062051 ], [ -104.88756, 38.8061759 ], [ -104.8876056, 38.8061132 ], [ -104.8876512, 38.8060693 ], [ -104.8877344, 38.8060505 ], [ -104.887831, 38.806058 ], [ -104.8879758, 38.8060588 ], [ -104.8880831, 38.8060316 ], [ -104.8881609, 38.8059689 ], [ -104.888236, 38.8059125 ], [ -104.8883325, 38.8058582 ], [ -104.8885015, 38.8058477 ], [ -104.8886598, 38.8058561 ], [ -104.8887831, 38.8058895 ], [ -104.888936, 38.8059355 ], [ -104.8890621, 38.8059376 ], [ -104.8892042, 38.8059397 ], [ -104.8893652, 38.8058853 ], [ -104.8894912, 38.8058749 ], [ -104.8896173, 38.8058519 ], [ -104.8897112, 38.8058456 ], [ -104.8898211, 38.8058749 ], [ -104.8899526, 38.8059313 ], [ -104.8900733, 38.8059564 ], [ -104.8902235, 38.8059418 ], [ -104.8903308, 38.8059104 ], [ -104.8904461, 38.8058477 ], [ -104.8905614, 38.8057683 ], [ -104.8907304, 38.8056784 ], [ -104.8908243, 38.8056136 ], [ -104.8909074, 38.8055405 ], [ -104.8909557, 38.8054736 ], [ -104.8910925, 38.8052457 ], [ -104.8911408, 38.805135 ], [ -104.8912186, 38.80502 ], [ -104.8913473, 38.804905 ], [ -104.8914895, 38.8047357 ], [ -104.8915753, 38.8046667 ], [ -104.8916987, 38.8046814 ], [ -104.8917845, 38.8047754 ], [ -104.8917845, 38.804905 ], [ -104.8917872, 38.8049803 ], [ -104.891865, 38.8050451 ], [ -104.891983, 38.8050618 ], [ -104.8920608, 38.805066 ], [ -104.8921332, 38.8051266 ], [ -104.8922137, 38.8052102 ], [ -104.8923183, 38.8052959 ], [ -104.8924417, 38.8053586 ], [ -104.8925758, 38.8053774 ], [ -104.8928333, 38.8054401 ], [ -104.8930934, 38.8054861 ], [ -104.8933295, 38.8054736 ], [ -104.8934931, 38.8054506 ], [ -104.8937023, 38.805413 ], [ -104.8938552, 38.8054401 ], [ -104.8939571, 38.8054548 ], [ -104.8940778, 38.8054527 ], [ -104.8941985, 38.8054631 ], [ -104.8943004, 38.805507 ], [ -104.8943755, 38.8055823 ], [ -104.8944345, 38.8056993 ], [ -104.8945418, 38.8057934 ], [ -104.894625, 38.8059794 ], [ -104.8946652, 38.8061299 ], [ -104.894692, 38.8062344 ], [ -104.8947698, 38.8063974 ], [ -104.8949334, 38.8065207 ], [ -104.8950997, 38.8066211 ], [ -104.8953224, 38.8066859 ], [ -104.8955074, 38.8067068 ], [ -104.8957408, 38.8067256 ], [ -104.8959607, 38.8067256 ], [ -104.8961029, 38.8067235 ], [ -104.8962558, 38.8066817 ], [ -104.8963979, 38.8065396 ], [ -104.8966661, 38.806249 ], [ -104.8967842, 38.806086 ], [ -104.8968807, 38.8059731 ], [ -104.8969156, 38.8058937 ], [ -104.8970014, 38.8057725 ], [ -104.8970873, 38.8056972 ], [ -104.8971919, 38.8055864 ], [ -104.8973072, 38.8054757 ], [ -104.8974279, 38.8054025 ], [ -104.8976317, 38.8053482 ], [ -104.8977766, 38.8052645 ], [ -104.8978892, 38.8051726 ], [ -104.8980099, 38.8050806 ], [ -104.8980716, 38.8050075 ], [ -104.8981414, 38.8049301 ], [ -104.8981655, 38.8048444 ], [ -104.8981977, 38.8046605 ], [ -104.8982031, 38.8044933 ], [ -104.8982218, 38.8043156 ], [ -104.8982406, 38.8041066 ], [ -104.8982245, 38.8038829 ], [ -104.8981816, 38.8036969 ], [ -104.8981494, 38.8035694 ], [ -104.8981601, 38.8034879 ], [ -104.8982487, 38.8034189 ], [ -104.8983398, 38.8033165 ], [ -104.898423, 38.8031827 ], [ -104.8984686, 38.802911 ], [ -104.8984766, 38.8027605 ], [ -104.8985517, 38.8025033 ], [ -104.898651, 38.8023758 ], [ -104.8987073, 38.8022379 ], [ -104.8988468, 38.801987 ], [ -104.8989219, 38.8018365 ], [ -104.8989943, 38.8016798 ], [ -104.8990962, 38.8014415 ], [ -104.8992491, 38.8011697 ], [ -104.8993269, 38.80099 ], [ -104.8993886, 38.8008207 ], [ -104.8994476, 38.8006618 ], [ -104.8994744, 38.8005845 ], [ -104.8994874, 38.8005602 ], [ -104.8995227, 38.8004946 ], [ -104.8996369, 38.8005017 ], [ -104.8996903, 38.8005152 ], [ -104.8997546, 38.8005316 ], [ -104.899829, 38.8004961 ], [ -104.8998768, 38.800413 ], [ -104.8999277, 38.8003023 ], [ -104.9000457, 38.8000431 ], [ -104.9001181, 38.7999406 ], [ -104.9002013, 38.7998424 ], [ -104.9003435, 38.799719 ], [ -104.9004829, 38.7995748 ], [ -104.9006009, 38.7994431 ], [ -104.9007592, 38.7992717 ], [ -104.9008477, 38.7991358 ], [ -104.9008719, 38.7990167 ], [ -104.9009255, 38.7988996 ], [ -104.9010596, 38.7987449 ], [ -104.9011374, 38.7986279 ], [ -104.9012286, 38.798538 ], [ -104.9012366, 38.7984356 ], [ -104.9012152, 38.7983415 ], [ -104.9012447, 38.7982453 ], [ -104.9012635, 38.7981847 ], [ -104.9012474, 38.7981241 ], [ -104.9012393, 38.798053 ], [ -104.90125, 38.7979422 ], [ -104.9013037, 38.7978105 ], [ -104.9013922, 38.7975973 ], [ -104.9014834, 38.7974593 ], [ -104.9015746, 38.7973402 ], [ -104.9017114, 38.797244 ], [ -104.9018133, 38.7972064 ], [ -104.9018696, 38.7971709 ], [ -104.901867, 38.7970998 ], [ -104.9018455, 38.7970015 ], [ -104.9018991, 38.7967611 ], [ -104.9019394, 38.796573 ], [ -104.9019903, 38.7963639 ], [ -104.9019957, 38.7962176 ], [ -104.9019635, 38.7960587 ], [ -104.9019742, 38.7959166 ], [ -104.901985, 38.7957577 ], [ -104.9020118, 38.795672 ], [ -104.9020681, 38.7954943 ], [ -104.902111, 38.7954253 ], [ -104.9022156, 38.7952999 ], [ -104.9023363, 38.7951807 ], [ -104.9024785, 38.7950595 ], [ -104.9025858, 38.7949362 ], [ -104.9026361, 38.7948966 ], [ -104.9026857, 38.794885 ], [ -104.9027105, 38.7949004 ], [ -104.9026981, 38.7949371 ], [ -104.9026113, 38.7950163 ], [ -104.9025536, 38.7951034 ], [ -104.9024651, 38.7952518 ], [ -104.9024275, 38.7953919 ], [ -104.9024785, 38.7955027 ], [ -104.9025429, 38.7956386 ], [ -104.9026207, 38.795833 ], [ -104.9027226, 38.7960002 ], [ -104.902795, 38.7961006 ], [ -104.9028379, 38.7961277 ], [ -104.9028755, 38.7961026 ], [ -104.902854, 38.7960086 ], [ -104.9028057, 38.7958455 ], [ -104.902795, 38.7957243 ], [ -104.902795, 38.7956344 ], [ -104.902803, 38.7955549 ], [ -104.9028379, 38.7955361 ], [ -104.9028701, 38.7955884 ], [ -104.9029089, 38.7956602 ], [ -104.9030019, 38.7957452 ], [ -104.9030532, 38.7958027 ], [ -104.9030789, 38.7958702 ], [ -104.903145, 38.796261 ], [ -104.90319, 38.796341 ], [ -104.9032499, 38.7963988 ], [ -104.903443, 38.796585 ], [ -104.903673, 38.79684 ], [ -104.903775, 38.797038 ], [ -104.904311, 38.797873 ], [ -104.904525, 38.798053 ], [ -104.9046725, 38.7981513 ], [ -104.905097, 38.798228 ], [ -104.905206, 38.798211 ], [ -104.905502, 38.7981167 ], [ -104.905535, 38.7980567 ], [ -104.9054932, 38.7979968 ] ] } },
{ "type": "Feature", "properties": { "full_id": "w1536210275", "osm_id": "1536210275", "osm_type": "way", "min_height": null, "height": null, "roof:shape": null, "building:part": null, "building:levels": null, "substation": null, "location": null, "fence_type": null, "crossing:markings": null, "crossing": null, "segregated": null, "trailblazed": null, "narrow": null, "route": null, "vehicle": null, "protected": null, "ownership": null, "operator:wikipedia": null, "operator:type": null, "operator:short": null, "hiking": null, "source:hgv": null, "hgv": null, "cycleway:left:buffer": null, "cycleway:both": null, "bridge:structure": null, "motorcar": null, "dirtbike:scale": null, "informal": null, "usage": null, "covered": null, "footway": null, "restriction": null, "abandoned:landuse": null, "motorcycle": null, "atv": null, "mtb:type": null, "source_ref": null, "abandoned": null, "natural": null, "attribution": null, "tunnel": null, "railway": null, "old_railway_operator": null, "SHAPE_len": null, "SHAPE_area": null, "tiger:CLASSFP": null, "official_name": null, "mtb:scale:uphill": null, "wikipedia": null, "wikidata": null, "tiger:STATEFP": null, "tiger:PLCIDFP": null, "tiger:PLACEFP": null, "tiger:PCINECTA": null, "tiger:PCICBSA": null, "tiger:NAMELSAD": null, "tiger:NAME": null, "tiger:MTFCC": null, "tiger:LSAD": null, "tiger:FUNCSTAT": null, "tiger:CPI": null, "is_in:state": null, "is_in:iso_3166_2": null, "gnis:feature_id": null, "man_made": null, "sac_scale": null, "wires": null, "voltage": null, "operator:wikidata": null, "operator": null, "description": null, "circuits": null, "check_date": null, "cables": null, "power": null, "layer": null, "bridge": null, "width": null, "wheelchair": null, "trail_visibility": null, "stroller": null, "snowmobile": null, "ski": null, "incline": null, "barrier": null, "waterway": null, "intermittent": null, "mtb:scale:imba": null, "mtb:scale": null, "dog": null, "source:url": null, "boundary": null, "border_type": null, "admin_level": null, "ref": null, "smoothness": null, "lit": null, "motor_vehicle": null, "horse": null, "bicycle": null, "foot": null, "tiger:name_type_1": null, "tiger:name_direction_suffix_1": null, "tiger:name_base_1": null, "name_1": null, "tiger:upload_uuid": null, "tiger:tlid": null, "tiger:source": null, "tiger:separated": null, "tiger:name_direction_suffix": null, "sidewalk:both": null, "maxspeed": null, "lanes": null, "cycleway": null, "tracktype": null, "tiger:name_direction_prefix": null, "surface": null, "tiger:name_type": null, "tiger:name_base": null, "oneway": null, "name": null, "tiger:reviewed": null, "tiger:county": null, "tiger:cfcc": null, "service": null, "highway": "path", "access": null }, "geometry": { "type": "LineString", "coordinates": [ [ -104.9032499, 38.7963988 ], [ -104.9032558, 38.7966431 ], [ -104.9033036, 38.7966857 ], [ -104.9032968, 38.7968959 ], [ -104.9035119, 38.7971965 ], [ -104.9035187, 38.7973402 ], [ -104.9035802, 38.7975504 ], [ -104.9035768, 38.7977632 ], [ -104.9034846, 38.7979096 ], [ -104.9035563, 38.7980453 ], [ -104.9035324, 38.7981411 ], [ -104.9035972, 38.7981863 ], [ -104.9036177, 38.7983193 ], [ -104.9036655, 38.7984736 ], [ -104.9036553, 38.798604 ], [ -104.9034504, 38.7988541 ], [ -104.9034231, 38.7990191 ], [ -104.9033173, 38.7994554 ], [ -104.9031568, 38.7997348 ], [ -104.90315, 38.8000194 ], [ -104.9031603, 38.800235 ] ] } },
{ "type": "Feature", "properties": { "full_id": "w36978251", "osm_id": "36978251", "osm_type": "way", "min_height": null, "height": null, "roof:shape": null, "building:part": null, "building:levels": null, "substation": null, "location": null, "fence_type": null, "crossing:markings": null, "crossing": null, "segregated": null, "trailblazed": null, "narrow": null, "route": null, "vehicle": null, "protected": null, "ownership": null, "operator:wikipedia": null, "operator:type": null, "operator:short": null, "hiking": null, "source:hgv": null, "hgv": null, "cycleway:left:buffer": null, "cycleway:both": null, "bridge:structure": null, "motorcar": null, "dirtbike:scale": null, "informal": null, "usage": null, "covered": null, "footway": null, "restriction": null, "abandoned:landuse": null, "motorcycle": null, "atv": null, "mtb:type": null, "source_ref": null, "abandoned": null, "natural": null, "attribution": null, "tunnel": null, "railway": null, "old_railway_operator": null, "SHAPE_len": null, "SHAPE_area": null, "tiger:CLASSFP": null, "official_name": null, "mtb:scale:uphill": null, "wikipedia": null, "wikidata": null, "tiger:STATEFP": null, "tiger:PLCIDFP": null, "tiger:PLACEFP": null, "tiger:PCINECTA": null, "tiger:PCICBSA": null, "tiger:NAMELSAD": null, "tiger:NAME": null, "tiger:MTFCC": null, "tiger:LSAD": null, "tiger:FUNCSTAT": null, "tiger:CPI": null, "is_in:state": null, "is_in:iso_3166_2": null, "gnis:feature_id": null, "man_made": null, "sac_scale": null, "wires": null, "voltage": null, "operator:wikidata": null, "operator": null, "description": null, "circuits": null, "check_date": null, "cables": null, "power": null, "layer": null, "bridge": null, "width": null, "wheelchair": null, "trail_visibility": null, "stroller": null, "snowmobile": null, "ski": null, "incline": null, "barrier": null, "waterway": "stream", "intermittent": "yes", "mtb:scale:imba": null, "mtb:scale": null, "dog": null, "source:url": null, "boundary": null, "border_type": null, "admin_level": null, "ref": null, "smoothness": null, "lit": null, "motor_vehicle": null, "horse": null, "bicycle": null, "foot": null, "tiger:name_type_1": null, "tiger:name_direction_suffix_1": null, "tiger:name_base_1": null, "name_1": null, "tiger:upload_uuid": null, "tiger:tlid": null, "tiger:source": null, "tiger:separated": null, "tiger:name_direction_suffix": null, "sidewalk:both": null, "maxspeed": null, "lanes": null, "cycleway": null, "tracktype": null, "tiger:name_direction_prefix": null, "surface": null, "tiger:name_type": null, "tiger:name_base": null, "oneway": null, "name": null, "tiger:reviewed": null, "tiger:county": null, "tiger:cfcc": null, "service": null, "highway": null, "access": null }, "geometry": { "type": "LineString", "coordinates": [ [ -104.8923383, 38.800378 ], [ -104.8921959, 38.8001435 ], [ -104.8920735, 38.799984 ], [ -104.8918207, 38.7996557 ], [ -104.8916883, 38.7993164 ], [ -104.8916201, 38.7990021 ], [ -104.8916683, 38.7986285 ], [ -104.8915017, 38.7983752 ], [ -104.8912249, 38.7980625 ], [ -104.8909099, 38.7977592 ], [ -104.8904365, 38.7973761 ], [ -104.8900413, 38.797176 ], [ -104.8895919, 38.7969509 ], [ -104.8891772, 38.7967579 ], [ -104.88896, 38.7966569 ], [ -104.8886357, 38.7962621 ], [ -104.888265, 38.7962491 ] ] } },
{ "type": "Feature", "properties": { "full_id": "w982255717", "osm_id": "982255717", "osm_type": "way", "min_height": null, "height": null, "roof:shape": null, "building:part": null, "building:levels": null, "substation": null, "location": null, "fence_type": null, "crossing:markings": null, "crossing": null, "segregated": null, "trailblazed": null, "narrow": null, "route": null, "vehicle": null, "protected": null, "ownership": null, "operator:wikipedia": null, "operator:type": null, "operator:short": null, "hiking": null, "source:hgv": null, "hgv": null, "cycleway:left:buffer": null, "cycleway:both": null, "bridge:structure": null, "motorcar": null, "dirtbike:scale": null, "informal": null, "usage": null, "covered": null, "footway": null, "restriction": null, "abandoned:landuse": null, "motorcycle": null, "atv": null, "mtb:type": null, "source_ref": null, "abandoned": null, "natural": null, "attribution": null, "tunnel": null, "railway": null, "old_railway_operator": null, "SHAPE_len": null, "SHAPE_area": null, "tiger:CLASSFP": null, "official_name": null, "mtb:scale:uphill": null, "wikipedia": null, "wikidata": null, "tiger:STATEFP": null, "tiger:PLCIDFP": null, "tiger:PLACEFP": null, "tiger:PCINECTA": null, "tiger:PCICBSA": null, "tiger:NAMELSAD": null, "tiger:NAME": null, "tiger:MTFCC": null, "tiger:LSAD": null, "tiger:FUNCSTAT": null, "tiger:CPI": null, "is_in:state": null, "is_in:iso_3166_2": null, "gnis:feature_id": null, "man_made": null, "sac_scale": null, "wires": null, "voltage": null, "operator:wikidata": null, "operator": null, "description": null, "circuits": null, "check_date": null, "cables": null, "power": null, "layer": null, "bridge": null, "width": null, "wheelchair": null, "trail_visibility": null, "stroller": null, "snowmobile": null, "ski": null, "incline": null, "barrier": null, "waterway": null, "intermittent": null, "mtb:scale:imba": null, "mtb:scale": null, "dog": null, "source:url": null, "boundary": null, "border_type": null, "admin_level": null, "ref": null, "smoothness": null, "lit": null, "motor_vehicle": "forestry", "horse": null, "bicycle": null, "foot": "yes", "tiger:name_type_1": null, "tiger:name_direction_suffix_1": null, "tiger:name_base_1": null, "name_1": null, "tiger:upload_uuid": null, "tiger:tlid": null, "tiger:source": null, "tiger:separated": null, "tiger:name_direction_suffix": null, "sidewalk:both": null, "maxspeed": null, "lanes": null, "cycleway": null, "tracktype": null, "tiger:name_direction_prefix": null, "surface": "compacted", "tiger:name_type": "Dr", "tiger:name_base": "High", "oneway": null, "name": "High Drive", "tiger:reviewed": "no", "tiger:county": "El Paso, CO", "tiger:cfcc": "A41", "service": null, "highway": "unclassified", "access": "designated" }, "geometry": { "type": "LineString", "coordinates": [ [ -104.8923018, 38.8198872 ], [ -104.8923958, 38.8197594 ], [ -104.8925019, 38.8196187 ], [ -104.892554, 38.8195107 ], [ -104.8927042, 38.8192056 ], [ -104.8928598, 38.818959 ], [ -104.8929966, 38.8187981 ], [ -104.8932085, 38.8185724 ], [ -104.8933426, 38.8184429 ], [ -104.8934955, 38.8181733 ], [ -104.8935786, 38.818027 ], [ -104.8936966, 38.8179518 ], [ -104.8938549, 38.8178953 ], [ -104.8941017, 38.8178034 ], [ -104.8943055, 38.8177177 ], [ -104.8947266, 38.8175401 ], [ -104.8949358, 38.8174544 ], [ -104.8951289, 38.8173959 ], [ -104.8953194, 38.8173645 ], [ -104.8954857, 38.817375 ], [ -104.895593, 38.8173875 ], [ -104.895754, 38.817468 ], [ -104.895942, 38.817535 ], [ -104.896074, 38.81755 ], [ -104.89615, 38.817539 ], [ -104.89623, 38.817506 ], [ -104.896341, 38.817415 ], [ -104.896915, 38.816762 ], [ -104.89697, 38.81663 ], [ -104.897003, 38.816093 ], [ -104.897106, 38.815767 ], [ -104.897288, 38.815365 ], [ -104.897379, 38.815253 ], [ -104.897464, 38.815183 ], [ -104.8976, 38.815106 ], [ -104.897818, 38.815031 ], [ -104.897931, 38.814976 ], [ -104.89801, 38.814884 ], [ -104.898032, 38.814806 ], [ -104.898024, 38.814477 ], [ -104.898051, 38.814346 ], [ -104.8981162, 38.8141976 ], [ -104.898224, 38.813952 ], [ -104.8983, 38.813823 ], [ -104.898553, 38.813551 ], [ -104.89867, 38.813466 ], [ -104.899247, 38.813175 ], [ -104.899518, 38.813011 ], [ -104.900241, 38.812401 ], [ -104.900937, 38.811938 ], [ -104.901263, 38.811745 ], [ -104.901538, 38.811638 ], [ -104.9019149, 38.8113958 ], [ -104.9023397, 38.8111316 ], [ -104.902412, 38.8110766 ] ] } },
{ "type": "Feature", "properties": { "full_id": "w99568871", "osm_id": "99568871", "osm_type": "way", "min_height": null, "height": null, "roof:shape": null, "building:part": null, "building:levels": null, "substation": null, "location": null, "fence_type": null, "crossing:markings": null, "crossing": null, "segregated": null, "trailblazed": null, "narrow": null, "route": null, "vehicle": null, "protected": null, "ownership": null, "operator:wikipedia": null, "operator:type": null, "operator:short": null, "hiking": null, "source:hgv": null, "hgv": null, "cycleway:left:buffer": null, "cycleway:both": null, "bridge:structure": null, "motorcar": null, "dirtbike:scale": null, "informal": null, "usage": null, "covered": null, "footway": null, "restriction": null, "abandoned:landuse": null, "motorcycle": null, "atv": null, "mtb:type": null, "source_ref": null, "abandoned": null, "natural": null, "attribution": null, "tunnel": null, "railway": "abandoned", "old_railway_operator": "CS&CCD", "SHAPE_len": null, "SHAPE_area": null, "tiger:CLASSFP": null, "official_name": null, "mtb:scale:uphill": null, "wikipedia": null, "wikidata": null, "tiger:STATEFP": null, "tiger:PLCIDFP": null, "tiger:PLACEFP": null, "tiger:PCINECTA": null, "tiger:PCICBSA": null, "tiger:NAMELSAD": null, "tiger:NAME": null, "tiger:MTFCC": null, "tiger:LSAD": null, "tiger:FUNCSTAT": null, "tiger:CPI": null, "is_in:state": null, "is_in:iso_3166_2": null, "gnis:feature_id": null, "man_made": null, "sac_scale": null, "wires": null, "voltage": null, "operator:wikidata": null, "operator": null, "description": null, "circuits": null, "check_date": null, "cables": null, "power": null, "layer": null, "bridge": null, "width": null, "wheelchair": null, "trail_visibility": null, "stroller": null, "snowmobile": null, "ski": null, "incline": null, "barrier": null, "waterway": null, "intermittent": null, "mtb:scale:imba": null, "mtb:scale": null, "dog": null, "source:url": null, "boundary": null, "border_type": null, "admin_level": null, "ref": null, "smoothness": null, "lit": null, "motor_vehicle": null, "horse": null, "bicycle": null, "foot": null, "tiger:name_type_1": null, "tiger:name_direction_suffix_1": null, "tiger:name_base_1": null, "name_1": null, "tiger:upload_uuid": null, "tiger:tlid": null, "tiger:source": null, "tiger:separated": null, "tiger:name_direction_suffix": null, "sidewalk:both": null, "maxspeed": "20 mph", "lanes": null, "cycleway": null, "tracktype": null, "tiger:name_direction_prefix": null, "surface": "asphalt", "tiger:name_type": "Rd", "tiger:name_base": "Gold Camp", "oneway": null, "name": "Gold Camp Road", "tiger:reviewed": "no", "tiger:county": "El Paso, CO", "tiger:cfcc": "A41", "service": null, "highway": "tertiary", "access": null }, "geometry": { "type": "LineString", "coordinates": [ [ -104.9037412, 38.7902917 ], [ -104.9036888, 38.7902873 ], [ -104.903657, 38.7902787 ], [ -104.9036154, 38.7902671 ], [ -104.9035174, 38.7902401 ], [ -104.9034039, 38.7902073 ], [ -104.9030927, 38.7901358 ], [ -104.9028607, 38.7900925 ], [ -104.9027312, 38.7900815 ], [ -104.9025804, 38.7900756 ], [ -104.9024255, 38.7900848 ], [ -104.9022401, 38.7901009 ], [ -104.902049, 38.790134 ], [ -104.9019044, 38.790155 ], [ -104.9017263, 38.7901892 ], [ -104.9014668, 38.7902475 ], [ -104.9013738, 38.7902537 ], [ -104.9012903, 38.7902491 ], [ -104.9012022, 38.7902392 ], [ -104.9011021, 38.790219 ], [ -104.9009952, 38.7901822 ], [ -104.9008725, 38.7901293 ], [ -104.9006737, 38.7900317 ], [ -104.9005026, 38.7899662 ], [ -104.9003172, 38.7898983 ], [ -104.9000926, 38.7898284 ], [ -104.8999912, 38.7898062 ], [ -104.899866, 38.7898017 ], [ -104.8995048, 38.7898197 ], [ -104.8993335, 38.7898335 ], [ -104.8991693, 38.7898591 ], [ -104.8989759, 38.7899015 ], [ -104.8988715, 38.7899411 ], [ -104.8987512, 38.7899985 ], [ -104.8986663, 38.7900551 ], [ -104.8985737, 38.7901175 ], [ -104.8985065, 38.7901751 ], [ -104.8984507, 38.7902378 ], [ -104.8983885, 38.7903488 ], [ -104.8983334, 38.7904514 ], [ -104.8982721, 38.7905504 ], [ -104.8982333, 38.7906415 ], [ -104.898181, 38.7908054 ], [ -104.8981184, 38.7909214 ], [ -104.8980473, 38.7910088 ], [ -104.8979624, 38.791095 ], [ -104.8978425, 38.7911896 ], [ -104.8976986, 38.7912776 ], [ -104.8975248, 38.7913839 ], [ -104.8973058, 38.7915026 ], [ -104.8971982, 38.791601 ], [ -104.8971172, 38.7916617 ], [ -104.8970538, 38.7917459 ], [ -104.8969889, 38.7918653 ], [ -104.8969564, 38.7919731 ], [ -104.8969456, 38.7920695 ], [ -104.8969528, 38.7921868 ], [ -104.8969863, 38.7923725 ], [ -104.8970192, 38.7924876 ], [ -104.897059, 38.7925918 ], [ -104.8971159, 38.7926746 ], [ -104.897191, 38.7927492 ], [ -104.8972843, 38.7928294 ], [ -104.8973796, 38.7928891 ], [ -104.8974792, 38.7929576 ], [ -104.897897, 38.7932333 ], [ -104.8980041, 38.7933194 ], [ -104.8981074, 38.7934283 ], [ -104.8981789, 38.7935313 ], [ -104.8982168, 38.7935957 ], [ -104.8982379, 38.7936814 ], [ -104.8982674, 38.7938073 ], [ -104.8982755, 38.7939599 ], [ -104.8982733, 38.7940346 ], [ -104.8982578, 38.7941117 ] ] } },
{ "type": "Feature", "properties": { "full_id": "w117996143", "osm_id": "117996143", "osm_type": "way", "min_height": null, "height": null, "roof:shape": null, "building:part": null, "building:levels": null, "substation": null, "location": null, "fence_type": null, "crossing:markings": null, "crossing": null, "segregated": null, "trailblazed": null, "narrow": null, "route": null, "vehicle": null, "protected": null, "ownership": null, "operator:wikipedia": null, "operator:type": null, "operator:short": null, "hiking": null, "source:hgv": null, "hgv": null, "cycleway:left:buffer": null, "cycleway:both": null, "bridge:structure": null, "motorcar": null, "dirtbike:scale": null, "informal": null, "usage": null, "covered": null, "footway": null, "restriction": null, "abandoned:landuse": null, "motorcycle": null, "atv": null, "mtb:type": null, "source_ref": null, "abandoned": null, "natural": null, "attribution": null, "tunnel": "yes", "railway": "abandoned", "old_railway_operator": "CS&CCD", "SHAPE_len": null, "SHAPE_area": null, "tiger:CLASSFP": null, "official_name": null, "mtb:scale:uphill": null, "wikipedia": null, "wikidata": null, "tiger:STATEFP": null, "tiger:PLCIDFP": null, "tiger:PLACEFP": null, "tiger:PCINECTA": null, "tiger:PCICBSA": null, "tiger:NAMELSAD": null, "tiger:NAME": null, "tiger:MTFCC": null, "tiger:LSAD": null, "tiger:FUNCSTAT": null, "tiger:CPI": null, "is_in:state": null, "is_in:iso_3166_2": null, "gnis:feature_id": null, "man_made": null, "sac_scale": null, "wires": null, "voltage": null, "operator:wikidata": null, "operator": null, "description": null, "circuits": null, "check_date": null, "cables": null, "power": null, "layer": null, "bridge": null, "width": null, "wheelchair": null, "trail_visibility": null, "stroller": null, "snowmobile": null, "ski": null, "incline": null, "barrier": null, "waterway": null, "intermittent": null, "mtb:scale:imba": null, "mtb:scale": null, "dog": null, "source:url": null, "boundary": null, "border_type": null, "admin_level": null, "ref": null, "smoothness": null, "lit": null, "motor_vehicle": null, "horse": null, "bicycle": null, "foot": null, "tiger:name_type_1": null, "tiger:name_direction_suffix_1": null, "tiger:name_base_1": null, "name_1": null, "tiger:upload_uuid": null, "tiger:tlid": null, "tiger:source": null, "tiger:separated": null, "tiger:name_direction_suffix": null, "sidewalk:both": null, "maxspeed": "20 mph", "lanes": "1", "cycleway": null, "tracktype": null, "tiger:name_direction_prefix": null, "surface": "unpaved", "tiger:name_type": "Rd", "tiger:name_base": "Gold Camp", "oneway": null, "name": "Gold Camp Road", "tiger:reviewed": null, "tiger:county": "El Paso, CO", "tiger:cfcc": "A41", "service": null, "highway": "tertiary", "access": null }, "geometry": { "type": "LineString", "coordinates": [ [ -104.8858184, 38.7980803 ], [ -104.8849503, 38.7986362 ] ] } },
{ "type": "Feature", "properties": { "full_id": "w413446885", "osm_id": "413446885", "osm_type": "way", "min_height": null, "height": null, "roof:shape": null, "building:part": null, "building:levels": null, "substation": null, "location": null, "fence_type": null, "crossing:markings": null, "crossing": null, "segregated": null, "trailblazed": null, "narrow": null, "route": null, "vehicle": null, "protected": null, "ownership": null, "operator:wikipedia": null, "operator:type": null, "operator:short": null, "hiking": null, "source:hgv": null, "hgv": null, "cycleway:left:buffer": null, "cycleway:both": null, "bridge:structure": null, "motorcar": null, "dirtbike:scale": null, "informal": null, "usage": null, "covered": null, "footway": null, "restriction": null, "abandoned:landuse": null, "motorcycle": null, "atv": null, "mtb:type": null, "source_ref": null, "abandoned": null, "natural": null, "attribution": null, "tunnel": null, "railway": "abandoned", "old_railway_operator": "CS&CCD", "SHAPE_len": null, "SHAPE_area": null, "tiger:CLASSFP": null, "official_name": null, "mtb:scale:uphill": null, "wikipedia": null, "wikidata": null, "tiger:STATEFP": null, "tiger:PLCIDFP": null, "tiger:PLACEFP": null, "tiger:PCINECTA": null, "tiger:PCICBSA": null, "tiger:NAMELSAD": null, "tiger:NAME": null, "tiger:MTFCC": null, "tiger:LSAD": null, "tiger:FUNCSTAT": null, "tiger:CPI": null, "is_in:state": null, "is_in:iso_3166_2": null, "gnis:feature_id": null, "man_made": null, "sac_scale": null, "wires": null, "voltage": null, "operator:wikidata": null, "operator": null, "description": null, "circuits": null, "check_date": null, "cables": null, "power": null, "layer": null, "bridge": null, "width": null, "wheelchair": null, "trail_visibility": null, "stroller": null, "snowmobile": null, "ski": null, "incline": null, "barrier": null, "waterway": null, "intermittent": null, "mtb:scale:imba": null, "mtb:scale": null, "dog": null, "source:url": null, "boundary": null, "border_type": null, "admin_level": null, "ref": null, "smoothness": null, "lit": null, "motor_vehicle": null, "horse": null, "bicycle": null, "foot": null, "tiger:name_type_1": null, "tiger:name_direction_suffix_1": null, "tiger:name_base_1": null, "name_1": null, "tiger:upload_uuid": null, "tiger:tlid": null, "tiger:source": null, "tiger:separated": null, "tiger:name_direction_suffix": null, "sidewalk:both": null, "maxspeed": "20 mph", "lanes": null, "cycleway": null, "tracktype": null, "tiger:name_direction_prefix": null, "surface": "asphalt", "tiger:name_type": "Rd", "tiger:name_base": "Gold Camp", "oneway": null, "name": "Gold Camp Road", "tiger:reviewed": "no", "tiger:county": "El Paso, CO", "tiger:cfcc": "A41", "service": null, "highway": "tertiary", "access": null }, "geometry": null },
{ "type": "Feature", "properties": { "full_id": "w437657133", "osm_id": "437657133", "osm_type": "way", "min_height": null, "height": null, "roof:shape": null, "building:part": null, "building:levels": null, "substation": null, "location": null, "fence_type": null, "crossing:markings": null, "crossing": null, "segregated": null, "trailblazed": null, "narrow": null, "route": null, "vehicle": null, "protected": null, "ownership": null, "operator:wikipedia": null, "operator:type": null, "operator:short": null, "hiking": null, "source:hgv": null, "hgv": null, "cycleway:left:buffer": null, "cycleway:both": null, "bridge:structure": null, "motorcar": null, "dirtbike:scale": null, "informal": null, "usage": null, "covered": null, "footway": null, "restriction": null, "abandoned:landuse": null, "motorcycle": null, "atv": null, "mtb:type": null, "source_ref": null, "abandoned": null, "natural": null, "attribution": null, "tunnel": null, "railway": "abandoned", "old_railway_operator": "CS&CCD", "SHAPE_len": null, "SHAPE_area": null, "tiger:CLASSFP": null, "official_name": null, "mtb:scale:uphill": null, "wikipedia": null, "wikidata": null, "tiger:STATEFP": null, "tiger:PLCIDFP": null, "tiger:PLACEFP": null, "tiger:PCINECTA": null, "tiger:PCICBSA": null, "tiger:NAMELSAD": null, "tiger:NAME": null, "tiger:MTFCC": null, "tiger:LSAD": null, "tiger:FUNCSTAT": null, "tiger:CPI": null, "is_in:state": null, "is_in:iso_3166_2": null, "gnis:feature_id": null, "man_made": null, "sac_scale": null, "wires": null, "voltage": null, "operator:wikidata": null, "operator": null, "description": null, "circuits": null, "check_date": null, "cables": null, "power": null, "layer": null, "bridge": null, "width": null, "wheelchair": null, "trail_visibility": null, "stroller": null, "snowmobile": null, "ski": null, "incline": null, "barrier": null, "waterway": null, "intermittent": null, "mtb:scale:imba": null, "mtb:scale": null, "dog": null, "source:url": null, "boundary": null, "border_type": null, "admin_level": null, "ref": null, "smoothness": null, "lit": null, "motor_vehicle": null, "horse": null, "bicycle": null, "foot": null, "tiger:name_type_1": null, "tiger:name_direction_suffix_1": null, "tiger:name_base_1": null, "name_1": null, "tiger:upload_uuid": null, "tiger:tlid": null, "tiger:source": null, "tiger:separated": null, "tiger:name_direction_suffix": null, "sidewalk:both": null, "maxspeed": "20 mph", "lanes": null, "cycleway": null, "tracktype": null, "tiger:name_direction_prefix": null, "surface": "unpaved", "tiger:name_type": "Rd", "tiger:name_base": "Gold Camp", "oneway": null, "name": "Gold Camp Road", "tiger:reviewed": "no", "tiger:county": "El Paso, CO", "tiger:cfcc": "A41", "service": null, "highway": "tertiary", "access": "yes" }, "geometry": { "type": "LineString", "coordinates": [ [ -104.8835574, 38.7989534 ], [ -104.883468, 38.7989259 ], [ -104.8833909, 38.7988918 ], [ -104.8833066, 38.7988457 ], [ -104.8832036, 38.798785 ], [ -104.8831109, 38.7987205 ], [ -104.8830147, 38.7986568 ], [ -104.8829447, 38.7985994 ], [ -104.8828543, 38.7985143 ], [ -104.8828022, 38.798446 ], [ -104.8827582, 38.7983885 ], [ -104.882717, 38.7983017 ], [ -104.8826455, 38.798075 ], [ -104.8825164, 38.7976618 ], [ -104.8824354, 38.7974661 ], [ -104.8822287, 38.797007 ], [ -104.8819563, 38.7962269 ], [ -104.8818342, 38.7959378 ], [ -104.881727, 38.7957738 ], [ -104.8816319, 38.7956801 ], [ -104.8814946, 38.7955673 ], [ -104.8813552, 38.7954775 ], [ -104.8812236, 38.7954083 ], [ -104.8811183, 38.7953683 ], [ -104.8810135, 38.7953459 ], [ -104.8808877, 38.7953294 ], [ -104.8807363, 38.7953242 ], [ -104.8803077, 38.7953457 ], [ -104.8800149, 38.7953574 ] ] } },
{ "type": "Feature", "properties": { "full_id": "w1289138767", "osm_id": "1289138767", "osm_type": "way", "min_height": null, "height": null, "roof:shape": null, "building:part": null, "building:levels": null, "substation": null, "location": null, "fence_type": null, "crossing:markings": null, "crossing": null, "segregated": null, "trailblazed": "poles", "narrow": "yes", "route": null, "vehicle": null, "protected": null, "ownership": null, "operator:wikipedia": null, "operator:type": null, "operator:short": null, "hiking": null, "source:hgv": null, "hgv": null, "cycleway:left:buffer": null, "cycleway:both": null, "bridge:structure": null, "motorcar": null, "dirtbike:scale": null, "informal": null, "usage": null, "covered": null, "footway": null, "restriction": null, "abandoned:landuse": null, "motorcycle": null, "atv": null, "mtb:type": "crosscountry", "source_ref": null, "abandoned": null, "natural": null, "attribution": null, "tunnel": null, "railway": null, "old_railway_operator": null, "SHAPE_len": null, "SHAPE_area": null, "tiger:CLASSFP": null, "official_name": null, "mtb:scale:uphill": null, "wikipedia": null, "wikidata": null, "tiger:STATEFP": null, "tiger:PLCIDFP": null, "tiger:PLACEFP": null, "tiger:PCINECTA": null, "tiger:PCICBSA": null, "tiger:NAMELSAD": null, "tiger:NAME": null, "tiger:MTFCC": null, "tiger:LSAD": null, "tiger:FUNCSTAT": null, "tiger:CPI": null, "is_in:state": null, "is_in:iso_3166_2": null, "gnis:feature_id": null, "man_made": null, "sac_scale": null, "wires": null, "voltage": null, "operator:wikidata": null, "operator": null, "description": null, "circuits": null, "check_date": null, "cables": null, "power": null, "layer": null, "bridge": null, "width": ".5", "wheelchair": "no", "trail_visibility": "excellent", "stroller": null, "snowmobile": "no", "ski": null, "incline": null, "barrier": null, "waterway": null, "intermittent": null, "mtb:scale:imba": "2", "mtb:scale": "1", "dog": "leashed", "source:url": null, "boundary": null, "border_type": null, "admin_level": null, "ref": null, "smoothness": null, "lit": null, "motor_vehicle": null, "horse": "yes", "bicycle": "designated", "foot": "yes", "tiger:name_type_1": null, "tiger:name_direction_suffix_1": null, "tiger:name_base_1": null, "name_1": null, "tiger:upload_uuid": null, "tiger:tlid": null, "tiger:source": null, "tiger:separated": null, "tiger:name_direction_suffix": null, "sidewalk:both": null, "maxspeed": null, "lanes": null, "cycleway": null, "tracktype": null, "tiger:name_direction_prefix": null, "surface": "ground", "tiger:name_type": null, "tiger:name_base": null, "oneway": "no", "name": "Ladders", "tiger:reviewed": null, "tiger:county": null, "tiger:cfcc": null, "service": null, "highway": "path", "access": null }, "geometry": { "type": "LineString", "coordinates": [ [ -104.8849917, 38.802465 ], [ -104.8850206, 38.8024447 ], [ -104.8850351, 38.8024345 ], [ -104.8850453, 38.802181 ], [ -104.8850717, 38.8021398 ], [ -104.885212, 38.8020812 ], [ -104.8852892, 38.8019925 ], [ -104.8852526, 38.8017739 ], [ -104.8852892, 38.8017058 ], [ -104.8853116, 38.8015822 ], [ -104.8854368, 38.8015515 ], [ -104.8855076, 38.8014555 ], [ -104.8854429, 38.8013018 ], [ -104.8855169, 38.8011553 ], [ -104.8854891, 38.8010449 ], [ -104.885483, 38.8010041 ], [ -104.8853936, 38.800848 ], [ -104.8854491, 38.8007399 ], [ -104.8854861, 38.8005694 ], [ -104.8854861, 38.8003317 ], [ -104.8855662, 38.8002165 ], [ -104.8856524, 38.7999908 ], [ -104.8857171, 38.7999139 ], [ -104.8856617, 38.7997578 ], [ -104.8856093, 38.799681 ], [ -104.8856309, 38.7994985 ], [ -104.8856309, 38.7992584 ], [ -104.8856062, 38.7990711 ], [ -104.8855538, 38.7989366 ], [ -104.8854583, 38.7988214 ], [ -104.8853936, 38.7986149 ], [ -104.8854553, 38.7984996 ], [ -104.8855723, 38.7984996 ], [ -104.8858188, 38.7986677 ], [ -104.8860345, 38.7988622 ], [ -104.8862871, 38.7988574 ], [ -104.8863981, 38.7988334 ], [ -104.8864751, 38.7987565 ], [ -104.886586, 38.7985837 ], [ -104.8867031, 38.7983988 ], [ -104.8867678, 38.7983796 ], [ -104.8869773, 38.7983555 ], [ -104.886965, 38.7982643 ], [ -104.8869865, 38.7981947 ], [ -104.8870574, 38.7980794 ], [ -104.8870574, 38.7979713 ], [ -104.8871529, 38.7978225 ], [ -104.8872731, 38.7977288 ], [ -104.8874487, 38.7976544 ], [ -104.8874549, 38.7975823 ], [ -104.8874949, 38.7974263 ], [ -104.8875534, 38.7973206 ], [ -104.8876366, 38.797287 ], [ -104.8879016, 38.7972774 ], [ -104.887991, 38.7971885 ], [ -104.8881666, 38.7971549 ], [ -104.8883638, 38.7970421 ], [ -104.8885856, 38.7969172 ], [ -104.8886842, 38.7968379 ], [ -104.8890755, 38.7968211 ], [ -104.8891772, 38.7967579 ], [ -104.8893589, 38.7966242 ], [ -104.8892973, 38.7965306 ], [ -104.8891679, 38.7964249 ], [ -104.8889184, 38.7963049 ], [ -104.8887674, 38.7962112 ], [ -104.8886041, 38.7962064 ], [ -104.8883761, 38.796168 ], [ -104.8882498, 38.7960935 ], [ -104.8881112, 38.7960407 ], [ -104.8879955, 38.7959903 ], [ -104.8879006, 38.7959168 ], [ -104.8877921, 38.795743 ], [ -104.8877547, 38.7955816 ], [ -104.8877967, 38.7954495 ], [ -104.8879016, 38.7953063 ], [ -104.8879741, 38.7952081 ], [ -104.8879347, 38.7951229 ], [ -104.8879111, 38.7949552 ], [ -104.888048, 38.7948969 ], [ -104.8881449, 38.7948453 ], [ -104.8881334, 38.7947377 ], [ -104.8881098, 38.7946223 ], [ -104.8879979, 38.794665 ], [ -104.8879288, 38.7947385 ], [ -104.887894, 38.794588 ], [ -104.887936, 38.7944148 ], [ -104.8878991, 38.7942593 ], [ -104.8879252, 38.7941029 ], [ -104.8879981, 38.7940165 ], [ -104.88807, 38.7939716 ] ] } },
{ "type": "Feature", "properties": { "full_id": "w7686287", "osm_id": "7686287", "osm_type": "way", "min_height": null, "height": null, "roof:shape": null, "building:part": null, "building:levels": null, "substation": null, "location": null, "fence_type": null, "crossing:markings": null, "crossing": null, "segregated": null, "trailblazed": null, "narrow": null, "route": null, "vehicle": null, "protected": null, "ownership": null, "operator:wikipedia": null, "operator:type": null, "operator:short": null, "hiking": null, "source:hgv": null, "hgv": null, "cycleway:left:buffer": null, "cycleway:both": null, "bridge:structure": null, "motorcar": null, "dirtbike:scale": null, "informal": null, "usage": null, "covered": null, "footway": null, "restriction": null, "abandoned:landuse": null, "motorcycle": null, "atv": null, "mtb:type": null, "source_ref": null, "abandoned": null, "natural": null, "attribution": null, "tunnel": null, "railway": null, "old_railway_operator": null, "SHAPE_len": null, "SHAPE_area": null, "tiger:CLASSFP": null, "official_name": null, "mtb:scale:uphill": null, "wikipedia": null, "wikidata": null, "tiger:STATEFP": null, "tiger:PLCIDFP": null, "tiger:PLACEFP": null, "tiger:PCINECTA": null, "tiger:PCICBSA": null, "tiger:NAMELSAD": null, "tiger:NAME": null, "tiger:MTFCC": null, "tiger:LSAD": null, "tiger:FUNCSTAT": null, "tiger:CPI": null, "is_in:state": null, "is_in:iso_3166_2": null, "gnis:feature_id": null, "man_made": null, "sac_scale": null, "wires": null, "voltage": null, "operator:wikidata": null, "operator": null, "description": null, "circuits": null, "check_date": null, "cables": null, "power": null, "layer": null, "bridge": null, "width": null, "wheelchair": null, "trail_visibility": null, "stroller": null, "snowmobile": null, "ski": null, "incline": null, "barrier": null, "waterway": null, "intermittent": null, "mtb:scale:imba": null, "mtb:scale": null, "dog": null, "source:url": null, "boundary": null, "border_type": null, "admin_level": null, "ref": null, "smoothness": null, "lit": null, "motor_vehicle": null, "horse": null, "bicycle": "yes", "foot": "yes", "tiger:name_type_1": null, "tiger:name_direction_suffix_1": null, "tiger:name_base_1": null, "name_1": null, "tiger:upload_uuid": null, "tiger:tlid": null, "tiger:source": null, "tiger:separated": null, "tiger:name_direction_suffix": null, "sidewalk:both": null, "maxspeed": null, "lanes": null, "cycleway": null, "tracktype": "grade2", "tiger:name_direction_prefix": null, "surface": "gravel", "tiger:name_type": "Dr", "tiger:name_base": "High", "oneway": "yes", "name": "High Drive", "tiger:reviewed": "no", "tiger:county": "El Paso, CO", "tiger:cfcc": "A41", "service": null, "highway": "unclassified", "access": "yes" }, "geometry": { "type": "LineString", "coordinates": [ [ -104.8921754, 38.820102 ], [ -104.8922268, 38.8199893 ], [ -104.8923018, 38.8198872 ] ] } },
{ "type": "Feature", "properties": { "full_id": "w99569041", "osm_id": "99569041", "osm_type": "way", "min_height": null, "height": null, "roof:shape": null, "building:part": null, "building:levels": null, "substation": null, "location": null, "fence_type": null, "crossing:markings": null, "crossing": null, "segregated": null, "trailblazed": null, "narrow": null, "route": null, "vehicle": null, "protected": null, "ownership": null, "operator:wikipedia": null, "operator:type": null, "operator:short": null, "hiking": null, "source:hgv": null, "hgv": null, "cycleway:left:buffer": null, "cycleway:both": null, "bridge:structure": null, "motorcar": null, "dirtbike:scale": null, "informal": null, "usage": null, "covered": null, "footway": null, "restriction": null, "abandoned:landuse": null, "motorcycle": null, "atv": null, "mtb:type": null, "source_ref": null, "abandoned": null, "natural": null, "attribution": null, "tunnel": null, "railway": "abandoned", "old_railway_operator": "CS&CCD", "SHAPE_len": null, "SHAPE_area": null, "tiger:CLASSFP": null, "official_name": null, "mtb:scale:uphill": null, "wikipedia": null, "wikidata": null, "tiger:STATEFP": null, "tiger:PLCIDFP": null, "tiger:PLACEFP": null, "tiger:PCINECTA": null, "tiger:PCICBSA": null, "tiger:NAMELSAD": null, "tiger:NAME": null, "tiger:MTFCC": null, "tiger:LSAD": null, "tiger:FUNCSTAT": null, "tiger:CPI": null, "is_in:state": null, "is_in:iso_3166_2": null, "gnis:feature_id": null, "man_made": null, "sac_scale": null, "wires": null, "voltage": null, "operator:wikidata": null, "operator": null, "description": null, "circuits": null, "check_date": null, "cables": null, "power": null, "layer": null, "bridge": null, "width": null, "wheelchair": null, "trail_visibility": null, "stroller": null, "snowmobile": null, "ski": null, "incline": null, "barrier": null, "waterway": null, "intermittent": null, "mtb:scale:imba": null, "mtb:scale": null, "dog": null, "source:url": null, "boundary": null, "border_type": null, "admin_level": null, "ref": null, "smoothness": null, "lit": null, "motor_vehicle": null, "horse": null, "bicycle": null, "foot": null, "tiger:name_type_1": null, "tiger:name_direction_suffix_1": null, "tiger:name_base_1": null, "name_1": null, "tiger:upload_uuid": null, "tiger:tlid": null, "tiger:source": null, "tiger:separated": null, "tiger:name_direction_suffix": null, "sidewalk:both": null, "maxspeed": "20 mph", "lanes": null, "cycleway": null, "tracktype": null, "tiger:name_direction_prefix": null, "surface": null, "tiger:name_type": "Rd", "tiger:name_base": "Gold Camp", "oneway": null, "name": "Gold Camp Road", "tiger:reviewed": null, "tiger:county": "El Paso, CO", "tiger:cfcc": "A41", "service": null, "highway": "tertiary", "access": null }, "geometry": { "type": "LineString", "coordinates": [ [ -104.8902272, 38.8227747 ], [ -104.8900638, 38.8229993 ], [ -104.8899472, 38.8231453 ], [ -104.8899, 38.823202 ], [ -104.889808, 38.8232891 ], [ -104.8896787, 38.8233962 ], [ -104.8895628, 38.8234783 ], [ -104.889415, 38.8235698 ], [ -104.8893017, 38.8236154 ], [ -104.8891974, 38.8236473 ], [ -104.8890726, 38.8236789 ], [ -104.8889533, 38.8237013 ], [ -104.8888252, 38.8237156 ], [ -104.8886857, 38.8237275 ], [ -104.8885552, 38.8237387 ], [ -104.8884301, 38.823756 ], [ -104.888298, 38.8237827 ], [ -104.8881801, 38.8238101 ], [ -104.8880523, 38.8238512 ], [ -104.8879484, 38.8239023 ], [ -104.8876662, 38.8241178 ], [ -104.887538, 38.8241915 ], [ -104.8872494, 38.8243662 ], [ -104.8869498, 38.8245649 ], [ -104.8866729, 38.8247778 ] ] } },
{ "type": "Feature", "properties": { "full_id": "w531328082", "osm_id": "531328082", "osm_type": "way", "min_height": null, "height": null, "roof:shape": null, "building:part": null, "building:levels": null, "substation": null, "location": null, "fence_type": null, "crossing:markings": null, "crossing": null, "segregated": null, "trailblazed": null, "narrow": null, "route": null, "vehicle": null, "protected": null, "ownership": null, "operator:wikipedia": null, "operator:type": null, "operator:short": null, "hiking": null, "source:hgv": null, "hgv": null, "cycleway:left:buffer": null, "cycleway:both": null, "bridge:structure": null, "motorcar": null, "dirtbike:scale": null, "informal": null, "usage": null, "covered": null, "footway": null, "restriction": null, "abandoned:landuse": null, "motorcycle": null, "atv": null, "mtb:type": null, "source_ref": null, "abandoned": null, "natural": null, "attribution": null, "tunnel": null, "railway": null, "old_railway_operator": null, "SHAPE_len": null, "SHAPE_area": null, "tiger:CLASSFP": null, "official_name": null, "mtb:scale:uphill": null, "wikipedia": null, "wikidata": null, "tiger:STATEFP": null, "tiger:PLCIDFP": null, "tiger:PLACEFP": null, "tiger:PCINECTA": null, "tiger:PCICBSA": null, "tiger:NAMELSAD": null, "tiger:NAME": null, "tiger:MTFCC": null, "tiger:LSAD": null, "tiger:FUNCSTAT": null, "tiger:CPI": null, "is_in:state": null, "is_in:iso_3166_2": null, "gnis:feature_id": null, "man_made": null, "sac_scale": "mountain_hiking", "wires": null, "voltage": null, "operator:wikidata": null, "operator": null, "description": null, "circuits": null, "check_date": null, "cables": null, "power": null, "layer": null, "bridge": null, "width": ".5", "wheelchair": null, "trail_visibility": "good", "stroller": null, "snowmobile": null, "ski": null, "incline": null, "barrier": null, "waterway": null, "intermittent": null, "mtb:scale:imba": null, "mtb:scale": "2", "dog": null, "source:url": null, "boundary": null, "border_type": null, "admin_level": null, "ref": null, "smoothness": null, "lit": null, "motor_vehicle": null, "horse": null, "bicycle": "designated", "foot": "yes", "tiger:name_type_1": null, "tiger:name_direction_suffix_1": null, "tiger:name_base_1": null, "name_1": null, "tiger:upload_uuid": null, "tiger:tlid": null, "tiger:source": null, "tiger:separated": null, "tiger:name_direction_suffix": null, "sidewalk:both": null, "maxspeed": null, "lanes": null, "cycleway": null, "tracktype": null, "tiger:name_direction_prefix": null, "surface": null, "tiger:name_type": null, "tiger:name_base": null, "oneway": null, "name": "Section 16 Trail", "tiger:reviewed": null, "tiger:county": null, "tiger:cfcc": null, "service": null, "highway": "steps", "access": null }, "geometry": { "type": "LineString", "coordinates": [ [ -104.890358, 38.82284 ], [ -104.8904109, 38.8228468 ], [ -104.890471, 38.8228401 ] ] } },
{ "type": "Feature", "properties": { "full_id": "w1357100747", "osm_id": "1357100747", "osm_type": "way", "min_height": null, "height": null, "roof:shape": null, "building:part": null, "building:levels": null, "substation": null, "location": null, "fence_type": null, "crossing:markings": null, "crossing": null, "segregated": null, "trailblazed": null, "narrow": null, "route": null, "vehicle": null, "protected": null, "ownership": null, "operator:wikipedia": null, "operator:type": null, "operator:short": null, "hiking": null, "source:hgv": null, "hgv": null, "cycleway:left:buffer": null, "cycleway:both": null, "bridge:structure": null, "motorcar": null, "dirtbike:scale": null, "informal": null, "usage": null, "covered": null, "footway": null, "restriction": null, "abandoned:landuse": null, "motorcycle": null, "atv": null, "mtb:type": null, "source_ref": null, "abandoned": null, "natural": null, "attribution": null, "tunnel": null, "railway": null, "old_railway_operator": null, "SHAPE_len": null, "SHAPE_area": null, "tiger:CLASSFP": null, "official_name": null, "mtb:scale:uphill": null, "wikipedia": null, "wikidata": null, "tiger:STATEFP": null, "tiger:PLCIDFP": null, "tiger:PLACEFP": null, "tiger:PCINECTA": null, "tiger:PCICBSA": null, "tiger:NAMELSAD": null, "tiger:NAME": null, "tiger:MTFCC": null, "tiger:LSAD": null, "tiger:FUNCSTAT": null, "tiger:CPI": null, "is_in:state": null, "is_in:iso_3166_2": null, "gnis:feature_id": null, "man_made": null, "sac_scale": "hiking", "wires": null, "voltage": null, "operator:wikidata": null, "operator": null, "description": null, "circuits": null, "check_date": null, "cables": null, "power": null, "layer": null, "bridge": null, "width": null, "wheelchair": null, "trail_visibility": "intermediate", "stroller": null, "snowmobile": null, "ski": null, "incline": null, "barrier": null, "waterway": null, "intermittent": null, "mtb:scale:imba": "2", "mtb:scale": "2", "dog": "yes", "source:url": null, "boundary": null, "border_type": null, "admin_level": null, "ref": null, "smoothness": null, "lit": null, "motor_vehicle": null, "horse": null, "bicycle": "designated", "foot": "designated", "tiger:name_type_1": null, "tiger:name_direction_suffix_1": null, "tiger:name_base_1": null, "name_1": null, "tiger:upload_uuid": null, "tiger:tlid": null, "tiger:source": null, "tiger:separated": null, "tiger:name_direction_suffix": null, "sidewalk:both": null, "maxspeed": null, "lanes": null, "cycleway": null, "tracktype": null, "tiger:name_direction_prefix": null, "surface": "ground", "tiger:name_type": null, "tiger:name_base": null, "oneway": null, "name": "Palmer Trail", "tiger:reviewed": null, "tiger:county": null, "tiger:cfcc": null, "service": null, "highway": "path", "access": null }, "geometry": { "type": "LineString", "coordinates": [ [ -104.9114005, 38.8248544 ], [ -104.9114297, 38.8247351 ], [ -104.9114829, 38.8245976 ], [ -104.9114472, 38.8245024 ], [ -104.9113421, 38.8243776 ], [ -104.911279, 38.824285 ], [ -104.911249, 38.8241833 ], [ -104.9112399, 38.824094 ], [ -104.9112375, 38.8240269 ], [ -104.9112356, 38.8239744 ], [ -104.9112065, 38.8238856 ], [ -104.911186, 38.8237485 ] ] } },
{ "type": "Feature", "properties": { "full_id": "w899546235", "osm_id": "899546235", "osm_type": "way", "min_height": null, "height": null, "roof:shape": null, "building:part": null, "building:levels": null, "substation": null, "location": null, "fence_type": null, "crossing:markings": null, "crossing": null, "segregated": null, "trailblazed": null, "narrow": null, "route": null, "vehicle": null, "protected": null, "ownership": null, "operator:wikipedia": null, "operator:type": null, "operator:short": null, "hiking": null, "source:hgv": null, "hgv": null, "cycleway:left:buffer": null, "cycleway:both": null, "bridge:structure": null, "motorcar": null, "dirtbike:scale": null, "informal": null, "usage": null, "covered": null, "footway": null, "restriction": null, "abandoned:landuse": null, "motorcycle": null, "atv": null, "mtb:type": null, "source_ref": null, "abandoned": null, "natural": null, "attribution": null, "tunnel": null, "railway": null, "old_railway_operator": null, "SHAPE_len": null, "SHAPE_area": null, "tiger:CLASSFP": null, "official_name": null, "mtb:scale:uphill": null, "wikipedia": null, "wikidata": null, "tiger:STATEFP": null, "tiger:PLCIDFP": null, "tiger:PLACEFP": null, "tiger:PCINECTA": null, "tiger:PCICBSA": null, "tiger:NAMELSAD": null, "tiger:NAME": null, "tiger:MTFCC": null, "tiger:LSAD": null, "tiger:FUNCSTAT": null, "tiger:CPI": null, "is_in:state": null, "is_in:iso_3166_2": null, "gnis:feature_id": null, "man_made": null, "sac_scale": "hiking", "wires": null, "voltage": null, "operator:wikidata": null, "operator": null, "description": null, "circuits": null, "check_date": null, "cables": null, "power": null, "layer": null, "bridge": null, "width": null, "wheelchair": null, "trail_visibility": "intermediate", "stroller": null, "snowmobile": null, "ski": null, "incline": null, "barrier": null, "waterway": null, "intermittent": null, "mtb:scale:imba": "4", "mtb:scale": "2", "dog": "yes", "source:url": null, "boundary": null, "border_type": null, "admin_level": null, "ref": null, "smoothness": null, "lit": null, "motor_vehicle": null, "horse": null, "bicycle": "designated", "foot": "designated", "tiger:name_type_1": null, "tiger:name_direction_suffix_1": null, "tiger:name_base_1": null, "name_1": null, "tiger:upload_uuid": null, "tiger:tlid": null, "tiger:source": null, "tiger:separated": null, "tiger:name_direction_suffix": null, "sidewalk:both": null, "maxspeed": null, "lanes": null, "cycleway": null, "tracktype": null, "tiger:name_direction_prefix": null, "surface": "ground", "tiger:name_type": null, "tiger:name_base": null, "oneway": null, "name": "Section 16", "tiger:reviewed": null, "tiger:county": null, "tiger:cfcc": null, "service": null, "highway": "path", "access": null }, "geometry": { "type": "LineString", "coordinates": [ [ -104.8937892, 38.8300645 ], [ -104.8939971, 38.8301079 ], [ -104.894184, 38.8302067 ], [ -104.8943729, 38.8303256 ], [ -104.8945072, 38.8303276 ], [ -104.8947009, 38.8304279 ], [ -104.8948524, 38.8306156 ], [ -104.8949664, 38.8308221 ], [ -104.8951443, 38.8309249 ], [ -104.8952114, 38.8310187 ], [ -104.8953007, 38.8310986 ], [ -104.8952946, 38.8311959 ], [ -104.8952068, 38.8313187 ], [ -104.8950296, 38.8314302 ], [ -104.8948898, 38.8314886 ], [ -104.8948387, 38.8314939 ], [ -104.8947851, 38.8315658 ], [ -104.8947603, 38.8316293 ], [ -104.8948864, 38.8316877 ], [ -104.8950534, 38.8317568 ], [ -104.8952511, 38.8317939 ], [ -104.8954181, 38.8317488 ], [ -104.8955954, 38.8316293 ], [ -104.8956567, 38.8315815 ], [ -104.8958442, 38.8315231 ], [ -104.8960078, 38.8314621 ], [ -104.8961224, 38.8314226 ], [ -104.8961543, 38.8314116 ], [ -104.8961714, 38.8313691 ], [ -104.8960793, 38.8313745 ], [ -104.8959226, 38.8313293 ], [ -104.8958851, 38.8312497 ], [ -104.8959669, 38.8311753 ] ] } },
{ "type": "Feature", "properties": { "full_id": "w37618107", "osm_id": "37618107", "osm_type": "way", "min_height": null, "height": null, "roof:shape": null, "building:part": null, "building:levels": null, "substation": null, "location": null, "fence_type": null, "crossing:markings": null, "crossing": null, "segregated": null, "trailblazed": null, "narrow": null, "route": null, "vehicle": null, "protected": null, "ownership": null, "operator:wikipedia": null, "operator:type": null, "operator:short": null, "hiking": null, "source:hgv": null, "hgv": null, "cycleway:left:buffer": null, "cycleway:both": null, "bridge:structure": null, "motorcar": null, "dirtbike:scale": null, "informal": null, "usage": null, "covered": null, "footway": null, "restriction": null, "abandoned:landuse": null, "motorcycle": null, "atv": null, "mtb:type": null, "source_ref": null, "abandoned": null, "natural": null, "attribution": null, "tunnel": null, "railway": null, "old_railway_operator": null, "SHAPE_len": null, "SHAPE_area": null, "tiger:CLASSFP": null, "official_name": null, "mtb:scale:uphill": null, "wikipedia": null, "wikidata": null, "tiger:STATEFP": null, "tiger:PLCIDFP": null, "tiger:PLACEFP": null, "tiger:PCINECTA": null, "tiger:PCICBSA": null, "tiger:NAMELSAD": null, "tiger:NAME": null, "tiger:MTFCC": null, "tiger:LSAD": null, "tiger:FUNCSTAT": null, "tiger:CPI": null, "is_in:state": null, "is_in:iso_3166_2": null, "gnis:feature_id": null, "man_made": null, "sac_scale": "mountain_hiking", "wires": null, "voltage": null, "operator:wikidata": null, "operator": null, "description": null, "circuits": null, "check_date": null, "cables": null, "power": null, "layer": null, "bridge": null, "width": null, "wheelchair": null, "trail_visibility": "intermediate", "stroller": null, "snowmobile": null, "ski": null, "incline": null, "barrier": null, "waterway": null, "intermittent": null, "mtb:scale:imba": "4", "mtb:scale": "4", "dog": "yes", "source:url": null, "boundary": null, "border_type": null, "admin_level": null, "ref": null, "smoothness": null, "lit": null, "motor_vehicle": null, "horse": null, "bicycle": "designated", "foot": "designated", "tiger:name_type_1": null, "tiger:name_direction_suffix_1": null, "tiger:name_base_1": null, "name_1": null, "tiger:upload_uuid": null, "tiger:tlid": null, "tiger:source": null, "tiger:separated": null, "tiger:name_direction_suffix": null, "sidewalk:both": null, "maxspeed": null, "lanes": null, "cycleway": null, "tracktype": null, "tiger:name_direction_prefix": null, "surface": "ground", "tiger:name_type": null, "tiger:name_base": null, "oneway": null, "name": "Section 16", "tiger:reviewed": null, "tiger:county": null, "tiger:cfcc": null, "service": null, "highway": "path", "access": null }, "geometry": { "type": "LineString", "coordinates": [ [ -104.8959669, 38.8311753 ], [ -104.8961198, 38.8312116 ], [ -104.8962227, 38.8312037 ], [ -104.8963641, 38.8311611 ], [ -104.896514, 38.8311601 ], [ -104.8965924, 38.8310794 ], [ -104.8967402, 38.8310826 ], [ -104.8968589, 38.8310245 ], [ -104.8969741, 38.831014 ], [ -104.8970284, 38.8309803 ], [ -104.8971048, 38.8309797 ], [ -104.8972425, 38.8309138 ], [ -104.8973095, 38.8308481 ], [ -104.897383, 38.8308262 ], [ -104.8974497, 38.8308279 ], [ -104.8975697, 38.8307508 ], [ -104.8976322, 38.8307406 ], [ -104.89772, 38.8306463 ], [ -104.8978437, 38.8305851 ], [ -104.8979696, 38.8305029 ], [ -104.898041, 38.8304821 ], [ -104.8981149, 38.8304151 ], [ -104.8981635, 38.8303473 ], [ -104.8982531, 38.8303174 ], [ -104.8982979, 38.8302832 ], [ -104.8983736, 38.8302625 ], [ -104.8984322, 38.8302324 ], [ -104.8985407, 38.8302125 ], [ -104.8985992, 38.830188 ], [ -104.8986623, 38.830184 ], [ -104.8987146, 38.8301419 ], [ -104.8987788, 38.8301155 ], [ -104.8989048, 38.8300579 ], [ -104.8989773, 38.8300146 ], [ -104.8991367, 38.8299553 ], [ -104.8991965, 38.8299593 ], [ -104.8993477, 38.8298707 ], [ -104.8993654, 38.829827 ], [ -104.8994079, 38.8297985 ], [ -104.8994725, 38.8297082 ], [ -104.8996029, 38.8296684 ], [ -104.8997236, 38.8296099 ], [ -104.8997835, 38.829597 ], [ -104.8998177, 38.8295879 ], [ -104.8998022, 38.8295314 ], [ -104.899689, 38.8294672 ], [ -104.8997201, 38.8294184 ], [ -104.8997929, 38.8293831 ], [ -104.8999725, 38.8293496 ], [ -104.9000357, 38.8292849 ], [ -104.9001034, 38.8292494 ], [ -104.9001499, 38.8291943 ], [ -104.9001755, 38.8291737 ], [ -104.9001999, 38.8291256 ], [ -104.9002795, 38.8290796 ], [ -104.9003722, 38.8290765 ], [ -104.9004475, 38.8290848 ], [ -104.9005214, 38.8290658 ], [ -104.9006336, 38.8291171 ], [ -104.9008251, 38.8291576 ], [ -104.9008736, 38.8291809 ], [ -104.9008834, 38.8291532 ], [ -104.9007873, 38.8291019 ], [ -104.9007528, 38.8290165 ], [ -104.900704, 38.828815 ], [ -104.9006812, 38.8287093 ], [ -104.9008142, 38.828692 ], [ -104.9009153, 38.8287017 ], [ -104.9009736, 38.8287639 ], [ -104.9009868, 38.828792 ], [ -104.9011181, 38.8288729 ], [ -104.9011764, 38.8289335 ], [ -104.9012378, 38.8289568 ], [ -104.9012015, 38.8288514 ], [ -104.9011542, 38.8287846 ], [ -104.9011111, 38.8286758 ], [ -104.9010925, 38.8285393 ], [ -104.901037, 38.8283535 ], [ -104.9009708, 38.8282601 ], [ -104.9008594, 38.8280876 ], [ -104.9010277, 38.828061 ], [ -104.9011506, 38.8280663 ], [ -104.9012276, 38.8281119 ], [ -104.9014441, 38.8282974 ], [ -104.901408, 38.8281995 ], [ -104.9013767, 38.8281222 ], [ -104.9013441, 38.828058 ], [ -104.9012727, 38.827965 ], [ -104.9011816, 38.8277918 ], [ -104.9011456, 38.827661 ], [ -104.9010554, 38.8275882 ], [ -104.9009186, 38.8274958 ], [ -104.9007983, 38.8274632 ], [ -104.9007241, 38.8274516 ], [ -104.9005846, 38.8273391 ], [ -104.9005105, 38.8272743 ], [ -104.9004281, 38.8272348 ], [ -104.9002127, 38.827298 ], [ -104.9001236, 38.8272656 ], [ -104.900136, 38.8271764 ], [ -104.9001591, 38.8270726 ], [ -104.9002183, 38.8270093 ], [ -104.9002305, 38.8268476 ] ] } },
{ "type": "Feature", "properties": { "full_id": "w37618106", "osm_id": "37618106", "osm_type": "way", "min_height": null, "height": null, "roof:shape": null, "building:part": null, "building:levels": null, "substation": null, "location": null, "fence_type": null, "crossing:markings": null, "crossing": null, "segregated": null, "trailblazed": null, "narrow": null, "route": null, "vehicle": null, "protected": null, "ownership": null, "operator:wikipedia": null, "operator:type": null, "operator:short": null, "hiking": null, "source:hgv": null, "hgv": null, "cycleway:left:buffer": null, "cycleway:both": null, "bridge:structure": null, "motorcar": null, "dirtbike:scale": null, "informal": null, "usage": null, "covered": null, "footway": null, "restriction": null, "abandoned:landuse": null, "motorcycle": null, "atv": null, "mtb:type": null, "source_ref": null, "abandoned": null, "natural": null, "attribution": null, "tunnel": null, "railway": null, "old_railway_operator": null, "SHAPE_len": null, "SHAPE_area": null, "tiger:CLASSFP": null, "official_name": null, "mtb:scale:uphill": null, "wikipedia": null, "wikidata": null, "tiger:STATEFP": null, "tiger:PLCIDFP": null, "tiger:PLACEFP": null, "tiger:PCINECTA": null, "tiger:PCICBSA": null, "tiger:NAMELSAD": null, "tiger:NAME": null, "tiger:MTFCC": null, "tiger:LSAD": null, "tiger:FUNCSTAT": null, "tiger:CPI": null, "is_in:state": null, "is_in:iso_3166_2": null, "gnis:feature_id": null, "man_made": null, "sac_scale": "mountain_hiking", "wires": null, "voltage": null, "operator:wikidata": null, "operator": null, "description": null, "circuits": null, "check_date": null, "cables": null, "power": null, "layer": null, "bridge": null, "width": ".5", "wheelchair": null, "trail_visibility": "good", "stroller": null, "snowmobile": null, "ski": null, "incline": null, "barrier": null, "waterway": null, "intermittent": null, "mtb:scale:imba": "4", "mtb:scale": "2", "dog": null, "source:url": null, "boundary": null, "border_type": null, "admin_level": null, "ref": null, "smoothness": null, "lit": null, "motor_vehicle": null, "horse": null, "bicycle": "designated", "foot": "yes", "tiger:name_type_1": null, "tiger:name_direction_suffix_1": null, "tiger:name_base_1": null, "name_1": null, "tiger:upload_uuid": null, "tiger:tlid": null, "tiger:source": null, "tiger:separated": null, "tiger:name_direction_suffix": null, "sidewalk:both": null, "maxspeed": null, "lanes": null, "cycleway": null, "tracktype": null, "tiger:name_direction_prefix": null, "surface": "ground", "tiger:name_type": null, "tiger:name_base": null, "oneway": null, "name": "Section 16 Trail / Palmer Red Rocks Loop", "tiger:reviewed": null, "tiger:county": null, "tiger:cfcc": null, "service": null, "highway": "path", "access": null }, "geometry": { "type": "LineString", "coordinates": [ [ -104.890471, 38.8228401 ], [ -104.8905053, 38.8228802 ], [ -104.8904796, 38.8230006 ], [ -104.8904729, 38.8231006 ], [ -104.8905072, 38.8232076 ], [ -104.8905587, 38.8232678 ], [ -104.8905931, 38.8232745 ], [ -104.8906102, 38.8232478 ], [ -104.8906188, 38.8231742 ], [ -104.8906789, 38.823094 ], [ -104.8907165, 38.8231037 ], [ -104.8907251, 38.8231773 ], [ -104.8907508, 38.8232642 ], [ -104.890768, 38.8233445 ], [ -104.8908281, 38.823505 ], [ -104.8909311, 38.8237724 ], [ -104.8909139, 38.8238527 ], [ -104.8909225, 38.8239864 ], [ -104.8909225, 38.82408 ], [ -104.8908538, 38.8241001 ], [ -104.8907422, 38.8240867 ], [ -104.890562, 38.8241135 ], [ -104.8904332, 38.824167 ], [ -104.8903903, 38.8242338 ], [ -104.8903646, 38.8243274 ], [ -104.8903217, 38.8243676 ], [ -104.8902444, 38.8243943 ], [ -104.8900727, 38.8244411 ], [ -104.889944, 38.8244679 ], [ -104.8898839, 38.824508 ], [ -104.8898324, 38.8245882 ], [ -104.8898225, 38.8246732 ], [ -104.8898411, 38.8247303 ], [ -104.8898821, 38.8248156 ], [ -104.8899207, 38.8248836 ], [ -104.8899612, 38.8249359 ], [ -104.8900127, 38.8250162 ], [ -104.8901157, 38.8250897 ], [ -104.8901672, 38.8251499 ], [ -104.8903045, 38.8252903 ], [ -104.890382, 38.825323 ], [ -104.8904676, 38.825404 ], [ -104.8905448, 38.8254107 ], [ -104.8906564, 38.8254642 ], [ -104.8906821, 38.8255377 ], [ -104.8906564, 38.825745 ], [ -104.8906907, 38.825832 ], [ -104.8907165, 38.8259657 ], [ -104.8906821, 38.8260459 ], [ -104.8906993, 38.8261061 ], [ -104.8906049, 38.8263067 ], [ -104.8904161, 38.8264471 ], [ -104.8903911, 38.826485 ], [ -104.8903576, 38.8265067 ], [ -104.8902678, 38.8265564 ], [ -104.8901776, 38.8265932 ], [ -104.8901283, 38.8266202 ], [ -104.890117, 38.8266333 ], [ -104.8901348, 38.8266681 ], [ -104.8901258, 38.8267994 ], [ -104.8901675, 38.8269501 ], [ -104.8901939, 38.8270545 ], [ -104.8901665, 38.8271416 ], [ -104.8901617, 38.8272259 ], [ -104.890059, 38.8273015 ], [ -104.8899718, 38.8274805 ], [ -104.8898916, 38.8275808 ], [ -104.8898563, 38.8276656 ], [ -104.8899718, 38.8277858 ], [ -104.8899442, 38.8278837 ], [ -104.8898428, 38.8278625 ] ] } },
{ "type": "Feature", "properties": { "full_id": "w899546233", "osm_id": "899546233", "osm_type": "way", "min_height": null, "height": null, "roof:shape": null, "building:part": null, "building:levels": null, "substation": null, "location": null, "fence_type": null, "crossing:markings": null, "crossing": null, "segregated": null, "trailblazed": null, "narrow": null, "route": null, "vehicle": null, "protected": null, "ownership": null, "operator:wikipedia": null, "operator:type": null, "operator:short": null, "hiking": null, "source:hgv": null, "hgv": null, "cycleway:left:buffer": null, "cycleway:both": null, "bridge:structure": null, "motorcar": null, "dirtbike:scale": null, "informal": null, "usage": null, "covered": null, "footway": null, "restriction": null, "abandoned:landuse": null, "motorcycle": null, "atv": null, "mtb:type": null, "source_ref": null, "abandoned": null, "natural": null, "attribution": null, "tunnel": null, "railway": null, "old_railway_operator": null, "SHAPE_len": null, "SHAPE_area": null, "tiger:CLASSFP": null, "official_name": null, "mtb:scale:uphill": null, "wikipedia": null, "wikidata": null, "tiger:STATEFP": null, "tiger:PLCIDFP": null, "tiger:PLACEFP": null, "tiger:PCINECTA": null, "tiger:PCICBSA": null, "tiger:NAMELSAD": null, "tiger:NAME": null, "tiger:MTFCC": null, "tiger:LSAD": null, "tiger:FUNCSTAT": null, "tiger:CPI": null, "is_in:state": null, "is_in:iso_3166_2": null, "gnis:feature_id": null, "man_made": null, "sac_scale": "hiking", "wires": null, "voltage": null, "operator:wikidata": null, "operator": null, "description": null, "circuits": null, "check_date": null, "cables": null, "power": null, "layer": null, "bridge": null, "width": null, "wheelchair": null, "trail_visibility": "intermediate", "stroller": null, "snowmobile": null, "ski": null, "incline": null, "barrier": null, "waterway": null, "intermittent": null, "mtb:scale:imba": "4", "mtb:scale": "4", "dog": "yes", "source:url": null, "boundary": null, "border_type": null, "admin_level": null, "ref": null, "smoothness": null, "lit": null, "motor_vehicle": null, "horse": null, "bicycle": "designated", "foot": "designated", "tiger:name_type_1": null, "tiger:name_direction_suffix_1": null, "tiger:name_base_1": null, "name_1": null, "tiger:upload_uuid": null, "tiger:tlid": null, "tiger:source": null, "tiger:separated": null, "tiger:name_direction_suffix": null, "sidewalk:both": null, "maxspeed": null, "lanes": null, "cycleway": null, "tracktype": null, "tiger:name_direction_prefix": null, "surface": "ground", "tiger:name_type": null, "tiger:name_base": null, "oneway": null, "name": "Section 16 Trail", "tiger:reviewed": null, "tiger:county": null, "tiger:cfcc": null, "service": null, "highway": "path", "access": null }, "geometry": { "type": "LineString", "coordinates": [ [ -104.8898428, 38.8278625 ], [ -104.889804, 38.8278546 ], [ -104.8897757, 38.8278747 ], [ -104.8897154, 38.827908 ], [ -104.8896551, 38.8279386 ], [ -104.8895819, 38.8280113 ], [ -104.8895852, 38.828067 ], [ -104.889662, 38.82816 ], [ -104.8897466, 38.8282458 ], [ -104.8898324, 38.8283194 ], [ -104.8899011, 38.8284999 ], [ -104.8899354, 38.8286203 ], [ -104.8900041, 38.8287874 ], [ -104.8900556, 38.8289345 ], [ -104.890047, 38.8290682 ], [ -104.8900727, 38.8292087 ], [ -104.8901601, 38.8293694 ], [ -104.8902631, 38.8294429 ], [ -104.8903831, 38.8294697 ], [ -104.8904719, 38.8294654 ], [ -104.8907101, 38.8293884 ], [ -104.8908324, 38.8293283 ], [ -104.8909922, 38.8293558 ], [ -104.890995, 38.8295477 ], [ -104.8911121, 38.8296628 ], [ -104.8913189, 38.8296054 ], [ -104.8915094, 38.8294898 ], [ -104.8916736, 38.829461 ], [ -104.8918323, 38.8294962 ], [ -104.8921155, 38.8296232 ], [ -104.8923301, 38.8297034 ], [ -104.892515, 38.8296641 ], [ -104.8927338, 38.8297349 ], [ -104.8929005, 38.829843 ], [ -104.8929139, 38.8297971 ], [ -104.8928713, 38.8296466 ], [ -104.8928847, 38.8295749 ], [ -104.8930368, 38.8297039 ], [ -104.8932501, 38.8298734 ], [ -104.8937892, 38.8300645 ] ] } },
{ "type": "Feature", "properties": { "full_id": "w435512587", "osm_id": "435512587", "osm_type": "way", "min_height": null, "height": null, "roof:shape": null, "building:part": null, "building:levels": null, "substation": null, "location": null, "fence_type": null, "crossing:markings": null, "crossing": null, "segregated": null, "trailblazed": null, "narrow": null, "route": null, "vehicle": null, "protected": null, "ownership": null, "operator:wikipedia": null, "operator:type": null, "operator:short": null, "hiking": null, "source:hgv": null, "hgv": null, "cycleway:left:buffer": null, "cycleway:both": null, "bridge:structure": null, "motorcar": null, "dirtbike:scale": null, "informal": null, "usage": null, "covered": null, "footway": null, "restriction": null, "abandoned:landuse": null, "motorcycle": null, "atv": null, "mtb:type": null, "source_ref": null, "abandoned": null, "natural": null, "attribution": null, "tunnel": null, "railway": null, "old_railway_operator": null, "SHAPE_len": null, "SHAPE_area": null, "tiger:CLASSFP": null, "official_name": null, "mtb:scale:uphill": null, "wikipedia": null, "wikidata": null, "tiger:STATEFP": null, "tiger:PLCIDFP": null, "tiger:PLACEFP": null, "tiger:PCINECTA": null, "tiger:PCICBSA": null, "tiger:NAMELSAD": null, "tiger:NAME": null, "tiger:MTFCC": null, "tiger:LSAD": null, "tiger:FUNCSTAT": null, "tiger:CPI": null, "is_in:state": null, "is_in:iso_3166_2": null, "gnis:feature_id": null, "man_made": null, "sac_scale": "hiking", "wires": null, "voltage": null, "operator:wikidata": null, "operator": null, "description": null, "circuits": null, "check_date": null, "cables": null, "power": null, "layer": null, "bridge": null, "width": null, "wheelchair": null, "trail_visibility": "intermediate", "stroller": null, "snowmobile": null, "ski": null, "incline": null, "barrier": null, "waterway": null, "intermittent": null, "mtb:scale:imba": "4", "mtb:scale": "2", "dog": "yes", "source:url": null, "boundary": null, "border_type": null, "admin_level": null, "ref": null, "smoothness": null, "lit": null, "motor_vehicle": null, "horse": null, "bicycle": "designated", "foot": "designated", "tiger:name_type_1": null, "tiger:name_direction_suffix_1": null, "tiger:name_base_1": null, "name_1": null, "tiger:upload_uuid": null, "tiger:tlid": null, "tiger:source": null, "tiger:separated": null, "tiger:name_direction_suffix": null, "sidewalk:both": null, "maxspeed": null, "lanes": null, "cycleway": null, "tracktype": null, "tiger:name_direction_prefix": null, "surface": "ground", "tiger:name_type": null, "tiger:name_base": null, "oneway": null, "name": "Section 16", "tiger:reviewed": null, "tiger:county": null, "tiger:cfcc": null, "service": null, "highway": "path", "access": null }, "geometry": { "type": "LineString", "coordinates": [ [ -104.9002305, 38.8268476 ], [ -104.9002949, 38.8268016 ], [ -104.9003458, 38.8267744 ], [ -104.9005443, 38.8268204 ], [ -104.9006409, 38.82681 ], [ -104.9007616, 38.826764 ], [ -104.9008367, 38.8267744 ], [ -104.9008769, 38.8267306 ], [ -104.9009788, 38.826695 ], [ -104.9011129, 38.8266971 ], [ -104.9012015, 38.8266595 ], [ -104.9015019, 38.8266323 ], [ -104.9016199, 38.8266511 ], [ -104.9017379, 38.8266365 ], [ -104.9018452, 38.8266616 ], [ -104.9019203, 38.8267055 ], [ -104.902108, 38.8267535 ], [ -104.902277, 38.8267849 ], [ -104.902405, 38.82683 ], [ -104.9025533, 38.8268225 ], [ -104.9027089, 38.8268329 ], [ -104.9029128, 38.826851 ], [ -104.9030227, 38.8268563 ], [ -104.9031581, 38.8268273 ], [ -104.903423, 38.8265253 ], [ -104.903471, 38.8264506 ], [ -104.9035327, 38.8263678 ], [ -104.9036282, 38.8262755 ], [ -104.903666, 38.8262298 ], [ -104.9037789, 38.8262104 ], [ -104.9039185, 38.826204 ], [ -104.9042002, 38.8262144 ], [ -104.9044094, 38.8262479 ], [ -104.9045462, 38.8263105 ], [ -104.9047768, 38.8263273 ], [ -104.9050021, 38.8263314 ], [ -104.9051363, 38.8262917 ], [ -104.9052891, 38.8262207 ], [ -104.9054957, 38.8262708 ], [ -104.9057666, 38.8263649 ], [ -104.9059946, 38.8264213 ], [ -104.9061528, 38.8264338 ], [ -104.9062816, 38.8264394 ], [ -104.9064666, 38.826438 ], [ -104.9067134, 38.8264756 ], [ -104.9068824, 38.8264861 ], [ -104.9069414, 38.8263983 ], [ -104.9069843, 38.8262625 ], [ -104.9070701, 38.8261747 ], [ -104.9071694, 38.8261559 ], [ -104.907341, 38.8261768 ], [ -104.9075046, 38.8261308 ], [ -104.9076173, 38.8260807 ], [ -104.9076978, 38.8259344 ], [ -104.9077568, 38.8258299 ], [ -104.907856, 38.8257359 ], [ -104.9079499, 38.8256398 ], [ -104.9080116, 38.8255667 ], [ -104.9080786, 38.8254455 ], [ -104.9081511, 38.8253932 ], [ -104.9081859, 38.8253368 ], [ -104.9084246, 38.8252323 ], [ -104.9086151, 38.8251675 ], [ -104.9087009, 38.8250777 ], [ -104.9088323, 38.8250108 ], [ -104.9090684, 38.8249147 ], [ -104.9092811, 38.8248464 ], [ -104.90946, 38.8248584 ], [ -104.9096179, 38.8249229 ], [ -104.9097364, 38.8249122 ], [ -104.909891, 38.8248302 ], [ -104.909952, 38.8248112 ], [ -104.9100619, 38.8248066 ], [ -104.9101691, 38.8248226 ], [ -104.9103766, 38.8248824 ], [ -104.9104633, 38.8249108 ], [ -104.910535, 38.8249494 ], [ -104.910658, 38.8249471 ], [ -104.9107884, 38.8248832 ], [ -104.9109188, 38.8248592 ], [ -104.9111121, 38.8249289 ], [ -104.911232, 38.8249386 ], [ -104.9113189, 38.8249196 ], [ -104.9114005, 38.8248544 ] ] } },
{ "type": "Feature", "properties": { "full_id": "w433140421", "osm_id": "433140421", "osm_type": "way", "min_height": null, "height": null, "roof:shape": null, "building:part": null, "building:levels": null, "substation": null, "location": null, "fence_type": null, "crossing:markings": null, "crossing": null, "segregated": null, "trailblazed": null, "narrow": null, "route": null, "vehicle": null, "protected": null, "ownership": null, "operator:wikipedia": null, "operator:type": null, "operator:short": null, "hiking": null, "source:hgv": null, "hgv": null, "cycleway:left:buffer": null, "cycleway:both": null, "bridge:structure": null, "motorcar": null, "dirtbike:scale": null, "informal": null, "usage": null, "covered": null, "footway": null, "restriction": null, "abandoned:landuse": null, "motorcycle": null, "atv": null, "mtb:type": null, "source_ref": null, "abandoned": null, "natural": null, "attribution": null, "tunnel": null, "railway": null, "old_railway_operator": null, "SHAPE_len": null, "SHAPE_area": null, "tiger:CLASSFP": null, "official_name": null, "mtb:scale:uphill": null, "wikipedia": null, "wikidata": null, "tiger:STATEFP": null, "tiger:PLCIDFP": null, "tiger:PLACEFP": null, "tiger:PCINECTA": null, "tiger:PCICBSA": null, "tiger:NAMELSAD": null, "tiger:NAME": null, "tiger:MTFCC": null, "tiger:LSAD": null, "tiger:FUNCSTAT": null, "tiger:CPI": null, "is_in:state": null, "is_in:iso_3166_2": null, "gnis:feature_id": null, "man_made": null, "sac_scale": null, "wires": null, "voltage": null, "operator:wikidata": null, "operator": null, "description": null, "circuits": null, "check_date": null, "cables": null, "power": null, "layer": null, "bridge": null, "width": null, "wheelchair": null, "trail_visibility": null, "stroller": null, "snowmobile": null, "ski": null, "incline": null, "barrier": null, "waterway": "stream", "intermittent": null, "mtb:scale:imba": null, "mtb:scale": null, "dog": null, "source:url": null, "boundary": null, "border_type": null, "admin_level": null, "ref": null, "smoothness": null, "lit": null, "motor_vehicle": null, "horse": null, "bicycle": null, "foot": null, "tiger:name_type_1": null, "tiger:name_direction_suffix_1": null, "tiger:name_base_1": null, "name_1": null, "tiger:upload_uuid": null, "tiger:tlid": null, "tiger:source": null, "tiger:separated": null, "tiger:name_direction_suffix": null, "sidewalk:both": null, "maxspeed": null, "lanes": null, "cycleway": null, "tracktype": null, "tiger:name_direction_prefix": null, "surface": null, "tiger:name_type": null, "tiger:name_base": null, "oneway": null, "name": "Bear Creek", "tiger:reviewed": null, "tiger:county": null, "tiger:cfcc": null, "service": null, "highway": null, "access": null }, "geometry": { "type": "LineString", "coordinates": [ [ -104.8920823, 38.820104 ], [ -104.8917626, 38.8202451 ], [ -104.8915128, 38.8203984 ], [ -104.8913511, 38.8205411 ], [ -104.8910798, 38.820628 ], [ -104.890842, 38.8207571 ], [ -104.8907107, 38.8208035 ], [ -104.8904261, 38.8209553 ], [ -104.8900783, 38.821056 ], [ -104.8897933, 38.821161 ], [ -104.8894717, 38.8212377 ], [ -104.8892379, 38.8213207 ], [ -104.8891387, 38.8215138 ], [ -104.8889466, 38.8218261 ], [ -104.8888686, 38.8220399 ], [ -104.8887097, 38.8223409 ], [ -104.8885709, 38.8225128 ], [ -104.888311, 38.8228159 ], [ -104.887983, 38.823042 ], [ -104.8875424, 38.8232123 ], [ -104.887011, 38.8234713 ], [ -104.8866095, 38.8235725 ] ] } },
{ "type": "Feature", "properties": { "full_id": "w531328085", "osm_id": "531328085", "osm_type": "way", "min_height": null, "height": null, "roof:shape": null, "building:part": null, "building:levels": null, "substation": null, "location": null, "fence_type": null, "crossing:markings": null, "crossing": null, "segregated": null, "trailblazed": null, "narrow": null, "route": null, "vehicle": null, "protected": null, "ownership": null, "operator:wikipedia": null, "operator:type": null, "operator:short": null, "hiking": null, "source:hgv": null, "hgv": null, "cycleway:left:buffer": null, "cycleway:both": null, "bridge:structure": null, "motorcar": null, "dirtbike:scale": null, "informal": null, "usage": null, "covered": null, "footway": null, "restriction": null, "abandoned:landuse": null, "motorcycle": null, "atv": null, "mtb:type": null, "source_ref": null, "abandoned": null, "natural": null, "attribution": null, "tunnel": null, "railway": "abandoned", "old_railway_operator": "CS&CCD", "SHAPE_len": null, "SHAPE_area": null, "tiger:CLASSFP": null, "official_name": null, "mtb:scale:uphill": null, "wikipedia": null, "wikidata": null, "tiger:STATEFP": null, "tiger:PLCIDFP": null, "tiger:PLACEFP": null, "tiger:PCINECTA": null, "tiger:PCICBSA": null, "tiger:NAMELSAD": null, "tiger:NAME": null, "tiger:MTFCC": null, "tiger:LSAD": null, "tiger:FUNCSTAT": null, "tiger:CPI": null, "is_in:state": null, "is_in:iso_3166_2": null, "gnis:feature_id": null, "man_made": null, "sac_scale": null, "wires": null, "voltage": null, "operator:wikidata": null, "operator": null, "description": null, "circuits": null, "check_date": null, "cables": null, "power": null, "layer": null, "bridge": null, "width": null, "wheelchair": null, "trail_visibility": null, "stroller": null, "snowmobile": null, "ski": null, "incline": null, "barrier": null, "waterway": null, "intermittent": null, "mtb:scale:imba": null, "mtb:scale": null, "dog": null, "source:url": null, "boundary": null, "border_type": null, "admin_level": null, "ref": null, "smoothness": null, "lit": null, "motor_vehicle": null, "horse": null, "bicycle": null, "foot": null, "tiger:name_type_1": null, "tiger:name_direction_suffix_1": null, "tiger:name_base_1": null, "name_1": null, "tiger:upload_uuid": null, "tiger:tlid": null, "tiger:source": null, "tiger:separated": null, "tiger:name_direction_suffix": null, "sidewalk:both": null, "maxspeed": "20 mph", "lanes": null, "cycleway": null, "tracktype": null, "tiger:name_direction_prefix": null, "surface": null, "tiger:name_type": "Rd", "tiger:name_base": "Gold Camp", "oneway": null, "name": "Gold Camp Road", "tiger:reviewed": null, "tiger:county": "El Paso, CO", "tiger:cfcc": "A41", "service": null, "highway": "tertiary", "access": null }, "geometry": { "type": "LineString", "coordinates": [ [ -104.8909623, 38.8217122 ], [ -104.8909075, 38.8218563 ], [ -104.8908812, 38.8218998 ], [ -104.8908613, 38.821933 ], [ -104.8907674, 38.8220735 ], [ -104.890493, 38.8224568 ], [ -104.8902272, 38.8227747 ] ] } },
{ "type": "Feature", "properties": { "full_id": "w508031791", "osm_id": "508031791", "osm_type": "way", "min_height": null, "height": null, "roof:shape": null, "building:part": null, "building:levels": null, "substation": null, "location": null, "fence_type": null, "crossing:markings": null, "crossing": null, "segregated": null, "trailblazed": null, "narrow": null, "route": null, "vehicle": null, "protected": null, "ownership": null, "operator:wikipedia": null, "operator:type": null, "operator:short": null, "hiking": null, "source:hgv": null, "hgv": null, "cycleway:left:buffer": null, "cycleway:both": null, "bridge:structure": null, "motorcar": null, "dirtbike:scale": null, "informal": null, "usage": null, "covered": null, "footway": null, "restriction": null, "abandoned:landuse": null, "motorcycle": null, "atv": null, "mtb:type": null, "source_ref": null, "abandoned": null, "natural": null, "attribution": null, "tunnel": null, "railway": null, "old_railway_operator": null, "SHAPE_len": null, "SHAPE_area": null, "tiger:CLASSFP": null, "official_name": null, "mtb:scale:uphill": null, "wikipedia": null, "wikidata": null, "tiger:STATEFP": null, "tiger:PLCIDFP": null, "tiger:PLACEFP": null, "tiger:PCINECTA": null, "tiger:PCICBSA": null, "tiger:NAMELSAD": null, "tiger:NAME": null, "tiger:MTFCC": null, "tiger:LSAD": null, "tiger:FUNCSTAT": null, "tiger:CPI": null, "is_in:state": null, "is_in:iso_3166_2": null, "gnis:feature_id": null, "man_made": null, "sac_scale": "hiking", "wires": null, "voltage": null, "operator:wikidata": null, "operator": null, "description": null, "circuits": null, "check_date": null, "cables": null, "power": null, "layer": null, "bridge": null, "width": null, "wheelchair": null, "trail_visibility": "intermediate", "stroller": null, "snowmobile": null, "ski": null, "incline": null, "barrier": null, "waterway": null, "intermittent": null, "mtb:scale:imba": "2", "mtb:scale": "2", "dog": "yes", "source:url": null, "boundary": null, "border_type": null, "admin_level": null, "ref": null, "smoothness": null, "lit": null, "motor_vehicle": null, "horse": null, "bicycle": "designated", "foot": "designated", "tiger:name_type_1": null, "tiger:name_direction_suffix_1": null, "tiger:name_base_1": null, "name_1": null, "tiger:upload_uuid": null, "tiger:tlid": null, "tiger:source": null, "tiger:separated": null, "tiger:name_direction_suffix": null, "sidewalk:both": null, "maxspeed": null, "lanes": null, "cycleway": null, "tracktype": null, "tiger:name_direction_prefix": null, "surface": "ground", "tiger:name_type": null, "tiger:name_base": null, "oneway": null, "name": "Palmer Trail", "tiger:reviewed": null, "tiger:county": null, "tiger:cfcc": null, "service": null, "highway": "path", "access": null }, "geometry": { "type": "LineString", "coordinates": [ [ -104.9111739, 38.8236902 ], [ -104.91121, 38.823441 ], [ -104.911187, 38.822968 ], [ -104.911205, 38.8229 ], [ -104.911326, 38.822722 ], [ -104.91134, 38.822653 ], [ -104.911319, 38.822432 ], [ -104.911372, 38.822116 ], [ -104.911531, 38.821728 ], [ -104.911542, 38.821503 ], [ -104.911596, 38.821419 ], [ -104.911718, 38.821359 ], [ -104.911959, 38.821318 ], [ -104.912147, 38.821238 ], [ -104.912311, 38.821203 ], [ -104.912555, 38.821126 ], [ -104.912635, 38.821092 ], [ -104.912698, 38.821037 ], [ -104.912713, 38.820997 ], [ -104.912702, 38.820927 ], [ -104.912567, 38.820634 ], [ -104.912572, 38.820421 ], [ -104.912602, 38.820367 ], [ -104.912667, 38.820321 ], [ -104.912728, 38.820299 ], [ -104.913006, 38.820256 ], [ -104.913109, 38.820204 ], [ -104.913361, 38.819989 ], [ -104.913463, 38.819775 ], [ -104.913682, 38.819563 ], [ -104.91371, 38.81949 ], [ -104.913728, 38.819352 ], [ -104.913872, 38.819015 ], [ -104.913984, 38.818827 ], [ -104.913983, 38.818715 ] ] } },
{ "type": "Feature", "properties": { "full_id": "w7681012", "osm_id": "7681012", "osm_type": "way", "min_height": null, "height": null, "roof:shape": null, "building:part": null, "building:levels": null, "substation": null, "location": null, "fence_type": null, "crossing:markings": null, "crossing": null, "segregated": null, "trailblazed": null, "narrow": null, "route": null, "vehicle": null, "protected": null, "ownership": null, "operator:wikipedia": null, "operator:type": null, "operator:short": null, "hiking": null, "source:hgv": null, "hgv": null, "cycleway:left:buffer": null, "cycleway:both": null, "bridge:structure": null, "motorcar": null, "dirtbike:scale": null, "informal": null, "usage": null, "covered": null, "footway": null, "restriction": null, "abandoned:landuse": null, "motorcycle": null, "atv": null, "mtb:type": null, "source_ref": null, "abandoned": null, "natural": null, "attribution": null, "tunnel": null, "railway": null, "old_railway_operator": null, "SHAPE_len": null, "SHAPE_area": null, "tiger:CLASSFP": null, "official_name": null, "mtb:scale:uphill": null, "wikipedia": null, "wikidata": null, "tiger:STATEFP": null, "tiger:PLCIDFP": null, "tiger:PLACEFP": null, "tiger:PCINECTA": null, "tiger:PCICBSA": null, "tiger:NAMELSAD": null, "tiger:NAME": null, "tiger:MTFCC": null, "tiger:LSAD": null, "tiger:FUNCSTAT": null, "tiger:CPI": null, "is_in:state": null, "is_in:iso_3166_2": null, "gnis:feature_id": null, "man_made": null, "sac_scale": null, "wires": null, "voltage": null, "operator:wikidata": null, "operator": null, "description": null, "circuits": null, "check_date": null, "cables": null, "power": null, "layer": null, "bridge": null, "width": null, "wheelchair": null, "trail_visibility": null, "stroller": null, "snowmobile": null, "ski": null, "incline": null, "barrier": null, "waterway": null, "intermittent": null, "mtb:scale:imba": null, "mtb:scale": null, "dog": null, "source:url": null, "boundary": null, "border_type": null, "admin_level": null, "ref": null, "smoothness": null, "lit": null, "motor_vehicle": null, "horse": null, "bicycle": null, "foot": null, "tiger:name_type_1": null, "tiger:name_direction_suffix_1": null, "tiger:name_base_1": null, "name_1": null, "tiger:upload_uuid": null, "tiger:tlid": null, "tiger:source": null, "tiger:separated": null, "tiger:name_direction_suffix": null, "sidewalk:both": null, "maxspeed": "20 mph", "lanes": null, "cycleway": null, "tracktype": null, "tiger:name_direction_prefix": null, "surface": null, "tiger:name_type": "Rd", "tiger:name_base": "Gold Camp", "oneway": null, "name": "Gold Camp Road", "tiger:reviewed": null, "tiger:county": "El Paso, CO", "tiger:cfcc": "A41", "service": null, "highway": "tertiary", "access": null }, "geometry": { "type": "LineString", "coordinates": [ [ -104.8921754, 38.820102 ], [ -104.8921934, 38.820245 ], [ -104.8921853, 38.8202993 ], [ -104.892164, 38.8203589 ], [ -104.8921367, 38.8204129 ], [ -104.8920362, 38.8205712 ], [ -104.8919284, 38.8207656 ], [ -104.8918768, 38.8208351 ], [ -104.8918211, 38.8209009 ], [ -104.8917369, 38.8209835 ], [ -104.8916662, 38.8210515 ], [ -104.8915812, 38.8211223 ], [ -104.8914514, 38.8212149 ], [ -104.8912691, 38.8213282 ], [ -104.8911645, 38.8213972 ], [ -104.8910934, 38.8214568 ], [ -104.8910419, 38.8215194 ], [ -104.8910258, 38.8215494 ], [ -104.8909994, 38.821599 ], [ -104.8909623, 38.8217122 ] ] } },
{ "type": "Feature", "properties": { "full_id": "w982255714", "osm_id": "982255714", "osm_type": "way", "min_height": null, "height": null, "roof:shape": null, "building:part": null, "building:levels": null, "substation": null, "location": null, "fence_type": null, "crossing:markings": null, "crossing": null, "segregated": null, "trailblazed": null, "narrow": null, "route": null, "vehicle": null, "protected": null, "ownership": null, "operator:wikipedia": null, "operator:type": null, "operator:short": null, "hiking": null, "source:hgv": null, "hgv": null, "cycleway:left:buffer": null, "cycleway:both": null, "bridge:structure": null, "motorcar": null, "dirtbike:scale": null, "informal": null, "usage": null, "covered": null, "footway": null, "restriction": null, "abandoned:landuse": null, "motorcycle": null, "atv": null, "mtb:type": null, "source_ref": null, "abandoned": null, "natural": null, "attribution": null, "tunnel": "culvert", "railway": null, "old_railway_operator": null, "SHAPE_len": null, "SHAPE_area": null, "tiger:CLASSFP": null, "official_name": null, "mtb:scale:uphill": null, "wikipedia": null, "wikidata": null, "tiger:STATEFP": null, "tiger:PLCIDFP": null, "tiger:PLACEFP": null, "tiger:PCINECTA": null, "tiger:PCICBSA": null, "tiger:NAMELSAD": null, "tiger:NAME": null, "tiger:MTFCC": null, "tiger:LSAD": null, "tiger:FUNCSTAT": null, "tiger:CPI": null, "is_in:state": null, "is_in:iso_3166_2": null, "gnis:feature_id": null, "man_made": null, "sac_scale": null, "wires": null, "voltage": null, "operator:wikidata": null, "operator": null, "description": null, "circuits": null, "check_date": null, "cables": null, "power": null, "layer": "-1", "bridge": null, "width": null, "wheelchair": null, "trail_visibility": null, "stroller": null, "snowmobile": null, "ski": null, "incline": null, "barrier": null, "waterway": "stream", "intermittent": null, "mtb:scale:imba": null, "mtb:scale": null, "dog": null, "source:url": null, "boundary": null, "border_type": null, "admin_level": null, "ref": null, "smoothness": null, "lit": null, "motor_vehicle": null, "horse": null, "bicycle": null, "foot": null, "tiger:name_type_1": null, "tiger:name_direction_suffix_1": null, "tiger:name_base_1": null, "name_1": null, "tiger:upload_uuid": null, "tiger:tlid": null, "tiger:source": null, "tiger:separated": null, "tiger:name_direction_suffix": null, "sidewalk:both": null, "maxspeed": null, "lanes": null, "cycleway": null, "tracktype": null, "tiger:name_direction_prefix": null, "surface": null, "tiger:name_type": null, "tiger:name_base": null, "oneway": null, "name": "Bear Creek", "tiger:reviewed": null, "tiger:county": null, "tiger:cfcc": null, "service": null, "highway": null, "access": null }, "geometry": { "type": "LineString", "coordinates": [ [ -104.8922697, 38.8200267 ], [ -104.8920823, 38.820104 ] ] } },
{ "type": "Feature", "properties": { "full_id": "w530918549", "osm_id": "530918549", "osm_type": "way", "min_height": null, "height": null, "roof:shape": null, "building:part": null, "building:levels": null, "substation": null, "location": null, "fence_type": null, "crossing:markings": null, "crossing": null, "segregated": null, "trailblazed": null, "narrow": null, "route": null, "vehicle": null, "protected": null, "ownership": null, "operator:wikipedia": null, "operator:type": null, "operator:short": null, "hiking": null, "source:hgv": null, "hgv": null, "cycleway:left:buffer": null, "cycleway:both": null, "bridge:structure": null, "motorcar": "no", "dirtbike:scale": "?", "informal": null, "usage": null, "covered": null, "footway": null, "restriction": null, "abandoned:landuse": null, "motorcycle": "yes", "atv": null, "mtb:type": null, "source_ref": null, "abandoned": null, "natural": null, "attribution": null, "tunnel": null, "railway": null, "old_railway_operator": null, "SHAPE_len": null, "SHAPE_area": null, "tiger:CLASSFP": null, "official_name": null, "mtb:scale:uphill": null, "wikipedia": null, "wikidata": null, "tiger:STATEFP": null, "tiger:PLCIDFP": null, "tiger:PLACEFP": null, "tiger:PCINECTA": null, "tiger:PCICBSA": null, "tiger:NAMELSAD": null, "tiger:NAME": null, "tiger:MTFCC": null, "tiger:LSAD": null, "tiger:FUNCSTAT": null, "tiger:CPI": null, "is_in:state": null, "is_in:iso_3166_2": null, "gnis:feature_id": null, "man_made": null, "sac_scale": null, "wires": null, "voltage": null, "operator:wikidata": null, "operator": null, "description": null, "circuits": null, "check_date": null, "cables": null, "power": null, "layer": null, "bridge": null, "width": ".5", "wheelchair": null, "trail_visibility": null, "stroller": null, "snowmobile": null, "ski": null, "incline": null, "barrier": null, "waterway": null, "intermittent": null, "mtb:scale:imba": "2", "mtb:scale": "3", "dog": "leashed", "source:url": null, "boundary": null, "border_type": null, "admin_level": null, "ref": null, "smoothness": null, "lit": null, "motor_vehicle": null, "horse": null, "bicycle": "yes", "foot": "yes", "tiger:name_type_1": null, "tiger:name_direction_suffix_1": null, "tiger:name_base_1": null, "name_1": null, "tiger:upload_uuid": null, "tiger:tlid": null, "tiger:source": null, "tiger:separated": null, "tiger:name_direction_suffix": null, "sidewalk:both": null, "maxspeed": null, "lanes": null, "cycleway": null, "tracktype": null, "tiger:name_direction_prefix": null, "surface": "ground", "tiger:name_type": null, "tiger:name_base": null, "oneway": null, "name": "667", "tiger:reviewed": null, "tiger:county": null, "tiger:cfcc": null, "service": null, "highway": "path", "access": null }, "geometry": { "type": "LineString", "coordinates": [ [ -104.9219141, 38.7919568 ], [ -104.9219979, 38.7919602 ], [ -104.9220677, 38.7920025 ], [ -104.9221335, 38.7920314 ], [ -104.9222017, 38.7920447 ], [ -104.9222843, 38.79203 ], [ -104.9223538, 38.7919948 ], [ -104.9224174, 38.79195 ], [ -104.9225734, 38.7918284 ], [ -104.9226757, 38.7917707 ], [ -104.9227774, 38.7917229 ], [ -104.9229004, 38.7916838 ], [ -104.9231392, 38.7916048 ], [ -104.9232662, 38.7915118 ], [ -104.9233761, 38.7914186 ], [ -104.9234206, 38.7913273 ], [ -104.9235004, 38.7910754 ], [ -104.9236928, 38.7909375 ], [ -104.923767, 38.7908344 ], [ -104.9238894, 38.7907114 ], [ -104.9240855, 38.7905973 ], [ -104.9241879, 38.7905172 ], [ -104.9242898, 38.7904037 ], [ -104.9244532, 38.790302 ], [ -104.9246141, 38.7901928 ], [ -104.9246648, 38.7901108 ], [ -104.9246912, 38.7900321 ], [ -104.9247545, 38.7899459 ], [ -104.9248777, 38.7898404 ], [ -104.9249964, 38.7897588 ], [ -104.9250978, 38.7896919 ], [ -104.9251845, 38.7896894 ], [ -104.925176, 38.7897652 ], [ -104.9251241, 38.7898025 ], [ -104.9250347, 38.7898575 ], [ -104.9249715, 38.7899181 ], [ -104.9248974, 38.790018 ], [ -104.9248439, 38.7901418 ], [ -104.9247585, 38.7903154 ], [ -104.9246757, 38.7904569 ], [ -104.9246038, 38.79056 ], [ -104.9244965, 38.7906688 ], [ -104.9244232, 38.7907882 ], [ -104.9243685, 38.7909083 ], [ -104.9243152, 38.7909708 ], [ -104.9242766, 38.7910912 ], [ -104.9241593, 38.7911966 ], [ -104.9241056, 38.7912776 ], [ -104.924101, 38.7913771 ], [ -104.9241398, 38.7913855 ], [ -104.9243495, 38.7913782 ], [ -104.9245526, 38.7914723 ], [ -104.924708, 38.7915382 ], [ -104.9248339, 38.7915969 ], [ -104.9249634, 38.7916456 ], [ -104.9251485, 38.7917103 ], [ -104.9252934, 38.7918032 ], [ -104.9254407, 38.7919096 ], [ -104.9256303, 38.7920786 ], [ -104.925727, 38.7921006 ], [ -104.925899, 38.792117 ], [ -104.9260306, 38.7921299 ], [ -104.9261181, 38.7921643 ], [ -104.9263298, 38.7921714 ], [ -104.9265035, 38.7921728 ], [ -104.9266515, 38.79219 ], [ -104.9268155, 38.792199 ], [ -104.9269182, 38.7922293 ], [ -104.9270392, 38.7922604 ], [ -104.927226, 38.7922624 ], [ -104.9273437, 38.7922982 ], [ -104.9274364, 38.792352 ], [ -104.9276906, 38.7923457 ], [ -104.927771, 38.7924116 ], [ -104.9279085, 38.7924593 ], [ -104.927998, 38.7925188 ], [ -104.9281312, 38.7925854 ], [ -104.9282533, 38.7925914 ], [ -104.9283836, 38.7925978 ], [ -104.9285276, 38.7925807 ], [ -104.9286653, 38.7926576 ], [ -104.9287632, 38.7927285 ], [ -104.9288639, 38.792785 ], [ -104.9289836, 38.7928618 ], [ -104.9290978, 38.7928629 ], [ -104.9292799, 38.7928603 ], [ -104.9293863, 38.7927933 ], [ -104.9294714, 38.7928149 ], [ -104.9295341, 38.7928711 ], [ -104.9296869, 38.7929146 ], [ -104.9298195, 38.7929277 ], [ -104.9300956, 38.7929886 ], [ -104.9302097, 38.7929883 ], [ -104.9304786, 38.7929102 ], [ -104.9305918, 38.7928294 ], [ -104.9307224, 38.7927693 ], [ -104.9308547, 38.7926915 ], [ -104.9310244, 38.7926145 ], [ -104.931102, 38.7925687 ], [ -104.9312124, 38.7925387 ], [ -104.9313415, 38.7924804 ], [ -104.9315482, 38.7924761 ], [ -104.9318837, 38.792479 ], [ -104.9320927, 38.7923776 ] ] } }
]
}
