{
"type": "FeatureCollection",
"name": "cheyenneMnt",
"crs": { "type": "name", "properties": { "name": "urn:ogc:def:crs:OGC:1.3:CRS84" } },
"features": [
{ "type": "Feature", "properties": { "full_id": "w1120475020", "osm_id": "1120475020", "osm_type": "way", "horse": null, "playground:theme": null, "playground": null, "colour": null, "backrest": null, "amenity": null, "power": null, "incline": null, "handrail:right": null, "handrail:left": null, "rockfall_barrier": null, "bridge:structure": null, "fence_type": null, "material": null, "ladder": null, "dog": null, "segregated": null, "mtb:scale:imba": null, "mtb:scale": null, "par": null, "source:hgv": null, "hgv": null, "attraction": null, "content": null, "footway": null, "crossing": null, "handrail": null, "bridge": null, "aerialway": null, "barrier": null, "tunnel": null, "condition": null, "man_made": null, "golf_cart": null, "golf": null, "bicycle": null, "intermittent": null, "waterway": null, "layer": null, "lanes": null, "ford": null, "natural": null, "attribution": null, "operator": null, "ref": null, "railway": null, "old_railway_operator": null, "alt_name": null, "tiger:CLASSFP": null, "wikidata": null, "tiger:STATEFP": null, "tiger:PLCIDFP": null, "tiger:PLACEFP": null, "tiger:PCINECTA": null, "tiger:PCICBSA": null, "tiger:NAMELSAD": null, "tiger:NAME": null, "tiger:MTFCC": null, "tiger:LSAD": null, "tiger:FUNCSTAT": null, "tiger:CPI": null, "is_in:state": null, "is_in:iso_3166_2": null, "gnis:feature_id": null, "border_type": null, "admin_level": null, "source:url": null, "boundary": null, "tiger:name_direction_suffix": null, "tiger:name_type_1": null, "tiger:name_base_1": null, "name_1": null, "lane_markings": null, "maxspeed": null, "tiger:name_direction_prefix": null, "smoothness": null, "ref:usfs": null, "wikipedia": null, "oneway": null, "motorcar": null, "motor_vehicle": null, "foot": null, "covered": null, "tiger:name_type": null, "tiger:name_base": null, "surface": null, "name": null, "service": null, "access": null, "tiger:reviewed": null, "tiger:county": null, "tiger:cfcc": null, "highway": "service" }, "geometry": { "type": "LineString", "coordinates": [ [ -104.8794767, 38.7826655 ], [ -104.8797089, 38.7827307 ] ] } },
{ "type": "Feature", "properties": { "full_id": "w1120475019", "osm_id": "1120475019", "osm_type": "way", "horse": null, "playground:theme": null, "playground": null, "colour": null, "backrest": null, "amenity": null, "power": null, "incline": null, "handrail:right": null, "handrail:left": null, "rockfall_barrier": null, "bridge:structure": null, "fence_type": null, "material": null, "ladder": null, "dog": null, "segregated": null, "mtb:scale:imba": null, "mtb:scale": null, "par": null, "source:hgv": null, "hgv": null, "attraction": null, "content": null, "footway": null, "crossing": null, "handrail": null, "bridge": null, "aerialway": null, "barrier": null, "tunnel": null, "condition": null, "man_made": null, "golf_cart": null, "golf": null, "bicycle": null, "intermittent": null, "waterway": null, "layer": null, "lanes": null, "ford": null, "natural": null, "attribution": null, "operator": null, "ref": null, "railway": null, "old_railway_operator": null, "alt_name": null, "tiger:CLASSFP": null, "wikidata": null, "tiger:STATEFP": null, "tiger:PLCIDFP": null, "tiger:PLACEFP": null, "tiger:PCINECTA": null, "tiger:PCICBSA": null, "tiger:NAMELSAD": null, "tiger:NAME": null, "tiger:MTFCC": null, "tiger:LSAD": null, "tiger:FUNCSTAT": null, "tiger:CPI": null, "is_in:state": null, "is_in:iso_3166_2": null, "gnis:feature_id": null, "border_type": null, "admin_level": null, "source:url": null, "boundary": null, "tiger:name_direction_suffix": null, "tiger:name_type_1": null, "tiger:name_base_1": null, "name_1": null, "lane_markings": null, "maxspeed": null, "tiger:name_direction_prefix": null, "smoothness": null, "ref:usfs": null, "wikipedia": null, "oneway": null, "motorcar": null, "motor_vehicle": null, "foot": null, "covered": null, "tiger:name_type": null, "tiger:name_base": null, "surface": null, "name": null, "service": null, "access": null, "tiger:reviewed": null, "tiger:county": null, "tiger:cfcc": null, "highway": "path" }, "geometry": { "type": "LineString", "coordinates": [ [ -104.8794127, 38.7827494 ], [ -104.8794767, 38.7826655 ] ] } },
{ "type": "Feature", "properties": { "full_id": "w1120475017", "osm_id": "1120475017", "osm_type": "way", "horse": null, "playground:theme": null, "playground": null, "colour": null, "backrest": null, "amenity": null, "power": null, "incline": null, "handrail:right": null, "handrail:left": null, "rockfall_barrier": null, "bridge:structure": null, "fence_type": null, "material": null, "ladder": null, "dog": null, "segregated": null, "mtb:scale:imba": null, "mtb:scale": null, "par": null, "source:hgv": null, "hgv": null, "attraction": null, "content": null, "footway": null, "crossing": null, "handrail": null, "bridge": null, "aerialway": null, "barrier": "handrail", "tunnel": null, "condition": null, "man_made": null, "golf_cart": null, "golf": null, "bicycle": null, "intermittent": null, "waterway": null, "layer": null, "lanes": null, "ford": null, "natural": null, "attribution": null, "operator": null, "ref": null, "railway": null, "old_railway_operator": null, "alt_name": null, "tiger:CLASSFP": null, "wikidata": null, "tiger:STATEFP": null, "tiger:PLCIDFP": null, "tiger:PLACEFP": null, "tiger:PCINECTA": null, "tiger:PCICBSA": null, "tiger:NAMELSAD": null, "tiger:NAME": null, "tiger:MTFCC": null, "tiger:LSAD": null, "tiger:FUNCSTAT": null, "tiger:CPI": null, "is_in:state": null, "is_in:iso_3166_2": null, "gnis:feature_id": null, "border_type": null, "admin_level": null, "source:url": null, "boundary": null, "tiger:name_direction_suffix": null, "tiger:name_type_1": null, "tiger:name_base_1": null, "name_1": null, "lane_markings": null, "maxspeed": null, "tiger:name_direction_prefix": null, "smoothness": null, "ref:usfs": null, "wikipedia": null, "oneway": null, "motorcar": null, "motor_vehicle": null, "foot": null, "covered": null, "tiger:name_type": null, "tiger:name_base": null, "surface": null, "name": null, "service": null, "access": null, "tiger:reviewed": null, "tiger:county": null, "tiger:cfcc": null, "highway": null }, "geometry": { "type": "LineString", "coordinates": [ [ -104.8794808, 38.7820318 ], [ -104.879523, 38.7820537 ], [ -104.8795515, 38.7820215 ], [ -104.8795364, 38.7819727 ], [ -104.8794928, 38.7819528 ] ] } },
{ "type": "Feature", "properties": { "full_id": "w7673138", "osm_id": "7673138", "osm_type": "way", "horse": null, "playground:theme": null, "playground": null, "colour": null, "backrest": null, "amenity": null, "power": null, "incline": null, "handrail:right": null, "handrail:left": null, "rockfall_barrier": null, "bridge:structure": null, "fence_type": null, "material": null, "ladder": null, "dog": null, "segregated": null, "mtb:scale:imba": null, "mtb:scale": null, "par": null, "source:hgv": null, "hgv": null, "attraction": null, "content": null, "footway": null, "crossing": null, "handrail": null, "bridge": null, "aerialway": null, "barrier": null, "tunnel": null, "condition": null, "man_made": null, "golf_cart": null, "golf": null, "bicycle": null, "intermittent": null, "waterway": null, "layer": null, "lanes": null, "ford": null, "natural": null, "attribution": null, "operator": null, "ref": null, "railway": null, "old_railway_operator": null, "alt_name": null, "tiger:CLASSFP": null, "wikidata": null, "tiger:STATEFP": null, "tiger:PLCIDFP": null, "tiger:PLACEFP": null, "tiger:PCINECTA": null, "tiger:PCICBSA": null, "tiger:NAMELSAD": null, "tiger:NAME": null, "tiger:MTFCC": null, "tiger:LSAD": null, "tiger:FUNCSTAT": null, "tiger:CPI": null, "is_in:state": null, "is_in:iso_3166_2": null, "gnis:feature_id": null, "border_type": null, "admin_level": null, "source:url": null, "boundary": null, "tiger:name_direction_suffix": null, "tiger:name_type_1": null, "tiger:name_base_1": null, "name_1": null, "lane_markings": null, "maxspeed": null, "tiger:name_direction_prefix": null, "smoothness": null, "ref:usfs": null, "wikipedia": null, "oneway": null, "motorcar": null, "motor_vehicle": null, "foot": null, "covered": null, "tiger:name_type": "Rd", "tiger:name_base": "Myron", "surface": "unpaved", "name": "Myron Road", "service": null, "access": "private", "tiger:reviewed": "no", "tiger:county": "El Paso, CO", "tiger:cfcc": "A74;A41", "highway": "residential" }, "geometry": { "type": "LineString", "coordinates": [ [ -104.8857204, 38.7592982 ], [ -104.8859469, 38.7592704 ], [ -104.8860694, 38.7592397 ], [ -104.8862582, 38.7591805 ], [ -104.8863492, 38.7591691 ], [ -104.8864834, 38.7591953 ], [ -104.8866771, 38.7592833 ], [ -104.8867445, 38.7593487 ], [ -104.88678, 38.7594721 ], [ -104.8867899, 38.7596457 ], [ -104.8867638, 38.7599239 ], [ -104.8867614, 38.7601395 ], [ -104.8867189, 38.7604174 ], [ -104.8866967, 38.7605019 ], [ -104.8866464, 38.7605732 ], [ -104.8865668, 38.7606379 ], [ -104.8864471, 38.7606907 ], [ -104.8863746, 38.7607506 ], [ -104.886304, 38.76087 ], [ -104.886147, 38.7610968 ], [ -104.8860494, 38.7612822 ], [ -104.8860217, 38.761456 ], [ -104.885991, 38.7615613 ], [ -104.8859784, 38.7616602 ], [ -104.8860067, 38.7617417 ], [ -104.8860582, 38.7617746 ], [ -104.8861437, 38.7617858 ], [ -104.8862698, 38.7617663 ], [ -104.886568, 38.7617052 ], [ -104.8867804, 38.7616959 ], [ -104.8869006, 38.7617046 ], [ -104.8870134, 38.7617377 ], [ -104.887133, 38.7617827 ], [ -104.8873881, 38.7619178 ], [ -104.8875258, 38.7619757 ], [ -104.8876733, 38.762021 ], [ -104.8878116, 38.7620437 ], [ -104.887946, 38.7620586 ], [ -104.8881266, 38.7620614 ], [ -104.8882662, 38.7620719 ], [ -104.8883508, 38.7620966 ], [ -104.8884057, 38.762139 ], [ -104.8884367, 38.7622065 ], [ -104.8884196, 38.7622672 ], [ -104.8882846, 38.7625179 ], [ -104.8882847, 38.7626037 ], [ -104.8883121, 38.7626693 ], [ -104.8883546, 38.7627262 ], [ -104.8884159, 38.7627563 ], [ -104.8884993, 38.7627719 ], [ -104.8887808, 38.762781 ], [ -104.8890238, 38.7627939 ], [ -104.8893779, 38.7628126 ], [ -104.8896344, 38.7628243 ], [ -104.8897615, 38.762846 ], [ -104.8899142, 38.7629013 ], [ -104.8906558, 38.763344 ], [ -104.8907735, 38.7634019 ], [ -104.890878, 38.7634305 ], [ -104.8909747, 38.763439 ], [ -104.8910713, 38.7634138 ], [ -104.8913479, 38.7633398 ], [ -104.8915057, 38.7633266 ], [ -104.891689, 38.7633215 ], [ -104.8917553, 38.7633203 ], [ -104.8918671, 38.7633182 ], [ -104.8919552, 38.7633076 ], [ -104.8921934, 38.7631453 ], [ -104.8922665, 38.7631201 ], [ -104.8923571, 38.7631245 ], [ -104.8924289, 38.76315 ], [ -104.8924627, 38.7631935 ], [ -104.8924554, 38.7632638 ], [ -104.8922638, 38.7635698 ], [ -104.8922187, 38.7636831 ], [ -104.8921982, 38.7637784 ], [ -104.8922248, 38.7638744 ], [ -104.8922604, 38.7639662 ], [ -104.8923425, 38.7640547 ], [ -104.8926068, 38.7642314 ], [ -104.8927013, 38.7643053 ], [ -104.8927746, 38.7643902 ], [ -104.8928327, 38.7645129 ], [ -104.8929201, 38.7646055 ], [ -104.89304, 38.7647263 ], [ -104.8931556, 38.7647711 ], [ -104.8933473, 38.7648837 ], [ -104.8935346, 38.7649783 ], [ -104.8937661, 38.7650481 ], [ -104.8940566, 38.7651372 ], [ -104.8942874, 38.7652538 ], [ -104.8944631, 38.7653313 ], [ -104.8946245, 38.7654349 ], [ -104.8948182, 38.7656208 ], [ -104.8949984, 38.7657187 ], [ -104.8951171, 38.7657603 ], [ -104.8952496, 38.7657825 ], [ -104.8953927, 38.7658096 ], [ -104.8955531, 38.7658543 ], [ -104.8956943, 38.7658686 ], [ -104.8958697, 38.7658743 ], [ -104.8963949, 38.7658517 ], [ -104.8965427, 38.7658106 ], [ -104.8967728, 38.7657145 ], [ -104.8969758, 38.7656171 ], [ -104.897153, 38.7655013 ], [ -104.897291, 38.7653782 ], [ -104.8973657, 38.7652235 ], [ -104.8973961, 38.7651003 ], [ -104.8974382, 38.7649857 ], [ -104.8974614, 38.764945 ], [ -104.8975298, 38.7648952 ], [ -104.898004, 38.7647781 ], [ -104.8980855, 38.7647318 ], [ -104.8981616, 38.7646439 ], [ -104.8983434, 38.7643353 ], [ -104.8984471, 38.7642322 ], [ -104.8985699, 38.7641286 ], [ -104.8987071, 38.7639371 ], [ -104.8988815, 38.7637325 ], [ -104.8995362, 38.7631898 ], [ -104.8996775, 38.7630319 ], [ -104.8997539, 38.7629881 ], [ -104.8998162, 38.7629846 ], [ -104.8998669, 38.7630011 ], [ -104.8999159, 38.7630555 ], [ -104.8999432, 38.7631474 ], [ -104.8998936, 38.7634227 ], [ -104.8998438, 38.763538 ], [ -104.8994977, 38.7640141 ], [ -104.8995023, 38.7641927 ], [ -104.8992188, 38.7649563 ], [ -104.8990813, 38.7654981 ], [ -104.8990338, 38.7656406 ], [ -104.8989429, 38.7658164 ], [ -104.8989438, 38.7658731 ], [ -104.8989816, 38.7659339 ], [ -104.899046, 38.7659862 ], [ -104.8991131, 38.7660615 ], [ -104.8991533, 38.766164 ], [ -104.8991593, 38.7662311 ], [ -104.8991003, 38.766321 ], [ -104.8989629, 38.7664128 ], [ -104.89881, 38.7664902 ], [ -104.8986893, 38.7666157 ], [ -104.8985961, 38.7667477 ], [ -104.8984727, 38.7668752 ], [ -104.8983594, 38.7669482 ], [ -104.8982762, 38.7669963 ], [ -104.8981642, 38.7670342 ], [ -104.8980328, 38.767053 ], [ -104.8978665, 38.7670676 ], [ -104.8977022, 38.7671636 ], [ -104.8975735, 38.7672703 ], [ -104.8974293, 38.7674817 ], [ -104.8973435, 38.7676657 ], [ -104.8973033, 38.7678393 ], [ -104.8973381, 38.7679313 ], [ -104.8973965, 38.7680085 ], [ -104.8974018, 38.768088 ], [ -104.8973267, 38.7681549 ], [ -104.8972355, 38.7681946 ], [ -104.8971316, 38.7682241 ], [ -104.8970424, 38.7682699 ], [ -104.8969432, 38.7683557 ], [ -104.8968654, 38.7684623 ], [ -104.8967239, 38.768611 ], [ -104.8965569, 38.7687509 ], [ -104.89652, 38.7688243 ], [ -104.8964818, 38.7689872 ], [ -104.8964496, 38.7690981 ], [ -104.8963618, 38.7692907 ], [ -104.8963082, 38.7694475 ], [ -104.8962518, 38.7694998 ], [ -104.8961848, 38.7695061 ], [ -104.8960855, 38.7695249 ], [ -104.8959829, 38.7695435 ], [ -104.8959514, 38.7695667 ], [ -104.8959058, 38.7696253 ], [ -104.895828, 38.7697591 ], [ -104.8957798, 38.7698177 ], [ -104.8957147, 38.7698635 ], [ -104.8956135, 38.7698699 ], [ -104.8954016, 38.7698971 ], [ -104.8953419, 38.7699429 ], [ -104.8952326, 38.7701 ], [ -104.8951682, 38.7702192 ], [ -104.8950281, 38.7704866 ], [ -104.8949241, 38.770583 ], [ -104.8948403, 38.7706456 ], [ -104.8948001, 38.7707313 ], [ -104.8948437, 38.7708737 ], [ -104.8949235, 38.7710178 ], [ -104.8949402, 38.7711372 ], [ -104.8949047, 38.7712206 ], [ -104.8948356, 38.771225 ], [ -104.8947786, 38.7711809 ], [ -104.8947176, 38.7711079 ], [ -104.8946499, 38.771045 ], [ -104.8945694, 38.7710136 ], [ -104.8944621, 38.7709843 ], [ -104.8943501, 38.7709866 ], [ -104.8942261, 38.7710053 ], [ -104.8940846, 38.7710557 ], [ -104.8939183, 38.771133 ], [ -104.8937359, 38.7712397 ], [ -104.8936233, 38.7713547 ], [ -104.8935347, 38.7714718 ], [ -104.8934811, 38.7715492 ], [ -104.8934214, 38.7716075 ], [ -104.8933416, 38.7716328 ], [ -104.8931854, 38.771687 ], [ -104.8930915, 38.7717497 ], [ -104.8930224, 38.7718566 ], [ -104.8929312, 38.7719925 ], [ -104.8928743, 38.7720237 ], [ -104.8927918, 38.7720552 ], [ -104.8927536, 38.7720843 ], [ -104.8926845, 38.7721891 ], [ -104.8926389, 38.7722288 ], [ -104.8925738, 38.7722579 ], [ -104.892486, 38.7722727 ], [ -104.8923137, 38.772283 ], [ -104.8921963, 38.7723313 ], [ -104.8920857, 38.7723582 ], [ -104.8919603, 38.7723982 ], [ -104.8918738, 38.7724503 ], [ -104.8916518, 38.7726575 ], [ -104.8913239, 38.7729981 ], [ -104.8911721, 38.7731704 ] ] } },
{ "type": "Feature", "properties": { "full_id": "w1120475015", "osm_id": "1120475015", "osm_type": "way", "horse": null, "playground:theme": null, "playground": null, "colour": null, "backrest": null, "amenity": null, "power": null, "incline": null, "handrail:right": null, "handrail:left": null, "rockfall_barrier": null, "bridge:structure": null, "fence_type": null, "material": null, "ladder": null, "dog": null, "segregated": null, "mtb:scale:imba": null, "mtb:scale": null, "par": null, "source:hgv": null, "hgv": null, "attraction": null, "content": null, "footway": null, "crossing": null, "handrail": null, "bridge": null, "aerialway": null, "barrier": null, "tunnel": null, "condition": null, "man_made": null, "golf_cart": null, "golf": null, "bicycle": null, "intermittent": null, "waterway": null, "layer": null, "lanes": null, "ford": null, "natural": null, "attribution": null, "operator": null, "ref": null, "railway": null, "old_railway_operator": null, "alt_name": null, "tiger:CLASSFP": null, "wikidata": null, "tiger:STATEFP": null, "tiger:PLCIDFP": null, "tiger:PLACEFP": null, "tiger:PCINECTA": null, "tiger:PCICBSA": null, "tiger:NAMELSAD": null, "tiger:NAME": null, "tiger:MTFCC": null, "tiger:LSAD": null, "tiger:FUNCSTAT": null, "tiger:CPI": null, "is_in:state": null, "is_in:iso_3166_2": null, "gnis:feature_id": null, "border_type": null, "admin_level": null, "source:url": null, "boundary": null, "tiger:name_direction_suffix": null, "tiger:name_type_1": null, "tiger:name_base_1": null, "name_1": null, "lane_markings": null, "maxspeed": null, "tiger:name_direction_prefix": null, "smoothness": null, "ref:usfs": null, "wikipedia": null, "oneway": null, "motorcar": null, "motor_vehicle": null, "foot": null, "covered": null, "tiger:name_type": null, "tiger:name_base": null, "surface": null, "name": null, "service": null, "access": null, "tiger:reviewed": null, "tiger:county": null, "tiger:cfcc": null, "highway": "footway" }, "geometry": { "type": "LineString", "coordinates": [ [ -104.879872, 38.7823166 ], [ -104.8797765, 38.782257 ] ] } },
{ "type": "Feature", "properties": { "full_id": "w1120475028", "osm_id": "1120475028", "osm_type": "way", "horse": null, "playground:theme": null, "playground": null, "colour": null, "backrest": null, "amenity": null, "power": null, "incline": null, "handrail:right": null, "handrail:left": null, "rockfall_barrier": null, "bridge:structure": null, "fence_type": null, "material": null, "ladder": null, "dog": null, "segregated": null, "mtb:scale:imba": null, "mtb:scale": null, "par": null, "source:hgv": null, "hgv": null, "attraction": null, "content": null, "footway": null, "crossing": null, "handrail": null, "bridge": null, "aerialway": null, "barrier": null, "tunnel": null, "condition": null, "man_made": "storage_tank", "golf_cart": null, "golf": null, "bicycle": null, "intermittent": null, "waterway": null, "layer": null, "lanes": null, "ford": null, "natural": null, "attribution": null, "operator": null, "ref": null, "railway": null, "old_railway_operator": null, "alt_name": null, "tiger:CLASSFP": null, "wikidata": null, "tiger:STATEFP": null, "tiger:PLCIDFP": null, "tiger:PLACEFP": null, "tiger:PCINECTA": null, "tiger:PCICBSA": null, "tiger:NAMELSAD": null, "tiger:NAME": null, "tiger:MTFCC": null, "tiger:LSAD": null, "tiger:FUNCSTAT": null, "tiger:CPI": null, "is_in:state": null, "is_in:iso_3166_2": null, "gnis:feature_id": null, "border_type": null, "admin_level": null, "source:url": null, "boundary": null, "tiger:name_direction_suffix": null, "tiger:name_type_1": null, "tiger:name_base_1": null, "name_1": null, "lane_markings": null, "maxspeed": null, "tiger:name_direction_prefix": null, "smoothness": null, "ref:usfs": null, "wikipedia": null, "oneway": null, "motorcar": null, "motor_vehicle": null, "foot": null, "covered": null, "tiger:name_type": null, "tiger:name_base": null, "surface": null, "name": null, "service": null, "access": null, "tiger:reviewed": null, "tiger:county": null, "tiger:cfcc": null, "highway": null }, "geometry": { "type": "LineString", "coordinates": [ [ -104.8783152, 38.783545 ], [ -104.8783095, 38.7835525 ], [ -104.8783123, 38.783561 ], [ -104.878322, 38.7835655 ], [ -104.8783329, 38.7835633 ], [ -104.8783386, 38.7835557 ], [ -104.8783358, 38.7835472 ], [ -104.8783261, 38.7835428 ], [ -104.8783152, 38.783545 ] ] } },
{ "type": "Feature", "properties": { "full_id": "w1120475027", "osm_id": "1120475027", "osm_type": "way", "horse": null, "playground:theme": null, "playground": null, "colour": null, "backrest": null, "amenity": null, "power": null, "incline": null, "handrail:right": null, "handrail:left": null, "rockfall_barrier": null, "bridge:structure": null, "fence_type": null, "material": null, "ladder": null, "dog": null, "segregated": null, "mtb:scale:imba": null, "mtb:scale": null, "par": null, "source:hgv": null, "hgv": null, "attraction": null, "content": null, "footway": null, "crossing": null, "handrail": null, "bridge": null, "aerialway": null, "barrier": null, "tunnel": null, "condition": null, "man_made": "storage_tank", "golf_cart": null, "golf": null, "bicycle": null, "intermittent": null, "waterway": null, "layer": null, "lanes": null, "ford": null, "natural": null, "attribution": null, "operator": null, "ref": null, "railway": null, "old_railway_operator": null, "alt_name": null, "tiger:CLASSFP": null, "wikidata": null, "tiger:STATEFP": null, "tiger:PLCIDFP": null, "tiger:PLACEFP": null, "tiger:PCINECTA": null, "tiger:PCICBSA": null, "tiger:NAMELSAD": null, "tiger:NAME": null, "tiger:MTFCC": null, "tiger:LSAD": null, "tiger:FUNCSTAT": null, "tiger:CPI": null, "is_in:state": null, "is_in:iso_3166_2": null, "gnis:feature_id": null, "border_type": null, "admin_level": null, "source:url": null, "boundary": null, "tiger:name_direction_suffix": null, "tiger:name_type_1": null, "tiger:name_base_1": null, "name_1": null, "lane_markings": null, "maxspeed": null, "tiger:name_direction_prefix": null, "smoothness": null, "ref:usfs": null, "wikipedia": null, "oneway": null, "motorcar": null, "motor_vehicle": null, "foot": null, "covered": null, "tiger:name_type": null, "tiger:name_base": null, "surface": null, "name": null, "service": null, "access": null, "tiger:reviewed": null, "tiger:county": null, "tiger:cfcc": null, "highway": null }, "geometry": { "type": "LineString", "coordinates": [ [ -104.8782887, 38.7835361 ], [ -104.878283, 38.7835437 ], [ -104.8782858, 38.7835522 ], [ -104.8782955, 38.7835566 ], [ -104.8783064, 38.7835544 ], [ -104.8783121, 38.7835468 ], [ -104.8783093, 38.7835383 ], [ -104.8782996, 38.7835339 ], [ -104.8782887, 38.7835361 ] ] } },
{ "type": "Feature", "properties": { "full_id": "w7677888", "osm_id": "7677888", "osm_type": "way", "horse": null, "playground:theme": null, "playground": null, "colour": null, "backrest": null, "amenity": null, "power": null, "incline": null, "handrail:right": null, "handrail:left": null, "rockfall_barrier": null, "bridge:structure": null, "fence_type": null, "material": null, "ladder": null, "dog": null, "segregated": null, "mtb:scale:imba": null, "mtb:scale": null, "par": null, "source:hgv": null, "hgv": null, "attraction": null, "content": null, "footway": null, "crossing": null, "handrail": null, "bridge": null, "aerialway": null, "barrier": null, "tunnel": null, "condition": null, "man_made": null, "golf_cart": null, "golf": null, "bicycle": null, "intermittent": null, "waterway": null, "layer": null, "lanes": null, "ford": null, "natural": null, "attribution": null, "operator": null, "ref": null, "railway": null, "old_railway_operator": null, "alt_name": null, "tiger:CLASSFP": null, "wikidata": null, "tiger:STATEFP": null, "tiger:PLCIDFP": null, "tiger:PLACEFP": null, "tiger:PCINECTA": null, "tiger:PCICBSA": null, "tiger:NAMELSAD": null, "tiger:NAME": null, "tiger:MTFCC": null, "tiger:LSAD": null, "tiger:FUNCSTAT": null, "tiger:CPI": null, "is_in:state": null, "is_in:iso_3166_2": null, "gnis:feature_id": null, "border_type": null, "admin_level": null, "source:url": null, "boundary": null, "tiger:name_direction_suffix": null, "tiger:name_type_1": null, "tiger:name_base_1": null, "name_1": null, "lane_markings": null, "maxspeed": null, "tiger:name_direction_prefix": null, "smoothness": "good", "ref:usfs": "FR 368", "wikipedia": null, "oneway": null, "motorcar": null, "motor_vehicle": null, "foot": null, "covered": null, "tiger:name_type": null, "tiger:name_base": null, "surface": "unpaved", "name": "Old Stage Road", "service": null, "access": null, "tiger:reviewed": null, "tiger:county": null, "tiger:cfcc": null, "highway": "unclassified" }, "geometry": { "type": "LineString", "coordinates": [ [ -104.9034532, 38.7332988 ], [ -104.9031171, 38.7331459 ], [ -104.9030009, 38.7331154 ], [ -104.9028714, 38.7331185 ], [ -104.9027424, 38.7331428 ], [ -104.9026339, 38.7331847 ], [ -104.9025513, 38.7332345 ], [ -104.9023809, 38.7333819 ], [ -104.9020862, 38.7336651 ], [ -104.9020132, 38.7337125 ], [ -104.9019417, 38.7337361 ], [ -104.9018524, 38.7337442 ], [ -104.9015688, 38.7336894 ], [ -104.9014619, 38.7336982 ], [ -104.9013673, 38.7337248 ], [ -104.9013169, 38.7337538 ], [ -104.9012076, 38.7339351 ], [ -104.9011593, 38.733962 ], [ -104.9010982, 38.7339696 ], [ -104.9010376, 38.7339472 ], [ -104.9010062, 38.7339198 ], [ -104.9007547, 38.7335273 ], [ -104.9006973, 38.7334729 ], [ -104.9006156, 38.7334383 ], [ -104.9004953, 38.7334126 ], [ -104.9000949, 38.7333943 ], [ -104.8996789, 38.7333147 ], [ -104.8989906, 38.7330826 ], [ -104.8984597, 38.732976 ], [ -104.8982277, 38.732906 ], [ -104.8981015, 38.7328582 ], [ -104.8979703, 38.7327917 ], [ -104.8976003, 38.7325104 ], [ -104.8974999, 38.7324499 ], [ -104.8973959, 38.7324247 ], [ -104.8973045, 38.7324248 ], [ -104.8972365, 38.7324439 ], [ -104.897182, 38.7324794 ], [ -104.8971493, 38.7325255 ], [ -104.8971418, 38.7325883 ], [ -104.8971584, 38.732673 ], [ -104.8971549, 38.7327268 ], [ -104.8971298, 38.7327643 ], [ -104.8970648, 38.7327966 ], [ -104.8969574, 38.7328119 ], [ -104.8968233, 38.7328616 ], [ -104.8967303, 38.732913 ], [ -104.8966495, 38.7329722 ], [ -104.8965705, 38.7330636 ], [ -104.8965188, 38.7331027 ], [ -104.8963395, 38.7331929 ], [ -104.8962705, 38.7332591 ], [ -104.8961925, 38.7333507 ], [ -104.8960772, 38.7335665 ], [ -104.8960234, 38.7336643 ], [ -104.8959308, 38.7337712 ], [ -104.8957135, 38.733903 ], [ -104.8956435, 38.7339455 ], [ -104.8955967, 38.7339923 ], [ -104.895559, 38.7340334 ], [ -104.8955568, 38.7340621 ], [ -104.8955282, 38.7344405 ], [ -104.8955806, 38.7347153 ], [ -104.8956118, 38.7348007 ], [ -104.8956031, 38.7349934 ], [ -104.8956585, 38.7351933 ], [ -104.8957091, 38.7352435 ], [ -104.8958034, 38.73528 ], [ -104.8959198, 38.7353173 ], [ -104.8959797, 38.7353566 ], [ -104.896116, 38.7355057 ], [ -104.8961811, 38.7355496 ], [ -104.8962604, 38.7355763 ], [ -104.8963547, 38.7355866 ], [ -104.8964464, 38.735585 ], [ -104.8966186, 38.7355568 ], [ -104.8967082, 38.7355535 ], [ -104.8967914, 38.7355766 ], [ -104.8968237, 38.7355997 ], [ -104.8968721, 38.7356524 ], [ -104.8969064, 38.7357163 ], [ -104.896907, 38.7357819 ], [ -104.8968938, 38.7358591 ], [ -104.8968418, 38.7359527 ], [ -104.8967148, 38.7361256 ], [ -104.8966851, 38.7361811 ], [ -104.8967838, 38.7373759 ], [ -104.8967832, 38.7374598 ], [ -104.8967635, 38.7375393 ], [ -104.8967118, 38.7376307 ], [ -104.8966462, 38.7377316 ], [ -104.8965618, 38.7378167 ], [ -104.8964356, 38.7379221 ], [ -104.8963185, 38.7380465 ], [ -104.8962037, 38.7382217 ], [ -104.8961433, 38.7383331 ], [ -104.8960807, 38.738585 ], [ -104.896052, 38.7386623 ], [ -104.8960001, 38.7387486 ], [ -104.8959304, 38.7388303 ], [ -104.8956148, 38.739139 ], [ -104.895399, 38.7393743 ], [ -104.8951706, 38.7396737 ], [ -104.8951431, 38.7397354 ], [ -104.8951454, 38.7397987 ], [ -104.8952217, 38.7400524 ], [ -104.8952402, 38.7403851 ], [ -104.8952703, 38.7409048 ], [ -104.8952717, 38.7410747 ], [ -104.8952508, 38.7412028 ], [ -104.8952142, 38.7413383 ], [ -104.8951519, 38.7414649 ], [ -104.8950934, 38.7415053 ], [ -104.8950227, 38.7415461 ], [ -104.8949551, 38.7415507 ], [ -104.8948905, 38.7415434 ], [ -104.8946955, 38.7414573 ], [ -104.894611, 38.7414328 ], [ -104.8945214, 38.7414396 ], [ -104.8944997, 38.7414685 ], [ -104.8944863, 38.7416456 ], [ -104.8944757, 38.7418444 ], [ -104.8944581, 38.741964 ], [ -104.8943979, 38.7420691 ], [ -104.8941321, 38.7423609 ], [ -104.894066, 38.742446 ], [ -104.8939854, 38.7425188 ], [ -104.8938903, 38.7425966 ], [ -104.8936953, 38.7427186 ], [ -104.893618, 38.7427917 ], [ -104.8935746, 38.7428561 ], [ -104.8935377, 38.7429604 ], [ -104.893513, 38.7431271 ], [ -104.8934938, 38.7436047 ], [ -104.8935162, 38.743751 ], [ -104.8936302, 38.7441637 ], [ -104.8936355, 38.7442315 ], [ -104.8935974, 38.7443258 ], [ -104.8935227, 38.7444057 ], [ -104.8933449, 38.7445868 ], [ -104.892965, 38.7449026 ], [ -104.8929492, 38.7449747 ], [ -104.8929543, 38.7450306 ], [ -104.8929735, 38.7450961 ], [ -104.8930085, 38.7451414 ], [ -104.8931686, 38.7453115 ], [ -104.8931692, 38.7453704 ], [ -104.8931437, 38.7454115 ], [ -104.8930521, 38.7454777 ], [ -104.8929606, 38.7455079 ], [ -104.8928677, 38.7455163 ], [ -104.8926048, 38.7455122 ], [ -104.892445, 38.745539 ], [ -104.8923602, 38.7456141 ], [ -104.89233, 38.7456852 ], [ -104.8923239, 38.7457451 ], [ -104.8922789, 38.7458199 ], [ -104.8922229, 38.745895 ], [ -104.8921483, 38.7459676 ], [ -104.8920508, 38.74604 ], [ -104.8919117, 38.7461027 ], [ -104.8917948, 38.7461941 ], [ -104.891688, 38.7463079 ], [ -104.8916124, 38.7464159 ], [ -104.8913501, 38.7469264 ], [ -104.8912808, 38.7470304 ], [ -104.8911823, 38.7471591 ], [ -104.8910363, 38.7472887 ], [ -104.890737, 38.7475626 ], [ -104.8901751, 38.7479346 ], [ -104.8900443, 38.748072 ], [ -104.8899213, 38.7482175 ], [ -104.8897747, 38.7484152 ], [ -104.8896647, 38.7485707 ], [ -104.8894487, 38.7487793 ], [ -104.888672, 38.7494556 ], [ -104.8885661, 38.7495994 ], [ -104.8885028, 38.7497183 ], [ -104.888428, 38.7498262 ], [ -104.8881739, 38.7500954 ], [ -104.8881007, 38.7502005 ], [ -104.8880409, 38.7503136 ], [ -104.8879944, 38.7504086 ], [ -104.8879629, 38.750503 ], [ -104.8879378, 38.7506038 ], [ -104.8878254, 38.7515465 ], [ -104.8878057, 38.7516395 ], [ -104.8877779, 38.7517174 ], [ -104.8874976, 38.7522944 ], [ -104.8873911, 38.7524801 ], [ -104.8873484, 38.752569 ], [ -104.8873342, 38.7526516 ], [ -104.8873376, 38.7527204 ], [ -104.8873828, 38.7527998 ], [ -104.8874406, 38.7528634 ], [ -104.8875835, 38.7529677 ], [ -104.8876824, 38.7530556 ], [ -104.8877406, 38.7531148 ], [ -104.8877829, 38.7531804 ], [ -104.8878342, 38.7533069 ], [ -104.8879077, 38.7535573 ], [ -104.8879505, 38.7540552 ], [ -104.8879418, 38.754127 ], [ -104.8878703, 38.7544018 ], [ -104.8878333, 38.7544791 ], [ -104.8877929, 38.7545299 ], [ -104.8877374, 38.7545752 ], [ -104.8876, 38.7546582 ], [ -104.8874284, 38.7547538 ], [ -104.8873399, 38.7548261 ], [ -104.8872616, 38.7549044 ], [ -104.8871742, 38.7550129 ], [ -104.8870795, 38.755107 ], [ -104.8869868, 38.7551833 ], [ -104.8868515, 38.7552538 ], [ -104.8867716, 38.7553154 ], [ -104.8866627, 38.7554655 ], [ -104.8865705, 38.7556663 ], [ -104.886474, 38.7560019 ], [ -104.8864222, 38.7562952 ], [ -104.8864036, 38.7565393 ], [ -104.8864403, 38.7570625 ], [ -104.8864371, 38.757346 ], [ -104.8864032, 38.7575514 ], [ -104.8862405, 38.757971 ], [ -104.886145, 38.7583141 ], [ -104.8860173, 38.7587697 ], [ -104.8859458, 38.7589698 ], [ -104.8858422, 38.7591592 ], [ -104.8857204, 38.7592982 ], [ -104.8851644, 38.7598071 ], [ -104.8850737, 38.7598638 ], [ -104.8849888, 38.7599019 ], [ -104.8849314, 38.7599023 ], [ -104.8848797, 38.759887 ], [ -104.8848503, 38.7598491 ], [ -104.8847979, 38.759724 ], [ -104.8847069, 38.7594727 ], [ -104.8846645, 38.7594311 ], [ -104.8845865, 38.7594114 ], [ -104.8844976, 38.7594197 ], [ -104.8843962, 38.7594526 ], [ -104.8842798, 38.7595374 ], [ -104.8841353, 38.7596936 ], [ -104.8840517, 38.7598287 ], [ -104.883945, 38.7602355 ], [ -104.8839319, 38.7603303 ], [ -104.8839188, 38.760841 ], [ -104.8839023, 38.760885 ], [ -104.8838595, 38.7609183 ], [ -104.8837806, 38.7609466 ], [ -104.8836385, 38.7610186 ], [ -104.8833194, 38.7612066 ], [ -104.8829365, 38.7613967 ], [ -104.8828645, 38.7614586 ], [ -104.88279, 38.7615609 ], [ -104.8827177, 38.7616944 ], [ -104.8825101, 38.7621309 ], [ -104.8823636, 38.7624699 ], [ -104.8822036, 38.7628094 ], [ -104.8821374, 38.7629024 ], [ -104.8820615, 38.7629765 ], [ -104.8819441, 38.7630335 ], [ -104.8818237, 38.7630726 ], [ -104.8817061, 38.7630914 ], [ -104.881311, 38.7631333 ], [ -104.8811673, 38.7631715 ], [ -104.8810594, 38.763249 ], [ -104.880996, 38.7633528 ], [ -104.8809294, 38.763503 ], [ -104.880895, 38.7638464 ], [ -104.8808995, 38.7640016 ], [ -104.8809533, 38.7643372 ], [ -104.8809946, 38.7646107 ], [ -104.8809766, 38.7647201 ], [ -104.8808903, 38.7648184 ], [ -104.8808018, 38.7648993 ], [ -104.8805059, 38.7650424 ], [ -104.8803871, 38.7651172 ], [ -104.8803203, 38.7652091 ], [ -104.8803042, 38.7652887 ], [ -104.880334, 38.7654379 ], [ -104.8804141, 38.7656366 ], [ -104.8804476, 38.7657964 ], [ -104.8804432, 38.7659605 ], [ -104.8805179, 38.7664193 ], [ -104.8805238, 38.7664892 ], [ -104.8805111, 38.7665714 ], [ -104.880494, 38.7666693 ], [ -104.8803683, 38.7670478 ], [ -104.8803288, 38.7672146 ], [ -104.8802958, 38.7672966 ], [ -104.880216, 38.7674301 ], [ -104.8801928, 38.7675082 ], [ -104.8801881, 38.767589 ], [ -104.8801964, 38.7676718 ], [ -104.8802692, 38.7679122 ], [ -104.880319, 38.7681428 ], [ -104.8803192, 38.7682154 ], [ -104.8803097, 38.7682714 ], [ -104.8801545, 38.7685139 ], [ -104.8801018, 38.7685516 ], [ -104.8800415, 38.7685768 ], [ -104.8796638, 38.7686786 ], [ -104.8795738, 38.7687157 ], [ -104.8795049, 38.7687708 ], [ -104.8794632, 38.7688268 ], [ -104.8794326, 38.7688889 ], [ -104.8793803, 38.7690734 ], [ -104.8793544, 38.7691174 ], [ -104.8793046, 38.7691532 ], [ -104.8792527, 38.7691635 ], [ -104.8790577, 38.7691775 ], [ -104.8789575, 38.7691956 ], [ -104.8788664, 38.7692533 ], [ -104.8787636, 38.7693152 ], [ -104.8786581, 38.7693644 ], [ -104.8786144, 38.7694065 ], [ -104.878594, 38.769448 ], [ -104.8785891, 38.7694872 ], [ -104.8786013, 38.7695319 ], [ -104.8786186, 38.7695793 ], [ -104.8786466, 38.7696324 ], [ -104.8788719, 38.7700003 ], [ -104.8789032, 38.770091 ], [ -104.8789253, 38.7701947 ], [ -104.8789337, 38.7703223 ], [ -104.878927, 38.7704244 ], [ -104.8789135, 38.7705225 ], [ -104.8788994, 38.770594 ], [ -104.8788678, 38.77066 ], [ -104.8788026, 38.7707653 ], [ -104.8787813, 38.7708114 ], [ -104.8787849, 38.7708639 ], [ -104.8788786, 38.7710496 ], [ -104.8788687, 38.7710918 ], [ -104.8788365, 38.7711297 ], [ -104.8787141, 38.7712132 ], [ -104.8786675, 38.7712623 ], [ -104.8786359, 38.7713376 ], [ -104.8786061, 38.7715961 ], [ -104.8785758, 38.7717202 ], [ -104.8784991, 38.7719113 ], [ -104.8784575, 38.7719518 ], [ -104.878415, 38.7719746 ], [ -104.8783636, 38.771981 ], [ -104.8783048, 38.7719797 ], [ -104.8780984, 38.7719342 ], [ -104.8780328, 38.7719434 ], [ -104.8779766, 38.7719539 ], [ -104.8779364, 38.7719861 ], [ -104.8779071, 38.7720217 ], [ -104.8778145, 38.7722318 ], [ -104.8777841, 38.7722622 ], [ -104.8777368, 38.7722884 ], [ -104.8775883, 38.7723386 ], [ -104.8775445, 38.7723715 ], [ -104.8775033, 38.7724193 ], [ -104.8773842, 38.7726448 ], [ -104.8773414, 38.7726919 ], [ -104.8772832, 38.7727204 ], [ -104.8772005, 38.7727358 ], [ -104.87712, 38.7727415 ], [ -104.8770425, 38.7727292 ], [ -104.8769667, 38.7727108 ], [ -104.8768986, 38.7726781 ], [ -104.8766485, 38.7724525 ], [ -104.8765707, 38.7724062 ], [ -104.8764846, 38.7723618 ], [ -104.8763831, 38.7723291 ], [ -104.8762899, 38.7723154 ], [ -104.8762148, 38.7723208 ], [ -104.8761574, 38.7723541 ], [ -104.8758121, 38.7726696 ], [ -104.8757516, 38.7727056 ], [ -104.8756931, 38.7727317 ], [ -104.8756248, 38.7727337 ], [ -104.8755621, 38.7727282 ], [ -104.8754874, 38.772701 ], [ -104.8753145, 38.772603 ], [ -104.8751955, 38.7725411 ], [ -104.8751345, 38.7724982 ], [ -104.8750846, 38.7724346 ], [ -104.8749511, 38.7721958 ], [ -104.8749085, 38.7721445 ], [ -104.8748589, 38.7721126 ], [ -104.8747968, 38.7720973 ], [ -104.874738, 38.7720975 ], [ -104.8746835, 38.7721096 ], [ -104.8744581, 38.7722784 ], [ -104.8741312, 38.7724856 ], [ -104.8740252, 38.7725347 ], [ -104.8739574, 38.7725526 ], [ -104.8738691, 38.7725578 ], [ -104.873489, 38.7725245 ], [ -104.8734116, 38.7725092 ], [ -104.8733319, 38.7724778 ], [ -104.8730165, 38.7723293 ], [ -104.8729352, 38.7723138 ], [ -104.8728652, 38.7723195 ], [ -104.8727946, 38.7723435 ], [ -104.8727242, 38.7723903 ], [ -104.8726945, 38.7724456 ], [ -104.8726912, 38.7725034 ], [ -104.8727082, 38.7725674 ], [ -104.8729385, 38.7730577 ], [ -104.8729489, 38.7731183 ], [ -104.8729457, 38.77319 ], [ -104.8729252, 38.7732652 ], [ -104.8728351, 38.7734108 ], [ -104.8728317, 38.773476 ], [ -104.8728493, 38.7735283 ], [ -104.8728941, 38.7735821 ], [ -104.8729771, 38.7736327 ], [ -104.8730973, 38.7736922 ], [ -104.8738025, 38.7738849 ], [ -104.8738964, 38.7739306 ], [ -104.8739656, 38.7739705 ], [ -104.8740183, 38.7740235 ], [ -104.8740519, 38.7740742 ], [ -104.8740694, 38.7741373 ], [ -104.8740913, 38.7742736 ], [ -104.874127, 38.7743395 ], [ -104.8741945, 38.7743961 ], [ -104.8744009, 38.7745233 ], [ -104.8744498, 38.7745899 ], [ -104.8744785, 38.7746757 ], [ -104.8744963, 38.7747857 ], [ -104.8745261, 38.7748588 ], [ -104.8745906, 38.7749564 ], [ -104.8746079, 38.7750029 ], [ -104.8746059, 38.7750637 ], [ -104.8745864, 38.775127 ], [ -104.8744919, 38.7753043 ], [ -104.8744569, 38.7753899 ], [ -104.8744455, 38.7754587 ], [ -104.8744456, 38.7756316 ], [ -104.8744243, 38.7756811 ], [ -104.8743966, 38.7757192 ], [ -104.8743372, 38.7757591 ], [ -104.8741669, 38.7758247 ], [ -104.8740801, 38.7758736 ], [ -104.8739857, 38.7759537 ], [ -104.8739199, 38.7760427 ], [ -104.8738809, 38.7761206 ], [ -104.8738582, 38.7761987 ], [ -104.873876, 38.7762418 ], [ -104.8739208, 38.776269 ], [ -104.8740118, 38.7762904 ], [ -104.8740929, 38.7763216 ], [ -104.8741337, 38.7763644 ], [ -104.8743018, 38.7766817 ], [ -104.8743323, 38.7767479 ], [ -104.8743442, 38.7768202 ], [ -104.8743452, 38.7768817 ], [ -104.8742975, 38.7772142 ], [ -104.8742805, 38.777284 ], [ -104.8742556, 38.7773372 ], [ -104.8741687, 38.7774775 ], [ -104.8741443, 38.7775412 ], [ -104.8741137, 38.777821 ], [ -104.8741221, 38.7778907 ], [ -104.8741445, 38.7779552 ], [ -104.8743167, 38.7782963 ], [ -104.874327, 38.7783477 ], [ -104.8743124, 38.7784156 ], [ -104.8742345, 38.7786009 ], [ -104.8740812, 38.7787995 ], [ -104.8740409, 38.7788566 ], [ -104.8739859, 38.7788939 ], [ -104.8733837, 38.7791044 ], [ -104.873022, 38.7791908 ], [ -104.8728715, 38.7792099 ], [ -104.8727977, 38.7792037 ], [ -104.8727405, 38.7791782 ], [ -104.8726751, 38.7791423 ], [ -104.8725335, 38.7790323 ], [ -104.8724652, 38.779001 ], [ -104.8723951, 38.7789841 ], [ -104.872319, 38.7789775 ], [ -104.8722446, 38.778994 ], [ -104.8721932, 38.7790254 ], [ -104.8721558, 38.7790741 ], [ -104.8721339, 38.7793083 ], [ -104.8721459, 38.7795146 ], [ -104.8721526, 38.7796104 ], [ -104.8721359, 38.7796756 ], [ -104.8721085, 38.7797397 ], [ -104.8720351, 38.7798598 ], [ -104.8719981, 38.7799516 ], [ -104.8719423, 38.7801233 ], [ -104.8719021, 38.780193 ], [ -104.8715793, 38.7805449 ], [ -104.871233, 38.7808386 ], [ -104.8711485, 38.7808568 ], [ -104.8710814, 38.780855 ], [ -104.8709323, 38.7808119 ], [ -104.8706212, 38.7807776 ], [ -104.8704903, 38.7807864 ], [ -104.8700784, 38.7808421 ], [ -104.8700065, 38.7808394 ], [ -104.8699453, 38.7808281 ], [ -104.8698925, 38.7808086 ], [ -104.8698465, 38.78077 ], [ -104.8697586, 38.7806237 ], [ -104.86971, 38.7805699 ], [ -104.8696406, 38.7805165 ], [ -104.8695873, 38.7804437 ], [ -104.869571, 38.7803841 ], [ -104.869577, 38.7802889 ], [ -104.8695582, 38.7802009 ], [ -104.8695184, 38.780132 ], [ -104.8693479, 38.7799505 ], [ -104.8692884, 38.7799012 ], [ -104.8692127, 38.77987 ], [ -104.8691013, 38.7798361 ], [ -104.869044, 38.7798117 ], [ -104.8688813, 38.7797064 ], [ -104.8687898, 38.7796546 ], [ -104.8686984, 38.7796211 ], [ -104.868578, 38.7795857 ], [ -104.8684384, 38.7795179 ], [ -104.8683405, 38.7794837 ], [ -104.8682596, 38.7794804 ], [ -104.8681391, 38.7794953 ], [ -104.8680302, 38.7795069 ], [ -104.8679233, 38.7795038 ], [ -104.867838, 38.779484 ], [ -104.8677524, 38.7794581 ], [ -104.8676954, 38.7794296 ], [ -104.8676517, 38.779389 ], [ -104.8676006, 38.7793126 ], [ -104.8675598, 38.7792806 ], [ -104.8672775, 38.779178 ], [ -104.867212, 38.7791724 ], [ -104.8671528, 38.779178 ], [ -104.8669555, 38.7792182 ], [ -104.8669019, 38.7792127 ], [ -104.8668576, 38.7792008 ], [ -104.8668148, 38.779169 ], [ -104.866733, 38.7790868 ], [ -104.8666822, 38.7790481 ], [ -104.8666122, 38.7790266 ], [ -104.8665309, 38.7790171 ], [ -104.8660003, 38.7790721 ], [ -104.8659016, 38.7790814 ], [ -104.8658313, 38.7790666 ], [ -104.865776, 38.7790474 ], [ -104.8657241, 38.7790095 ], [ -104.8656836, 38.7789612 ], [ -104.8656733, 38.7788912 ], [ -104.8656893, 38.7788041 ], [ -104.8657153, 38.7787137 ], [ -104.8657166, 38.7786389 ], [ -104.8656949, 38.77857 ], [ -104.8656387, 38.7784957 ], [ -104.8655232, 38.7784029 ], [ -104.8653988, 38.7783344 ], [ -104.8652678, 38.7782812 ], [ -104.8650937, 38.7782285 ], [ -104.8649535, 38.7782014 ], [ -104.8648315, 38.7781865 ], [ -104.8646901, 38.7781772 ], [ -104.8643802, 38.7781636 ], [ -104.8642781, 38.7781454 ], [ -104.8641891, 38.7781175 ], [ -104.8641297, 38.778075 ], [ -104.8640865, 38.7780121 ], [ -104.8640722, 38.7779501 ], [ -104.864085, 38.7778644 ], [ -104.8640773, 38.7777885 ], [ -104.863911, 38.7772289 ], [ -104.8638912, 38.777127 ], [ -104.863893, 38.7770385 ], [ -104.863903, 38.7768589 ], [ -104.8638891, 38.776809 ], [ -104.8638506, 38.7767717 ], [ -104.8637987, 38.7767614 ], [ -104.8637559, 38.7767852 ], [ -104.8637464, 38.7768408 ] ] } },
{ "type": "Feature", "properties": { "full_id": "w1120475022", "osm_id": "1120475022", "osm_type": "way", "horse": null, "playground:theme": null, "playground": null, "colour": null, "backrest": null, "amenity": null, "power": null, "incline": null, "handrail:right": null, "handrail:left": null, "rockfall_barrier": null, "bridge:structure": null, "fence_type": null, "material": null, "ladder": null, "dog": null, "segregated": null, "mtb:scale:imba": null, "mtb:scale": null, "par": null, "source:hgv": null, "hgv": null, "attraction": null, "content": null, "footway": null, "crossing": null, "handrail": null, "bridge": null, "aerialway": null, "barrier": "handrail", "tunnel": null, "condition": null, "man_made": null, "golf_cart": null, "golf": null, "bicycle": null, "intermittent": null, "waterway": null, "layer": null, "lanes": null, "ford": null, "natural": null, "attribution": null, "operator": null, "ref": null, "railway": null, "old_railway_operator": null, "alt_name": null, "tiger:CLASSFP": null, "wikidata": null, "tiger:STATEFP": null, "tiger:PLCIDFP": null, "tiger:PLACEFP": null, "tiger:PCINECTA": null, "tiger:PCICBSA": null, "tiger:NAMELSAD": null, "tiger:NAME": null, "tiger:MTFCC": null, "tiger:LSAD": null, "tiger:FUNCSTAT": null, "tiger:CPI": null, "is_in:state": null, "is_in:iso_3166_2": null, "gnis:feature_id": null, "border_type": null, "admin_level": null, "source:url": null, "boundary": null, "tiger:name_direction_suffix": null, "tiger:name_type_1": null, "tiger:name_base_1": null, "name_1": null, "lane_markings": null, "maxspeed": null, "tiger:name_direction_prefix": null, "smoothness": null, "ref:usfs": null, "wikipedia": null, "oneway": null, "motorcar": null, "motor_vehicle": null, "foot": null, "covered": null, "tiger:name_type": null, "tiger:name_base": null, "surface": null, "name": null, "service": null, "access": null, "tiger:reviewed": null, "tiger:county": null, "tiger:cfcc": null, "highway": null }, "geometry": { "type": "LineString", "coordinates": [ [ -104.8792702, 38.7834057 ], [ -104.8793711, 38.783385 ], [ -104.8793916, 38.7833738 ], [ -104.879411, 38.7833568 ], [ -104.8794264, 38.7833359 ], [ -104.8794321, 38.7833176 ], [ -104.8794358, 38.7832962 ], [ -104.8794395, 38.7832758 ], [ -104.8794425, 38.7832447 ], [ -104.8794489, 38.7832196 ], [ -104.879467, 38.7831741 ], [ -104.8794807, 38.7831265 ], [ -104.8794875, 38.7830824 ], [ -104.8794975, 38.7830758 ], [ -104.8795009, 38.7830664 ], [ -104.8794965, 38.783057 ], [ -104.8794898, 38.7830518 ], [ -104.8794885, 38.7830105 ], [ -104.8794928, 38.7829912 ], [ -104.8795133, 38.782954 ], [ -104.8795371, 38.782901 ], [ -104.8795622, 38.7828218 ], [ -104.8795961, 38.7827528 ], [ -104.8796125, 38.7827209 ] ] } },
{ "type": "Feature", "properties": { "full_id": "w1120475021", "osm_id": "1120475021", "osm_type": "way", "horse": null, "playground:theme": null, "playground": null, "colour": null, "backrest": null, "amenity": null, "power": null, "incline": null, "handrail:right": null, "handrail:left": null, "rockfall_barrier": null, "bridge:structure": null, "fence_type": null, "material": null, "ladder": null, "dog": null, "segregated": null, "mtb:scale:imba": null, "mtb:scale": null, "par": null, "source:hgv": null, "hgv": null, "attraction": null, "content": null, "footway": null, "crossing": null, "handrail": null, "bridge": null, "aerialway": null, "barrier": "handrail", "tunnel": null, "condition": null, "man_made": null, "golf_cart": null, "golf": null, "bicycle": null, "intermittent": null, "waterway": null, "layer": null, "lanes": null, "ford": null, "natural": null, "attribution": null, "operator": null, "ref": null, "railway": null, "old_railway_operator": null, "alt_name": null, "tiger:CLASSFP": null, "wikidata": null, "tiger:STATEFP": null, "tiger:PLCIDFP": null, "tiger:PLACEFP": null, "tiger:PCINECTA": null, "tiger:PCICBSA": null, "tiger:NAMELSAD": null, "tiger:NAME": null, "tiger:MTFCC": null, "tiger:LSAD": null, "tiger:FUNCSTAT": null, "tiger:CPI": null, "is_in:state": null, "is_in:iso_3166_2": null, "gnis:feature_id": null, "border_type": null, "admin_level": null, "source:url": null, "boundary": null, "tiger:name_direction_suffix": null, "tiger:name_type_1": null, "tiger:name_base_1": null, "name_1": null, "lane_markings": null, "maxspeed": null, "tiger:name_direction_prefix": null, "smoothness": null, "ref:usfs": null, "wikipedia": null, "oneway": null, "motorcar": null, "motor_vehicle": null, "foot": null, "covered": null, "tiger:name_type": null, "tiger:name_base": null, "surface": null, "name": null, "service": null, "access": null, "tiger:reviewed": null, "tiger:county": null, "tiger:cfcc": null, "highway": null }, "geometry": { "type": "LineString", "coordinates": [ [ -104.8796279, 38.7826749 ], [ -104.8796943, 38.7825748 ], [ -104.8797838, 38.7824562 ], [ -104.8798086, 38.7824209 ] ] } },
{ "type": "Feature", "properties": { "full_id": "w1119779911", "osm_id": "1119779911", "osm_type": "way", "horse": null, "playground:theme": null, "playground": null, "colour": null, "backrest": null, "amenity": null, "power": null, "incline": null, "handrail:right": null, "handrail:left": null, "rockfall_barrier": null, "bridge:structure": null, "fence_type": null, "material": null, "ladder": "yes", "dog": null, "segregated": null, "mtb:scale:imba": null, "mtb:scale": null, "par": null, "source:hgv": null, "hgv": null, "attraction": null, "content": null, "footway": null, "crossing": null, "handrail": null, "bridge": null, "aerialway": null, "barrier": null, "tunnel": null, "condition": null, "man_made": null, "golf_cart": null, "golf": null, "bicycle": null, "intermittent": null, "waterway": null, "layer": null, "lanes": null, "ford": null, "natural": null, "attribution": null, "operator": null, "ref": null, "railway": null, "old_railway_operator": null, "alt_name": null, "tiger:CLASSFP": null, "wikidata": null, "tiger:STATEFP": null, "tiger:PLCIDFP": null, "tiger:PLACEFP": null, "tiger:PCINECTA": null, "tiger:PCICBSA": null, "tiger:NAMELSAD": null, "tiger:NAME": null, "tiger:MTFCC": null, "tiger:LSAD": null, "tiger:FUNCSTAT": null, "tiger:CPI": null, "is_in:state": null, "is_in:iso_3166_2": null, "gnis:feature_id": null, "border_type": null, "admin_level": null, "source:url": null, "boundary": null, "tiger:name_direction_suffix": null, "tiger:name_type_1": null, "tiger:name_base_1": null, "name_1": null, "lane_markings": null, "maxspeed": null, "tiger:name_direction_prefix": null, "smoothness": null, "ref:usfs": null, "wikipedia": null, "oneway": null, "motorcar": null, "motor_vehicle": null, "foot": null, "covered": null, "tiger:name_type": null, "tiger:name_base": null, "surface": null, "name": null, "service": null, "access": null, "tiger:reviewed": null, "tiger:county": null, "tiger:cfcc": null, "highway": "via_ferrata" }, "geometry": { "type": "LineString", "coordinates": [ [ -104.8790561, 38.7825301 ], [ -104.8790681, 38.7825234 ] ] } },
{ "type": "Feature", "properties": { "full_id": "w1119779910", "osm_id": "1119779910", "osm_type": "way", "horse": null, "playground:theme": null, "playground": null, "colour": null, "backrest": null, "amenity": null, "power": null, "incline": null, "handrail:right": null, "handrail:left": null, "rockfall_barrier": null, "bridge:structure": null, "fence_type": null, "material": null, "ladder": null, "dog": null, "segregated": null, "mtb:scale:imba": null, "mtb:scale": null, "par": null, "source:hgv": null, "hgv": null, "attraction": null, "content": null, "footway": null, "crossing": null, "handrail": null, "bridge": null, "aerialway": null, "barrier": "fence", "tunnel": null, "condition": null, "man_made": null, "golf_cart": null, "golf": null, "bicycle": null, "intermittent": null, "waterway": null, "layer": null, "lanes": null, "ford": null, "natural": null, "attribution": null, "operator": null, "ref": null, "railway": null, "old_railway_operator": null, "alt_name": null, "tiger:CLASSFP": null, "wikidata": null, "tiger:STATEFP": null, "tiger:PLCIDFP": null, "tiger:PLACEFP": null, "tiger:PCINECTA": null, "tiger:PCICBSA": null, "tiger:NAMELSAD": null, "tiger:NAME": null, "tiger:MTFCC": null, "tiger:LSAD": null, "tiger:FUNCSTAT": null, "tiger:CPI": null, "is_in:state": null, "is_in:iso_3166_2": null, "gnis:feature_id": null, "border_type": null, "admin_level": null, "source:url": null, "boundary": null, "tiger:name_direction_suffix": null, "tiger:name_type_1": null, "tiger:name_base_1": null, "name_1": null, "lane_markings": null, "maxspeed": null, "tiger:name_direction_prefix": null, "smoothness": null, "ref:usfs": null, "wikipedia": null, "oneway": null, "motorcar": null, "motor_vehicle": null, "foot": null, "covered": null, "tiger:name_type": null, "tiger:name_base": null, "surface": null, "name": null, "service": null, "access": null, "tiger:reviewed": null, "tiger:county": null, "tiger:cfcc": null, "highway": null }, "geometry": { "type": "LineString", "coordinates": [ [ -104.8790462, 38.7825594 ], [ -104.8790375, 38.7826786 ], [ -104.8790392, 38.7827285 ] ] } },
{ "type": "Feature", "properties": { "full_id": "w1119779908", "osm_id": "1119779908", "osm_type": "way", "horse": null, "playground:theme": null, "playground": null, "colour": null, "backrest": null, "amenity": null, "power": null, "incline": null, "handrail:right": null, "handrail:left": null, "rockfall_barrier": null, "bridge:structure": null, "fence_type": null, "material": null, "ladder": null, "dog": null, "segregated": null, "mtb:scale:imba": null, "mtb:scale": null, "par": null, "source:hgv": null, "hgv": null, "attraction": null, "content": null, "footway": null, "crossing": null, "handrail": null, "bridge": null, "aerialway": null, "barrier": null, "tunnel": null, "condition": null, "man_made": null, "golf_cart": null, "golf": null, "bicycle": null, "intermittent": null, "waterway": null, "layer": null, "lanes": null, "ford": null, "natural": null, "attribution": null, "operator": null, "ref": null, "railway": null, "old_railway_operator": null, "alt_name": null, "tiger:CLASSFP": null, "wikidata": null, "tiger:STATEFP": null, "tiger:PLCIDFP": null, "tiger:PLACEFP": null, "tiger:PCINECTA": null, "tiger:PCICBSA": null, "tiger:NAMELSAD": null, "tiger:NAME": null, "tiger:MTFCC": null, "tiger:LSAD": null, "tiger:FUNCSTAT": null, "tiger:CPI": null, "is_in:state": null, "is_in:iso_3166_2": null, "gnis:feature_id": null, "border_type": null, "admin_level": null, "source:url": null, "boundary": null, "tiger:name_direction_suffix": null, "tiger:name_type_1": null, "tiger:name_base_1": null, "name_1": null, "lane_markings": null, "maxspeed": null, "tiger:name_direction_prefix": null, "smoothness": null, "ref:usfs": null, "wikipedia": null, "oneway": null, "motorcar": null, "motor_vehicle": null, "foot": null, "covered": null, "tiger:name_type": null, "tiger:name_base": null, "surface": null, "name": null, "service": null, "access": null, "tiger:reviewed": null, "tiger:county": null, "tiger:cfcc": null, "highway": "via_ferrata" }, "geometry": { "type": "LineString", "coordinates": [ [ -104.8790921, 38.7826611 ], [ -104.8790921, 38.7826833 ], [ -104.8790911, 38.7826888 ], [ -104.8791111, 38.7826907 ] ] } },
{ "type": "Feature", "properties": { "full_id": "w1119779907", "osm_id": "1119779907", "osm_type": "way", "horse": null, "playground:theme": null, "playground": null, "colour": null, "backrest": null, "amenity": null, "power": null, "incline": null, "handrail:right": null, "handrail:left": null, "rockfall_barrier": null, "bridge:structure": null, "fence_type": null, "material": null, "ladder": null, "dog": null, "segregated": null, "mtb:scale:imba": null, "mtb:scale": null, "par": null, "source:hgv": null, "hgv": null, "attraction": null, "content": null, "footway": null, "crossing": null, "handrail": null, "bridge": null, "aerialway": null, "barrier": null, "tunnel": null, "condition": null, "man_made": null, "golf_cart": null, "golf": null, "bicycle": null, "intermittent": null, "waterway": null, "layer": null, "lanes": null, "ford": null, "natural": null, "attribution": null, "operator": null, "ref": null, "railway": null, "old_railway_operator": null, "alt_name": null, "tiger:CLASSFP": null, "wikidata": null, "tiger:STATEFP": null, "tiger:PLCIDFP": null, "tiger:PLACEFP": null, "tiger:PCINECTA": null, "tiger:PCICBSA": null, "tiger:NAMELSAD": null, "tiger:NAME": null, "tiger:MTFCC": null, "tiger:LSAD": null, "tiger:FUNCSTAT": null, "tiger:CPI": null, "is_in:state": null, "is_in:iso_3166_2": null, "gnis:feature_id": null, "border_type": null, "admin_level": null, "source:url": null, "boundary": null, "tiger:name_direction_suffix": null, "tiger:name_type_1": null, "tiger:name_base_1": null, "name_1": null, "lane_markings": null, "maxspeed": null, "tiger:name_direction_prefix": null, "smoothness": null, "ref:usfs": null, "wikipedia": null, "oneway": null, "motorcar": null, "motor_vehicle": null, "foot": null, "covered": null, "tiger:name_type": null, "tiger:name_base": null, "surface": null, "name": null, "service": null, "access": null, "tiger:reviewed": null, "tiger:county": null, "tiger:cfcc": null, "highway": "steps" }, "geometry": { "type": "LineString", "coordinates": [ [ -104.8790858, 38.7826203 ], [ -104.8790921, 38.7826611 ] ] } },
{ "type": "Feature", "properties": { "full_id": "w1119779916", "osm_id": "1119779916", "osm_type": "way", "horse": null, "playground:theme": null, "playground": null, "colour": null, "backrest": null, "amenity": null, "power": null, "incline": null, "handrail:right": null, "handrail:left": null, "rockfall_barrier": null, "bridge:structure": null, "fence_type": null, "material": null, "ladder": null, "dog": null, "segregated": null, "mtb:scale:imba": null, "mtb:scale": null, "par": null, "source:hgv": null, "hgv": null, "attraction": null, "content": null, "footway": null, "crossing": null, "handrail": null, "bridge": null, "aerialway": "zip_line", "barrier": null, "tunnel": null, "condition": null, "man_made": null, "golf_cart": null, "golf": null, "bicycle": null, "intermittent": null, "waterway": null, "layer": "1", "lanes": null, "ford": null, "natural": null, "attribution": null, "operator": null, "ref": null, "railway": null, "old_railway_operator": null, "alt_name": null, "tiger:CLASSFP": null, "wikidata": null, "tiger:STATEFP": null, "tiger:PLCIDFP": null, "tiger:PLACEFP": null, "tiger:PCINECTA": null, "tiger:PCICBSA": null, "tiger:NAMELSAD": null, "tiger:NAME": null, "tiger:MTFCC": null, "tiger:LSAD": null, "tiger:FUNCSTAT": null, "tiger:CPI": null, "is_in:state": null, "is_in:iso_3166_2": null, "gnis:feature_id": null, "border_type": null, "admin_level": null, "source:url": null, "boundary": null, "tiger:name_direction_suffix": null, "tiger:name_type_1": null, "tiger:name_base_1": null, "name_1": null, "lane_markings": null, "maxspeed": null, "tiger:name_direction_prefix": null, "smoothness": null, "ref:usfs": null, "wikipedia": null, "oneway": null, "motorcar": null, "motor_vehicle": null, "foot": null, "covered": null, "tiger:name_type": null, "tiger:name_base": null, "surface": null, "name": "Millionaire's View", "service": null, "access": null, "tiger:reviewed": null, "tiger:county": null, "tiger:cfcc": null, "highway": "via_ferrata" }, "geometry": { "type": "LineString", "coordinates": [ [ -104.8747981, 38.7828887 ], [ -104.8746739, 38.7859366 ] ] } },
{ "type": "Feature", "properties": { "full_id": "w1119779915", "osm_id": "1119779915", "osm_type": "way", "horse": null, "playground:theme": null, "playground": null, "colour": null, "backrest": null, "amenity": null, "power": null, "incline": null, "handrail:right": null, "handrail:left": null, "rockfall_barrier": null, "bridge:structure": null, "fence_type": null, "material": null, "ladder": "yes", "dog": null, "segregated": null, "mtb:scale:imba": null, "mtb:scale": null, "par": null, "source:hgv": null, "hgv": null, "attraction": null, "content": null, "footway": null, "crossing": null, "handrail": null, "bridge": null, "aerialway": null, "barrier": null, "tunnel": null, "condition": null, "man_made": null, "golf_cart": null, "golf": null, "bicycle": null, "intermittent": null, "waterway": null, "layer": null, "lanes": null, "ford": null, "natural": null, "attribution": null, "operator": null, "ref": null, "railway": null, "old_railway_operator": null, "alt_name": null, "tiger:CLASSFP": null, "wikidata": null, "tiger:STATEFP": null, "tiger:PLCIDFP": null, "tiger:PLACEFP": null, "tiger:PCINECTA": null, "tiger:PCICBSA": null, "tiger:NAMELSAD": null, "tiger:NAME": null, "tiger:MTFCC": null, "tiger:LSAD": null, "tiger:FUNCSTAT": null, "tiger:CPI": null, "is_in:state": null, "is_in:iso_3166_2": null, "gnis:feature_id": null, "border_type": null, "admin_level": null, "source:url": null, "boundary": null, "tiger:name_direction_suffix": null, "tiger:name_type_1": null, "tiger:name_base_1": null, "name_1": null, "lane_markings": null, "maxspeed": null, "tiger:name_direction_prefix": null, "smoothness": null, "ref:usfs": null, "wikipedia": null, "oneway": null, "motorcar": null, "motor_vehicle": null, "foot": null, "covered": null, "tiger:name_type": null, "tiger:name_base": null, "surface": null, "name": null, "service": null, "access": null, "tiger:reviewed": null, "tiger:county": null, "tiger:cfcc": null, "highway": "via_ferrata" }, "geometry": { "type": "LineString", "coordinates": [ [ -104.8755776, 38.7820309 ], [ -104.8755687, 38.7820228 ] ] } },
{ "type": "Feature", "properties": { "full_id": "w1119779914", "osm_id": "1119779914", "osm_type": "way", "horse": null, "playground:theme": null, "playground": null, "colour": null, "backrest": null, "amenity": null, "power": null, "incline": null, "handrail:right": null, "handrail:left": null, "rockfall_barrier": null, "bridge:structure": null, "fence_type": null, "material": null, "ladder": null, "dog": null, "segregated": null, "mtb:scale:imba": null, "mtb:scale": null, "par": null, "source:hgv": null, "hgv": null, "attraction": null, "content": null, "footway": null, "crossing": null, "handrail": null, "bridge": null, "aerialway": "zip_line", "barrier": null, "tunnel": null, "condition": null, "man_made": null, "golf_cart": null, "golf": null, "bicycle": null, "intermittent": null, "waterway": null, "layer": "1", "lanes": null, "ford": null, "natural": null, "attribution": null, "operator": null, "ref": null, "railway": null, "old_railway_operator": null, "alt_name": null, "tiger:CLASSFP": null, "wikidata": null, "tiger:STATEFP": null, "tiger:PLCIDFP": null, "tiger:PLACEFP": null, "tiger:PCINECTA": null, "tiger:PCICBSA": null, "tiger:NAMELSAD": null, "tiger:NAME": null, "tiger:MTFCC": null, "tiger:LSAD": null, "tiger:FUNCSTAT": null, "tiger:CPI": null, "is_in:state": null, "is_in:iso_3166_2": null, "gnis:feature_id": null, "border_type": null, "admin_level": null, "source:url": null, "boundary": null, "tiger:name_direction_suffix": null, "tiger:name_type_1": null, "tiger:name_base_1": null, "name_1": null, "lane_markings": null, "maxspeed": null, "tiger:name_direction_prefix": null, "smoothness": null, "ref:usfs": null, "wikipedia": null, "oneway": null, "motorcar": null, "motor_vehicle": null, "foot": null, "covered": null, "tiger:name_type": null, "tiger:name_base": null, "surface": null, "name": null, "service": null, "access": null, "tiger:reviewed": null, "tiger:county": null, "tiger:cfcc": null, "highway": "via_ferrata" }, "geometry": { "type": "LineString", "coordinates": [ [ -104.8746739, 38.7859366 ], [ -104.8790289, 38.7825517 ] ] } },
{ "type": "Feature", "properties": { "full_id": "w1119779912", "osm_id": "1119779912", "osm_type": "way", "horse": null, "playground:theme": null, "playground": null, "colour": null, "backrest": null, "amenity": null, "power": null, "incline": null, "handrail:right": null, "handrail:left": null, "rockfall_barrier": null, "bridge:structure": null, "fence_type": null, "material": null, "ladder": null, "dog": null, "segregated": null, "mtb:scale:imba": null, "mtb:scale": null, "par": null, "source:hgv": null, "hgv": null, "attraction": null, "content": null, "footway": null, "crossing": null, "handrail": null, "bridge": null, "aerialway": null, "barrier": null, "tunnel": null, "condition": null, "man_made": null, "golf_cart": null, "golf": null, "bicycle": null, "intermittent": null, "waterway": null, "layer": null, "lanes": null, "ford": null, "natural": null, "attribution": null, "operator": null, "ref": null, "railway": null, "old_railway_operator": null, "alt_name": null, "tiger:CLASSFP": null, "wikidata": null, "tiger:STATEFP": null, "tiger:PLCIDFP": null, "tiger:PLACEFP": null, "tiger:PCINECTA": null, "tiger:PCICBSA": null, "tiger:NAMELSAD": null, "tiger:NAME": null, "tiger:MTFCC": null, "tiger:LSAD": null, "tiger:FUNCSTAT": null, "tiger:CPI": null, "is_in:state": null, "is_in:iso_3166_2": null, "gnis:feature_id": null, "border_type": null, "admin_level": null, "source:url": null, "boundary": null, "tiger:name_direction_suffix": null, "tiger:name_type_1": null, "tiger:name_base_1": null, "name_1": null, "lane_markings": null, "maxspeed": null, "tiger:name_direction_prefix": null, "smoothness": null, "ref:usfs": null, "wikipedia": null, "oneway": null, "motorcar": null, "motor_vehicle": null, "foot": null, "covered": null, "tiger:name_type": null, "tiger:name_base": null, "surface": null, "name": null, "service": null, "access": null, "tiger:reviewed": null, "tiger:county": null, "tiger:cfcc": null, "highway": "steps" }, "geometry": { "type": "LineString", "coordinates": [ [ -104.8790681, 38.7825234 ], [ -104.8790747, 38.7825207 ], [ -104.8790978, 38.7825322 ], [ -104.8790774, 38.7825604 ], [ -104.879076, 38.7825753 ], [ -104.8790797, 38.7825942 ] ] } },
{ "type": "Feature", "properties": { "full_id": "w1119779924", "osm_id": "1119779924", "osm_type": "way", "horse": null, "playground:theme": null, "playground": null, "colour": null, "backrest": null, "amenity": null, "power": null, "incline": null, "handrail:right": null, "handrail:left": null, "rockfall_barrier": null, "bridge:structure": null, "fence_type": null, "material": null, "ladder": null, "dog": null, "segregated": null, "mtb:scale:imba": null, "mtb:scale": null, "par": null, "source:hgv": null, "hgv": null, "attraction": null, "content": null, "footway": null, "crossing": null, "handrail": null, "bridge": null, "aerialway": "zip_line", "barrier": null, "tunnel": null, "condition": null, "man_made": null, "golf_cart": null, "golf": null, "bicycle": null, "intermittent": null, "waterway": null, "layer": "1", "lanes": null, "ford": null, "natural": null, "attribution": null, "operator": null, "ref": null, "railway": null, "old_railway_operator": null, "alt_name": null, "tiger:CLASSFP": null, "wikidata": null, "tiger:STATEFP": null, "tiger:PLCIDFP": null, "tiger:PLACEFP": null, "tiger:PCINECTA": null, "tiger:PCICBSA": null, "tiger:NAMELSAD": null, "tiger:NAME": null, "tiger:MTFCC": null, "tiger:LSAD": null, "tiger:FUNCSTAT": null, "tiger:CPI": null, "is_in:state": null, "is_in:iso_3166_2": null, "gnis:feature_id": null, "border_type": null, "admin_level": null, "source:url": null, "boundary": null, "tiger:name_direction_suffix": null, "tiger:name_type_1": null, "tiger:name_base_1": null, "name_1": null, "lane_markings": null, "maxspeed": null, "tiger:name_direction_prefix": null, "smoothness": null, "ref:usfs": null, "wikipedia": null, "oneway": null, "motorcar": null, "motor_vehicle": null, "foot": null, "covered": null, "tiger:name_type": null, "tiger:name_base": null, "surface": null, "name": "Ramona's Line", "service": null, "access": null, "tiger:reviewed": null, "tiger:county": null, "tiger:cfcc": null, "highway": "via_ferrata" }, "geometry": { "type": "LineString", "coordinates": [ [ -104.8769159, 38.7810239 ], [ -104.8756069, 38.7820282 ] ] } },
{ "type": "Feature", "properties": { "full_id": "w1119779920", "osm_id": "1119779920", "osm_type": "way", "horse": null, "playground:theme": null, "playground": null, "colour": null, "backrest": null, "amenity": null, "power": null, "incline": null, "handrail:right": null, "handrail:left": null, "rockfall_barrier": null, "bridge:structure": null, "fence_type": null, "material": null, "ladder": null, "dog": null, "segregated": null, "mtb:scale:imba": null, "mtb:scale": null, "par": null, "source:hgv": null, "hgv": null, "attraction": null, "content": null, "footway": null, "crossing": null, "handrail": null, "bridge": null, "aerialway": "zip_line", "barrier": null, "tunnel": null, "condition": null, "man_made": null, "golf_cart": null, "golf": null, "bicycle": null, "intermittent": null, "waterway": null, "layer": "1", "lanes": null, "ford": null, "natural": null, "attribution": null, "operator": null, "ref": null, "railway": null, "old_railway_operator": null, "alt_name": null, "tiger:CLASSFP": null, "wikidata": null, "tiger:STATEFP": null, "tiger:PLCIDFP": null, "tiger:PLACEFP": null, "tiger:PCINECTA": null, "tiger:PCICBSA": null, "tiger:NAMELSAD": null, "tiger:NAME": null, "tiger:MTFCC": null, "tiger:LSAD": null, "tiger:FUNCSTAT": null, "tiger:CPI": null, "is_in:state": null, "is_in:iso_3166_2": null, "gnis:feature_id": null, "border_type": null, "admin_level": null, "source:url": null, "boundary": null, "tiger:name_direction_suffix": null, "tiger:name_type_1": null, "tiger:name_base_1": null, "name_1": null, "lane_markings": null, "maxspeed": null, "tiger:name_direction_prefix": null, "smoothness": null, "ref:usfs": null, "wikipedia": null, "oneway": null, "motorcar": null, "motor_vehicle": null, "foot": null, "covered": null, "tiger:name_type": null, "tiger:name_base": null, "surface": null, "name": "The Caretaker", "service": null, "access": null, "tiger:reviewed": null, "tiger:county": null, "tiger:cfcc": null, "highway": "via_ferrata" }, "geometry": { "type": "LineString", "coordinates": [ [ -104.8760269, 38.7805399 ], [ -104.8760203, 38.7805551 ], [ -104.8757927, 38.7810851 ] ] } },
{ "type": "Feature", "properties": { "full_id": "w1119779919", "osm_id": "1119779919", "osm_type": "way", "horse": null, "playground:theme": null, "playground": null, "colour": null, "backrest": null, "amenity": null, "power": null, "incline": null, "handrail:right": null, "handrail:left": null, "rockfall_barrier": null, "bridge:structure": null, "fence_type": null, "material": null, "ladder": null, "dog": null, "segregated": null, "mtb:scale:imba": null, "mtb:scale": null, "par": null, "source:hgv": null, "hgv": null, "attraction": null, "content": null, "footway": null, "crossing": null, "handrail": null, "bridge": null, "aerialway": "zip_line", "barrier": null, "tunnel": null, "condition": null, "man_made": null, "golf_cart": null, "golf": null, "bicycle": null, "intermittent": null, "waterway": null, "layer": "1", "lanes": null, "ford": null, "natural": null, "attribution": null, "operator": null, "ref": null, "railway": null, "old_railway_operator": null, "alt_name": null, "tiger:CLASSFP": null, "wikidata": null, "tiger:STATEFP": null, "tiger:PLCIDFP": null, "tiger:PLACEFP": null, "tiger:PCINECTA": null, "tiger:PCICBSA": null, "tiger:NAMELSAD": null, "tiger:NAME": null, "tiger:MTFCC": null, "tiger:LSAD": null, "tiger:FUNCSTAT": null, "tiger:CPI": null, "is_in:state": null, "is_in:iso_3166_2": null, "gnis:feature_id": null, "border_type": null, "admin_level": null, "source:url": null, "boundary": null, "tiger:name_direction_suffix": null, "tiger:name_type_1": null, "tiger:name_base_1": null, "name_1": null, "lane_markings": null, "maxspeed": null, "tiger:name_direction_prefix": null, "smoothness": null, "ref:usfs": null, "wikipedia": null, "oneway": null, "motorcar": null, "motor_vehicle": null, "foot": null, "covered": null, "tiger:name_type": null, "tiger:name_base": null, "surface": null, "name": null, "service": null, "access": null, "tiger:reviewed": null, "tiger:county": null, "tiger:cfcc": null, "highway": "via_ferrata" }, "geometry": { "type": "LineString", "coordinates": [ [ -104.8757927, 38.7810851 ], [ -104.8769159, 38.7810239 ] ] } },
{ "type": "Feature", "properties": { "full_id": "w1119779917", "osm_id": "1119779917", "osm_type": "way", "horse": null, "playground:theme": null, "playground": null, "colour": null, "backrest": null, "amenity": null, "power": null, "incline": null, "handrail:right": null, "handrail:left": null, "rockfall_barrier": null, "bridge:structure": null, "fence_type": null, "material": null, "ladder": "yes", "dog": null, "segregated": null, "mtb:scale:imba": null, "mtb:scale": null, "par": null, "source:hgv": null, "hgv": null, "attraction": null, "content": null, "footway": null, "crossing": null, "handrail": null, "bridge": null, "aerialway": null, "barrier": null, "tunnel": null, "condition": null, "man_made": null, "golf_cart": null, "golf": null, "bicycle": null, "intermittent": null, "waterway": null, "layer": null, "lanes": null, "ford": null, "natural": null, "attribution": null, "operator": null, "ref": null, "railway": null, "old_railway_operator": null, "alt_name": null, "tiger:CLASSFP": null, "wikidata": null, "tiger:STATEFP": null, "tiger:PLCIDFP": null, "tiger:PLACEFP": null, "tiger:PCINECTA": null, "tiger:PCICBSA": null, "tiger:NAMELSAD": null, "tiger:NAME": null, "tiger:MTFCC": null, "tiger:LSAD": null, "tiger:FUNCSTAT": null, "tiger:CPI": null, "is_in:state": null, "is_in:iso_3166_2": null, "gnis:feature_id": null, "border_type": null, "admin_level": null, "source:url": null, "boundary": null, "tiger:name_direction_suffix": null, "tiger:name_type_1": null, "tiger:name_base_1": null, "name_1": null, "lane_markings": null, "maxspeed": null, "tiger:name_direction_prefix": null, "smoothness": null, "ref:usfs": null, "wikipedia": null, "oneway": null, "motorcar": null, "motor_vehicle": null, "foot": null, "covered": null, "tiger:name_type": null, "tiger:name_base": null, "surface": null, "name": null, "service": null, "access": null, "tiger:reviewed": null, "tiger:county": null, "tiger:cfcc": null, "highway": "via_ferrata" }, "geometry": { "type": "LineString", "coordinates": [ [ -104.8760247, 38.7805256 ], [ -104.8760254, 38.7805161 ] ] } },
{ "type": "Feature", "properties": { "full_id": "w1119779932", "osm_id": "1119779932", "osm_type": "way", "horse": null, "playground:theme": null, "playground": null, "colour": null, "backrest": null, "amenity": null, "power": null, "incline": null, "handrail:right": null, "handrail:left": null, "rockfall_barrier": null, "bridge:structure": "simple-suspension", "fence_type": null, "material": null, "ladder": null, "dog": null, "segregated": null, "mtb:scale:imba": null, "mtb:scale": null, "par": null, "source:hgv": null, "hgv": null, "attraction": null, "content": null, "footway": null, "crossing": null, "handrail": null, "bridge": "yes", "aerialway": null, "barrier": null, "tunnel": null, "condition": null, "man_made": null, "golf_cart": null, "golf": null, "bicycle": null, "intermittent": null, "waterway": null, "layer": null, "lanes": null, "ford": null, "natural": null, "attribution": null, "operator": null, "ref": null, "railway": null, "old_railway_operator": null, "alt_name": null, "tiger:CLASSFP": null, "wikidata": null, "tiger:STATEFP": null, "tiger:PLCIDFP": null, "tiger:PLACEFP": null, "tiger:PCINECTA": null, "tiger:PCICBSA": null, "tiger:NAMELSAD": null, "tiger:NAME": null, "tiger:MTFCC": null, "tiger:LSAD": null, "tiger:FUNCSTAT": null, "tiger:CPI": null, "is_in:state": null, "is_in:iso_3166_2": null, "gnis:feature_id": null, "border_type": null, "admin_level": null, "source:url": null, "boundary": null, "tiger:name_direction_suffix": null, "tiger:name_type_1": null, "tiger:name_base_1": null, "name_1": null, "lane_markings": null, "maxspeed": null, "tiger:name_direction_prefix": null, "smoothness": null, "ref:usfs": null, "wikipedia": null, "oneway": null, "motorcar": null, "motor_vehicle": null, "foot": null, "covered": null, "tiger:name_type": null, "tiger:name_base": null, "surface": "wood", "name": "Palmer's Vision", "service": null, "access": null, "tiger:reviewed": null, "tiger:county": null, "tiger:cfcc": null, "highway": "via_ferrata" }, "geometry": { "type": "LineString", "coordinates": [ [ -104.8748027, 38.7828587 ], [ -104.8748678, 38.7822353 ] ] } },
{ "type": "Feature", "properties": { "full_id": "w1014120710", "osm_id": "1014120710", "osm_type": "way", "horse": null, "playground:theme": null, "playground": null, "colour": null, "backrest": null, "amenity": null, "power": null, "incline": null, "handrail:right": null, "handrail:left": null, "rockfall_barrier": null, "bridge:structure": null, "fence_type": null, "material": null, "ladder": null, "dog": "leashed", "segregated": "no", "mtb:scale:imba": "2", "mtb:scale": "2", "par": null, "source:hgv": null, "hgv": null, "attraction": null, "content": null, "footway": null, "crossing": null, "handrail": null, "bridge": null, "aerialway": null, "barrier": null, "tunnel": null, "condition": null, "man_made": null, "golf_cart": null, "golf": null, "bicycle": "designated", "intermittent": null, "waterway": null, "layer": null, "lanes": null, "ford": null, "natural": null, "attribution": null, "operator": null, "ref": null, "railway": null, "old_railway_operator": null, "alt_name": null, "tiger:CLASSFP": null, "wikidata": null, "tiger:STATEFP": null, "tiger:PLCIDFP": null, "tiger:PLACEFP": null, "tiger:PCINECTA": null, "tiger:PCICBSA": null, "tiger:NAMELSAD": null, "tiger:NAME": null, "tiger:MTFCC": null, "tiger:LSAD": null, "tiger:FUNCSTAT": null, "tiger:CPI": null, "is_in:state": null, "is_in:iso_3166_2": null, "gnis:feature_id": null, "border_type": null, "admin_level": null, "source:url": null, "boundary": null, "tiger:name_direction_suffix": null, "tiger:name_type_1": null, "tiger:name_base_1": null, "name_1": null, "lane_markings": null, "maxspeed": null, "tiger:name_direction_prefix": null, "smoothness": null, "ref:usfs": null, "wikipedia": null, "oneway": null, "motorcar": null, "motor_vehicle": "no", "foot": "designated", "covered": null, "tiger:name_type": null, "tiger:name_base": null, "surface": "dirt", "name": "Sweetwater Canyon Trail", "service": null, "access": null, "tiger:reviewed": null, "tiger:county": null, "tiger:cfcc": null, "highway": "path" }, "geometry": { "type": "LineString", "coordinates": [ [ -104.8953192, 38.7818556 ], [ -104.8953085, 38.782004 ], [ -104.8953997, 38.7821263 ], [ -104.8954614, 38.7821922 ], [ -104.8954546, 38.782291 ], [ -104.8953916, 38.7823223 ], [ -104.8952287, 38.7822821 ], [ -104.8951455, 38.7822565 ], [ -104.8950443, 38.7822737 ], [ -104.894937, 38.7823485 ], [ -104.8948351, 38.7824076 ], [ -104.8946419, 38.7823574 ], [ -104.8944408, 38.7823741 ], [ -104.8943228, 38.7823427 ], [ -104.8942181, 38.7823574 ], [ -104.8940773, 38.782486 ], [ -104.8940814, 38.782602 ], [ -104.8939338, 38.7828174 ], [ -104.8939312, 38.7830683 ], [ -104.8939526, 38.7833652 ], [ -104.8939472, 38.7835282 ], [ -104.8939821, 38.7836955 ], [ -104.893899, 38.7838042 ], [ -104.893907, 38.7839464 ], [ -104.8937166, 38.783913 ], [ -104.8935288, 38.7839945 ], [ -104.8934913, 38.7840384 ], [ -104.8933572, 38.7839924 ], [ -104.8932552, 38.7839213 ], [ -104.8931989, 38.7837122 ], [ -104.8930272, 38.7836161 ], [ -104.892869, 38.7836161 ], [ -104.8928019, 38.7835972 ], [ -104.8926839, 38.7835073 ], [ -104.8923513, 38.7834634 ], [ -104.8921984, 38.7834007 ], [ -104.8921582, 38.783453 ], [ -104.8922575, 38.7835199 ], [ -104.8923674, 38.7835701 ], [ -104.8922387, 38.7836202 ], [ -104.8920912, 38.7835993 ], [ -104.8919651, 38.7835032 ], [ -104.8919302, 38.7833631 ], [ -104.8919973, 38.7832606 ], [ -104.8919436, 38.7831414 ], [ -104.8918015, 38.7830453 ], [ -104.8916674, 38.7829679 ], [ -104.8916191, 38.7828215 ], [ -104.8916191, 38.7826375 ], [ -104.8915628, 38.7825226 ], [ -104.8915413, 38.782441 ], [ -104.8915252, 38.7822779 ], [ -104.8913723, 38.7821253 ], [ -104.8913562, 38.7820437 ], [ -104.8912677, 38.7819789 ], [ -104.8910893, 38.7818808 ], [ -104.8910179, 38.7818767 ], [ -104.8910052, 38.7818998 ], [ -104.8911792, 38.7821023 ], [ -104.8913026, 38.7824138 ], [ -104.8913312, 38.7827005 ], [ -104.8912491, 38.7828445 ], [ -104.8912275, 38.7830934 ], [ -104.8913509, 38.7832376 ], [ -104.8913401, 38.7834655 ], [ -104.8912811, 38.7836621 ], [ -104.8913831, 38.7837729 ], [ -104.8920471, 38.7843039 ], [ -104.8921715, 38.784459 ] ] } },
{ "type": "Feature", "properties": { "full_id": "w1119779931", "osm_id": "1119779931", "osm_type": "way", "horse": null, "playground:theme": null, "playground": null, "colour": null, "backrest": null, "amenity": null, "power": null, "incline": null, "handrail:right": null, "handrail:left": null, "rockfall_barrier": null, "bridge:structure": "simple-suspension", "fence_type": null, "material": null, "ladder": null, "dog": null, "segregated": null, "mtb:scale:imba": null, "mtb:scale": null, "par": null, "source:hgv": null, "hgv": null, "attraction": null, "content": null, "footway": null, "crossing": null, "handrail": null, "bridge": "yes", "aerialway": null, "barrier": null, "tunnel": null, "condition": null, "man_made": null, "golf_cart": null, "golf": null, "bicycle": null, "intermittent": null, "waterway": null, "layer": null, "lanes": null, "ford": null, "natural": null, "attribution": null, "operator": null, "ref": null, "railway": null, "old_railway_operator": null, "alt_name": null, "tiger:CLASSFP": null, "wikidata": null, "tiger:STATEFP": null, "tiger:PLCIDFP": null, "tiger:PLACEFP": null, "tiger:PCINECTA": null, "tiger:PCICBSA": null, "tiger:NAMELSAD": null, "tiger:NAME": null, "tiger:MTFCC": null, "tiger:LSAD": null, "tiger:FUNCSTAT": null, "tiger:CPI": null, "is_in:state": null, "is_in:iso_3166_2": null, "gnis:feature_id": null, "border_type": null, "admin_level": null, "source:url": null, "boundary": null, "tiger:name_direction_suffix": null, "tiger:name_type_1": null, "tiger:name_base_1": null, "name_1": null, "lane_markings": null, "maxspeed": null, "tiger:name_direction_prefix": null, "smoothness": null, "ref:usfs": null, "wikipedia": null, "oneway": null, "motorcar": null, "motor_vehicle": null, "foot": null, "covered": null, "tiger:name_type": null, "tiger:name_base": null, "surface": "wood", "name": "Little A", "service": null, "access": null, "tiger:reviewed": null, "tiger:county": null, "tiger:cfcc": null, "highway": "via_ferrata" }, "geometry": { "type": "LineString", "coordinates": [ [ -104.8748858, 38.7822147 ], [ -104.8755037, 38.7821015 ] ] } },
{ "type": "Feature", "properties": { "full_id": "w1014120707", "osm_id": "1014120707", "osm_type": "way", "horse": null, "playground:theme": null, "playground": null, "colour": null, "backrest": null, "amenity": null, "power": null, "incline": null, "handrail:right": null, "handrail:left": null, "rockfall_barrier": null, "bridge:structure": null, "fence_type": null, "material": null, "ladder": null, "dog": null, "segregated": "no", "mtb:scale:imba": "2", "mtb:scale": "2", "par": null, "source:hgv": null, "hgv": null, "attraction": null, "content": null, "footway": null, "crossing": null, "handrail": null, "bridge": null, "aerialway": null, "barrier": null, "tunnel": null, "condition": null, "man_made": null, "golf_cart": null, "golf": null, "bicycle": "yes", "intermittent": null, "waterway": null, "layer": null, "lanes": null, "ford": null, "natural": null, "attribution": null, "operator": null, "ref": null, "railway": null, "old_railway_operator": null, "alt_name": null, "tiger:CLASSFP": null, "wikidata": null, "tiger:STATEFP": null, "tiger:PLCIDFP": null, "tiger:PLACEFP": null, "tiger:PCINECTA": null, "tiger:PCICBSA": null, "tiger:NAMELSAD": null, "tiger:NAME": null, "tiger:MTFCC": null, "tiger:LSAD": null, "tiger:FUNCSTAT": null, "tiger:CPI": null, "is_in:state": null, "is_in:iso_3166_2": null, "gnis:feature_id": null, "border_type": null, "admin_level": null, "source:url": null, "boundary": null, "tiger:name_direction_suffix": null, "tiger:name_type_1": null, "tiger:name_base_1": null, "name_1": null, "lane_markings": null, "maxspeed": null, "tiger:name_direction_prefix": null, "smoothness": null, "ref:usfs": null, "wikipedia": null, "oneway": null, "motorcar": null, "motor_vehicle": "no", "foot": "yes", "covered": null, "tiger:name_type": null, "tiger:name_base": null, "surface": "dirt", "name": "Daniels Pass Trail", "service": null, "access": null, "tiger:reviewed": null, "tiger:county": null, "tiger:cfcc": null, "highway": "path" }, "geometry": { "type": "LineString", "coordinates": [ [ -104.8955217, 38.7836119 ], [ -104.8954278, 38.78366 ], [ -104.8953313, 38.783821 ], [ -104.8953339, 38.7840781 ], [ -104.89535, 38.7842036 ], [ -104.8954627, 38.7843144 ], [ -104.8954439, 38.7843855 ], [ -104.8953286, 38.7843876 ], [ -104.8950416, 38.7845569 ], [ -104.8949504, 38.7846677 ], [ -104.8949665, 38.784927 ], [ -104.8949061, 38.7850514 ], [ -104.8948257, 38.7851528 ] ] } },
{ "type": "Feature", "properties": { "full_id": "w1119779930", "osm_id": "1119779930", "osm_type": "way", "horse": null, "playground:theme": null, "playground": null, "colour": null, "backrest": null, "amenity": null, "power": null, "incline": null, "handrail:right": null, "handrail:left": null, "rockfall_barrier": null, "bridge:structure": null, "fence_type": "wire", "material": null, "ladder": null, "dog": null, "segregated": null, "mtb:scale:imba": null, "mtb:scale": null, "par": null, "source:hgv": null, "hgv": null, "attraction": null, "content": null, "footway": null, "crossing": null, "handrail": null, "bridge": null, "aerialway": null, "barrier": "fence", "tunnel": null, "condition": null, "man_made": null, "golf_cart": null, "golf": null, "bicycle": null, "intermittent": null, "waterway": null, "layer": null, "lanes": null, "ford": null, "natural": null, "attribution": null, "operator": null, "ref": null, "railway": null, "old_railway_operator": null, "alt_name": null, "tiger:CLASSFP": null, "wikidata": null, "tiger:STATEFP": null, "tiger:PLCIDFP": null, "tiger:PLACEFP": null, "tiger:PCINECTA": null, "tiger:PCICBSA": null, "tiger:NAMELSAD": null, "tiger:NAME": null, "tiger:MTFCC": null, "tiger:LSAD": null, "tiger:FUNCSTAT": null, "tiger:CPI": null, "is_in:state": null, "is_in:iso_3166_2": null, "gnis:feature_id": null, "border_type": null, "admin_level": null, "source:url": null, "boundary": null, "tiger:name_direction_suffix": null, "tiger:name_type_1": null, "tiger:name_base_1": null, "name_1": null, "lane_markings": null, "maxspeed": null, "tiger:name_direction_prefix": null, "smoothness": null, "ref:usfs": null, "wikipedia": null, "oneway": null, "motorcar": null, "motor_vehicle": null, "foot": null, "covered": null, "tiger:name_type": null, "tiger:name_base": null, "surface": null, "name": null, "service": null, "access": null, "tiger:reviewed": null, "tiger:county": null, "tiger:cfcc": null, "highway": null }, "geometry": { "type": "LineString", "coordinates": [ [ -104.8755271, 38.7821538 ], [ -104.8755131, 38.7821467 ], [ -104.8755137, 38.78212 ], [ -104.8755037, 38.7821015 ], [ -104.8754567, 38.782049 ], [ -104.8754299, 38.7819899 ], [ -104.8754152, 38.7819381 ], [ -104.8754205, 38.7818738 ], [ -104.8754326, 38.7818326 ], [ -104.8754219, 38.7817996 ], [ -104.8754306, 38.7817557 ], [ -104.8754534, 38.7817306 ] ] } },
{ "type": "Feature", "properties": { "full_id": "w1119779929", "osm_id": "1119779929", "osm_type": "way", "horse": null, "playground:theme": null, "playground": null, "colour": null, "backrest": null, "amenity": null, "power": null, "incline": null, "handrail:right": null, "handrail:left": null, "rockfall_barrier": null, "bridge:structure": null, "fence_type": null, "material": "metal", "ladder": null, "dog": null, "segregated": null, "mtb:scale:imba": null, "mtb:scale": null, "par": null, "source:hgv": null, "hgv": null, "attraction": null, "content": null, "footway": null, "crossing": null, "handrail": null, "bridge": null, "aerialway": null, "barrier": "handrail", "tunnel": null, "condition": null, "man_made": null, "golf_cart": null, "golf": null, "bicycle": null, "intermittent": null, "waterway": null, "layer": null, "lanes": null, "ford": null, "natural": null, "attribution": null, "operator": null, "ref": null, "railway": null, "old_railway_operator": null, "alt_name": null, "tiger:CLASSFP": null, "wikidata": null, "tiger:STATEFP": null, "tiger:PLCIDFP": null, "tiger:PLACEFP": null, "tiger:PCINECTA": null, "tiger:PCICBSA": null, "tiger:NAMELSAD": null, "tiger:NAME": null, "tiger:MTFCC": null, "tiger:LSAD": null, "tiger:FUNCSTAT": null, "tiger:CPI": null, "is_in:state": null, "is_in:iso_3166_2": null, "gnis:feature_id": null, "border_type": null, "admin_level": null, "source:url": null, "boundary": null, "tiger:name_direction_suffix": null, "tiger:name_type_1": null, "tiger:name_base_1": null, "name_1": null, "lane_markings": null, "maxspeed": null, "tiger:name_direction_prefix": null, "smoothness": null, "ref:usfs": null, "wikipedia": null, "oneway": null, "motorcar": null, "motor_vehicle": null, "foot": null, "covered": null, "tiger:name_type": null, "tiger:name_base": null, "surface": null, "name": null, "service": null, "access": null, "tiger:reviewed": null, "tiger:county": null, "tiger:cfcc": null, "highway": null }, "geometry": { "type": "LineString", "coordinates": [ [ -104.875558, 38.782027 ], [ -104.8755369, 38.7820563 ], [ -104.8755727, 38.7820923 ], [ -104.8755957, 38.7821045 ], [ -104.8756266, 38.782098 ], [ -104.8756301, 38.7821125 ], [ -104.8755843, 38.7821215 ], [ -104.8755617, 38.7821315 ], [ -104.8755271, 38.7821538 ] ] } },
{ "type": "Feature", "properties": { "full_id": "w1119779906", "osm_id": "1119779906", "osm_type": "way", "horse": null, "playground:theme": null, "playground": null, "colour": null, "backrest": null, "amenity": null, "power": null, "incline": null, "handrail:right": null, "handrail:left": null, "rockfall_barrier": null, "bridge:structure": null, "fence_type": null, "material": null, "ladder": null, "dog": null, "segregated": null, "mtb:scale:imba": null, "mtb:scale": null, "par": null, "source:hgv": null, "hgv": null, "attraction": null, "content": null, "footway": null, "crossing": null, "handrail": null, "bridge": null, "aerialway": null, "barrier": null, "tunnel": null, "condition": null, "man_made": null, "golf_cart": null, "golf": null, "bicycle": null, "intermittent": null, "waterway": null, "layer": null, "lanes": null, "ford": null, "natural": null, "attribution": null, "operator": null, "ref": null, "railway": null, "old_railway_operator": null, "alt_name": null, "tiger:CLASSFP": null, "wikidata": null, "tiger:STATEFP": null, "tiger:PLCIDFP": null, "tiger:PLACEFP": null, "tiger:PCINECTA": null, "tiger:PCICBSA": null, "tiger:NAMELSAD": null, "tiger:NAME": null, "tiger:MTFCC": null, "tiger:LSAD": null, "tiger:FUNCSTAT": null, "tiger:CPI": null, "is_in:state": null, "is_in:iso_3166_2": null, "gnis:feature_id": null, "border_type": null, "admin_level": null, "source:url": null, "boundary": null, "tiger:name_direction_suffix": null, "tiger:name_type_1": null, "tiger:name_base_1": null, "name_1": null, "lane_markings": null, "maxspeed": null, "tiger:name_direction_prefix": null, "smoothness": null, "ref:usfs": null, "wikipedia": null, "oneway": null, "motorcar": null, "motor_vehicle": null, "foot": null, "covered": null, "tiger:name_type": null, "tiger:name_base": null, "surface": null, "name": null, "service": null, "access": null, "tiger:reviewed": null, "tiger:county": null, "tiger:cfcc": null, "highway": "via_ferrata" }, "geometry": { "type": "LineString", "coordinates": [ [ -104.8790797, 38.7825942 ], [ -104.8790858, 38.7826203 ] ] } },
{ "type": "Feature", "properties": { "full_id": "w1119779905", "osm_id": "1119779905", "osm_type": "way", "horse": null, "playground:theme": null, "playground": null, "colour": null, "backrest": null, "amenity": null, "power": null, "incline": null, "handrail:right": null, "handrail:left": null, "rockfall_barrier": null, "bridge:structure": null, "fence_type": null, "material": null, "ladder": null, "dog": null, "segregated": null, "mtb:scale:imba": null, "mtb:scale": null, "par": null, "source:hgv": null, "hgv": null, "attraction": null, "content": null, "footway": null, "crossing": null, "handrail": null, "bridge": null, "aerialway": "zip_line", "barrier": null, "tunnel": null, "condition": null, "man_made": null, "golf_cart": null, "golf": null, "bicycle": null, "intermittent": null, "waterway": null, "layer": null, "lanes": null, "ford": null, "natural": null, "attribution": null, "operator": null, "ref": null, "railway": null, "old_railway_operator": null, "alt_name": null, "tiger:CLASSFP": null, "wikidata": null, "tiger:STATEFP": null, "tiger:PLCIDFP": null, "tiger:PLACEFP": null, "tiger:PCINECTA": null, "tiger:PCICBSA": null, "tiger:NAMELSAD": null, "tiger:NAME": null, "tiger:MTFCC": null, "tiger:LSAD": null, "tiger:FUNCSTAT": null, "tiger:CPI": null, "is_in:state": null, "is_in:iso_3166_2": null, "gnis:feature_id": null, "border_type": null, "admin_level": null, "source:url": null, "boundary": null, "tiger:name_direction_suffix": null, "tiger:name_type_1": null, "tiger:name_base_1": null, "name_1": null, "lane_markings": null, "maxspeed": null, "tiger:name_direction_prefix": null, "smoothness": null, "ref:usfs": null, "wikipedia": null, "oneway": null, "motorcar": null, "motor_vehicle": null, "foot": null, "covered": null, "tiger:name_type": null, "tiger:name_base": null, "surface": null, "name": null, "service": null, "access": null, "tiger:reviewed": null, "tiger:county": null, "tiger:cfcc": null, "highway": "via_ferrata" }, "geometry": { "type": "LineString", "coordinates": [ [ -104.8791494, 38.782693 ], [ -104.8794127, 38.7827494 ] ] } },
{ "type": "Feature", "properties": { "full_id": "w1119779903", "osm_id": "1119779903", "osm_type": "way", "horse": null, "playground:theme": null, "playground": null, "colour": null, "backrest": null, "amenity": null, "power": null, "incline": null, "handrail:right": null, "handrail:left": null, "rockfall_barrier": null, "bridge:structure": null, "fence_type": null, "material": null, "ladder": null, "dog": null, "segregated": null, "mtb:scale:imba": null, "mtb:scale": null, "par": null, "source:hgv": null, "hgv": null, "attraction": null, "content": null, "footway": null, "crossing": null, "handrail": null, "bridge": null, "aerialway": null, "barrier": null, "tunnel": null, "condition": null, "man_made": null, "golf_cart": null, "golf": null, "bicycle": null, "intermittent": null, "waterway": null, "layer": null, "lanes": null, "ford": null, "natural": null, "attribution": null, "operator": null, "ref": null, "railway": null, "old_railway_operator": null, "alt_name": null, "tiger:CLASSFP": null, "wikidata": null, "tiger:STATEFP": null, "tiger:PLCIDFP": null, "tiger:PLACEFP": null, "tiger:PCINECTA": null, "tiger:PCICBSA": null, "tiger:NAMELSAD": null, "tiger:NAME": null, "tiger:MTFCC": null, "tiger:LSAD": null, "tiger:FUNCSTAT": null, "tiger:CPI": null, "is_in:state": null, "is_in:iso_3166_2": null, "gnis:feature_id": null, "border_type": null, "admin_level": null, "source:url": null, "boundary": null, "tiger:name_direction_suffix": null, "tiger:name_type_1": null, "tiger:name_base_1": null, "name_1": null, "lane_markings": null, "maxspeed": null, "tiger:name_direction_prefix": null, "smoothness": null, "ref:usfs": null, "wikipedia": null, "oneway": null, "motorcar": null, "motor_vehicle": null, "foot": null, "covered": null, "tiger:name_type": null, "tiger:name_base": null, "surface": null, "name": null, "service": null, "access": null, "tiger:reviewed": null, "tiger:county": null, "tiger:cfcc": null, "highway": "path" }, "geometry": { "type": "LineString", "coordinates": [ [ -104.8755037, 38.7821015 ], [ -104.8755214, 38.7820994 ], [ -104.8755198, 38.782044 ], [ -104.8755446, 38.7820066 ], [ -104.8755687, 38.7820228 ] ] } },
{ "type": "Feature", "properties": { "full_id": "w896581104", "osm_id": "896581104", "osm_type": "way", "horse": null, "playground:theme": null, "playground": null, "colour": null, "backrest": null, "amenity": null, "power": null, "incline": null, "handrail:right": null, "handrail:left": null, "rockfall_barrier": null, "bridge:structure": null, "fence_type": null, "material": null, "ladder": null, "dog": null, "segregated": null, "mtb:scale:imba": null, "mtb:scale": null, "par": null, "source:hgv": null, "hgv": null, "attraction": null, "content": null, "footway": null, "crossing": null, "handrail": null, "bridge": null, "aerialway": null, "barrier": null, "tunnel": null, "condition": null, "man_made": null, "golf_cart": null, "golf": null, "bicycle": null, "intermittent": null, "waterway": null, "layer": null, "lanes": null, "ford": null, "natural": null, "attribution": null, "operator": null, "ref": null, "railway": null, "old_railway_operator": null, "alt_name": null, "tiger:CLASSFP": null, "wikidata": null, "tiger:STATEFP": null, "tiger:PLCIDFP": null, "tiger:PLACEFP": null, "tiger:PCINECTA": null, "tiger:PCICBSA": null, "tiger:NAMELSAD": null, "tiger:NAME": null, "tiger:MTFCC": null, "tiger:LSAD": null, "tiger:FUNCSTAT": null, "tiger:CPI": null, "is_in:state": null, "is_in:iso_3166_2": null, "gnis:feature_id": null, "border_type": null, "admin_level": null, "source:url": null, "boundary": null, "tiger:name_direction_suffix": null, "tiger:name_type_1": null, "tiger:name_base_1": null, "name_1": null, "lane_markings": null, "maxspeed": null, "tiger:name_direction_prefix": null, "smoothness": null, "ref:usfs": null, "wikipedia": null, "oneway": null, "motorcar": null, "motor_vehicle": null, "foot": null, "covered": null, "tiger:name_type": null, "tiger:name_base": null, "surface": null, "name": null, "service": "driveway", "access": null, "tiger:reviewed": null, "tiger:county": null, "tiger:cfcc": null, "highway": "service" }, "geometry": { "type": "LineString", "coordinates": [ [ -104.8926068, 38.7642314 ], [ -104.8926715, 38.7644645 ], [ -104.8927769, 38.7647552 ], [ -104.892922, 38.7650437 ], [ -104.8929619, 38.7651591 ], [ -104.8929476, 38.7652212 ], [ -104.8928594, 38.7652922 ], [ -104.8927085, 38.7653943 ], [ -104.8926146, 38.7654653 ], [ -104.8924752, 38.7656384 ], [ -104.8923699, 38.7657161 ], [ -104.8922646, 38.7657627 ], [ -104.8921735, 38.765776 ], [ -104.8920739, 38.7657694 ], [ -104.8918974, 38.7657472 ], [ -104.8917779, 38.7657494 ], [ -104.8916071, 38.7657671 ], [ -104.8915046, 38.7657649 ], [ -104.8913965, 38.7657405 ], [ -104.8912883, 38.7656984 ], [ -104.8911603, 38.7656673 ], [ -104.891072, 38.7656828 ], [ -104.8909183, 38.7657161 ] ] } },
{ "type": "Feature", "properties": { "full_id": "w1536187402", "osm_id": "1536187402", "osm_type": "way", "horse": null, "playground:theme": null, "playground": null, "colour": null, "backrest": null, "amenity": null, "power": null, "incline": null, "handrail:right": null, "handrail:left": null, "rockfall_barrier": null, "bridge:structure": null, "fence_type": null, "material": null, "ladder": null, "dog": null, "segregated": null, "mtb:scale:imba": null, "mtb:scale": null, "par": null, "source:hgv": null, "hgv": null, "attraction": null, "content": null, "footway": null, "crossing": null, "handrail": null, "bridge": null, "aerialway": null, "barrier": null, "tunnel": null, "condition": null, "man_made": null, "golf_cart": null, "golf": null, "bicycle": null, "intermittent": null, "waterway": null, "layer": null, "lanes": null, "ford": null, "natural": null, "attribution": null, "operator": null, "ref": null, "railway": null, "old_railway_operator": null, "alt_name": null, "tiger:CLASSFP": null, "wikidata": null, "tiger:STATEFP": null, "tiger:PLCIDFP": null, "tiger:PLACEFP": null, "tiger:PCINECTA": null, "tiger:PCICBSA": null, "tiger:NAMELSAD": null, "tiger:NAME": null, "tiger:MTFCC": null, "tiger:LSAD": null, "tiger:FUNCSTAT": null, "tiger:CPI": null, "is_in:state": null, "is_in:iso_3166_2": null, "gnis:feature_id": null, "border_type": null, "admin_level": null, "source:url": null, "boundary": null, "tiger:name_direction_suffix": null, "tiger:name_type_1": null, "tiger:name_base_1": null, "name_1": null, "lane_markings": null, "maxspeed": null, "tiger:name_direction_prefix": null, "smoothness": null, "ref:usfs": null, "wikipedia": null, "oneway": null, "motorcar": null, "motor_vehicle": null, "foot": null, "covered": null, "tiger:name_type": null, "tiger:name_base": null, "surface": null, "name": null, "service": null, "access": null, "tiger:reviewed": null, "tiger:county": null, "tiger:cfcc": null, "highway": "path" }, "geometry": { "type": "LineString", "coordinates": [ [ -104.9035972, 38.7816084 ], [ -104.9035301, 38.7816099 ], [ -104.9034705, 38.7815873 ], [ -104.9034016, 38.7815353 ], [ -104.9033551, 38.7814789 ], [ -104.9033034, 38.7814577 ], [ -104.9031015, 38.7815468 ], [ -104.9030671, 38.7815808 ], [ -104.9030636, 38.7816349 ], [ -104.9030666, 38.7817096 ], [ -104.9030585, 38.7818082 ] ] } },
{ "type": "Feature", "properties": { "full_id": "w1536187401", "osm_id": "1536187401", "osm_type": "way", "horse": "no", "playground:theme": null, "playground": null, "colour": null, "backrest": null, "amenity": null, "power": null, "incline": null, "handrail:right": null, "handrail:left": null, "rockfall_barrier": null, "bridge:structure": null, "fence_type": null, "material": null, "ladder": null, "dog": null, "segregated": null, "mtb:scale:imba": null, "mtb:scale": null, "par": null, "source:hgv": null, "hgv": null, "attraction": null, "content": null, "footway": null, "crossing": null, "handrail": null, "bridge": null, "aerialway": null, "barrier": null, "tunnel": null, "condition": null, "man_made": null, "golf_cart": null, "golf": null, "bicycle": null, "intermittent": null, "waterway": null, "layer": null, "lanes": null, "ford": null, "natural": null, "attribution": null, "operator": null, "ref": null, "railway": null, "old_railway_operator": null, "alt_name": null, "tiger:CLASSFP": null, "wikidata": null, "tiger:STATEFP": null, "tiger:PLCIDFP": null, "tiger:PLACEFP": null, "tiger:PCINECTA": null, "tiger:PCICBSA": null, "tiger:NAMELSAD": null, "tiger:NAME": null, "tiger:MTFCC": null, "tiger:LSAD": null, "tiger:FUNCSTAT": null, "tiger:CPI": null, "is_in:state": null, "is_in:iso_3166_2": null, "gnis:feature_id": null, "border_type": null, "admin_level": null, "source:url": null, "boundary": null, "tiger:name_direction_suffix": null, "tiger:name_type_1": null, "tiger:name_base_1": null, "name_1": null, "lane_markings": null, "maxspeed": null, "tiger:name_direction_prefix": null, "smoothness": null, "ref:usfs": null, "wikipedia": null, "oneway": null, "motorcar": null, "motor_vehicle": null, "foot": null, "covered": null, "tiger:name_type": null, "tiger:name_base": null, "surface": null, "name": null, "service": null, "access": null, "tiger:reviewed": null, "tiger:county": null, "tiger:cfcc": null, "highway": "path" }, "geometry": { "type": "LineString", "coordinates": [ [ -104.9081737, 38.7751849 ], [ -104.9081296, 38.7752325 ], [ -104.9074896, 38.7754893 ], [ -104.9072584, 38.7755863 ], [ -104.9070421, 38.7756025 ], [ -104.9064608, 38.775833 ], [ -104.9062591, 38.7759197 ], [ -104.9061729, 38.7760029 ], [ -104.9061067, 38.7760975 ], [ -104.9058548, 38.7762262 ], [ -104.905749, 38.7762682 ], [ -104.9056971, 38.7763162 ], [ -104.9056947, 38.7764105 ], [ -104.9056548, 38.7764666 ], [ -104.905508, 38.7765283 ], [ -104.9053589, 38.7766203 ], [ -104.9052279, 38.7766909 ], [ -104.9051865, 38.7767715 ], [ -104.9050341, 38.7769337 ], [ -104.9049017, 38.7771083 ], [ -104.9048333, 38.7771776 ], [ -104.9046244, 38.7773644 ], [ -104.9044863, 38.7776329 ], [ -104.9043353, 38.7777405 ], [ -104.9043041, 38.7778156 ], [ -104.9043056, 38.7780076 ], [ -104.904241, 38.7782269 ], [ -104.9042724, 38.7782874 ], [ -104.9043368, 38.7783628 ], [ -104.9043381, 38.7784435 ], [ -104.9044071, 38.7785662 ], [ -104.9044182, 38.7787145 ], [ -104.9043842, 38.7787955 ], [ -104.9044155, 38.7788656 ], [ -104.9044209, 38.7789849 ], [ -104.9044696, 38.7792736 ], [ -104.9043927, 38.7795535 ], [ -104.904434, 38.7797054 ], [ -104.9044717, 38.7797714 ], [ -104.904484, 38.7798164 ], [ -104.9045254, 38.7798758 ], [ -104.9045296, 38.7799862 ], [ -104.904417, 38.7800793 ], [ -104.9043213, 38.7802465 ], [ -104.904248, 38.7803019 ], [ -104.9040747, 38.7803889 ], [ -104.904052, 38.7805254 ], [ -104.904064, 38.7805993 ], [ -104.90406, 38.7807144 ], [ -104.904014, 38.7808122 ], [ -104.9039954, 38.780923 ], [ -104.9038561, 38.781024 ], [ -104.9038019, 38.7811483 ], [ -104.9037869, 38.781237 ], [ -104.9037496, 38.7813261 ], [ -104.903742, 38.7814067 ], [ -104.9036545, 38.7815414 ], [ -104.9036262, 38.7815976 ], [ -104.9035972, 38.7816084 ], [ -104.9035074, 38.781642 ], [ -104.9034171, 38.7817072 ], [ -104.9032607, 38.7817758 ], [ -104.9030889, 38.7817895 ], [ -104.9030585, 38.7818082 ], [ -104.9029127, 38.7818981 ], [ -104.9027982, 38.7819722 ], [ -104.9026164, 38.7819147 ], [ -104.902563, 38.7819478 ], [ -104.9024812, 38.7820614 ], [ -104.9023611, 38.7820793 ], [ -104.9022185, 38.7821617 ], [ -104.9020917, 38.7822265 ], [ -104.9020266, 38.7822471 ], [ -104.9018459, 38.7822351 ], [ -104.9016697, 38.7823052 ], [ -104.9014991, 38.7823678 ], [ -104.9013237, 38.7825192 ], [ -104.901061, 38.782608 ], [ -104.9007595, 38.7826419 ], [ -104.9004506, 38.7826943 ], [ -104.9002835, 38.7826949 ], [ -104.9001326, 38.7827845 ], [ -104.8999444, 38.782841 ], [ -104.8997139, 38.7829166 ], [ -104.8995448, 38.7829924 ], [ -104.8993314, 38.7831425 ], [ -104.8990817, 38.7832215 ], [ -104.8989198, 38.78332 ], [ -104.8988388, 38.7833418 ], [ -104.8987428, 38.7833329 ], [ -104.8986443, 38.7834112 ], [ -104.898526, 38.7834477 ], [ -104.89845, 38.7834528 ], [ -104.8983941, 38.7833844 ], [ -104.8983231, 38.783295 ], [ -104.8983019, 38.7831951 ], [ -104.8982938, 38.7830762 ], [ -104.8982033, 38.7829721 ], [ -104.8981117, 38.7829058 ] ] } },
{ "type": "Feature", "properties": { "full_id": "w1014120706", "osm_id": "1014120706", "osm_type": "way", "horse": null, "playground:theme": null, "playground": null, "colour": null, "backrest": null, "amenity": null, "power": null, "incline": null, "handrail:right": null, "handrail:left": null, "rockfall_barrier": null, "bridge:structure": null, "fence_type": null, "material": null, "ladder": null, "dog": null, "segregated": "no", "mtb:scale:imba": "2", "mtb:scale": "2", "par": null, "source:hgv": null, "hgv": null, "attraction": null, "content": null, "footway": null, "crossing": null, "handrail": null, "bridge": null, "aerialway": null, "barrier": null, "tunnel": null, "condition": null, "man_made": null, "golf_cart": null, "golf": null, "bicycle": "designated", "intermittent": null, "waterway": null, "layer": null, "lanes": null, "ford": null, "natural": null, "attribution": null, "operator": null, "ref": null, "railway": null, "old_railway_operator": null, "alt_name": null, "tiger:CLASSFP": null, "wikidata": null, "tiger:STATEFP": null, "tiger:PLCIDFP": null, "tiger:PLACEFP": null, "tiger:PCINECTA": null, "tiger:PCICBSA": null, "tiger:NAMELSAD": null, "tiger:NAME": null, "tiger:MTFCC": null, "tiger:LSAD": null, "tiger:FUNCSTAT": null, "tiger:CPI": null, "is_in:state": null, "is_in:iso_3166_2": null, "gnis:feature_id": null, "border_type": null, "admin_level": null, "source:url": null, "boundary": null, "tiger:name_direction_suffix": null, "tiger:name_type_1": null, "tiger:name_base_1": null, "name_1": null, "lane_markings": null, "maxspeed": null, "tiger:name_direction_prefix": null, "smoothness": null, "ref:usfs": null, "wikipedia": null, "oneway": null, "motorcar": null, "motor_vehicle": "no", "foot": "designated", "covered": null, "tiger:name_type": null, "tiger:name_base": null, "surface": "dirt", "name": "Daniels Pass Trail", "service": null, "access": null, "tiger:reviewed": null, "tiger:county": null, "tiger:cfcc": null, "highway": "path" }, "geometry": { "type": "LineString", "coordinates": [ [ -104.897241, 38.7823406 ], [ -104.8972464, 38.782488 ], [ -104.897249, 38.7825832 ], [ -104.8971525, 38.782671 ], [ -104.8970103, 38.7828069 ], [ -104.8969916, 38.7829763 ], [ -104.8966992, 38.7831247 ], [ -104.8966509, 38.783407 ], [ -104.89649, 38.7836412 ], [ -104.8964363, 38.7837729 ], [ -104.8962539, 38.7838795 ], [ -104.8961654, 38.783982 ], [ -104.8961252, 38.7840844 ], [ -104.8960501, 38.784122 ], [ -104.8958087, 38.78403 ], [ -104.895739, 38.7838586 ], [ -104.8956585, 38.783729 ], [ -104.8955217, 38.7836119 ] ] } },
{ "type": "Feature", "properties": { "full_id": "w1014120705", "osm_id": "1014120705", "osm_type": "way", "horse": null, "playground:theme": null, "playground": null, "colour": null, "backrest": null, "amenity": null, "power": null, "incline": null, "handrail:right": null, "handrail:left": null, "rockfall_barrier": null, "bridge:structure": null, "fence_type": null, "material": null, "ladder": null, "dog": null, "segregated": "no", "mtb:scale:imba": "2", "mtb:scale": "2", "par": null, "source:hgv": null, "hgv": null, "attraction": null, "content": null, "footway": null, "crossing": null, "handrail": null, "bridge": null, "aerialway": null, "barrier": null, "tunnel": null, "condition": null, "man_made": null, "golf_cart": null, "golf": null, "bicycle": "designated", "intermittent": null, "waterway": null, "layer": null, "lanes": null, "ford": null, "natural": null, "attribution": null, "operator": null, "ref": null, "railway": null, "old_railway_operator": null, "alt_name": null, "tiger:CLASSFP": null, "wikidata": null, "tiger:STATEFP": null, "tiger:PLCIDFP": null, "tiger:PLACEFP": null, "tiger:PCINECTA": null, "tiger:PCICBSA": null, "tiger:NAMELSAD": null, "tiger:NAME": null, "tiger:MTFCC": null, "tiger:LSAD": null, "tiger:FUNCSTAT": null, "tiger:CPI": null, "is_in:state": null, "is_in:iso_3166_2": null, "gnis:feature_id": null, "border_type": null, "admin_level": null, "source:url": null, "boundary": null, "tiger:name_direction_suffix": null, "tiger:name_type_1": null, "tiger:name_base_1": null, "name_1": null, "lane_markings": null, "maxspeed": null, "tiger:name_direction_prefix": null, "smoothness": null, "ref:usfs": null, "wikipedia": null, "oneway": null, "motorcar": null, "motor_vehicle": "no", "foot": "designated", "covered": null, "tiger:name_type": null, "tiger:name_base": null, "surface": "dirt", "name": "Daniels Pass Trail", "service": null, "access": null, "tiger:reviewed": null, "tiger:county": null, "tiger:cfcc": null, "highway": "path" }, "geometry": { "type": "LineString", "coordinates": [ [ -104.898089, 38.7830432 ], [ -104.8979035, 38.7832481 ], [ -104.8977399, 38.7834509 ], [ -104.8976138, 38.7835701 ], [ -104.8976031, 38.7837311 ], [ -104.8976541, 38.7838231 ], [ -104.8976862, 38.7838837 ], [ -104.8976192, 38.7839088 ], [ -104.8975146, 38.7838105 ], [ -104.8974529, 38.7835763 ], [ -104.8974636, 38.7833714 ], [ -104.8976058, 38.7832188 ], [ -104.8976353, 38.7830264 ], [ -104.8977479, 38.7828675 ], [ -104.8977479, 38.7827316 ], [ -104.8978284, 38.782648 ], [ -104.8977721, 38.7823574 ], [ -104.8976809, 38.7821023 ], [ -104.897697, 38.7819476 ], [ -104.8975843, 38.782027 ], [ -104.897536, 38.7821943 ], [ -104.8975253, 38.7823992 ], [ -104.8975253, 38.7824745 ], [ -104.8974609, 38.7823908 ], [ -104.8972571, 38.782073 ], [ -104.8972088, 38.7820103 ], [ -104.8971927, 38.7821169 ], [ -104.8972334, 38.7823057 ], [ -104.897241, 38.7823406 ] ] } },
{ "type": "Feature", "properties": { "full_id": "w1014120003", "osm_id": "1014120003", "osm_type": "way", "horse": null, "playground:theme": null, "playground": null, "colour": null, "backrest": null, "amenity": null, "power": null, "incline": null, "handrail:right": null, "handrail:left": null, "rockfall_barrier": null, "bridge:structure": null, "fence_type": null, "material": null, "ladder": null, "dog": "leashed", "segregated": null, "mtb:scale:imba": "2", "mtb:scale": "2", "par": null, "source:hgv": null, "hgv": null, "attraction": null, "content": null, "footway": null, "crossing": null, "handrail": null, "bridge": null, "aerialway": null, "barrier": null, "tunnel": null, "condition": null, "man_made": null, "golf_cart": null, "golf": null, "bicycle": "designated", "intermittent": null, "waterway": null, "layer": null, "lanes": null, "ford": null, "natural": null, "attribution": null, "operator": null, "ref": null, "railway": null, "old_railway_operator": null, "alt_name": null, "tiger:CLASSFP": null, "wikidata": null, "tiger:STATEFP": null, "tiger:PLCIDFP": null, "tiger:PLACEFP": null, "tiger:PCINECTA": null, "tiger:PCICBSA": null, "tiger:NAMELSAD": null, "tiger:NAME": null, "tiger:MTFCC": null, "tiger:LSAD": null, "tiger:FUNCSTAT": null, "tiger:CPI": null, "is_in:state": null, "is_in:iso_3166_2": null, "gnis:feature_id": null, "border_type": null, "admin_level": null, "source:url": null, "boundary": null, "tiger:name_direction_suffix": null, "tiger:name_type_1": null, "tiger:name_base_1": null, "name_1": null, "lane_markings": null, "maxspeed": null, "tiger:name_direction_prefix": null, "smoothness": null, "ref:usfs": null, "wikipedia": null, "oneway": null, "motorcar": null, "motor_vehicle": "no", "foot": "designated", "covered": null, "tiger:name_type": null, "tiger:name_base": null, "surface": "ground", "name": "Sweetwater Canyon Trail", "service": null, "access": null, "tiger:reviewed": null, "tiger:county": null, "tiger:cfcc": null, "highway": "path" }, "geometry": { "type": "LineString", "coordinates": [ [ -104.8953192, 38.7818556 ], [ -104.89522, 38.7817113 ], [ -104.8950684, 38.7816475 ], [ -104.8948793, 38.7816151 ], [ -104.8947707, 38.7815649 ], [ -104.8945816, 38.7814531 ], [ -104.8945373, 38.7813611 ], [ -104.8946084, 38.7813067 ], [ -104.8948136, 38.781244 ], [ -104.8950402, 38.7812597 ], [ -104.8951811, 38.7813663 ], [ -104.8953728, 38.7813339 ], [ -104.8954774, 38.7812335 ], [ -104.8954976, 38.7811541 ], [ -104.89557, 38.781083 ], [ -104.895633, 38.7810014 ], [ -104.8956236, 38.7808802 ], [ -104.8954694, 38.7807505 ], [ -104.895338, 38.7806627 ], [ -104.8953058, 38.7805989 ], [ -104.8953916, 38.7804944 ], [ -104.8953326, 38.7803397 ], [ -104.8952468, 38.780233 ], [ -104.8951288, 38.7801431 ], [ -104.8950054, 38.7800887 ], [ -104.8949853, 38.7800124 ], [ -104.8951113, 38.7799382 ], [ -104.8950925, 38.7797939 ], [ -104.8950684, 38.7796967 ], [ -104.8949531, 38.779589 ], [ -104.8949839, 38.7794573 ], [ -104.8949343, 38.779289 ], [ -104.8949477, 38.7791206 ], [ -104.8949222, 38.7788687 ], [ -104.8947211, 38.7787056 ], [ -104.8946594, 38.778623 ], [ -104.8943777, 38.7783857 ], [ -104.8943187, 38.7783083 ], [ -104.8942812, 38.778233 ], [ -104.894304, 38.778117 ], [ -104.8944515, 38.7780469 ], [ -104.8945722, 38.7780522 ], [ -104.8946822, 38.7781337 ], [ -104.8947452, 38.7781306 ], [ -104.894772, 38.7779978 ], [ -104.894772, 38.777636 ], [ -104.8947921, 38.7775284 ], [ -104.8948284, 38.7774416 ], [ -104.8949598, 38.7772733 ], [ -104.8950523, 38.7772199 ], [ -104.8951583, 38.7771948 ], [ -104.8952441, 38.7772011 ], [ -104.8953152, 38.7772649 ], [ -104.8953393, 38.7773621 ], [ -104.8953715, 38.7774123 ], [ -104.8954278, 38.7774311 ], [ -104.8955445, 38.7773621 ], [ -104.89592, 38.7770296 ], [ -104.895971, 38.7769356 ], [ -104.89592, 38.7767955 ], [ -104.8958543, 38.7767003 ], [ -104.8958382, 38.7766041 ], [ -104.8957457, 38.7765341 ], [ -104.8955901, 38.7765623 ], [ -104.8954372, 38.776532 ], [ -104.8952588, 38.7764463 ], [ -104.8950309, 38.7763124 ], [ -104.8949222, 38.7762978 ], [ -104.8947908, 38.776256 ], [ -104.8946728, 38.7761911 ], [ -104.8946513, 38.776118 ], [ -104.8946862, 38.7760291 ], [ -104.894768, 38.7760071 ], [ -104.8950523, 38.7760876 ], [ -104.8952401, 38.7761368 ], [ -104.8954439, 38.7761357 ], [ -104.8955807, 38.7760824 ], [ -104.8956786, 38.776005 ], [ -104.8957644, 38.7760176 ], [ -104.8957269, 38.7761023 ], [ -104.8956746, 38.7761807 ], [ -104.8956665, 38.7762549 ], [ -104.8957215, 38.7762748 ], [ -104.8957886, 38.7762141 ], [ -104.8958744, 38.7761399 ], [ -104.8958838, 38.7761661 ], [ -104.8959401, 38.7762758 ], [ -104.8960166, 38.7763386 ], [ -104.8961265, 38.7763856 ], [ -104.8962151, 38.7764232 ], [ -104.8962057, 38.7763668 ], [ -104.8961775, 38.7762445 ], [ -104.8962365, 38.7761012 ], [ -104.8962459, 38.7759674 ], [ -104.8962486, 38.7758817 ], [ -104.8963358, 38.7758482 ], [ -104.896384, 38.7758848 ], [ -104.89638, 38.7759172 ], [ -104.8963827, 38.7759977 ], [ -104.8963746, 38.7761315 ], [ -104.8963733, 38.7762403 ], [ -104.8964578, 38.7763354 ], [ -104.8965195, 38.7764421 ], [ -104.8964739, 38.7765257 ], [ -104.8964444, 38.7766554 ], [ -104.8965195, 38.7768791 ], [ -104.8966268, 38.7770673 ], [ -104.8966053, 38.7771405 ], [ -104.8964953, 38.7772053 ], [ -104.8963532, 38.7774019 ], [ -104.8961386, 38.7775984 ], [ -104.8960501, 38.7778723 ], [ -104.8959643, 38.7779936 ], [ -104.8958248, 38.7782236 ], [ -104.8959294, 38.7781818 ], [ -104.8961037, 38.7781797 ], [ -104.8962137, 38.7780292 ], [ -104.8963907, 38.7778472 ], [ -104.8964739, 38.7776695 ], [ -104.8966643, 38.7774688 ], [ -104.8969138, 38.7773809 ], [ -104.8970532, 38.777475 ], [ -104.8972195, 38.777521 ], [ -104.8972973, 38.7774813 ], [ -104.8972893, 38.7772868 ], [ -104.89719, 38.7771363 ], [ -104.8970452, 38.7769 ], [ -104.8970023, 38.7767411 ], [ -104.8970479, 38.7765759 ], [ -104.8970398, 38.776463 ], [ -104.8970962, 38.7764086 ], [ -104.8971632, 38.7765634 ], [ -104.897249, 38.7766993 ], [ -104.897233, 38.7768143 ], [ -104.8972625, 38.7768979 ], [ -104.8973376, 38.7770108 ], [ -104.8974744, 38.7771217 ], [ -104.8975951, 38.7772597 ], [ -104.8976809, 38.7773538 ], [ -104.8978418, 38.7773809 ], [ -104.8979035, 38.7774039 ], [ -104.897933, 38.7774499 ], [ -104.8979062, 38.7775231 ], [ -104.897933, 38.7775775 ], [ -104.8979947, 38.7776444 ], [ -104.897984, 38.7777197 ], [ -104.8979276, 38.7777824 ], [ -104.8977962, 38.7777866 ], [ -104.8975924, 38.7778661 ], [ -104.8973054, 38.7779246 ], [ -104.8970559, 38.778048 ], [ -104.8969084, 38.7782278 ], [ -104.8968789, 38.778439 ], [ -104.8968521, 38.7784829 ], [ -104.8966509, 38.7786376 ], [ -104.8965946, 38.7787861 ], [ -104.8965879, 38.7789492 ], [ -104.8965544, 38.7790673 ], [ -104.8965839, 38.7791154 ], [ -104.8968118, 38.7792796 ], [ -104.8968306, 38.7793276 ], [ -104.8968467, 38.779428 ], [ -104.8969325, 38.7795064 ], [ -104.8969647, 38.7795911 ], [ -104.8969272, 38.7797333 ], [ -104.8967984, 38.779888 ], [ -104.8968118, 38.7800302 ], [ -104.8969808, 38.7801787 ], [ -104.8969674, 38.7802497 ], [ -104.8969889, 38.7803689 ], [ -104.8972839, 38.7806021 ], [ -104.8974073, 38.7807631 ], [ -104.8978204, 38.781015 ], [ -104.897823, 38.7811258 ], [ -104.897925, 38.7811969 ], [ -104.8980054, 38.7812931 ], [ -104.8980296, 38.7813443 ], [ -104.897984, 38.7813956 ], [ -104.8978043, 38.781406 ], [ -104.8976541, 38.7814667 ], [ -104.8974529, 38.7814646 ], [ -104.8973134, 38.781544 ], [ -104.897182, 38.7816235 ], [ -104.8970144, 38.7817458 ], [ -104.8969218, 38.7818953 ], [ -104.896946, 38.7820417 ], [ -104.897241, 38.7823406 ] ] } },
{ "type": "Feature", "properties": { "full_id": "w1014120002", "osm_id": "1014120002", "osm_type": "way", "horse": null, "playground:theme": null, "playground": null, "colour": null, "backrest": null, "amenity": null, "power": null, "incline": null, "handrail:right": null, "handrail:left": null, "rockfall_barrier": null, "bridge:structure": null, "fence_type": null, "material": null, "ladder": null, "dog": null, "segregated": "no", "mtb:scale:imba": "2", "mtb:scale": "2", "par": null, "source:hgv": null, "hgv": null, "attraction": null, "content": null, "footway": null, "crossing": null, "handrail": null, "bridge": null, "aerialway": null, "barrier": null, "tunnel": null, "condition": null, "man_made": null, "golf_cart": null, "golf": null, "bicycle": "designated", "intermittent": null, "waterway": null, "layer": null, "lanes": null, "ford": null, "natural": null, "attribution": null, "operator": null, "ref": null, "railway": null, "old_railway_operator": null, "alt_name": null, "tiger:CLASSFP": null, "wikidata": null, "tiger:STATEFP": null, "tiger:PLCIDFP": null, "tiger:PLACEFP": null, "tiger:PCINECTA": null, "tiger:PCICBSA": null, "tiger:NAMELSAD": null, "tiger:NAME": null, "tiger:MTFCC": null, "tiger:LSAD": null, "tiger:FUNCSTAT": null, "tiger:CPI": null, "is_in:state": null, "is_in:iso_3166_2": null, "gnis:feature_id": null, "border_type": null, "admin_level": null, "source:url": null, "boundary": null, "tiger:name_direction_suffix": null, "tiger:name_type_1": null, "tiger:name_base_1": null, "name_1": null, "lane_markings": null, "maxspeed": null, "tiger:name_direction_prefix": null, "smoothness": null, "ref:usfs": null, "wikipedia": null, "oneway": null, "motorcar": null, "motor_vehicle": "no", "foot": "yes", "covered": null, "tiger:name_type": null, "tiger:name_base": null, "surface": "dirt", "name": "Middle Sweetwater Trail", "service": null, "access": null, "tiger:reviewed": null, "tiger:county": null, "tiger:cfcc": null, "highway": "path" }, "geometry": { "type": "LineString", "coordinates": [ [ -104.8955217, 38.7836119 ], [ -104.8954278, 38.783546 ], [ -104.8954023, 38.7835052 ], [ -104.8953219, 38.7835502 ], [ -104.8952749, 38.7835293 ], [ -104.8952226, 38.7834383 ], [ -104.8952468, 38.7833505 ], [ -104.8953052, 38.7833001 ], [ -104.8955311, 38.7833578 ], [ -104.8956813, 38.783431 ], [ -104.8957993, 38.783476 ], [ -104.8958395, 38.7835 ], [ -104.8959468, 38.7834446 ], [ -104.8959871, 38.7833599 ], [ -104.8960558, 38.7833155 ], [ -104.896064, 38.783247 ], [ -104.8960273, 38.7831404 ], [ -104.8960206, 38.7829114 ], [ -104.8960158, 38.7827482 ], [ -104.8960835, 38.7826518 ], [ -104.8961652, 38.7826503 ], [ -104.896204, 38.7826101 ], [ -104.8962201, 38.7825717 ], [ -104.8961644, 38.7825495 ], [ -104.8960873, 38.7825398 ], [ -104.896148, 38.7824598 ], [ -104.896264, 38.7823887 ], [ -104.8961493, 38.7821295 ], [ -104.8959804, 38.7819873 ], [ -104.8959864, 38.781864 ], [ -104.8960635, 38.7817385 ], [ -104.8961172, 38.7816151 ], [ -104.8961252, 38.7815127 ], [ -104.8961432, 38.7812834 ], [ -104.8963943, 38.7811103 ], [ -104.8964524, 38.7810516 ], [ -104.8962955, 38.781084 ], [ -104.8960756, 38.7811541 ], [ -104.8959238, 38.7813067 ], [ -104.895753, 38.7814785 ], [ -104.8956142, 38.7815712 ], [ -104.8954587, 38.7815492 ], [ -104.8953581, 38.7815869 ], [ -104.8953742, 38.7817176 ], [ -104.8953192, 38.7818556 ] ] } },
{ "type": "Feature", "properties": { "full_id": "w426016852", "osm_id": "426016852", "osm_type": "way", "horse": null, "playground:theme": null, "playground": null, "colour": null, "backrest": null, "amenity": null, "power": null, "incline": null, "handrail:right": null, "handrail:left": null, "rockfall_barrier": null, "bridge:structure": null, "fence_type": null, "material": null, "ladder": null, "dog": null, "segregated": null, "mtb:scale:imba": null, "mtb:scale": null, "par": null, "source:hgv": null, "hgv": null, "attraction": null, "content": null, "footway": null, "crossing": null, "handrail": null, "bridge": null, "aerialway": null, "barrier": null, "tunnel": null, "condition": null, "man_made": null, "golf_cart": null, "golf": null, "bicycle": null, "intermittent": "yes", "waterway": "stream", "layer": null, "lanes": null, "ford": null, "natural": null, "attribution": null, "operator": null, "ref": null, "railway": null, "old_railway_operator": null, "alt_name": null, "tiger:CLASSFP": null, "wikidata": null, "tiger:STATEFP": null, "tiger:PLCIDFP": null, "tiger:PLACEFP": null, "tiger:PCINECTA": null, "tiger:PCICBSA": null, "tiger:NAMELSAD": null, "tiger:NAME": null, "tiger:MTFCC": null, "tiger:LSAD": null, "tiger:FUNCSTAT": null, "tiger:CPI": null, "is_in:state": null, "is_in:iso_3166_2": null, "gnis:feature_id": null, "border_type": null, "admin_level": null, "source:url": null, "boundary": null, "tiger:name_direction_suffix": null, "tiger:name_type_1": null, "tiger:name_base_1": null, "name_1": null, "lane_markings": null, "maxspeed": null, "tiger:name_direction_prefix": null, "smoothness": null, "ref:usfs": null, "wikipedia": null, "oneway": null, "motorcar": null, "motor_vehicle": null, "foot": null, "covered": null, "tiger:name_type": null, "tiger:name_base": null, "surface": null, "name": "South Cheyenne Creek", "service": null, "access": null, "tiger:reviewed": null, "tiger:county": null, "tiger:cfcc": null, "highway": null }, "geometry": { "type": "LineString", "coordinates": [ [ -104.8798931, 38.7815367 ], [ -104.879861, 38.7815534 ], [ -104.8798139, 38.7815697 ], [ -104.8797684, 38.7815984 ], [ -104.8797738, 38.7816439 ], [ -104.8797818, 38.781809 ], [ -104.8797879, 38.7819183 ], [ -104.8798313, 38.7821109 ], [ -104.8798428, 38.7822136 ], [ -104.8798113, 38.7823516 ], [ -104.8797677, 38.7824269 ], [ -104.8795961, 38.782626 ], [ -104.8794895, 38.7827646 ], [ -104.8794573, 38.7829141 ], [ -104.8794452, 38.7830615 ], [ -104.8794284, 38.7832094 ], [ -104.8793929, 38.7833552 ], [ -104.8793272, 38.7833788 ], [ -104.8792152, 38.7833584 ], [ -104.8790476, 38.7833589 ], [ -104.8788498, 38.783372 ], [ -104.8786633, 38.7833249 ], [ -104.8785614, 38.7833359 ], [ -104.8783656, 38.7833129 ], [ -104.8782295, 38.783234 ], [ -104.8780806, 38.7831331 ], [ -104.8777863, 38.7831169 ], [ -104.8775697, 38.7831435 ], [ -104.8773403, 38.7832136 ], [ -104.8771097, 38.7832988 ], [ -104.8770037, 38.783443 ], [ -104.8769534, 38.7834885 ], [ -104.8768958, 38.7835899 ], [ -104.8768234, 38.7837034 ], [ -104.8766376, 38.7838251 ], [ -104.8764968, 38.7838591 ], [ -104.8763761, 38.7838528 ], [ -104.8762574, 38.7838231 ], [ -104.8760824, 38.7837337 ], [ -104.8759389, 38.7837049 ], [ -104.8758236, 38.7837305 ], [ -104.8757297, 38.7837781 ], [ -104.8755627, 38.7838434 ], [ -104.8753408, 38.7839171 ], [ -104.8751999, 38.7839286 ], [ -104.8750792, 38.7839004 ], [ -104.8749344, 38.7838408 ], [ -104.874799, 38.7837802 ], [ -104.8747024, 38.7837645 ], [ -104.8745576, 38.783799 ], [ -104.8744375, 38.7838528 ], [ -104.8742612, 38.783936 ], [ -104.87418, 38.7839772 ], [ -104.8741492, 38.7840316 ], [ -104.8741304, 38.7841283 ], [ -104.8741371, 38.7842444 ], [ -104.8741284, 38.7844247 ], [ -104.8741069, 38.784535 ], [ -104.874056, 38.7846244 ], [ -104.8740298, 38.7847205 ], [ -104.8739165, 38.7848638 ], [ -104.873824, 38.7849181 ], [ -104.8737831, 38.7849505 ], [ -104.8737623, 38.7849814 ], [ -104.873765, 38.7850007 ], [ -104.8737958, 38.7850232 ], [ -104.8737884, 38.7850582 ], [ -104.8737301, 38.7851225 ], [ -104.8735685, 38.7852735 ], [ -104.8734558, 38.7853384 ], [ -104.8732111, 38.7854743 ], [ -104.8730448, 38.7855626 ], [ -104.8727997, 38.7856433 ], [ -104.8726797, 38.7856656 ], [ -104.8726042, 38.7856849 ], [ -104.8725244, 38.7857029 ], [ -104.8724601, 38.7856844 ], [ -104.8723642, 38.7856206 ], [ -104.8722421, 38.7855359 ], [ -104.8719843, 38.7854206 ], [ -104.8718472, 38.7853776 ], [ -104.8717647, 38.7853828 ], [ -104.8716755, 38.7854189 ], [ -104.8715059, 38.785538 ], [ -104.8713838, 38.7855621 ], [ -104.8712732, 38.785584 ], [ -104.8712081, 38.7856274 ], [ -104.8711934, 38.7856786 ], [ -104.871123, 38.7857042 ], [ -104.8709748, 38.7857184 ], [ -104.870893, 38.785699 ], [ -104.870775, 38.7856096 ], [ -104.8706523, 38.7855443 ], [ -104.8705664, 38.7855213 ], [ -104.8704793, 38.7855203 ], [ -104.8702949, 38.7855537 ], [ -104.8701976, 38.7856013 ], [ -104.8700749, 38.7856708 ], [ -104.8699053, 38.7857779 ], [ -104.8698945, 38.7859149 ], [ -104.8698637, 38.7859719 ], [ -104.8697296, 38.7860288 ], [ -104.8694694, 38.7862045 ], [ -104.8692656, 38.7863006 ], [ -104.8691556, 38.7863571 ], [ -104.8690134, 38.7865076 ], [ -104.8688123, 38.7867773 ], [ -104.8686218, 38.7869509 ], [ -104.8685253, 38.7870533 ], [ -104.8683912, 38.7872059 ], [ -104.868257, 38.7873146 ], [ -104.8680237, 38.7873648 ], [ -104.867962, 38.7874275 ], [ -104.867962, 38.7875425 ], [ -104.8679835, 38.7877265 ], [ -104.8679432, 38.7878352 ], [ -104.8676831, 38.7879565 ], [ -104.8672861, 38.7881091 ], [ -104.8672298, 38.7881927 ], [ -104.8672137, 38.7883119 ], [ -104.867152, 38.788429 ], [ -104.8670206, 38.788613 ], [ -104.8668194, 38.7887928 ], [ -104.8666209, 38.7889078 ], [ -104.8664439, 38.7889914 ], [ -104.8662815, 38.7890602 ], [ -104.8661467, 38.7892077 ], [ -104.8659677, 38.7895218 ], [ -104.8657509, 38.7896808 ], [ -104.865611, 38.7897419 ], [ -104.8654107, 38.7897611 ], [ -104.8651581, 38.7898522 ], [ -104.8650439, 38.7899439 ], [ -104.8648944, 38.7900643 ], [ -104.8647596, 38.7902389 ], [ -104.8646263, 38.7904089 ], [ -104.8644601, 38.7904337 ], [ -104.8644072, 38.7904704 ], [ -104.8643093, 38.7905467 ] ] } },
{ "type": "Feature", "properties": { "full_id": "w815851115", "osm_id": "815851115", "osm_type": "way", "horse": null, "playground:theme": null, "playground": null, "colour": null, "backrest": null, "amenity": null, "power": null, "incline": null, "handrail:right": null, "handrail:left": null, "rockfall_barrier": null, "bridge:structure": null, "fence_type": null, "material": null, "ladder": null, "dog": null, "segregated": null, "mtb:scale:imba": null, "mtb:scale": null, "par": null, "source:hgv": null, "hgv": null, "attraction": null, "content": null, "footway": null, "crossing": null, "handrail": null, "bridge": null, "aerialway": null, "barrier": null, "tunnel": null, "condition": null, "man_made": null, "golf_cart": null, "golf": null, "bicycle": null, "intermittent": null, "waterway": null, "layer": null, "lanes": null, "ford": null, "natural": null, "attribution": null, "operator": null, "ref": null, "railway": null, "old_railway_operator": null, "alt_name": null, "tiger:CLASSFP": null, "wikidata": null, "tiger:STATEFP": null, "tiger:PLCIDFP": null, "tiger:PLACEFP": null, "tiger:PCINECTA": null, "tiger:PCICBSA": null, "tiger:NAMELSAD": null, "tiger:NAME": null, "tiger:MTFCC": null, "tiger:LSAD": null, "tiger:FUNCSTAT": null, "tiger:CPI": null, "is_in:state": null, "is_in:iso_3166_2": null, "gnis:feature_id": null, "border_type": null, "admin_level": null, "source:url": null, "boundary": null, "tiger:name_direction_suffix": null, "tiger:name_type_1": null, "tiger:name_base_1": null, "name_1": null, "lane_markings": null, "maxspeed": null, "tiger:name_direction_prefix": null, "smoothness": null, "ref:usfs": null, "wikipedia": null, "oneway": null, "motorcar": null, "motor_vehicle": null, "foot": null, "covered": null, "tiger:name_type": null, "tiger:name_base": null, "surface": null, "name": null, "service": "driveway", "access": "private", "tiger:reviewed": null, "tiger:county": null, "tiger:cfcc": null, "highway": "service" }, "geometry": { "type": "LineString", "coordinates": [ [ -104.8911721, 38.7731704 ], [ -104.8910836, 38.7730584 ], [ -104.8910382, 38.772899 ], [ -104.891045, 38.7727466 ], [ -104.8910601, 38.7725652 ], [ -104.8910382, 38.7722946 ], [ -104.8910214, 38.7721658 ], [ -104.8910072, 38.7720794 ], [ -104.8909877, 38.7719682 ], [ -104.8909809, 38.7719135 ], [ -104.8909408, 38.771889 ], [ -104.8909051, 38.7718925 ], [ -104.8907585, 38.7719791 ] ] } },
{ "type": "Feature", "properties": { "full_id": "w1120477065", "osm_id": "1120477065", "osm_type": "way", "horse": null, "playground:theme": null, "playground": null, "colour": null, "backrest": null, "amenity": null, "power": null, "incline": null, "handrail:right": null, "handrail:left": null, "rockfall_barrier": null, "bridge:structure": null, "fence_type": null, "material": null, "ladder": null, "dog": null, "segregated": null, "mtb:scale:imba": null, "mtb:scale": null, "par": null, "source:hgv": null, "hgv": null, "attraction": null, "content": null, "footway": null, "crossing": null, "handrail": null, "bridge": null, "aerialway": null, "barrier": null, "tunnel": null, "condition": null, "man_made": null, "golf_cart": null, "golf": null, "bicycle": null, "intermittent": null, "waterway": null, "layer": null, "lanes": null, "ford": null, "natural": "cliff", "attribution": null, "operator": null, "ref": null, "railway": null, "old_railway_operator": null, "alt_name": null, "tiger:CLASSFP": null, "wikidata": null, "tiger:STATEFP": null, "tiger:PLCIDFP": null, "tiger:PLACEFP": null, "tiger:PCINECTA": null, "tiger:PCICBSA": null, "tiger:NAMELSAD": null, "tiger:NAME": null, "tiger:MTFCC": null, "tiger:LSAD": null, "tiger:FUNCSTAT": null, "tiger:CPI": null, "is_in:state": null, "is_in:iso_3166_2": null, "gnis:feature_id": null, "border_type": null, "admin_level": null, "source:url": null, "boundary": null, "tiger:name_direction_suffix": null, "tiger:name_type_1": null, "tiger:name_base_1": null, "name_1": null, "lane_markings": null, "maxspeed": null, "tiger:name_direction_prefix": null, "smoothness": null, "ref:usfs": null, "wikipedia": null, "oneway": null, "motorcar": null, "motor_vehicle": null, "foot": null, "covered": null, "tiger:name_type": null, "tiger:name_base": null, "surface": null, "name": null, "service": null, "access": null, "tiger:reviewed": null, "tiger:county": null, "tiger:cfcc": null, "highway": null }, "geometry": { "type": "LineString", "coordinates": [ [ -104.8747131, 38.7832523 ], [ -104.8747051, 38.7833359 ], [ -104.8747547, 38.7833683 ], [ -104.8748298, 38.7833087 ], [ -104.8749384, 38.7833631 ], [ -104.8750256, 38.7833683 ], [ -104.8750591, 38.7833003 ], [ -104.8750873, 38.7833035 ], [ -104.875094, 38.7832554 ], [ -104.8751101, 38.7832272 ], [ -104.8751611, 38.7831979 ], [ -104.8752294, 38.7831916 ], [ -104.8752442, 38.783131 ], [ -104.8753233, 38.7831049 ], [ -104.8752871, 38.7830359 ], [ -104.8752201, 38.782993 ], [ -104.8750497, 38.7830379 ] ] } },
{ "type": "Feature", "properties": { "full_id": "w1120475572", "osm_id": "1120475572", "osm_type": "way", "horse": null, "playground:theme": null, "playground": null, "colour": "brown", "backrest": "no", "amenity": "bench", "power": null, "incline": null, "handrail:right": null, "handrail:left": null, "rockfall_barrier": null, "bridge:structure": null, "fence_type": null, "material": "metal", "ladder": null, "dog": null, "segregated": null, "mtb:scale:imba": null, "mtb:scale": null, "par": null, "source:hgv": null, "hgv": null, "attraction": null, "content": null, "footway": null, "crossing": null, "handrail": null, "bridge": null, "aerialway": null, "barrier": null, "tunnel": null, "condition": null, "man_made": null, "golf_cart": null, "golf": null, "bicycle": null, "intermittent": null, "waterway": null, "layer": null, "lanes": null, "ford": null, "natural": null, "attribution": null, "operator": null, "ref": null, "railway": null, "old_railway_operator": null, "alt_name": null, "tiger:CLASSFP": null, "wikidata": null, "tiger:STATEFP": null, "tiger:PLCIDFP": null, "tiger:PLACEFP": null, "tiger:PCINECTA": null, "tiger:PCICBSA": null, "tiger:NAMELSAD": null, "tiger:NAME": null, "tiger:MTFCC": null, "tiger:LSAD": null, "tiger:FUNCSTAT": null, "tiger:CPI": null, "is_in:state": null, "is_in:iso_3166_2": null, "gnis:feature_id": null, "border_type": null, "admin_level": null, "source:url": null, "boundary": null, "tiger:name_direction_suffix": null, "tiger:name_type_1": null, "tiger:name_base_1": null, "name_1": null, "lane_markings": null, "maxspeed": null, "tiger:name_direction_prefix": null, "smoothness": null, "ref:usfs": null, "wikipedia": null, "oneway": null, "motorcar": null, "motor_vehicle": null, "foot": null, "covered": null, "tiger:name_type": null, "tiger:name_base": null, "surface": null, "name": null, "service": null, "access": null, "tiger:reviewed": null, "tiger:county": null, "tiger:cfcc": null, "highway": null }, "geometry": { "type": "LineString", "coordinates": [ [ -104.8793891, 38.782003 ], [ -104.879412, 38.7820125 ], [ -104.8794377, 38.7820168 ] ] } },
{ "type": "Feature", "properties": { "full_id": "w1120475049", "osm_id": "1120475049", "osm_type": "way", "horse": null, "playground:theme": null, "playground": null, "colour": null, "backrest": null, "amenity": null, "power": null, "incline": null, "handrail:right": null, "handrail:left": null, "rockfall_barrier": null, "bridge:structure": null, "fence_type": null, "material": "metal", "ladder": null, "dog": null, "segregated": null, "mtb:scale:imba": null, "mtb:scale": null, "par": null, "source:hgv": null, "hgv": null, "attraction": null, "content": null, "footway": null, "crossing": null, "handrail": null, "bridge": "yes", "aerialway": null, "barrier": null, "tunnel": null, "condition": null, "man_made": null, "golf_cart": null, "golf": null, "bicycle": null, "intermittent": null, "waterway": null, "layer": null, "lanes": null, "ford": null, "natural": null, "attribution": null, "operator": null, "ref": null, "railway": null, "old_railway_operator": null, "alt_name": null, "tiger:CLASSFP": null, "wikidata": null, "tiger:STATEFP": null, "tiger:PLCIDFP": null, "tiger:PLACEFP": null, "tiger:PCINECTA": null, "tiger:PCICBSA": null, "tiger:NAMELSAD": null, "tiger:NAME": null, "tiger:MTFCC": null, "tiger:LSAD": null, "tiger:FUNCSTAT": null, "tiger:CPI": null, "is_in:state": null, "is_in:iso_3166_2": null, "gnis:feature_id": null, "border_type": null, "admin_level": null, "source:url": null, "boundary": null, "tiger:name_direction_suffix": null, "tiger:name_type_1": null, "tiger:name_base_1": null, "name_1": null, "lane_markings": null, "maxspeed": null, "tiger:name_direction_prefix": null, "smoothness": null, "ref:usfs": null, "wikipedia": null, "oneway": null, "motorcar": null, "motor_vehicle": null, "foot": null, "covered": null, "tiger:name_type": null, "tiger:name_base": null, "surface": null, "name": null, "service": null, "access": null, "tiger:reviewed": null, "tiger:county": null, "tiger:cfcc": null, "highway": "path" }, "geometry": { "type": "LineString", "coordinates": [ [ -104.8800855, 38.7813776 ], [ -104.8800866, 38.7813922 ] ] } },
{ "type": "Feature", "properties": { "full_id": "w1120475048", "osm_id": "1120475048", "osm_type": "way", "horse": null, "playground:theme": null, "playground": null, "colour": null, "backrest": null, "amenity": null, "power": null, "incline": "up", "handrail:right": "yes", "handrail:left": "yes", "rockfall_barrier": null, "bridge:structure": null, "fence_type": null, "material": "metal", "ladder": null, "dog": null, "segregated": null, "mtb:scale:imba": null, "mtb:scale": null, "par": null, "source:hgv": null, "hgv": null, "attraction": null, "content": null, "footway": null, "crossing": null, "handrail": null, "bridge": "yes", "aerialway": null, "barrier": null, "tunnel": null, "condition": null, "man_made": null, "golf_cart": null, "golf": null, "bicycle": null, "intermittent": null, "waterway": null, "layer": null, "lanes": null, "ford": null, "natural": null, "attribution": null, "operator": null, "ref": null, "railway": null, "old_railway_operator": null, "alt_name": null, "tiger:CLASSFP": null, "wikidata": null, "tiger:STATEFP": null, "tiger:PLCIDFP": null, "tiger:PLACEFP": null, "tiger:PCINECTA": null, "tiger:PCICBSA": null, "tiger:NAMELSAD": null, "tiger:NAME": null, "tiger:MTFCC": null, "tiger:LSAD": null, "tiger:FUNCSTAT": null, "tiger:CPI": null, "is_in:state": null, "is_in:iso_3166_2": null, "gnis:feature_id": null, "border_type": null, "admin_level": null, "source:url": null, "boundary": null, "tiger:name_direction_suffix": null, "tiger:name_type_1": null, "tiger:name_base_1": null, "name_1": null, "lane_markings": null, "maxspeed": null, "tiger:name_direction_prefix": null, "smoothness": null, "ref:usfs": null, "wikipedia": null, "oneway": null, "motorcar": null, "motor_vehicle": null, "foot": null, "covered": null, "tiger:name_type": null, "tiger:name_base": null, "surface": null, "name": null, "service": null, "access": null, "tiger:reviewed": null, "tiger:county": null, "tiger:cfcc": null, "highway": "steps" }, "geometry": { "type": "LineString", "coordinates": [ [ -104.8800769, 38.7813779 ], [ -104.8800209, 38.7811211 ] ] } },
{ "type": "Feature", "properties": { "full_id": "w1120475047", "osm_id": "1120475047", "osm_type": "way", "horse": null, "playground:theme": null, "playground": null, "colour": null, "backrest": null, "amenity": null, "power": null, "incline": null, "handrail:right": null, "handrail:left": null, "rockfall_barrier": null, "bridge:structure": null, "fence_type": null, "material": "metal", "ladder": null, "dog": null, "segregated": null, "mtb:scale:imba": null, "mtb:scale": null, "par": null, "source:hgv": null, "hgv": null, "attraction": null, "content": null, "footway": null, "crossing": null, "handrail": null, "bridge": "yes", "aerialway": null, "barrier": null, "tunnel": null, "condition": null, "man_made": null, "golf_cart": null, "golf": null, "bicycle": null, "intermittent": null, "waterway": null, "layer": null, "lanes": null, "ford": null, "natural": null, "attribution": null, "operator": null, "ref": null, "railway": null, "old_railway_operator": null, "alt_name": null, "tiger:CLASSFP": null, "wikidata": null, "tiger:STATEFP": null, "tiger:PLCIDFP": null, "tiger:PLACEFP": null, "tiger:PCINECTA": null, "tiger:PCICBSA": null, "tiger:NAMELSAD": null, "tiger:NAME": null, "tiger:MTFCC": null, "tiger:LSAD": null, "tiger:FUNCSTAT": null, "tiger:CPI": null, "is_in:state": null, "is_in:iso_3166_2": null, "gnis:feature_id": null, "border_type": null, "admin_level": null, "source:url": null, "boundary": null, "tiger:name_direction_suffix": null, "tiger:name_type_1": null, "tiger:name_base_1": null, "name_1": null, "lane_markings": null, "maxspeed": null, "tiger:name_direction_prefix": null, "smoothness": null, "ref:usfs": null, "wikipedia": null, "oneway": null, "motorcar": null, "motor_vehicle": null, "foot": null, "covered": null, "tiger:name_type": null, "tiger:name_base": null, "surface": null, "name": null, "service": null, "access": null, "tiger:reviewed": null, "tiger:county": null, "tiger:cfcc": null, "highway": "path" }, "geometry": { "type": "LineString", "coordinates": [ [ -104.8800209, 38.7811211 ], [ -104.8802227, 38.7809481 ], [ -104.8802666, 38.7809387 ], [ -104.8803092, 38.7809473 ] ] } },
{ "type": "Feature", "properties": { "full_id": "w232961299", "osm_id": "232961299", "osm_type": "way", "horse": null, "playground:theme": null, "playground": null, "colour": null, "backrest": null, "amenity": null, "power": null, "incline": null, "handrail:right": null, "handrail:left": null, "rockfall_barrier": null, "bridge:structure": null, "fence_type": null, "material": null, "ladder": null, "dog": null, "segregated": null, "mtb:scale:imba": null, "mtb:scale": null, "par": null, "source:hgv": null, "hgv": null, "attraction": null, "content": null, "footway": null, "crossing": null, "handrail": null, "bridge": null, "aerialway": null, "barrier": null, "tunnel": null, "condition": null, "man_made": null, "golf_cart": null, "golf": null, "bicycle": null, "intermittent": null, "waterway": null, "layer": null, "lanes": "2", "ford": null, "natural": null, "attribution": null, "operator": null, "ref": null, "railway": null, "old_railway_operator": null, "alt_name": null, "tiger:CLASSFP": null, "wikidata": null, "tiger:STATEFP": null, "tiger:PLCIDFP": null, "tiger:PLACEFP": null, "tiger:PCINECTA": null, "tiger:PCICBSA": null, "tiger:NAMELSAD": null, "tiger:NAME": null, "tiger:MTFCC": null, "tiger:LSAD": null, "tiger:FUNCSTAT": null, "tiger:CPI": null, "is_in:state": null, "is_in:iso_3166_2": null, "gnis:feature_id": null, "border_type": null, "admin_level": null, "source:url": null, "boundary": null, "tiger:name_direction_suffix": null, "tiger:name_type_1": null, "tiger:name_base_1": null, "name_1": null, "lane_markings": "no", "maxspeed": null, "tiger:name_direction_prefix": "S", "smoothness": null, "ref:usfs": null, "wikipedia": null, "oneway": null, "motorcar": null, "motor_vehicle": "private", "foot": null, "covered": null, "tiger:name_type": "Rd", "tiger:name_base": "Cheyenne Canyon", "surface": null, "name": "South Cheyenne Canyon Road", "service": null, "access": "customers", "tiger:reviewed": "no", "tiger:county": "El Paso, CO", "tiger:cfcc": "A41", "highway": "unclassified" }, "geometry": { "type": "LineString", "coordinates": [ [ -104.8736215, 38.7853284 ], [ -104.8736765, 38.7852872 ], [ -104.8737571, 38.7852065 ], [ -104.8738401, 38.7851068 ], [ -104.8739266, 38.7849965 ], [ -104.8740769, 38.7848177 ], [ -104.8741338, 38.7847472 ], [ -104.8741794, 38.7846489 ], [ -104.874229, 38.7844712 ], [ -104.8742759, 38.7841973 ], [ -104.8743091, 38.7840563 ], [ -104.8743421, 38.7839984 ], [ -104.874393, 38.7839428 ], [ -104.8744672, 38.7839035 ], [ -104.8745428, 38.7838737 ], [ -104.8746233, 38.7838517 ], [ -104.8746886, 38.7838487 ], [ -104.8747657, 38.783865 ], [ -104.874831, 38.7838864 ], [ -104.8750711, 38.7839988 ], [ -104.8751241, 38.7840227 ], [ -104.8751796, 38.7840323 ], [ -104.8752281, 38.7840326 ], [ -104.8752943, 38.7840219 ], [ -104.8758289, 38.7839212 ], [ -104.875929, 38.7839006 ], [ -104.8760009, 38.7838894 ], [ -104.8760899, 38.7838857 ], [ -104.8761836, 38.7838959 ], [ -104.8762883, 38.7839292 ], [ -104.876356, 38.7839506 ], [ -104.8764103, 38.7839668 ], [ -104.8764861, 38.7839673 ], [ -104.8765665, 38.7839537 ], [ -104.8766403, 38.7839297 ], [ -104.8767328, 38.7838879 ], [ -104.8768502, 38.7838293 ], [ -104.876932, 38.7837676 ], [ -104.8769882, 38.7837077 ], [ -104.8770707, 38.7836165 ], [ -104.8771318, 38.7835535 ], [ -104.8771875, 38.7835141 ], [ -104.8772485, 38.7834812 ], [ -104.8773417, 38.7834373 ], [ -104.8774798, 38.7833871 ], [ -104.877563, 38.7833761 ], [ -104.8776376, 38.7833695 ] ] } },
{ "type": "Feature", "properties": { "full_id": "w1120475046", "osm_id": "1120475046", "osm_type": "way", "horse": null, "playground:theme": null, "playground": null, "colour": null, "backrest": null, "amenity": null, "power": null, "incline": "up", "handrail:right": "yes", "handrail:left": "yes", "rockfall_barrier": null, "bridge:structure": null, "fence_type": null, "material": null, "ladder": null, "dog": null, "segregated": null, "mtb:scale:imba": null, "mtb:scale": null, "par": null, "source:hgv": null, "hgv": null, "attraction": null, "content": null, "footway": null, "crossing": null, "handrail": null, "bridge": null, "aerialway": null, "barrier": null, "tunnel": null, "condition": null, "man_made": null, "golf_cart": null, "golf": null, "bicycle": null, "intermittent": null, "waterway": null, "layer": null, "lanes": null, "ford": null, "natural": null, "attribution": null, "operator": null, "ref": null, "railway": null, "old_railway_operator": null, "alt_name": null, "tiger:CLASSFP": null, "wikidata": null, "tiger:STATEFP": null, "tiger:PLCIDFP": null, "tiger:PLACEFP": null, "tiger:PCINECTA": null, "tiger:PCICBSA": null, "tiger:NAMELSAD": null, "tiger:NAME": null, "tiger:MTFCC": null, "tiger:LSAD": null, "tiger:FUNCSTAT": null, "tiger:CPI": null, "is_in:state": null, "is_in:iso_3166_2": null, "gnis:feature_id": null, "border_type": null, "admin_level": null, "source:url": null, "boundary": null, "tiger:name_direction_suffix": null, "tiger:name_type_1": null, "tiger:name_base_1": null, "name_1": null, "lane_markings": null, "maxspeed": null, "tiger:name_direction_prefix": null, "smoothness": null, "ref:usfs": null, "wikipedia": null, "oneway": null, "motorcar": null, "motor_vehicle": null, "foot": null, "covered": null, "tiger:name_type": null, "tiger:name_base": null, "surface": null, "name": null, "service": null, "access": null, "tiger:reviewed": null, "tiger:county": null, "tiger:cfcc": null, "highway": "steps" }, "geometry": { "type": "LineString", "coordinates": [ [ -104.8803092, 38.7809473 ], [ -104.8803206, 38.7809459 ], [ -104.880388, 38.7809371 ], [ -104.8804242, 38.7808755 ] ] } },
{ "type": "Feature", "properties": { "full_id": "w1120475063", "osm_id": "1120475063", "osm_type": "way", "horse": null, "playground:theme": null, "playground": null, "colour": null, "backrest": null, "amenity": null, "power": null, "incline": null, "handrail:right": null, "handrail:left": null, "rockfall_barrier": null, "bridge:structure": null, "fence_type": null, "material": null, "ladder": null, "dog": null, "segregated": null, "mtb:scale:imba": null, "mtb:scale": null, "par": null, "source:hgv": null, "hgv": null, "attraction": null, "content": null, "footway": null, "crossing": null, "handrail": null, "bridge": null, "aerialway": null, "barrier": null, "tunnel": null, "condition": null, "man_made": null, "golf_cart": null, "golf": null, "bicycle": null, "intermittent": null, "waterway": null, "layer": null, "lanes": "2", "ford": null, "natural": null, "attribution": null, "operator": null, "ref": null, "railway": null, "old_railway_operator": null, "alt_name": null, "tiger:CLASSFP": null, "wikidata": null, "tiger:STATEFP": null, "tiger:PLCIDFP": null, "tiger:PLACEFP": null, "tiger:PCINECTA": null, "tiger:PCICBSA": null, "tiger:NAMELSAD": null, "tiger:NAME": null, "tiger:MTFCC": null, "tiger:LSAD": null, "tiger:FUNCSTAT": null, "tiger:CPI": null, "is_in:state": null, "is_in:iso_3166_2": null, "gnis:feature_id": null, "border_type": null, "admin_level": null, "source:url": null, "boundary": null, "tiger:name_direction_suffix": null, "tiger:name_type_1": null, "tiger:name_base_1": null, "name_1": null, "lane_markings": "no", "maxspeed": null, "tiger:name_direction_prefix": "S", "smoothness": null, "ref:usfs": null, "wikipedia": null, "oneway": null, "motorcar": null, "motor_vehicle": "private", "foot": null, "covered": null, "tiger:name_type": "Rd", "tiger:name_base": "Cheyenne Canyon", "surface": null, "name": "South Cheyenne Canyon Road", "service": null, "access": "customers", "tiger:reviewed": "no", "tiger:county": "El Paso, CO", "tiger:cfcc": "A41", "highway": "unclassified" }, "geometry": { "type": "LineString", "coordinates": [ [ -104.8777723, 38.7833673 ], [ -104.8779485, 38.7833835 ], [ -104.8780894, 38.7834106 ], [ -104.8784568, 38.7835147 ], [ -104.8786124, 38.7835674 ], [ -104.8787069, 38.7835847 ], [ -104.8788551, 38.7836004 ], [ -104.8789993, 38.7835978 ], [ -104.8790556, 38.7835952 ], [ -104.879114, 38.7835821 ], [ -104.8791844, 38.7835424 ], [ -104.8793124, 38.7835167 ], [ -104.8793513, 38.7835052 ], [ -104.8793963, 38.7834812 ], [ -104.8794539, 38.7834274 ], [ -104.8794989, 38.7833646 ], [ -104.8795243, 38.7832915 ], [ -104.8795646, 38.7830176 ], [ -104.8796405, 38.7828399 ], [ -104.8796791, 38.7827721 ], [ -104.8797089, 38.7827307 ], [ -104.8798046, 38.7826114 ], [ -104.8799059, 38.7824928 ], [ -104.8799361, 38.782441 ] ] } },
{ "type": "Feature", "properties": { "full_id": "w1120475062", "osm_id": "1120475062", "osm_type": "way", "horse": null, "playground:theme": null, "playground": null, "colour": null, "backrest": null, "amenity": null, "power": null, "incline": null, "handrail:right": null, "handrail:left": null, "rockfall_barrier": null, "bridge:structure": null, "fence_type": null, "material": null, "ladder": null, "dog": null, "segregated": null, "mtb:scale:imba": null, "mtb:scale": null, "par": null, "source:hgv": null, "hgv": null, "attraction": null, "content": null, "footway": null, "crossing": null, "handrail": null, "bridge": null, "aerialway": null, "barrier": null, "tunnel": null, "condition": null, "man_made": null, "golf_cart": null, "golf": null, "bicycle": null, "intermittent": null, "waterway": null, "layer": null, "lanes": "1", "ford": null, "natural": null, "attribution": null, "operator": null, "ref": null, "railway": null, "old_railway_operator": null, "alt_name": null, "tiger:CLASSFP": null, "wikidata": null, "tiger:STATEFP": null, "tiger:PLCIDFP": null, "tiger:PLACEFP": null, "tiger:PCINECTA": null, "tiger:PCICBSA": null, "tiger:NAMELSAD": null, "tiger:NAME": null, "tiger:MTFCC": null, "tiger:LSAD": null, "tiger:FUNCSTAT": null, "tiger:CPI": null, "is_in:state": null, "is_in:iso_3166_2": null, "gnis:feature_id": null, "border_type": null, "admin_level": null, "source:url": null, "boundary": null, "tiger:name_direction_suffix": null, "tiger:name_type_1": null, "tiger:name_base_1": null, "name_1": null, "lane_markings": "no", "maxspeed": null, "tiger:name_direction_prefix": "S", "smoothness": null, "ref:usfs": null, "wikipedia": null, "oneway": "yes", "motorcar": null, "motor_vehicle": "private", "foot": null, "covered": null, "tiger:name_type": "Rd", "tiger:name_base": "Cheyenne Canyon", "surface": null, "name": "South Cheyenne Canyon Road", "service": null, "access": "customers", "tiger:reviewed": "no", "tiger:county": "El Paso, CO", "tiger:cfcc": "A41", "highway": "unclassified" }, "geometry": { "type": "LineString", "coordinates": [ [ -104.8777723, 38.7833673 ], [ -104.8777575, 38.7833379 ], [ -104.8777239, 38.7833204 ], [ -104.8776834, 38.7833211 ], [ -104.8776507, 38.7833397 ], [ -104.8776376, 38.7833695 ], [ -104.8776501, 38.7834015 ], [ -104.8776849, 38.7834211 ], [ -104.8777278, 38.7834204 ], [ -104.8777615, 38.7833997 ], [ -104.8777723, 38.7833673 ] ] } },
{ "type": "Feature", "properties": { "full_id": "w1120475051", "osm_id": "1120475051", "osm_type": "way", "horse": null, "playground:theme": null, "playground": null, "colour": null, "backrest": null, "amenity": null, "power": null, "incline": "up", "handrail:right": "yes", "handrail:left": "yes", "rockfall_barrier": null, "bridge:structure": null, "fence_type": null, "material": "metal", "ladder": null, "dog": null, "segregated": null, "mtb:scale:imba": null, "mtb:scale": null, "par": null, "source:hgv": null, "hgv": null, "attraction": null, "content": null, "footway": null, "crossing": null, "handrail": null, "bridge": "yes", "aerialway": null, "barrier": null, "tunnel": null, "condition": null, "man_made": null, "golf_cart": null, "golf": null, "bicycle": null, "intermittent": null, "waterway": null, "layer": null, "lanes": null, "ford": null, "natural": null, "attribution": null, "operator": null, "ref": null, "railway": null, "old_railway_operator": null, "alt_name": null, "tiger:CLASSFP": null, "wikidata": null, "tiger:STATEFP": null, "tiger:PLCIDFP": null, "tiger:PLACEFP": null, "tiger:PCINECTA": null, "tiger:PCICBSA": null, "tiger:NAMELSAD": null, "tiger:NAME": null, "tiger:MTFCC": null, "tiger:LSAD": null, "tiger:FUNCSTAT": null, "tiger:CPI": null, "is_in:state": null, "is_in:iso_3166_2": null, "gnis:feature_id": null, "border_type": null, "admin_level": null, "source:url": null, "boundary": null, "tiger:name_direction_suffix": null, "tiger:name_type_1": null, "tiger:name_base_1": null, "name_1": null, "lane_markings": null, "maxspeed": null, "tiger:name_direction_prefix": null, "smoothness": null, "ref:usfs": null, "wikipedia": null, "oneway": null, "motorcar": null, "motor_vehicle": null, "foot": null, "covered": null, "tiger:name_type": null, "tiger:name_base": null, "surface": null, "name": null, "service": null, "access": null, "tiger:reviewed": null, "tiger:county": null, "tiger:cfcc": null, "highway": "steps" }, "geometry": { "type": "LineString", "coordinates": [ [ -104.8797879, 38.7814583 ], [ -104.8800675, 38.7813783 ] ] } },
{ "type": "Feature", "properties": { "full_id": "w1120475050", "osm_id": "1120475050", "osm_type": "way", "horse": null, "playground:theme": null, "playground": null, "colour": null, "backrest": null, "amenity": null, "power": null, "incline": null, "handrail:right": null, "handrail:left": null, "rockfall_barrier": null, "bridge:structure": null, "fence_type": null, "material": "metal", "ladder": null, "dog": null, "segregated": null, "mtb:scale:imba": null, "mtb:scale": null, "par": null, "source:hgv": null, "hgv": null, "attraction": null, "content": null, "footway": null, "crossing": null, "handrail": null, "bridge": "yes", "aerialway": null, "barrier": null, "tunnel": null, "condition": null, "man_made": null, "golf_cart": null, "golf": null, "bicycle": null, "intermittent": null, "waterway": null, "layer": null, "lanes": null, "ford": null, "natural": null, "attribution": null, "operator": null, "ref": null, "railway": null, "old_railway_operator": null, "alt_name": null, "tiger:CLASSFP": null, "wikidata": null, "tiger:STATEFP": null, "tiger:PLCIDFP": null, "tiger:PLACEFP": null, "tiger:PCINECTA": null, "tiger:PCICBSA": null, "tiger:NAMELSAD": null, "tiger:NAME": null, "tiger:MTFCC": null, "tiger:LSAD": null, "tiger:FUNCSTAT": null, "tiger:CPI": null, "is_in:state": null, "is_in:iso_3166_2": null, "gnis:feature_id": null, "border_type": null, "admin_level": null, "source:url": null, "boundary": null, "tiger:name_direction_suffix": null, "tiger:name_type_1": null, "tiger:name_base_1": null, "name_1": null, "lane_markings": null, "maxspeed": null, "tiger:name_direction_prefix": null, "smoothness": null, "ref:usfs": null, "wikipedia": null, "oneway": null, "motorcar": null, "motor_vehicle": null, "foot": null, "covered": null, "tiger:name_type": null, "tiger:name_base": null, "surface": null, "name": null, "service": null, "access": null, "tiger:reviewed": null, "tiger:county": null, "tiger:cfcc": null, "highway": "path" }, "geometry": { "type": "LineString", "coordinates": [ [ -104.880105, 38.7813767 ], [ -104.8800855, 38.7813776 ], [ -104.8800769, 38.7813779 ], [ -104.8800675, 38.7813783 ] ] } },
{ "type": "Feature", "properties": { "full_id": "w1120475567", "osm_id": "1120475567", "osm_type": "way", "horse": null, "playground:theme": null, "playground": null, "colour": null, "backrest": null, "amenity": null, "power": null, "incline": null, "handrail:right": null, "handrail:left": null, "rockfall_barrier": null, "bridge:structure": null, "fence_type": null, "material": null, "ladder": null, "dog": null, "segregated": null, "mtb:scale:imba": null, "mtb:scale": null, "par": null, "source:hgv": null, "hgv": null, "attraction": null, "content": null, "footway": null, "crossing": null, "handrail": null, "bridge": null, "aerialway": null, "barrier": null, "tunnel": null, "condition": null, "man_made": null, "golf_cart": null, "golf": null, "bicycle": null, "intermittent": null, "waterway": "weir", "layer": null, "lanes": null, "ford": null, "natural": null, "attribution": null, "operator": null, "ref": null, "railway": null, "old_railway_operator": null, "alt_name": null, "tiger:CLASSFP": null, "wikidata": null, "tiger:STATEFP": null, "tiger:PLCIDFP": null, "tiger:PLACEFP": null, "tiger:PCINECTA": null, "tiger:PCICBSA": null, "tiger:NAMELSAD": null, "tiger:NAME": null, "tiger:MTFCC": null, "tiger:LSAD": null, "tiger:FUNCSTAT": null, "tiger:CPI": null, "is_in:state": null, "is_in:iso_3166_2": null, "gnis:feature_id": null, "border_type": null, "admin_level": null, "source:url": null, "boundary": null, "tiger:name_direction_suffix": null, "tiger:name_type_1": null, "tiger:name_base_1": null, "name_1": null, "lane_markings": null, "maxspeed": null, "tiger:name_direction_prefix": null, "smoothness": null, "ref:usfs": null, "wikipedia": null, "oneway": null, "motorcar": null, "motor_vehicle": null, "foot": null, "covered": null, "tiger:name_type": null, "tiger:name_base": null, "surface": null, "name": null, "service": null, "access": null, "tiger:reviewed": null, "tiger:county": null, "tiger:cfcc": null, "highway": null }, "geometry": { "type": "LineString", "coordinates": [ [ -104.8798019, 38.7815558 ], [ -104.8798139, 38.7815697 ], [ -104.8798226, 38.7815855 ] ] } },
{ "type": "Feature", "properties": { "full_id": "w1120475565", "osm_id": "1120475565", "osm_type": "way", "horse": null, "playground:theme": null, "playground": null, "colour": null, "backrest": null, "amenity": null, "power": null, "incline": null, "handrail:right": null, "handrail:left": null, "rockfall_barrier": null, "bridge:structure": null, "fence_type": null, "material": null, "ladder": null, "dog": null, "segregated": null, "mtb:scale:imba": null, "mtb:scale": null, "par": null, "source:hgv": null, "hgv": null, "attraction": null, "content": null, "footway": null, "crossing": null, "handrail": null, "bridge": "yes", "aerialway": null, "barrier": null, "tunnel": null, "condition": null, "man_made": null, "golf_cart": null, "golf": null, "bicycle": null, "intermittent": null, "waterway": null, "layer": null, "lanes": null, "ford": null, "natural": null, "attribution": null, "operator": null, "ref": null, "railway": null, "old_railway_operator": null, "alt_name": null, "tiger:CLASSFP": null, "wikidata": null, "tiger:STATEFP": null, "tiger:PLCIDFP": null, "tiger:PLACEFP": null, "tiger:PCINECTA": null, "tiger:PCICBSA": null, "tiger:NAMELSAD": null, "tiger:NAME": null, "tiger:MTFCC": null, "tiger:LSAD": null, "tiger:FUNCSTAT": null, "tiger:CPI": null, "is_in:state": null, "is_in:iso_3166_2": null, "gnis:feature_id": null, "border_type": null, "admin_level": null, "source:url": null, "boundary": null, "tiger:name_direction_suffix": null, "tiger:name_type_1": null, "tiger:name_base_1": null, "name_1": null, "lane_markings": null, "maxspeed": null, "tiger:name_direction_prefix": null, "smoothness": null, "ref:usfs": null, "wikipedia": null, "oneway": null, "motorcar": null, "motor_vehicle": null, "foot": null, "covered": null, "tiger:name_type": null, "tiger:name_base": null, "surface": null, "name": null, "service": null, "access": null, "tiger:reviewed": null, "tiger:county": null, "tiger:cfcc": null, "highway": "footway" }, "geometry": { "type": "LineString", "coordinates": [ [ -104.8798003, 38.7816007 ], [ -104.879736, 38.781582 ] ] } },
{ "type": "Feature", "properties": { "full_id": "w1120475064", "osm_id": "1120475064", "osm_type": "way", "horse": null, "playground:theme": null, "playground": null, "colour": null, "backrest": null, "amenity": null, "power": null, "incline": null, "handrail:right": null, "handrail:left": null, "rockfall_barrier": null, "bridge:structure": null, "fence_type": null, "material": null, "ladder": null, "dog": null, "segregated": null, "mtb:scale:imba": null, "mtb:scale": null, "par": null, "source:hgv": null, "hgv": null, "attraction": null, "content": null, "footway": null, "crossing": null, "handrail": null, "bridge": null, "aerialway": null, "barrier": null, "tunnel": null, "condition": null, "man_made": null, "golf_cart": null, "golf": null, "bicycle": null, "intermittent": null, "waterway": null, "layer": null, "lanes": "1", "ford": null, "natural": null, "attribution": null, "operator": null, "ref": null, "railway": null, "old_railway_operator": null, "alt_name": null, "tiger:CLASSFP": null, "wikidata": null, "tiger:STATEFP": null, "tiger:PLCIDFP": null, "tiger:PLACEFP": null, "tiger:PCINECTA": null, "tiger:PCICBSA": null, "tiger:NAMELSAD": null, "tiger:NAME": null, "tiger:MTFCC": null, "tiger:LSAD": null, "tiger:FUNCSTAT": null, "tiger:CPI": null, "is_in:state": null, "is_in:iso_3166_2": null, "gnis:feature_id": null, "border_type": null, "admin_level": null, "source:url": null, "boundary": null, "tiger:name_direction_suffix": null, "tiger:name_type_1": null, "tiger:name_base_1": null, "name_1": null, "lane_markings": null, "maxspeed": null, "tiger:name_direction_prefix": "S", "smoothness": null, "ref:usfs": null, "wikipedia": null, "oneway": null, "motorcar": null, "motor_vehicle": "private", "foot": null, "covered": null, "tiger:name_type": "Rd", "tiger:name_base": "Cheyenne Canyon", "surface": null, "name": "South Cheyenne Canyon Road", "service": null, "access": "customers", "tiger:reviewed": "no", "tiger:county": "El Paso, CO", "tiger:cfcc": "A41", "highway": "unclassified" }, "geometry": { "type": "LineString", "coordinates": [ [ -104.8799361, 38.782441 ], [ -104.8800015, 38.7823464 ], [ -104.8800302, 38.7822953 ], [ -104.8800353, 38.7822486 ], [ -104.8800226, 38.7821953 ], [ -104.879987, 38.7821802 ], [ -104.8799669, 38.7821789 ], [ -104.8799374, 38.782177 ], [ -104.8799201, 38.7821945 ], [ -104.8798871, 38.7822277 ], [ -104.8798724, 38.7822705 ], [ -104.879872, 38.7823166 ], [ -104.8798717, 38.7823527 ], [ -104.8799025, 38.7823955 ], [ -104.8799361, 38.782441 ] ] } },
{ "type": "Feature", "properties": { "full_id": "w1120475571", "osm_id": "1120475571", "osm_type": "way", "horse": null, "playground:theme": null, "playground": null, "colour": null, "backrest": null, "amenity": null, "power": null, "incline": null, "handrail:right": null, "handrail:left": null, "rockfall_barrier": null, "bridge:structure": null, "fence_type": null, "material": null, "ladder": null, "dog": null, "segregated": null, "mtb:scale:imba": null, "mtb:scale": null, "par": null, "source:hgv": null, "hgv": null, "attraction": null, "content": null, "footway": null, "crossing": null, "handrail": null, "bridge": null, "aerialway": null, "barrier": "handrail", "tunnel": null, "condition": null, "man_made": null, "golf_cart": null, "golf": null, "bicycle": null, "intermittent": null, "waterway": null, "layer": null, "lanes": null, "ford": null, "natural": null, "attribution": null, "operator": null, "ref": null, "railway": null, "old_railway_operator": null, "alt_name": null, "tiger:CLASSFP": null, "wikidata": null, "tiger:STATEFP": null, "tiger:PLCIDFP": null, "tiger:PLACEFP": null, "tiger:PCINECTA": null, "tiger:PCICBSA": null, "tiger:NAMELSAD": null, "tiger:NAME": null, "tiger:MTFCC": null, "tiger:LSAD": null, "tiger:FUNCSTAT": null, "tiger:CPI": null, "is_in:state": null, "is_in:iso_3166_2": null, "gnis:feature_id": null, "border_type": null, "admin_level": null, "source:url": null, "boundary": null, "tiger:name_direction_suffix": null, "tiger:name_type_1": null, "tiger:name_base_1": null, "name_1": null, "lane_markings": null, "maxspeed": null, "tiger:name_direction_prefix": null, "smoothness": null, "ref:usfs": null, "wikipedia": null, "oneway": null, "motorcar": null, "motor_vehicle": null, "foot": null, "covered": null, "tiger:name_type": null, "tiger:name_base": null, "surface": null, "name": null, "service": null, "access": null, "tiger:reviewed": null, "tiger:county": null, "tiger:cfcc": null, "highway": null }, "geometry": { "type": "LineString", "coordinates": [ [ -104.8792685, 38.7820338 ], [ -104.8793098, 38.7820667 ], [ -104.87947, 38.7820262 ], [ -104.8794833, 38.7820244 ], [ -104.8794973, 38.7820305 ] ] } },
{ "type": "Feature", "properties": { "full_id": "w7690860", "osm_id": "7690860", "osm_type": "way", "horse": null, "playground:theme": null, "playground": null, "colour": null, "backrest": null, "amenity": null, "power": null, "incline": null, "handrail:right": null, "handrail:left": null, "rockfall_barrier": null, "bridge:structure": null, "fence_type": null, "material": null, "ladder": null, "dog": null, "segregated": null, "mtb:scale:imba": null, "mtb:scale": null, "par": null, "source:hgv": null, "hgv": null, "attraction": null, "content": null, "footway": null, "crossing": null, "handrail": null, "bridge": null, "aerialway": null, "barrier": null, "tunnel": null, "condition": null, "man_made": null, "golf_cart": null, "golf": null, "bicycle": null, "intermittent": null, "waterway": null, "layer": null, "lanes": null, "ford": null, "natural": null, "attribution": null, "operator": null, "ref": null, "railway": null, "old_railway_operator": null, "alt_name": null, "tiger:CLASSFP": null, "wikidata": null, "tiger:STATEFP": null, "tiger:PLCIDFP": null, "tiger:PLACEFP": null, "tiger:PCINECTA": null, "tiger:PCICBSA": null, "tiger:NAMELSAD": null, "tiger:NAME": null, "tiger:MTFCC": null, "tiger:LSAD": null, "tiger:FUNCSTAT": null, "tiger:CPI": null, "is_in:state": null, "is_in:iso_3166_2": null, "gnis:feature_id": null, "border_type": null, "admin_level": null, "source:url": null, "boundary": null, "tiger:name_direction_suffix": null, "tiger:name_type_1": null, "tiger:name_base_1": null, "name_1": null, "lane_markings": null, "maxspeed": null, "tiger:name_direction_prefix": null, "smoothness": null, "ref:usfs": null, "wikipedia": null, "oneway": null, "motorcar": null, "motor_vehicle": "no", "foot": null, "covered": null, "tiger:name_type": "Rd", "tiger:name_base": "Sweet Water", "surface": "unpaved", "name": "Sweet Water Road", "service": null, "access": null, "tiger:reviewed": "no", "tiger:county": "El Paso, CO", "tiger:cfcc": "A41", "highway": "track" }, "geometry": { "type": "LineString", "coordinates": [ [ -104.9007197, 38.7641876 ], [ -104.9008733, 38.7639892 ], [ -104.9009665, 38.7638906 ], [ -104.9010393, 38.763724 ], [ -104.9011496, 38.7636113 ], [ -104.9013824, 38.7633668 ], [ -104.90166, 38.763 ], [ -104.9018703, 38.7626991 ], [ -104.9020636, 38.7624621 ], [ -104.9022342, 38.762299 ], [ -104.9024491, 38.7619558 ], [ -104.9025621, 38.7617655 ], [ -104.9028119, 38.7614643 ], [ -104.903127, 38.7613752 ], [ -104.903411, 38.7608372 ], [ -104.903744, 38.759909 ], [ -104.9037681, 38.7598112 ], [ -104.9040151, 38.759372 ], [ -104.9041652, 38.7591578 ], [ -104.9041614, 38.7589722 ], [ -104.9042247, 38.7588964 ], [ -104.9043869, 38.7589327 ], [ -104.904585, 38.7593517 ], [ -104.904733, 38.7594573 ], [ -104.9048946, 38.7594356 ], [ -104.9050032, 38.7592903 ], [ -104.9050113, 38.7590587 ], [ -104.9049596, 38.7588397 ], [ -104.9047195, 38.7583754 ], [ -104.9047036, 38.7582661 ], [ -104.9046759, 38.7582046 ], [ -104.904323, 38.7580655 ], [ -104.904392, 38.7580217 ], [ -104.9047028, 38.7581176 ], [ -104.9048771, 38.7581471 ], [ -104.9050516, 38.7582908 ], [ -104.9053088, 38.7583369 ], [ -104.9058247, 38.7583194 ], [ -104.9060076, 38.7583424 ], [ -104.9063346, 38.7582731 ], [ -104.9068193, 38.7582993 ], [ -104.9073251, 38.7583549 ], [ -104.907584, 38.758373 ], [ -104.907737, 38.7582497 ], [ -104.907808, 38.757957 ], [ -104.9077239, 38.7576186 ], [ -104.9077578, 38.7573501 ], [ -104.9077429, 38.7572229 ], [ -104.9078338, 38.756806 ], [ -104.9078352, 38.7566735 ], [ -104.9077977, 38.7565458 ], [ -104.9077425, 38.7564834 ], [ -104.9077415, 38.7564107 ], [ -104.9077492, 38.7563455 ], [ -104.9078512, 38.7562788 ], [ -104.9080551, 38.7562587 ], [ -104.9081933, 38.7562035 ], [ -104.9083205, 38.756072 ], [ -104.9083849, 38.7559287 ], [ -104.9084432, 38.755771 ], [ -104.908466, 38.7555867 ], [ -104.9084516, 38.7553929 ], [ -104.9086238, 38.7551609 ], [ -104.9087488, 38.7552104 ], [ -104.9089176, 38.7552236 ], [ -104.9092121, 38.7551831 ], [ -104.9093495, 38.7549974 ], [ -104.9095044, 38.7548731 ], [ -104.9097667, 38.754768 ], [ -104.9099104, 38.7546602 ], [ -104.9101422, 38.7545741 ], [ -104.9104729, 38.7543822 ], [ -104.9105958, 38.7542554 ], [ -104.9106831, 38.7541064 ], [ -104.910716, 38.7540149 ], [ -104.9106924, 38.7538595 ], [ -104.910768, 38.753813 ], [ -104.9113237, 38.753684 ], [ -104.9114829, 38.7535938 ], [ -104.9118937, 38.7534492 ], [ -104.9120454, 38.7533803 ], [ -104.912132, 38.7532965 ], [ -104.9123437, 38.7531654 ], [ -104.9123677, 38.7531131 ], [ -104.9124306, 38.7529304 ], [ -104.9126181, 38.7528498 ], [ -104.91294, 38.7526067 ], [ -104.9131671, 38.7524145 ], [ -104.9132126, 38.7523256 ], [ -104.9133729, 38.7522932 ], [ -104.9136861, 38.7521307 ], [ -104.9137874, 38.7520004 ], [ -104.9138685, 38.7517762 ], [ -104.914016, 38.751605 ], [ -104.9142029, 38.7513533 ], [ -104.9144927, 38.7510516 ], [ -104.914584, 38.7510224 ], [ -104.9149626, 38.7510293 ], [ -104.9150929, 38.7510762 ], [ -104.9152897, 38.7512473 ], [ -104.9156752, 38.7514747 ], [ -104.915854, 38.7515378 ], [ -104.916058, 38.7515659 ], [ -104.9162697, 38.7515619 ], [ -104.9163702, 38.7515169 ] ] } },
{ "type": "Feature", "properties": { "full_id": "w1120475570", "osm_id": "1120475570", "osm_type": "way", "horse": null, "playground:theme": null, "playground": null, "colour": null, "backrest": null, "amenity": null, "power": null, "incline": "up", "handrail:right": null, "handrail:left": null, "rockfall_barrier": null, "bridge:structure": null, "fence_type": null, "material": null, "ladder": null, "dog": null, "segregated": null, "mtb:scale:imba": null, "mtb:scale": null, "par": null, "source:hgv": null, "hgv": null, "attraction": null, "content": null, "footway": null, "crossing": null, "handrail": null, "bridge": null, "aerialway": null, "barrier": null, "tunnel": null, "condition": null, "man_made": null, "golf_cart": null, "golf": null, "bicycle": null, "intermittent": null, "waterway": null, "layer": null, "lanes": null, "ford": null, "natural": null, "attribution": null, "operator": null, "ref": null, "railway": null, "old_railway_operator": null, "alt_name": null, "tiger:CLASSFP": null, "wikidata": null, "tiger:STATEFP": null, "tiger:PLCIDFP": null, "tiger:PLACEFP": null, "tiger:PCINECTA": null, "tiger:PCICBSA": null, "tiger:NAMELSAD": null, "tiger:NAME": null, "tiger:MTFCC": null, "tiger:LSAD": null, "tiger:FUNCSTAT": null, "tiger:CPI": null, "is_in:state": null, "is_in:iso_3166_2": null, "gnis:feature_id": null, "border_type": null, "admin_level": null, "source:url": null, "boundary": null, "tiger:name_direction_suffix": null, "tiger:name_type_1": null, "tiger:name_base_1": null, "name_1": null, "lane_markings": null, "maxspeed": null, "tiger:name_direction_prefix": null, "smoothness": null, "ref:usfs": null, "wikipedia": null, "oneway": null, "motorcar": null, "motor_vehicle": null, "foot": null, "covered": null, "tiger:name_type": null, "tiger:name_base": null, "surface": null, "name": null, "service": null, "access": null, "tiger:reviewed": null, "tiger:county": null, "tiger:cfcc": null, "highway": "steps" }, "geometry": { "type": "LineString", "coordinates": [ [ -104.8794015, 38.7820833 ], [ -104.8794753, 38.782029 ] ] } },
{ "type": "Feature", "properties": { "full_id": "w1120475569", "osm_id": "1120475569", "osm_type": "way", "horse": null, "playground:theme": null, "playground": null, "colour": null, "backrest": null, "amenity": null, "power": null, "incline": null, "handrail:right": null, "handrail:left": null, "rockfall_barrier": null, "bridge:structure": null, "fence_type": null, "material": null, "ladder": null, "dog": null, "segregated": null, "mtb:scale:imba": null, "mtb:scale": null, "par": null, "source:hgv": null, "hgv": null, "attraction": null, "content": null, "footway": null, "crossing": null, "handrail": null, "bridge": null, "aerialway": null, "barrier": null, "tunnel": null, "condition": null, "man_made": null, "golf_cart": null, "golf": null, "bicycle": null, "intermittent": null, "waterway": "weir", "layer": null, "lanes": null, "ford": null, "natural": null, "attribution": null, "operator": null, "ref": null, "railway": null, "old_railway_operator": null, "alt_name": null, "tiger:CLASSFP": null, "wikidata": null, "tiger:STATEFP": null, "tiger:PLCIDFP": null, "tiger:PLACEFP": null, "tiger:PCINECTA": null, "tiger:PCICBSA": null, "tiger:NAMELSAD": null, "tiger:NAME": null, "tiger:MTFCC": null, "tiger:LSAD": null, "tiger:FUNCSTAT": null, "tiger:CPI": null, "is_in:state": null, "is_in:iso_3166_2": null, "gnis:feature_id": null, "border_type": null, "admin_level": null, "source:url": null, "boundary": null, "tiger:name_direction_suffix": null, "tiger:name_type_1": null, "tiger:name_base_1": null, "name_1": null, "lane_markings": null, "maxspeed": null, "tiger:name_direction_prefix": null, "smoothness": null, "ref:usfs": null, "wikipedia": null, "oneway": null, "motorcar": null, "motor_vehicle": null, "foot": null, "covered": null, "tiger:name_type": null, "tiger:name_base": null, "surface": null, "name": null, "service": null, "access": null, "tiger:reviewed": null, "tiger:county": null, "tiger:cfcc": null, "highway": null }, "geometry": { "type": "LineString", "coordinates": [ [ -104.8797765, 38.7821091 ], [ -104.8798313, 38.7821109 ], [ -104.8798653, 38.782112 ] ] } },
{ "type": "Feature", "properties": { "full_id": "w1120475568", "osm_id": "1120475568", "osm_type": "way", "horse": null, "playground:theme": null, "playground": null, "colour": null, "backrest": null, "amenity": null, "power": null, "incline": null, "handrail:right": null, "handrail:left": null, "rockfall_barrier": null, "bridge:structure": null, "fence_type": null, "material": null, "ladder": null, "dog": null, "segregated": null, "mtb:scale:imba": null, "mtb:scale": null, "par": null, "source:hgv": null, "hgv": null, "attraction": null, "content": null, "footway": null, "crossing": null, "handrail": null, "bridge": null, "aerialway": null, "barrier": null, "tunnel": null, "condition": null, "man_made": null, "golf_cart": null, "golf": null, "bicycle": null, "intermittent": null, "waterway": "weir", "layer": null, "lanes": null, "ford": null, "natural": null, "attribution": null, "operator": null, "ref": null, "railway": null, "old_railway_operator": null, "alt_name": null, "tiger:CLASSFP": null, "wikidata": null, "tiger:STATEFP": null, "tiger:PLCIDFP": null, "tiger:PLACEFP": null, "tiger:PCINECTA": null, "tiger:PCICBSA": null, "tiger:NAMELSAD": null, "tiger:NAME": null, "tiger:MTFCC": null, "tiger:LSAD": null, "tiger:FUNCSTAT": null, "tiger:CPI": null, "is_in:state": null, "is_in:iso_3166_2": null, "gnis:feature_id": null, "border_type": null, "admin_level": null, "source:url": null, "boundary": null, "tiger:name_direction_suffix": null, "tiger:name_type_1": null, "tiger:name_base_1": null, "name_1": null, "lane_markings": null, "maxspeed": null, "tiger:name_direction_prefix": null, "smoothness": null, "ref:usfs": null, "wikipedia": null, "oneway": null, "motorcar": null, "motor_vehicle": null, "foot": null, "covered": null, "tiger:name_type": null, "tiger:name_base": null, "surface": null, "name": null, "service": null, "access": null, "tiger:reviewed": null, "tiger:county": null, "tiger:cfcc": null, "highway": null }, "geometry": { "type": "LineString", "coordinates": [ [ -104.8797496, 38.7815929 ], [ -104.8797684, 38.7815984 ], [ -104.8797862, 38.7816065 ] ] } },
{ "type": "Feature", "properties": { "full_id": "w1120475033", "osm_id": "1120475033", "osm_type": "way", "horse": null, "playground:theme": null, "playground": null, "colour": null, "backrest": null, "amenity": null, "power": null, "incline": null, "handrail:right": null, "handrail:left": null, "rockfall_barrier": null, "bridge:structure": null, "fence_type": null, "material": null, "ladder": null, "dog": null, "segregated": null, "mtb:scale:imba": null, "mtb:scale": null, "par": null, "source:hgv": null, "hgv": null, "attraction": null, "content": null, "footway": null, "crossing": null, "handrail": null, "bridge": null, "aerialway": null, "barrier": null, "tunnel": null, "condition": null, "man_made": null, "golf_cart": null, "golf": null, "bicycle": null, "intermittent": null, "waterway": null, "layer": null, "lanes": null, "ford": null, "natural": "cliff", "attribution": null, "operator": null, "ref": null, "railway": null, "old_railway_operator": null, "alt_name": null, "tiger:CLASSFP": null, "wikidata": null, "tiger:STATEFP": null, "tiger:PLCIDFP": null, "tiger:PLACEFP": null, "tiger:PCINECTA": null, "tiger:PCICBSA": null, "tiger:NAMELSAD": null, "tiger:NAME": null, "tiger:MTFCC": null, "tiger:LSAD": null, "tiger:FUNCSTAT": null, "tiger:CPI": null, "is_in:state": null, "is_in:iso_3166_2": null, "gnis:feature_id": null, "border_type": null, "admin_level": null, "source:url": null, "boundary": null, "tiger:name_direction_suffix": null, "tiger:name_type_1": null, "tiger:name_base_1": null, "name_1": null, "lane_markings": null, "maxspeed": null, "tiger:name_direction_prefix": null, "smoothness": null, "ref:usfs": null, "wikipedia": null, "oneway": null, "motorcar": null, "motor_vehicle": null, "foot": null, "covered": null, "tiger:name_type": null, "tiger:name_base": null, "surface": null, "name": null, "service": null, "access": null, "tiger:reviewed": null, "tiger:county": null, "tiger:cfcc": null, "highway": null }, "geometry": { "type": "LineString", "coordinates": [ [ -104.8774101, 38.7823887 ], [ -104.8774745, 38.7823762 ], [ -104.8776019, 38.7823061 ], [ -104.8776287, 38.7822549 ], [ -104.8776515, 38.7821849 ], [ -104.8776971, 38.7821305 ], [ -104.877744, 38.782119 ], [ -104.877799, 38.782096 ], [ -104.8778191, 38.7820396 ], [ -104.8778044, 38.7819946 ] ] } },
{ "type": "Feature", "properties": { "full_id": "w1120475032", "osm_id": "1120475032", "osm_type": "way", "horse": null, "playground:theme": null, "playground": null, "colour": null, "backrest": null, "amenity": null, "power": null, "incline": null, "handrail:right": null, "handrail:left": null, "rockfall_barrier": null, "bridge:structure": null, "fence_type": null, "material": null, "ladder": null, "dog": null, "segregated": null, "mtb:scale:imba": null, "mtb:scale": null, "par": null, "source:hgv": null, "hgv": null, "attraction": null, "content": null, "footway": null, "crossing": null, "handrail": null, "bridge": null, "aerialway": null, "barrier": null, "tunnel": null, "condition": null, "man_made": null, "golf_cart": null, "golf": null, "bicycle": null, "intermittent": null, "waterway": null, "layer": null, "lanes": null, "ford": null, "natural": "cliff", "attribution": null, "operator": null, "ref": null, "railway": null, "old_railway_operator": null, "alt_name": null, "tiger:CLASSFP": null, "wikidata": null, "tiger:STATEFP": null, "tiger:PLCIDFP": null, "tiger:PLACEFP": null, "tiger:PCINECTA": null, "tiger:PCICBSA": null, "tiger:NAMELSAD": null, "tiger:NAME": null, "tiger:MTFCC": null, "tiger:LSAD": null, "tiger:FUNCSTAT": null, "tiger:CPI": null, "is_in:state": null, "is_in:iso_3166_2": null, "gnis:feature_id": null, "border_type": null, "admin_level": null, "source:url": null, "boundary": null, "tiger:name_direction_suffix": null, "tiger:name_type_1": null, "tiger:name_base_1": null, "name_1": null, "lane_markings": null, "maxspeed": null, "tiger:name_direction_prefix": null, "smoothness": null, "ref:usfs": null, "wikipedia": null, "oneway": null, "motorcar": null, "motor_vehicle": null, "foot": null, "covered": null, "tiger:name_type": null, "tiger:name_base": null, "surface": null, "name": null, "service": null, "access": null, "tiger:reviewed": null, "tiger:county": null, "tiger:cfcc": null, "highway": null }, "geometry": { "type": "LineString", "coordinates": [ [ -104.8774564, 38.7827254 ], [ -104.8775207, 38.7827149 ], [ -104.8775677, 38.7827086 ], [ -104.8776387, 38.7826673 ], [ -104.8776662, 38.7826349 ], [ -104.8776904, 38.7825816 ], [ -104.8777152, 38.7825398 ], [ -104.877734, 38.7825063 ], [ -104.8777547, 38.782452 ], [ -104.8777635, 38.7824342 ] ] } },
{ "type": "Feature", "properties": { "full_id": "w1120475031", "osm_id": "1120475031", "osm_type": "way", "horse": null, "playground:theme": null, "playground": null, "colour": null, "backrest": null, "amenity": null, "power": null, "incline": null, "handrail:right": null, "handrail:left": null, "rockfall_barrier": null, "bridge:structure": null, "fence_type": null, "material": null, "ladder": null, "dog": null, "segregated": null, "mtb:scale:imba": null, "mtb:scale": null, "par": null, "source:hgv": null, "hgv": null, "attraction": null, "content": null, "footway": null, "crossing": null, "handrail": null, "bridge": null, "aerialway": null, "barrier": null, "tunnel": null, "condition": null, "man_made": null, "golf_cart": null, "golf": null, "bicycle": null, "intermittent": null, "waterway": null, "layer": null, "lanes": null, "ford": null, "natural": "cliff", "attribution": null, "operator": null, "ref": null, "railway": null, "old_railway_operator": null, "alt_name": null, "tiger:CLASSFP": null, "wikidata": null, "tiger:STATEFP": null, "tiger:PLCIDFP": null, "tiger:PLACEFP": null, "tiger:PCINECTA": null, "tiger:PCICBSA": null, "tiger:NAMELSAD": null, "tiger:NAME": null, "tiger:MTFCC": null, "tiger:LSAD": null, "tiger:FUNCSTAT": null, "tiger:CPI": null, "is_in:state": null, "is_in:iso_3166_2": null, "gnis:feature_id": null, "border_type": null, "admin_level": null, "source:url": null, "boundary": null, "tiger:name_direction_suffix": null, "tiger:name_type_1": null, "tiger:name_base_1": null, "name_1": null, "lane_markings": null, "maxspeed": null, "tiger:name_direction_prefix": null, "smoothness": null, "ref:usfs": null, "wikipedia": null, "oneway": null, "motorcar": null, "motor_vehicle": null, "foot": null, "covered": null, "tiger:name_type": null, "tiger:name_base": null, "surface": null, "name": null, "service": null, "access": null, "tiger:reviewed": null, "tiger:county": null, "tiger:cfcc": null, "highway": null }, "geometry": { "type": "LineString", "coordinates": [ [ -104.8763003, 38.7826375 ], [ -104.8762983, 38.7826757 ], [ -104.8763365, 38.7826778 ], [ -104.87636, 38.7826585 ], [ -104.8763687, 38.7826862 ], [ -104.876362, 38.7827081 ], [ -104.8763613, 38.7827322 ], [ -104.8763627, 38.7827541 ], [ -104.8763526, 38.7827881 ], [ -104.8763452, 38.7827991 ], [ -104.8763734, 38.7828283 ], [ -104.8763922, 38.7828309 ], [ -104.8764431, 38.7828221 ], [ -104.8764747, 38.78282 ], [ -104.8765216, 38.7828299 ], [ -104.8765551, 38.7828304 ] ] } },
{ "type": "Feature", "properties": { "full_id": "w1120475029", "osm_id": "1120475029", "osm_type": "way", "horse": null, "playground:theme": null, "playground": null, "colour": null, "backrest": null, "amenity": null, "power": null, "incline": null, "handrail:right": null, "handrail:left": null, "rockfall_barrier": null, "bridge:structure": null, "fence_type": null, "material": null, "ladder": null, "dog": null, "segregated": null, "mtb:scale:imba": null, "mtb:scale": null, "par": null, "source:hgv": null, "hgv": null, "attraction": null, "content": null, "footway": null, "crossing": null, "handrail": null, "bridge": null, "aerialway": null, "barrier": null, "tunnel": null, "condition": null, "man_made": "storage_tank", "golf_cart": null, "golf": null, "bicycle": null, "intermittent": null, "waterway": null, "layer": null, "lanes": null, "ford": null, "natural": null, "attribution": null, "operator": null, "ref": null, "railway": null, "old_railway_operator": null, "alt_name": null, "tiger:CLASSFP": null, "wikidata": null, "tiger:STATEFP": null, "tiger:PLCIDFP": null, "tiger:PLACEFP": null, "tiger:PCINECTA": null, "tiger:PCICBSA": null, "tiger:NAMELSAD": null, "tiger:NAME": null, "tiger:MTFCC": null, "tiger:LSAD": null, "tiger:FUNCSTAT": null, "tiger:CPI": null, "is_in:state": null, "is_in:iso_3166_2": null, "gnis:feature_id": null, "border_type": null, "admin_level": null, "source:url": null, "boundary": null, "tiger:name_direction_suffix": null, "tiger:name_type_1": null, "tiger:name_base_1": null, "name_1": null, "lane_markings": null, "maxspeed": null, "tiger:name_direction_prefix": null, "smoothness": null, "ref:usfs": null, "wikipedia": null, "oneway": null, "motorcar": null, "motor_vehicle": null, "foot": null, "covered": null, "tiger:name_type": null, "tiger:name_base": null, "surface": null, "name": null, "service": null, "access": null, "tiger:reviewed": null, "tiger:county": null, "tiger:cfcc": null, "highway": null }, "geometry": { "type": "LineString", "coordinates": [ [ -104.8783432, 38.7835544 ], [ -104.8783375, 38.783562 ], [ -104.8783403, 38.7835705 ], [ -104.87835, 38.7835749 ], [ -104.8783609, 38.7835727 ], [ -104.8783666, 38.7835651 ], [ -104.8783638, 38.7835566 ], [ -104.8783541, 38.7835522 ], [ -104.8783432, 38.7835544 ] ] } },
{ "type": "Feature", "properties": { "full_id": "w1120475037", "osm_id": "1120475037", "osm_type": "way", "horse": null, "playground:theme": null, "playground": null, "colour": null, "backrest": null, "amenity": null, "power": null, "incline": null, "handrail:right": null, "handrail:left": null, "rockfall_barrier": "net", "bridge:structure": null, "fence_type": null, "material": null, "ladder": null, "dog": null, "segregated": null, "mtb:scale:imba": null, "mtb:scale": null, "par": null, "source:hgv": null, "hgv": null, "attraction": null, "content": null, "footway": null, "crossing": null, "handrail": null, "bridge": null, "aerialway": null, "barrier": null, "tunnel": null, "condition": null, "man_made": "rockfall_barrier", "golf_cart": null, "golf": null, "bicycle": null, "intermittent": null, "waterway": null, "layer": null, "lanes": null, "ford": null, "natural": null, "attribution": null, "operator": null, "ref": null, "railway": null, "old_railway_operator": null, "alt_name": null, "tiger:CLASSFP": null, "wikidata": null, "tiger:STATEFP": null, "tiger:PLCIDFP": null, "tiger:PLACEFP": null, "tiger:PCINECTA": null, "tiger:PCICBSA": null, "tiger:NAMELSAD": null, "tiger:NAME": null, "tiger:MTFCC": null, "tiger:LSAD": null, "tiger:FUNCSTAT": null, "tiger:CPI": null, "is_in:state": null, "is_in:iso_3166_2": null, "gnis:feature_id": null, "border_type": null, "admin_level": null, "source:url": null, "boundary": null, "tiger:name_direction_suffix": null, "tiger:name_type_1": null, "tiger:name_base_1": null, "name_1": null, "lane_markings": null, "maxspeed": null, "tiger:name_direction_prefix": null, "smoothness": null, "ref:usfs": null, "wikipedia": null, "oneway": null, "motorcar": null, "motor_vehicle": null, "foot": null, "covered": null, "tiger:name_type": null, "tiger:name_base": null, "surface": null, "name": null, "service": null, "access": null, "tiger:reviewed": null, "tiger:county": null, "tiger:cfcc": null, "highway": null }, "geometry": { "type": "LineString", "coordinates": [ [ -104.8801037, 38.7815555 ], [ -104.8801795, 38.781521 ], [ -104.8802727, 38.781462 ], [ -104.8803216, 38.781394 ] ] } },
{ "type": "Feature", "properties": { "full_id": "w1120475036", "osm_id": "1120475036", "osm_type": "way", "horse": null, "playground:theme": null, "playground": null, "colour": null, "backrest": null, "amenity": null, "power": null, "incline": null, "handrail:right": null, "handrail:left": null, "rockfall_barrier": null, "bridge:structure": null, "fence_type": null, "material": null, "ladder": null, "dog": null, "segregated": null, "mtb:scale:imba": null, "mtb:scale": null, "par": null, "source:hgv": null, "hgv": null, "attraction": null, "content": null, "footway": null, "crossing": null, "handrail": null, "bridge": null, "aerialway": null, "barrier": null, "tunnel": null, "condition": null, "man_made": null, "golf_cart": null, "golf": null, "bicycle": null, "intermittent": null, "waterway": null, "layer": null, "lanes": null, "ford": null, "natural": "cliff", "attribution": null, "operator": null, "ref": null, "railway": null, "old_railway_operator": null, "alt_name": null, "tiger:CLASSFP": null, "wikidata": null, "tiger:STATEFP": null, "tiger:PLCIDFP": null, "tiger:PLACEFP": null, "tiger:PCINECTA": null, "tiger:PCICBSA": null, "tiger:NAMELSAD": null, "tiger:NAME": null, "tiger:MTFCC": null, "tiger:LSAD": null, "tiger:FUNCSTAT": null, "tiger:CPI": null, "is_in:state": null, "is_in:iso_3166_2": null, "gnis:feature_id": null, "border_type": null, "admin_level": null, "source:url": null, "boundary": null, "tiger:name_direction_suffix": null, "tiger:name_type_1": null, "tiger:name_base_1": null, "name_1": null, "lane_markings": null, "maxspeed": null, "tiger:name_direction_prefix": null, "smoothness": null, "ref:usfs": null, "wikipedia": null, "oneway": null, "motorcar": null, "motor_vehicle": null, "foot": null, "covered": null, "tiger:name_type": null, "tiger:name_base": null, "surface": null, "name": null, "service": null, "access": null, "tiger:reviewed": null, "tiger:county": null, "tiger:cfcc": null, "highway": null }, "geometry": { "type": "LineString", "coordinates": [ [ -104.8799877, 38.7804996 ], [ -104.8800413, 38.7803951 ], [ -104.8800547, 38.780324 ], [ -104.8800159, 38.7802288 ], [ -104.879981, 38.7801421 ], [ -104.879989, 38.7800887 ], [ -104.8800735, 38.7800124 ], [ -104.8801687, 38.7799382 ], [ -104.8802452, 38.779887 ], [ -104.8803243, 38.7798472 ], [ -104.8804168, 38.7797918 ], [ -104.8804732, 38.7798107 ], [ -104.8804933, 38.7797573 ], [ -104.8804866, 38.7796936 ] ] } },
{ "type": "Feature", "properties": { "full_id": "w1120475035", "osm_id": "1120475035", "osm_type": "way", "horse": null, "playground:theme": null, "playground": null, "colour": null, "backrest": null, "amenity": null, "power": null, "incline": null, "handrail:right": null, "handrail:left": null, "rockfall_barrier": null, "bridge:structure": null, "fence_type": null, "material": null, "ladder": null, "dog": null, "segregated": null, "mtb:scale:imba": null, "mtb:scale": null, "par": null, "source:hgv": null, "hgv": null, "attraction": null, "content": null, "footway": null, "crossing": null, "handrail": null, "bridge": null, "aerialway": null, "barrier": null, "tunnel": null, "condition": null, "man_made": null, "golf_cart": null, "golf": null, "bicycle": null, "intermittent": null, "waterway": null, "layer": null, "lanes": null, "ford": null, "natural": "cliff", "attribution": null, "operator": null, "ref": null, "railway": null, "old_railway_operator": null, "alt_name": null, "tiger:CLASSFP": null, "wikidata": null, "tiger:STATEFP": null, "tiger:PLCIDFP": null, "tiger:PLACEFP": null, "tiger:PCINECTA": null, "tiger:PCICBSA": null, "tiger:NAMELSAD": null, "tiger:NAME": null, "tiger:MTFCC": null, "tiger:LSAD": null, "tiger:FUNCSTAT": null, "tiger:CPI": null, "is_in:state": null, "is_in:iso_3166_2": null, "gnis:feature_id": null, "border_type": null, "admin_level": null, "source:url": null, "boundary": null, "tiger:name_direction_suffix": null, "tiger:name_type_1": null, "tiger:name_base_1": null, "name_1": null, "lane_markings": null, "maxspeed": null, "tiger:name_direction_prefix": null, "smoothness": null, "ref:usfs": null, "wikipedia": null, "oneway": null, "motorcar": null, "motor_vehicle": null, "foot": null, "covered": null, "tiger:name_type": null, "tiger:name_base": null, "surface": null, "name": null, "service": null, "access": null, "tiger:reviewed": null, "tiger:county": null, "tiger:cfcc": null, "highway": null }, "geometry": { "type": "LineString", "coordinates": [ [ -104.8781517, 38.7814698 ], [ -104.8781812, 38.7813809 ], [ -104.878251, 38.781314 ], [ -104.8782831, 38.7812534 ], [ -104.8782831, 38.7811771 ], [ -104.8782898, 38.7811018 ], [ -104.8783073, 38.78106 ], [ -104.8783395, 38.781037 ], [ -104.8783757, 38.7809973 ], [ -104.8784159, 38.7809753 ], [ -104.878436, 38.7809303 ], [ -104.8784427, 38.7809011 ], [ -104.8784629, 38.7808843 ], [ -104.8785004, 38.7808979 ], [ -104.8785192, 38.7808498 ], [ -104.8785326, 38.780807 ], [ -104.8785205, 38.7807578 ], [ -104.8784615, 38.7807202 ], [ -104.8784427, 38.7806732 ], [ -104.8784307, 38.7806355 ], [ -104.8784052, 38.7806021 ], [ -104.8783328, 38.7805697 ] ] } },
{ "type": "Feature", "properties": { "full_id": "w99569063", "osm_id": "99569063", "osm_type": "way", "horse": null, "playground:theme": null, "playground": null, "colour": null, "backrest": null, "amenity": null, "power": null, "incline": null, "handrail:right": null, "handrail:left": null, "rockfall_barrier": null, "bridge:structure": null, "fence_type": null, "material": null, "ladder": null, "dog": null, "segregated": null, "mtb:scale:imba": null, "mtb:scale": null, "par": null, "source:hgv": null, "hgv": null, "attraction": null, "content": null, "footway": null, "crossing": null, "handrail": null, "bridge": null, "aerialway": null, "barrier": null, "tunnel": null, "condition": null, "man_made": null, "golf_cart": null, "golf": null, "bicycle": null, "intermittent": null, "waterway": null, "layer": null, "lanes": null, "ford": null, "natural": null, "attribution": null, "operator": "Forest Service", "ref": "FR 370", "railway": "abandoned", "old_railway_operator": "CS&CCD", "alt_name": null, "tiger:CLASSFP": null, "wikidata": null, "tiger:STATEFP": null, "tiger:PLCIDFP": null, "tiger:PLACEFP": null, "tiger:PCINECTA": null, "tiger:PCICBSA": null, "tiger:NAMELSAD": null, "tiger:NAME": null, "tiger:MTFCC": null, "tiger:LSAD": null, "tiger:FUNCSTAT": null, "tiger:CPI": null, "is_in:state": null, "is_in:iso_3166_2": null, "gnis:feature_id": null, "border_type": null, "admin_level": null, "source:url": null, "boundary": null, "tiger:name_direction_suffix": null, "tiger:name_type_1": null, "tiger:name_base_1": null, "name_1": null, "lane_markings": null, "maxspeed": null, "tiger:name_direction_prefix": null, "smoothness": "bad", "ref:usfs": null, "wikipedia": null, "oneway": null, "motorcar": null, "motor_vehicle": "no", "foot": null, "covered": null, "tiger:name_type": null, "tiger:name_base": null, "surface": "dirt", "name": null, "service": null, "access": null, "tiger:reviewed": null, "tiger:county": null, "tiger:cfcc": null, "highway": "unclassified" }, "geometry": { "type": "LineString", "coordinates": [ [ -104.9059926, 38.7429102 ], [ -104.9063475, 38.7433619 ], [ -104.9065198, 38.7434665 ], [ -104.9070527, 38.7436606 ], [ -104.9072849, 38.7437964 ], [ -104.907473, 38.7440139 ], [ -104.9076037, 38.7442543 ], [ -104.907649, 38.744478 ], [ -104.9076131, 38.7446513 ], [ -104.9074356, 38.7449791 ], [ -104.907134, 38.745254 ], [ -104.9065623, 38.7457476 ], [ -104.9063008, 38.7460864 ], [ -104.9057264, 38.7474194 ], [ -104.9054705, 38.7479404 ], [ -104.9052929, 38.7481038 ], [ -104.9050563, 38.7482418 ], [ -104.9045729, 38.7483985 ], [ -104.9021046, 38.7485399 ], [ -104.9003907, 38.7487289 ], [ -104.8999062, 38.7488757 ], [ -104.899503, 38.749235 ], [ -104.8992733, 38.7499973 ], [ -104.8991176, 38.7508639 ], [ -104.8989831, 38.7513884 ], [ -104.8991176, 38.7519293 ], [ -104.8994998, 38.7522716 ], [ -104.9000024, 38.7524427 ], [ -104.9005474, 38.7524538 ], [ -104.9013402, 38.7521943 ], [ -104.9023595, 38.7518024 ], [ -104.9028903, 38.7515153 ], [ -104.9040017, 38.7507591 ], [ -104.9046599, 38.7505714 ], [ -104.9052545, 38.7506376 ], [ -104.9057075, 38.7509302 ], [ -104.9062738, 38.7521281 ], [ -104.906612, 38.752572 ], [ -104.9069257, 38.7527299 ], [ -104.9072269, 38.7528208 ] ] } },
{ "type": "Feature", "properties": { "full_id": "w1120475034", "osm_id": "1120475034", "osm_type": "way", "horse": null, "playground:theme": null, "playground": null, "colour": null, "backrest": null, "amenity": null, "power": null, "incline": null, "handrail:right": null, "handrail:left": null, "rockfall_barrier": null, "bridge:structure": null, "fence_type": null, "material": null, "ladder": null, "dog": null, "segregated": null, "mtb:scale:imba": null, "mtb:scale": null, "par": null, "source:hgv": null, "hgv": null, "attraction": null, "content": null, "footway": null, "crossing": null, "handrail": null, "bridge": null, "aerialway": null, "barrier": null, "tunnel": null, "condition": null, "man_made": null, "golf_cart": null, "golf": null, "bicycle": null, "intermittent": null, "waterway": null, "layer": null, "lanes": null, "ford": null, "natural": "cliff", "attribution": null, "operator": null, "ref": null, "railway": null, "old_railway_operator": null, "alt_name": null, "tiger:CLASSFP": null, "wikidata": null, "tiger:STATEFP": null, "tiger:PLCIDFP": null, "tiger:PLACEFP": null, "tiger:PCINECTA": null, "tiger:PCICBSA": null, "tiger:NAMELSAD": null, "tiger:NAME": null, "tiger:MTFCC": null, "tiger:LSAD": null, "tiger:FUNCSTAT": null, "tiger:CPI": null, "is_in:state": null, "is_in:iso_3166_2": null, "gnis:feature_id": null, "border_type": null, "admin_level": null, "source:url": null, "boundary": null, "tiger:name_direction_suffix": null, "tiger:name_type_1": null, "tiger:name_base_1": null, "name_1": null, "lane_markings": null, "maxspeed": null, "tiger:name_direction_prefix": null, "smoothness": null, "ref:usfs": null, "wikipedia": null, "oneway": null, "motorcar": null, "motor_vehicle": null, "foot": null, "covered": null, "tiger:name_type": null, "tiger:name_base": null, "surface": null, "name": null, "service": null, "access": null, "tiger:reviewed": null, "tiger:county": null, "tiger:cfcc": null, "highway": null }, "geometry": { "type": "LineString", "coordinates": [ [ -104.8766068, 38.7827269 ], [ -104.8765685, 38.7827421 ], [ -104.8765565, 38.7827562 ], [ -104.8765638, 38.7827897 ], [ -104.8765551, 38.7828304 ], [ -104.876584, 38.7828451 ], [ -104.8766537, 38.782831 ], [ -104.8768133, 38.7828519 ], [ -104.8769005, 38.7828184 ], [ -104.8769474, 38.7827724 ], [ -104.8769756, 38.7826825 ], [ -104.876993, 38.7826313 ], [ -104.8770413, 38.7825769 ], [ -104.8770762, 38.7825497 ], [ -104.877111, 38.7825382 ], [ -104.87717, 38.7825518 ], [ -104.877217, 38.7825424 ], [ -104.8772277, 38.7825184 ], [ -104.8772679, 38.7824755 ], [ -104.8772733, 38.7824441 ], [ -104.8773591, 38.7824264 ], [ -104.8774101, 38.7823887 ], [ -104.8774329, 38.7823291 ], [ -104.877461, 38.7822748 ], [ -104.8775013, 38.7822319 ], [ -104.8775415, 38.7821911 ], [ -104.877508, 38.7821587 ], [ -104.8774865, 38.7821357 ], [ -104.8775013, 38.7820991 ], [ -104.8775388, 38.7820542 ], [ -104.8775455, 38.7820103 ], [ -104.8775563, 38.7819821 ], [ -104.8775737, 38.7819131 ], [ -104.8775522, 38.7818692 ], [ -104.8775978, 38.7818326 ], [ -104.8775791, 38.781796 ], [ -104.877512, 38.7817343 ] ] } },
{ "type": "Feature", "properties": { "full_id": "w99568947", "osm_id": "99568947", "osm_type": "way", "horse": null, "playground:theme": null, "playground": null, "colour": null, "backrest": null, "amenity": null, "power": null, "incline": null, "handrail:right": null, "handrail:left": null, "rockfall_barrier": null, "bridge:structure": null, "fence_type": null, "material": null, "ladder": null, "dog": null, "segregated": null, "mtb:scale:imba": null, "mtb:scale": null, "par": null, "source:hgv": null, "hgv": null, "attraction": null, "content": null, "footway": null, "crossing": null, "handrail": null, "bridge": null, "aerialway": null, "barrier": null, "tunnel": null, "condition": null, "man_made": null, "golf_cart": null, "golf": null, "bicycle": null, "intermittent": null, "waterway": null, "layer": null, "lanes": null, "ford": null, "natural": null, "attribution": null, "operator": null, "ref": "FS 370", "railway": "abandoned", "old_railway_operator": "CS&CCD", "alt_name": "Forest Road 370", "tiger:CLASSFP": null, "wikidata": null, "tiger:STATEFP": null, "tiger:PLCIDFP": null, "tiger:PLACEFP": null, "tiger:PCINECTA": null, "tiger:PCICBSA": null, "tiger:NAMELSAD": null, "tiger:NAME": null, "tiger:MTFCC": null, "tiger:LSAD": null, "tiger:FUNCSTAT": null, "tiger:CPI": null, "is_in:state": null, "is_in:iso_3166_2": null, "gnis:feature_id": null, "border_type": null, "admin_level": null, "source:url": null, "boundary": null, "tiger:name_direction_suffix": null, "tiger:name_type_1": null, "tiger:name_base_1": null, "name_1": null, "lane_markings": null, "maxspeed": null, "tiger:name_direction_prefix": null, "smoothness": null, "ref:usfs": null, "wikipedia": null, "oneway": null, "motorcar": null, "motor_vehicle": "no", "foot": null, "covered": null, "tiger:name_type": "Rd", "tiger:name_base": "Gold Camp", "surface": "dirt", "name": "Gold Camp Road", "service": null, "access": null, "tiger:reviewed": "no", "tiger:county": "El Paso, CO", "tiger:cfcc": "A41", "highway": "unclassified" }, "geometry": { "type": "LineString", "coordinates": [ [ -104.905859, 38.785812 ], [ -104.905342, 38.7856074 ], [ -104.9042581, 38.7854263 ], [ -104.902878, 38.7845818 ], [ -104.902273, 38.7846249 ], [ -104.9014822, 38.7843167 ], [ -104.9010245, 38.7840997 ], [ -104.9007671, 38.7840339 ], [ -104.8993152, 38.7840146 ], [ -104.8987181, 38.7838266 ], [ -104.8983036, 38.7835531 ], [ -104.8981213, 38.7833 ], [ -104.8980792, 38.783129 ], [ -104.898089, 38.7830432 ], [ -104.8981011, 38.7829375 ], [ -104.8981117, 38.7829058 ], [ -104.8981843, 38.7826892 ], [ -104.8986311, 38.7822206 ], [ -104.8992045, 38.7819154 ], [ -104.8994694, 38.7813483 ], [ -104.899313, 38.780293 ], [ -104.899537, 38.779733 ], [ -104.8999965, 38.7793449 ], [ -104.9006063, 38.7790914 ], [ -104.901025, 38.778837 ], [ -104.901208, 38.778654 ], [ -104.9013625, 38.7783909 ], [ -104.9013097, 38.7778522 ], [ -104.9011593, 38.7773355 ], [ -104.9011511, 38.7767777 ], [ -104.9015414, 38.7759156 ], [ -104.9018585, 38.7755385 ], [ -104.9021187, 38.7753166 ], [ -104.902433, 38.775173 ], [ -104.902818, 38.7750916 ], [ -104.9032733, 38.7750504 ], [ -104.903809, 38.774885 ], [ -104.904113, 38.774645 ], [ -104.9043506, 38.7741693 ], [ -104.9046921, 38.7739949 ], [ -104.905009, 38.773845 ], [ -104.905409, 38.773781 ], [ -104.906145, 38.773893 ], [ -104.906705, 38.774021 ], [ -104.907297, 38.773925 ], [ -104.907761, 38.773589 ], [ -104.9078109, 38.7735042 ], [ -104.9080152, 38.7731585 ], [ -104.9080787, 38.7729458 ], [ -104.907977, 38.7718967 ], [ -104.9078754, 38.7701851 ], [ -104.9078348, 38.7698269 ], [ -104.9079892, 38.7693704 ], [ -104.9080269, 38.7693368 ], [ -104.908412, 38.7689932 ], [ -104.9091804, 38.7682008 ], [ -104.9098024, 38.7678363 ], [ -104.9102252, 38.7675637 ], [ -104.9106033, 38.7672657 ], [ -104.910736, 38.767013 ], [ -104.9108147, 38.7666856 ], [ -104.9107497, 38.7663877 ], [ -104.9102049, 38.7657822 ], [ -104.909774, 38.7654304 ], [ -104.9092589, 38.7650708 ], [ -104.9088337, 38.7645912 ], [ -104.9087256, 38.7643464 ], [ -104.908688, 38.763909 ], [ -104.9087739, 38.7635981 ], [ -104.9089568, 38.7632843 ], [ -104.9092739, 38.7628976 ], [ -104.9095748, 38.7628151 ], [ -104.910022, 38.7626186 ], [ -104.9103106, 38.7625869 ], [ -104.911019, 38.7625978 ], [ -104.9112626, 38.7625532 ], [ -104.9117268, 38.762424 ], [ -104.91224, 38.7620348 ], [ -104.9127532, 38.7617423 ], [ -104.9133265, 38.7616402 ], [ -104.9142467, 38.7615905 ], [ -104.914832, 38.761477 ], [ -104.9151209, 38.7610745 ], [ -104.9152802, 38.7606522 ], [ -104.915174, 38.7602714 ], [ -104.9149015, 38.7598133 ], [ -104.9145122, 38.7595373 ], [ -104.913999, 38.75938 ], [ -104.9133478, 38.7592944 ], [ -104.912817, 38.75919 ], [ -104.9124591, 38.7590455 ], [ -104.9121621, 38.758679 ], [ -104.9119427, 38.7582429 ], [ -104.9118861, 38.7579669 ], [ -104.9119462, 38.7577185 ], [ -104.9121807, 38.757389 ], [ -104.9124771, 38.7571307 ], [ -104.9127815, 38.7570313 ], [ -104.9130682, 38.7570065 ], [ -104.9138185, 38.7571252 ], [ -104.9141299, 38.7571445 ], [ -104.9144768, 38.7570976 ], [ -104.9148165, 38.7569541 ], [ -104.9149508, 38.7568384 ], [ -104.9152519, 38.7565898 ], [ -104.9155338, 38.7562333 ], [ -104.9159202, 38.7559226 ], [ -104.9169031, 38.7552052 ], [ -104.9170871, 38.7549532 ], [ -104.9171524, 38.7545778 ], [ -104.9171418, 38.754239 ] ] } },
{ "type": "Feature", "properties": { "full_id": "w1120475041", "osm_id": "1120475041", "osm_type": "way", "horse": null, "playground:theme": null, "playground": null, "colour": null, "backrest": null, "amenity": null, "power": null, "incline": null, "handrail:right": null, "handrail:left": null, "rockfall_barrier": null, "bridge:structure": null, "fence_type": null, "material": null, "ladder": null, "dog": null, "segregated": null, "mtb:scale:imba": null, "mtb:scale": null, "par": null, "source:hgv": null, "hgv": null, "attraction": null, "content": null, "footway": null, "crossing": null, "handrail": null, "bridge": null, "aerialway": null, "barrier": null, "tunnel": null, "condition": null, "man_made": null, "golf_cart": null, "golf": null, "bicycle": null, "intermittent": null, "waterway": null, "layer": null, "lanes": null, "ford": null, "natural": "cliff", "attribution": null, "operator": null, "ref": null, "railway": null, "old_railway_operator": null, "alt_name": null, "tiger:CLASSFP": null, "wikidata": null, "tiger:STATEFP": null, "tiger:PLCIDFP": null, "tiger:PLACEFP": null, "tiger:PCINECTA": null, "tiger:PCICBSA": null, "tiger:NAMELSAD": null, "tiger:NAME": null, "tiger:MTFCC": null, "tiger:LSAD": null, "tiger:FUNCSTAT": null, "tiger:CPI": null, "is_in:state": null, "is_in:iso_3166_2": null, "gnis:feature_id": null, "border_type": null, "admin_level": null, "source:url": null, "boundary": null, "tiger:name_direction_suffix": null, "tiger:name_type_1": null, "tiger:name_base_1": null, "name_1": null, "lane_markings": null, "maxspeed": null, "tiger:name_direction_prefix": null, "smoothness": null, "ref:usfs": null, "wikipedia": null, "oneway": null, "motorcar": null, "motor_vehicle": null, "foot": null, "covered": null, "tiger:name_type": null, "tiger:name_base": null, "surface": null, "name": null, "service": null, "access": null, "tiger:reviewed": null, "tiger:county": null, "tiger:cfcc": null, "highway": null }, "geometry": { "type": "LineString", "coordinates": [ [ -104.8801453, 38.7813355 ], [ -104.8801654, 38.7813352 ], [ -104.8801754, 38.7813386 ] ] } },
{ "type": "Feature", "properties": { "full_id": "w1120475040", "osm_id": "1120475040", "osm_type": "way", "horse": null, "playground:theme": null, "playground": null, "colour": null, "backrest": null, "amenity": null, "power": null, "incline": null, "handrail:right": null, "handrail:left": null, "rockfall_barrier": null, "bridge:structure": null, "fence_type": null, "material": null, "ladder": null, "dog": null, "segregated": null, "mtb:scale:imba": null, "mtb:scale": null, "par": null, "source:hgv": null, "hgv": null, "attraction": null, "content": null, "footway": null, "crossing": null, "handrail": null, "bridge": null, "aerialway": null, "barrier": null, "tunnel": null, "condition": null, "man_made": null, "golf_cart": null, "golf": null, "bicycle": null, "intermittent": null, "waterway": null, "layer": null, "lanes": null, "ford": null, "natural": "cliff", "attribution": null, "operator": null, "ref": null, "railway": null, "old_railway_operator": null, "alt_name": null, "tiger:CLASSFP": null, "wikidata": null, "tiger:STATEFP": null, "tiger:PLCIDFP": null, "tiger:PLACEFP": null, "tiger:PCINECTA": null, "tiger:PCICBSA": null, "tiger:NAMELSAD": null, "tiger:NAME": null, "tiger:MTFCC": null, "tiger:LSAD": null, "tiger:FUNCSTAT": null, "tiger:CPI": null, "is_in:state": null, "is_in:iso_3166_2": null, "gnis:feature_id": null, "border_type": null, "admin_level": null, "source:url": null, "boundary": null, "tiger:name_direction_suffix": null, "tiger:name_type_1": null, "tiger:name_base_1": null, "name_1": null, "lane_markings": null, "maxspeed": null, "tiger:name_direction_prefix": null, "smoothness": null, "ref:usfs": null, "wikipedia": null, "oneway": null, "motorcar": null, "motor_vehicle": null, "foot": null, "covered": null, "tiger:name_type": null, "tiger:name_base": null, "surface": null, "name": null, "service": null, "access": null, "tiger:reviewed": null, "tiger:county": null, "tiger:cfcc": null, "highway": null }, "geometry": { "type": "LineString", "coordinates": [ [ -104.8801047, 38.7814131 ], [ -104.8801171, 38.7814175 ], [ -104.8801288, 38.7814267 ] ] } },
{ "type": "Feature", "properties": { "full_id": "w1120475039", "osm_id": "1120475039", "osm_type": "way", "horse": null, "playground:theme": null, "playground": null, "colour": null, "backrest": null, "amenity": null, "power": null, "incline": null, "handrail:right": null, "handrail:left": null, "rockfall_barrier": null, "bridge:structure": null, "fence_type": null, "material": null, "ladder": null, "dog": null, "segregated": null, "mtb:scale:imba": null, "mtb:scale": null, "par": null, "source:hgv": null, "hgv": null, "attraction": null, "content": null, "footway": null, "crossing": null, "handrail": null, "bridge": null, "aerialway": null, "barrier": null, "tunnel": null, "condition": null, "man_made": null, "golf_cart": null, "golf": null, "bicycle": null, "intermittent": null, "waterway": null, "layer": null, "lanes": null, "ford": null, "natural": "cliff", "attribution": null, "operator": null, "ref": null, "railway": null, "old_railway_operator": null, "alt_name": null, "tiger:CLASSFP": null, "wikidata": null, "tiger:STATEFP": null, "tiger:PLCIDFP": null, "tiger:PLACEFP": null, "tiger:PCINECTA": null, "tiger:PCICBSA": null, "tiger:NAMELSAD": null, "tiger:NAME": null, "tiger:MTFCC": null, "tiger:LSAD": null, "tiger:FUNCSTAT": null, "tiger:CPI": null, "is_in:state": null, "is_in:iso_3166_2": null, "gnis:feature_id": null, "border_type": null, "admin_level": null, "source:url": null, "boundary": null, "tiger:name_direction_suffix": null, "tiger:name_type_1": null, "tiger:name_base_1": null, "name_1": null, "lane_markings": null, "maxspeed": null, "tiger:name_direction_prefix": null, "smoothness": null, "ref:usfs": null, "wikipedia": null, "oneway": null, "motorcar": null, "motor_vehicle": null, "foot": null, "covered": null, "tiger:name_type": null, "tiger:name_base": null, "surface": null, "name": null, "service": null, "access": null, "tiger:reviewed": null, "tiger:county": null, "tiger:cfcc": null, "highway": null }, "geometry": { "type": "LineString", "coordinates": [ [ -104.8798992, 38.7814737 ], [ -104.8799458, 38.7814533 ], [ -104.8799692, 38.7814536 ], [ -104.8799894, 38.7814583 ], [ -104.8800068, 38.7814698 ], [ -104.8800138, 38.7814813 ] ] } },
{ "type": "Feature", "properties": { "full_id": "w1120475038", "osm_id": "1120475038", "osm_type": "way", "horse": null, "playground:theme": null, "playground": null, "colour": null, "backrest": null, "amenity": null, "power": null, "incline": null, "handrail:right": null, "handrail:left": null, "rockfall_barrier": null, "bridge:structure": null, "fence_type": null, "material": null, "ladder": null, "dog": null, "segregated": null, "mtb:scale:imba": null, "mtb:scale": null, "par": null, "source:hgv": null, "hgv": null, "attraction": null, "content": null, "footway": null, "crossing": null, "handrail": null, "bridge": null, "aerialway": null, "barrier": null, "tunnel": null, "condition": null, "man_made": null, "golf_cart": null, "golf": null, "bicycle": null, "intermittent": null, "waterway": null, "layer": null, "lanes": null, "ford": null, "natural": "cliff", "attribution": null, "operator": null, "ref": null, "railway": null, "old_railway_operator": null, "alt_name": null, "tiger:CLASSFP": null, "wikidata": null, "tiger:STATEFP": null, "tiger:PLCIDFP": null, "tiger:PLACEFP": null, "tiger:PCINECTA": null, "tiger:PCICBSA": null, "tiger:NAMELSAD": null, "tiger:NAME": null, "tiger:MTFCC": null, "tiger:LSAD": null, "tiger:FUNCSTAT": null, "tiger:CPI": null, "is_in:state": null, "is_in:iso_3166_2": null, "gnis:feature_id": null, "border_type": null, "admin_level": null, "source:url": null, "boundary": null, "tiger:name_direction_suffix": null, "tiger:name_type_1": null, "tiger:name_base_1": null, "name_1": null, "lane_markings": null, "maxspeed": null, "tiger:name_direction_prefix": null, "smoothness": null, "ref:usfs": null, "wikipedia": null, "oneway": null, "motorcar": null, "motor_vehicle": null, "foot": null, "covered": null, "tiger:name_type": null, "tiger:name_base": null, "surface": null, "name": null, "service": null, "access": null, "tiger:reviewed": null, "tiger:county": null, "tiger:cfcc": null, "highway": null }, "geometry": { "type": "LineString", "coordinates": [ [ -104.8799133, 38.7814782 ], [ -104.8799324, 38.7814797 ], [ -104.8799424, 38.7814878 ], [ -104.8799568, 38.7815017 ] ] } },
{ "type": "Feature", "properties": { "full_id": "w1120475045", "osm_id": "1120475045", "osm_type": "way", "horse": null, "playground:theme": null, "playground": null, "colour": null, "backrest": null, "amenity": null, "power": null, "incline": null, "handrail:right": null, "handrail:left": null, "rockfall_barrier": null, "bridge:structure": null, "fence_type": null, "material": null, "ladder": null, "dog": null, "segregated": null, "mtb:scale:imba": null, "mtb:scale": null, "par": null, "source:hgv": null, "hgv": null, "attraction": null, "content": null, "footway": null, "crossing": null, "handrail": null, "bridge": null, "aerialway": null, "barrier": null, "tunnel": null, "condition": null, "man_made": null, "golf_cart": null, "golf": null, "bicycle": null, "intermittent": null, "waterway": null, "layer": null, "lanes": null, "ford": null, "natural": "cliff", "attribution": null, "operator": null, "ref": null, "railway": null, "old_railway_operator": null, "alt_name": null, "tiger:CLASSFP": null, "wikidata": null, "tiger:STATEFP": null, "tiger:PLCIDFP": null, "tiger:PLACEFP": null, "tiger:PCINECTA": null, "tiger:PCICBSA": null, "tiger:NAMELSAD": null, "tiger:NAME": null, "tiger:MTFCC": null, "tiger:LSAD": null, "tiger:FUNCSTAT": null, "tiger:CPI": null, "is_in:state": null, "is_in:iso_3166_2": null, "gnis:feature_id": null, "border_type": null, "admin_level": null, "source:url": null, "boundary": null, "tiger:name_direction_suffix": null, "tiger:name_type_1": null, "tiger:name_base_1": null, "name_1": null, "lane_markings": null, "maxspeed": null, "tiger:name_direction_prefix": null, "smoothness": null, "ref:usfs": null, "wikipedia": null, "oneway": null, "motorcar": null, "motor_vehicle": null, "foot": null, "covered": null, "tiger:name_type": null, "tiger:name_base": null, "surface": null, "name": null, "service": null, "access": null, "tiger:reviewed": null, "tiger:county": null, "tiger:cfcc": null, "highway": null }, "geometry": { "type": "LineString", "coordinates": [ [ -104.881141, 38.7802874 ], [ -104.8810351, 38.7803041 ], [ -104.8809868, 38.7804526 ], [ -104.8809023, 38.7806439 ], [ -104.8808232, 38.7807829 ], [ -104.8807414, 38.7808843 ], [ -104.8807038, 38.7810234 ], [ -104.8807642, 38.7811572 ], [ -104.8808165, 38.7812597 ], [ -104.8808151, 38.7813015 ] ] } },
{ "type": "Feature", "properties": { "full_id": "w1120475044", "osm_id": "1120475044", "osm_type": "way", "horse": null, "playground:theme": null, "playground": null, "colour": null, "backrest": null, "amenity": null, "power": null, "incline": null, "handrail:right": null, "handrail:left": null, "rockfall_barrier": null, "bridge:structure": null, "fence_type": null, "material": null, "ladder": null, "dog": null, "segregated": null, "mtb:scale:imba": null, "mtb:scale": null, "par": null, "source:hgv": null, "hgv": null, "attraction": null, "content": null, "footway": null, "crossing": null, "handrail": null, "bridge": null, "aerialway": null, "barrier": null, "tunnel": null, "condition": null, "man_made": null, "golf_cart": null, "golf": null, "bicycle": null, "intermittent": null, "waterway": null, "layer": null, "lanes": null, "ford": null, "natural": "cliff", "attribution": null, "operator": null, "ref": null, "railway": null, "old_railway_operator": null, "alt_name": null, "tiger:CLASSFP": null, "wikidata": null, "tiger:STATEFP": null, "tiger:PLCIDFP": null, "tiger:PLACEFP": null, "tiger:PCINECTA": null, "tiger:PCICBSA": null, "tiger:NAMELSAD": null, "tiger:NAME": null, "tiger:MTFCC": null, "tiger:LSAD": null, "tiger:FUNCSTAT": null, "tiger:CPI": null, "is_in:state": null, "is_in:iso_3166_2": null, "gnis:feature_id": null, "border_type": null, "admin_level": null, "source:url": null, "boundary": null, "tiger:name_direction_suffix": null, "tiger:name_type_1": null, "tiger:name_base_1": null, "name_1": null, "lane_markings": null, "maxspeed": null, "tiger:name_direction_prefix": null, "smoothness": null, "ref:usfs": null, "wikipedia": null, "oneway": null, "motorcar": null, "motor_vehicle": null, "foot": null, "covered": null, "tiger:name_type": null, "tiger:name_base": null, "surface": null, "name": null, "service": null, "access": null, "tiger:reviewed": null, "tiger:county": null, "tiger:cfcc": null, "highway": null }, "geometry": { "type": "LineString", "coordinates": [ [ -104.8791401, 38.7830129 ], [ -104.8791495, 38.7829329 ], [ -104.8791381, 38.7828738 ], [ -104.8790945, 38.782797 ], [ -104.8790871, 38.7827269 ], [ -104.8790985, 38.7826694 ], [ -104.879114, 38.7826438 ], [ -104.8791099, 38.782601 ], [ -104.8790999, 38.7825633 ], [ -104.8791086, 38.7825215 ], [ -104.8791032, 38.782487 ], [ -104.8790952, 38.7824509 ], [ -104.8790865, 38.782384 ], [ -104.8790891, 38.7823673 ], [ -104.879124, 38.7823412 ], [ -104.8790885, 38.7822988 ], [ -104.8790777, 38.7822523 ], [ -104.8790811, 38.7822189 ], [ -104.8791046, 38.7821556 ], [ -104.8791039, 38.7821018 ], [ -104.879116, 38.7820751 ], [ -104.8790784, 38.7820406 ], [ -104.8790469, 38.7820349 ], [ -104.8790389, 38.7820145 ], [ -104.8790878, 38.7819449 ], [ -104.8791052, 38.781934 ], [ -104.8791676, 38.7819345 ], [ -104.8792233, 38.7819084 ], [ -104.8792373, 38.7818854 ], [ -104.8792052, 38.7818765 ], [ -104.8791716, 38.7818765 ], [ -104.8791415, 38.7818603 ], [ -104.8791361, 38.781842 ], [ -104.8791488, 38.7818279 ], [ -104.8791736, 38.7818315 ], [ -104.8792085, 38.7818158 ], [ -104.8792192, 38.7818007 ], [ -104.8792414, 38.7818085 ], [ -104.8792581, 38.7817787 ], [ -104.879291, 38.7817562 ], [ -104.8792977, 38.781739 ], [ -104.8793426, 38.7817766 ], [ -104.8793735, 38.7817547 ], [ -104.879354, 38.7817437 ], [ -104.8793607, 38.781727 ], [ -104.8793098, 38.7817191 ], [ -104.8792689, 38.7817097 ], [ -104.8792702, 38.7816951 ], [ -104.8793158, 38.7816632 ], [ -104.8793393, 38.7816005 ], [ -104.8793453, 38.7815487 ], [ -104.879354, 38.7815043 ], [ -104.8793292, 38.7814714 ], [ -104.8792809, 38.7814452 ], [ -104.8792273, 38.7814196 ], [ -104.8792239, 38.7813919 ], [ -104.8793131, 38.7813156 ], [ -104.8793996, 38.7812774 ], [ -104.8794261, 38.7812719 ], [ -104.8794942, 38.7812576 ], [ -104.8796672, 38.7812006 ], [ -104.8797778, 38.7811797 ], [ -104.8798422, 38.7811598 ], [ -104.8798905, 38.7811227 ], [ -104.8799414, 38.7811206 ], [ -104.8799937, 38.7811039 ], [ -104.8800433, 38.7810657 ], [ -104.8801184, 38.7809936 ], [ -104.8801808, 38.7809413 ], [ -104.8802539, 38.7809005 ], [ -104.8802894, 38.7808671 ], [ -104.8803344, 38.7808587 ], [ -104.8803697, 38.7808721 ], [ -104.8803981, 38.7808828 ] ] } },
{ "type": "Feature", "properties": { "full_id": "w1120475043", "osm_id": "1120475043", "osm_type": "way", "horse": null, "playground:theme": null, "playground": null, "colour": null, "backrest": null, "amenity": null, "power": null, "incline": null, "handrail:right": null, "handrail:left": null, "rockfall_barrier": null, "bridge:structure": null, "fence_type": null, "material": null, "ladder": null, "dog": null, "segregated": null, "mtb:scale:imba": null, "mtb:scale": null, "par": null, "source:hgv": null, "hgv": null, "attraction": null, "content": null, "footway": null, "crossing": null, "handrail": null, "bridge": null, "aerialway": null, "barrier": null, "tunnel": null, "condition": null, "man_made": null, "golf_cart": null, "golf": null, "bicycle": null, "intermittent": null, "waterway": null, "layer": null, "lanes": null, "ford": null, "natural": "cliff", "attribution": null, "operator": null, "ref": null, "railway": null, "old_railway_operator": null, "alt_name": null, "tiger:CLASSFP": null, "wikidata": null, "tiger:STATEFP": null, "tiger:PLCIDFP": null, "tiger:PLACEFP": null, "tiger:PCINECTA": null, "tiger:PCICBSA": null, "tiger:NAMELSAD": null, "tiger:NAME": null, "tiger:MTFCC": null, "tiger:LSAD": null, "tiger:FUNCSTAT": null, "tiger:CPI": null, "is_in:state": null, "is_in:iso_3166_2": null, "gnis:feature_id": null, "border_type": null, "admin_level": null, "source:url": null, "boundary": null, "tiger:name_direction_suffix": null, "tiger:name_type_1": null, "tiger:name_base_1": null, "name_1": null, "lane_markings": null, "maxspeed": null, "tiger:name_direction_prefix": null, "smoothness": null, "ref:usfs": null, "wikipedia": null, "oneway": null, "motorcar": null, "motor_vehicle": null, "foot": null, "covered": null, "tiger:name_type": null, "tiger:name_base": null, "surface": null, "name": null, "service": null, "access": null, "tiger:reviewed": null, "tiger:county": null, "tiger:cfcc": null, "highway": null }, "geometry": { "type": "LineString", "coordinates": [ [ -104.8802358, 38.7809763 ], [ -104.8802828, 38.7809852 ], [ -104.8803414, 38.781004 ] ] } },
{ "type": "Feature", "properties": { "full_id": "w1120475042", "osm_id": "1120475042", "osm_type": "way", "horse": null, "playground:theme": null, "playground": null, "colour": null, "backrest": null, "amenity": null, "power": null, "incline": null, "handrail:right": null, "handrail:left": null, "rockfall_barrier": null, "bridge:structure": null, "fence_type": null, "material": null, "ladder": null, "dog": null, "segregated": null, "mtb:scale:imba": null, "mtb:scale": null, "par": null, "source:hgv": null, "hgv": null, "attraction": null, "content": null, "footway": null, "crossing": null, "handrail": null, "bridge": null, "aerialway": null, "barrier": null, "tunnel": null, "condition": null, "man_made": null, "golf_cart": null, "golf": null, "bicycle": null, "intermittent": null, "waterway": null, "layer": null, "lanes": null, "ford": null, "natural": "cliff", "attribution": null, "operator": null, "ref": null, "railway": null, "old_railway_operator": null, "alt_name": null, "tiger:CLASSFP": null, "wikidata": null, "tiger:STATEFP": null, "tiger:PLCIDFP": null, "tiger:PLACEFP": null, "tiger:PCINECTA": null, "tiger:PCICBSA": null, "tiger:NAMELSAD": null, "tiger:NAME": null, "tiger:MTFCC": null, "tiger:LSAD": null, "tiger:FUNCSTAT": null, "tiger:CPI": null, "is_in:state": null, "is_in:iso_3166_2": null, "gnis:feature_id": null, "border_type": null, "admin_level": null, "source:url": null, "boundary": null, "tiger:name_direction_suffix": null, "tiger:name_type_1": null, "tiger:name_base_1": null, "name_1": null, "lane_markings": null, "maxspeed": null, "tiger:name_direction_prefix": null, "smoothness": null, "ref:usfs": null, "wikipedia": null, "oneway": null, "motorcar": null, "motor_vehicle": null, "foot": null, "covered": null, "tiger:name_type": null, "tiger:name_base": null, "surface": null, "name": null, "service": null, "access": null, "tiger:reviewed": null, "tiger:county": null, "tiger:cfcc": null, "highway": null }, "geometry": { "type": "LineString", "coordinates": [ [ -104.8802459, 38.7811441 ], [ -104.8802808, 38.7811509 ], [ -104.8802995, 38.7811713 ] ] } },
{ "type": "Feature", "properties": { "full_id": "w1120475009", "osm_id": "1120475009", "osm_type": "way", "horse": null, "playground:theme": null, "playground": null, "colour": null, "backrest": null, "amenity": null, "power": null, "incline": null, "handrail:right": null, "handrail:left": null, "rockfall_barrier": null, "bridge:structure": null, "fence_type": null, "material": null, "ladder": null, "dog": null, "segregated": null, "mtb:scale:imba": null, "mtb:scale": null, "par": null, "source:hgv": null, "hgv": null, "attraction": null, "content": null, "footway": null, "crossing": null, "handrail": null, "bridge": null, "aerialway": null, "barrier": null, "tunnel": null, "condition": null, "man_made": null, "golf_cart": null, "golf": null, "bicycle": null, "intermittent": null, "waterway": null, "layer": null, "lanes": null, "ford": null, "natural": null, "attribution": null, "operator": null, "ref": null, "railway": null, "old_railway_operator": null, "alt_name": null, "tiger:CLASSFP": null, "wikidata": null, "tiger:STATEFP": null, "tiger:PLCIDFP": null, "tiger:PLACEFP": null, "tiger:PCINECTA": null, "tiger:PCICBSA": null, "tiger:NAMELSAD": null, "tiger:NAME": null, "tiger:MTFCC": null, "tiger:LSAD": null, "tiger:FUNCSTAT": null, "tiger:CPI": null, "is_in:state": null, "is_in:iso_3166_2": null, "gnis:feature_id": null, "border_type": null, "admin_level": null, "source:url": null, "boundary": null, "tiger:name_direction_suffix": null, "tiger:name_type_1": null, "tiger:name_base_1": null, "name_1": null, "lane_markings": null, "maxspeed": null, "tiger:name_direction_prefix": null, "smoothness": null, "ref:usfs": null, "wikipedia": null, "oneway": null, "motorcar": null, "motor_vehicle": null, "foot": null, "covered": null, "tiger:name_type": null, "tiger:name_base": null, "surface": null, "name": null, "service": null, "access": null, "tiger:reviewed": null, "tiger:county": null, "tiger:cfcc": null, "highway": "footway" }, "geometry": { "type": "LineString", "coordinates": [ [ -104.8799201, 38.7821945 ], [ -104.8799002, 38.7821109 ], [ -104.8798968, 38.7821014 ] ] } },
{ "type": "Feature", "properties": { "full_id": "w721640125", "osm_id": "721640125", "osm_type": "way", "horse": null, "playground:theme": null, "playground": null, "colour": null, "backrest": null, "amenity": null, "power": null, "incline": null, "handrail:right": null, "handrail:left": null, "rockfall_barrier": null, "bridge:structure": null, "fence_type": null, "material": null, "ladder": null, "dog": null, "segregated": null, "mtb:scale:imba": null, "mtb:scale": null, "par": null, "source:hgv": null, "hgv": null, "attraction": null, "content": null, "footway": null, "crossing": null, "handrail": null, "bridge": null, "aerialway": null, "barrier": null, "tunnel": null, "condition": null, "man_made": null, "golf_cart": null, "golf": null, "bicycle": null, "intermittent": null, "waterway": null, "layer": null, "lanes": null, "ford": null, "natural": null, "attribution": null, "operator": null, "ref": null, "railway": null, "old_railway_operator": null, "alt_name": null, "tiger:CLASSFP": null, "wikidata": null, "tiger:STATEFP": null, "tiger:PLCIDFP": null, "tiger:PLACEFP": null, "tiger:PCINECTA": null, "tiger:PCICBSA": null, "tiger:NAMELSAD": null, "tiger:NAME": null, "tiger:MTFCC": null, "tiger:LSAD": null, "tiger:FUNCSTAT": null, "tiger:CPI": null, "is_in:state": null, "is_in:iso_3166_2": null, "gnis:feature_id": null, "border_type": null, "admin_level": null, "source:url": null, "boundary": null, "tiger:name_direction_suffix": null, "tiger:name_type_1": null, "tiger:name_base_1": null, "name_1": null, "lane_markings": null, "maxspeed": null, "tiger:name_direction_prefix": null, "smoothness": null, "ref:usfs": null, "wikipedia": null, "oneway": null, "motorcar": null, "motor_vehicle": null, "foot": null, "covered": null, "tiger:name_type": null, "tiger:name_base": null, "surface": null, "name": null, "service": "driveway", "access": "private", "tiger:reviewed": null, "tiger:county": null, "tiger:cfcc": null, "highway": "service" }, "geometry": { "type": "LineString", "coordinates": [ [ -104.8917553, 38.7633203 ], [ -104.8917816, 38.7632135 ], [ -104.8917903, 38.7631261 ], [ -104.891802, 38.7630092 ], [ -104.8918049, 38.7629513 ], [ -104.8917743, 38.7628866 ], [ -104.8916302, 38.7627855 ], [ -104.891537, 38.7627174 ], [ -104.8914381, 38.7626278 ], [ -104.8913784, 38.7625619 ], [ -104.8913158, 38.7624848 ], [ -104.8912372, 38.7623849 ], [ -104.891211, 38.7623122 ], [ -104.891195, 38.7621794 ], [ -104.8912022, 38.7621102 ], [ -104.8912197, 38.7620761 ], [ -104.891259, 38.7620387 ], [ -104.8913449, 38.7619955 ], [ -104.8913988, 38.7620194 ], [ -104.8914177, 38.7620625 ], [ -104.8914046, 38.762193 ], [ -104.8913784, 38.7625619 ] ] } },
{ "type": "Feature", "properties": { "full_id": "w1120475008", "osm_id": "1120475008", "osm_type": "way", "horse": null, "playground:theme": null, "playground": null, "colour": null, "backrest": null, "amenity": null, "power": null, "incline": null, "handrail:right": null, "handrail:left": null, "rockfall_barrier": null, "bridge:structure": null, "fence_type": null, "material": null, "ladder": null, "dog": null, "segregated": null, "mtb:scale:imba": null, "mtb:scale": null, "par": null, "source:hgv": null, "hgv": null, "attraction": null, "content": null, "footway": null, "crossing": null, "handrail": null, "bridge": null, "aerialway": null, "barrier": null, "tunnel": "building_passage", "condition": null, "man_made": null, "golf_cart": null, "golf": null, "bicycle": null, "intermittent": null, "waterway": null, "layer": null, "lanes": null, "ford": null, "natural": null, "attribution": null, "operator": null, "ref": null, "railway": null, "old_railway_operator": null, "alt_name": null, "tiger:CLASSFP": null, "wikidata": null, "tiger:STATEFP": null, "tiger:PLCIDFP": null, "tiger:PLACEFP": null, "tiger:PCINECTA": null, "tiger:PCICBSA": null, "tiger:NAMELSAD": null, "tiger:NAME": null, "tiger:MTFCC": null, "tiger:LSAD": null, "tiger:FUNCSTAT": null, "tiger:CPI": null, "is_in:state": null, "is_in:iso_3166_2": null, "gnis:feature_id": null, "border_type": null, "admin_level": null, "source:url": null, "boundary": null, "tiger:name_direction_suffix": null, "tiger:name_type_1": null, "tiger:name_base_1": null, "name_1": null, "lane_markings": null, "maxspeed": null, "tiger:name_direction_prefix": null, "smoothness": null, "ref:usfs": null, "wikipedia": null, "oneway": null, "motorcar": null, "motor_vehicle": null, "foot": null, "covered": null, "tiger:name_type": null, "tiger:name_base": null, "surface": null, "name": null, "service": null, "access": null, "tiger:reviewed": null, "tiger:county": null, "tiger:cfcc": null, "highway": "footway" }, "geometry": { "type": "LineString", "coordinates": [ [ -104.8798968, 38.7821014 ], [ -104.8798368, 38.7818961 ] ] } },
{ "type": "Feature", "properties": { "full_id": "w1120465921", "osm_id": "1120465921", "osm_type": "way", "horse": null, "playground:theme": null, "playground": null, "colour": null, "backrest": null, "amenity": null, "power": null, "incline": null, "handrail:right": null, "handrail:left": null, "rockfall_barrier": null, "bridge:structure": null, "fence_type": null, "material": null, "ladder": null, "dog": null, "segregated": null, "mtb:scale:imba": null, "mtb:scale": null, "par": null, "source:hgv": null, "hgv": null, "attraction": null, "content": null, "footway": null, "crossing": null, "handrail": null, "bridge": null, "aerialway": null, "barrier": null, "tunnel": null, "condition": null, "man_made": null, "golf_cart": null, "golf": null, "bicycle": null, "intermittent": "yes", "waterway": "stream", "layer": null, "lanes": null, "ford": null, "natural": null, "attribution": null, "operator": null, "ref": null, "railway": null, "old_railway_operator": null, "alt_name": null, "tiger:CLASSFP": null, "wikidata": null, "tiger:STATEFP": null, "tiger:PLCIDFP": null, "tiger:PLACEFP": null, "tiger:PCINECTA": null, "tiger:PCICBSA": null, "tiger:NAMELSAD": null, "tiger:NAME": null, "tiger:MTFCC": null, "tiger:LSAD": null, "tiger:FUNCSTAT": null, "tiger:CPI": null, "is_in:state": null, "is_in:iso_3166_2": null, "gnis:feature_id": null, "border_type": null, "admin_level": null, "source:url": null, "boundary": null, "tiger:name_direction_suffix": null, "tiger:name_type_1": null, "tiger:name_base_1": null, "name_1": null, "lane_markings": null, "maxspeed": null, "tiger:name_direction_prefix": null, "smoothness": null, "ref:usfs": null, "wikipedia": null, "oneway": null, "motorcar": null, "motor_vehicle": null, "foot": null, "covered": null, "tiger:name_type": null, "tiger:name_base": null, "surface": null, "name": "South Cheyenne Creek", "service": null, "access": null, "tiger:reviewed": null, "tiger:county": null, "tiger:cfcc": null, "highway": null }, "geometry": { "type": "LineString", "coordinates": [ [ -104.8810445, 38.7799361 ], [ -104.8808554, 38.7800082 ], [ -104.8807266, 38.7801149 ], [ -104.8806448, 38.7803229 ], [ -104.8806046, 38.7804317 ], [ -104.8804504, 38.7805707 ], [ -104.8804061, 38.7806502 ], [ -104.8804048, 38.7808483 ], [ -104.8803697, 38.7808721 ] ] } },
{ "type": "Feature", "properties": { "full_id": "w1120465920", "osm_id": "1120465920", "osm_type": "way", "horse": null, "playground:theme": null, "playground": null, "colour": null, "backrest": null, "amenity": null, "power": null, "incline": null, "handrail:right": null, "handrail:left": null, "rockfall_barrier": null, "bridge:structure": null, "fence_type": null, "material": null, "ladder": null, "dog": null, "segregated": null, "mtb:scale:imba": null, "mtb:scale": null, "par": null, "source:hgv": null, "hgv": null, "attraction": null, "content": null, "footway": null, "crossing": null, "handrail": null, "bridge": null, "aerialway": null, "barrier": null, "tunnel": null, "condition": null, "man_made": null, "golf_cart": null, "golf": null, "bicycle": null, "intermittent": "yes", "waterway": "stream", "layer": null, "lanes": null, "ford": null, "natural": null, "attribution": null, "operator": null, "ref": null, "railway": null, "old_railway_operator": null, "alt_name": null, "tiger:CLASSFP": null, "wikidata": null, "tiger:STATEFP": null, "tiger:PLCIDFP": null, "tiger:PLACEFP": null, "tiger:PCINECTA": null, "tiger:PCICBSA": null, "tiger:NAMELSAD": null, "tiger:NAME": null, "tiger:MTFCC": null, "tiger:LSAD": null, "tiger:FUNCSTAT": null, "tiger:CPI": null, "is_in:state": null, "is_in:iso_3166_2": null, "gnis:feature_id": null, "border_type": null, "admin_level": null, "source:url": null, "boundary": null, "tiger:name_direction_suffix": null, "tiger:name_type_1": null, "tiger:name_base_1": null, "name_1": null, "lane_markings": null, "maxspeed": null, "tiger:name_direction_prefix": null, "smoothness": null, "ref:usfs": null, "wikipedia": null, "oneway": null, "motorcar": null, "motor_vehicle": null, "foot": null, "covered": null, "tiger:name_type": null, "tiger:name_base": null, "surface": null, "name": "South Cheyenne Creek", "service": null, "access": null, "tiger:reviewed": null, "tiger:county": null, "tiger:cfcc": null, "highway": null }, "geometry": { "type": "LineString", "coordinates": [ [ -104.8803697, 38.7808721 ], [ -104.8803089, 38.7809319 ], [ -104.8802828, 38.7809852 ], [ -104.8803511, 38.7810747 ], [ -104.8802808, 38.7811509 ], [ -104.8802472, 38.7812131 ], [ -104.8802244, 38.7812487 ], [ -104.8801808, 38.7812827 ], [ -104.8801654, 38.7813352 ], [ -104.8801661, 38.7813992 ], [ -104.8801171, 38.7814175 ], [ -104.8800393, 38.7814698 ], [ -104.8800068, 38.7814698 ], [ -104.8799964, 38.7814698 ], [ -104.8799562, 38.7814667 ], [ -104.8799424, 38.7814878 ], [ -104.8798931, 38.7815367 ] ] } },
{ "type": "Feature", "properties": { "full_id": "w1120475014", "osm_id": "1120475014", "osm_type": "way", "horse": null, "playground:theme": null, "playground": null, "colour": null, "backrest": null, "amenity": null, "power": null, "incline": null, "handrail:right": null, "handrail:left": null, "rockfall_barrier": null, "bridge:structure": null, "fence_type": null, "material": null, "ladder": null, "dog": null, "segregated": null, "mtb:scale:imba": null, "mtb:scale": null, "par": null, "source:hgv": null, "hgv": null, "attraction": null, "content": null, "footway": null, "crossing": null, "handrail": null, "bridge": null, "aerialway": null, "barrier": null, "tunnel": "building_passage", "condition": null, "man_made": null, "golf_cart": null, "golf": null, "bicycle": null, "intermittent": null, "waterway": null, "layer": null, "lanes": null, "ford": null, "natural": null, "attribution": null, "operator": null, "ref": null, "railway": null, "old_railway_operator": null, "alt_name": null, "tiger:CLASSFP": null, "wikidata": null, "tiger:STATEFP": null, "tiger:PLCIDFP": null, "tiger:PLACEFP": null, "tiger:PCINECTA": null, "tiger:PCICBSA": null, "tiger:NAMELSAD": null, "tiger:NAME": null, "tiger:MTFCC": null, "tiger:LSAD": null, "tiger:FUNCSTAT": null, "tiger:CPI": null, "is_in:state": null, "is_in:iso_3166_2": null, "gnis:feature_id": null, "border_type": null, "admin_level": null, "source:url": null, "boundary": null, "tiger:name_direction_suffix": null, "tiger:name_type_1": null, "tiger:name_base_1": null, "name_1": null, "lane_markings": null, "maxspeed": null, "tiger:name_direction_prefix": null, "smoothness": null, "ref:usfs": null, "wikipedia": null, "oneway": null, "motorcar": null, "motor_vehicle": null, "foot": null, "covered": null, "tiger:name_type": null, "tiger:name_base": null, "surface": null, "name": null, "service": null, "access": null, "tiger:reviewed": null, "tiger:county": null, "tiger:cfcc": null, "highway": "footway" }, "geometry": { "type": "LineString", "coordinates": [ [ -104.8793074, 38.7819886 ], [ -104.8792963, 38.7820004 ], [ -104.879327, 38.7820198 ] ] } },
{ "type": "Feature", "properties": { "full_id": "w1120475013", "osm_id": "1120475013", "osm_type": "way", "horse": null, "playground:theme": null, "playground": null, "colour": null, "backrest": null, "amenity": null, "power": null, "incline": null, "handrail:right": null, "handrail:left": null, "rockfall_barrier": null, "bridge:structure": null, "fence_type": null, "material": null, "ladder": null, "dog": null, "segregated": null, "mtb:scale:imba": null, "mtb:scale": null, "par": null, "source:hgv": null, "hgv": null, "attraction": null, "content": null, "footway": null, "crossing": null, "handrail": null, "bridge": null, "aerialway": null, "barrier": null, "tunnel": "yes", "condition": null, "man_made": null, "golf_cart": null, "golf": null, "bicycle": null, "intermittent": null, "waterway": null, "layer": "-1", "lanes": null, "ford": null, "natural": null, "attribution": null, "operator": null, "ref": null, "railway": null, "old_railway_operator": null, "alt_name": null, "tiger:CLASSFP": null, "wikidata": null, "tiger:STATEFP": null, "tiger:PLCIDFP": null, "tiger:PLACEFP": null, "tiger:PCINECTA": null, "tiger:PCICBSA": null, "tiger:NAMELSAD": null, "tiger:NAME": null, "tiger:MTFCC": null, "tiger:LSAD": null, "tiger:FUNCSTAT": null, "tiger:CPI": null, "is_in:state": null, "is_in:iso_3166_2": null, "gnis:feature_id": null, "border_type": null, "admin_level": null, "source:url": null, "boundary": null, "tiger:name_direction_suffix": null, "tiger:name_type_1": null, "tiger:name_base_1": null, "name_1": null, "lane_markings": null, "maxspeed": null, "tiger:name_direction_prefix": null, "smoothness": null, "ref:usfs": null, "wikipedia": null, "oneway": null, "motorcar": null, "motor_vehicle": null, "foot": null, "covered": null, "tiger:name_type": null, "tiger:name_base": null, "surface": null, "name": null, "service": null, "access": null, "tiger:reviewed": null, "tiger:county": null, "tiger:cfcc": null, "highway": "footway" }, "geometry": { "type": "LineString", "coordinates": [ [ -104.8797765, 38.782257 ], [ -104.8793074, 38.7819886 ] ] } },
{ "type": "Feature", "properties": { "full_id": "w1120475011", "osm_id": "1120475011", "osm_type": "way", "horse": null, "playground:theme": null, "playground": null, "colour": null, "backrest": null, "amenity": null, "power": null, "incline": null, "handrail:right": null, "handrail:left": null, "rockfall_barrier": null, "bridge:structure": null, "fence_type": null, "material": null, "ladder": null, "dog": null, "segregated": null, "mtb:scale:imba": null, "mtb:scale": null, "par": null, "source:hgv": null, "hgv": null, "attraction": null, "content": null, "footway": null, "crossing": null, "handrail": null, "bridge": null, "aerialway": null, "barrier": null, "tunnel": null, "condition": null, "man_made": null, "golf_cart": null, "golf": null, "bicycle": null, "intermittent": null, "waterway": null, "layer": null, "lanes": null, "ford": null, "natural": null, "attribution": null, "operator": null, "ref": null, "railway": null, "old_railway_operator": null, "alt_name": null, "tiger:CLASSFP": null, "wikidata": null, "tiger:STATEFP": null, "tiger:PLCIDFP": null, "tiger:PLACEFP": null, "tiger:PCINECTA": null, "tiger:PCICBSA": null, "tiger:NAMELSAD": null, "tiger:NAME": null, "tiger:MTFCC": null, "tiger:LSAD": null, "tiger:FUNCSTAT": null, "tiger:CPI": null, "is_in:state": null, "is_in:iso_3166_2": null, "gnis:feature_id": null, "border_type": null, "admin_level": null, "source:url": null, "boundary": null, "tiger:name_direction_suffix": null, "tiger:name_type_1": null, "tiger:name_base_1": null, "name_1": null, "lane_markings": null, "maxspeed": null, "tiger:name_direction_prefix": null, "smoothness": null, "ref:usfs": null, "wikipedia": null, "oneway": null, "motorcar": null, "motor_vehicle": null, "foot": null, "covered": null, "tiger:name_type": null, "tiger:name_base": null, "surface": null, "name": null, "service": null, "access": null, "tiger:reviewed": null, "tiger:county": null, "tiger:cfcc": null, "highway": "footway" }, "geometry": { "type": "LineString", "coordinates": [ [ -104.8799548, 38.7821165 ], [ -104.8799696, 38.7821564 ], [ -104.8799669, 38.7821789 ] ] } },
{ "type": "Feature", "properties": { "full_id": "w1120475010", "osm_id": "1120475010", "osm_type": "way", "horse": null, "playground:theme": null, "playground": null, "colour": null, "backrest": null, "amenity": null, "power": null, "incline": null, "handrail:right": null, "handrail:left": null, "rockfall_barrier": null, "bridge:structure": null, "fence_type": null, "material": null, "ladder": null, "dog": null, "segregated": null, "mtb:scale:imba": null, "mtb:scale": null, "par": null, "source:hgv": null, "hgv": null, "attraction": null, "content": null, "footway": null, "crossing": null, "handrail": null, "bridge": null, "aerialway": null, "barrier": null, "tunnel": null, "condition": null, "man_made": null, "golf_cart": null, "golf": null, "bicycle": null, "intermittent": null, "waterway": null, "layer": null, "lanes": null, "ford": null, "natural": null, "attribution": null, "operator": null, "ref": null, "railway": null, "old_railway_operator": null, "alt_name": null, "tiger:CLASSFP": null, "wikidata": null, "tiger:STATEFP": null, "tiger:PLCIDFP": null, "tiger:PLACEFP": null, "tiger:PCINECTA": null, "tiger:PCICBSA": null, "tiger:NAMELSAD": null, "tiger:NAME": null, "tiger:MTFCC": null, "tiger:LSAD": null, "tiger:FUNCSTAT": null, "tiger:CPI": null, "is_in:state": null, "is_in:iso_3166_2": null, "gnis:feature_id": null, "border_type": null, "admin_level": null, "source:url": null, "boundary": null, "tiger:name_direction_suffix": null, "tiger:name_type_1": null, "tiger:name_base_1": null, "name_1": null, "lane_markings": null, "maxspeed": null, "tiger:name_direction_prefix": null, "smoothness": null, "ref:usfs": null, "wikipedia": null, "oneway": null, "motorcar": null, "motor_vehicle": null, "foot": null, "covered": null, "tiger:name_type": null, "tiger:name_base": null, "surface": null, "name": null, "service": null, "access": null, "tiger:reviewed": null, "tiger:county": null, "tiger:cfcc": null, "highway": "footway" }, "geometry": { "type": "LineString", "coordinates": [ [ -104.8798368, 38.7818961 ], [ -104.8798385, 38.7818451 ], [ -104.8798559, 38.7818143 ], [ -104.8798442, 38.7817238 ] ] } }
]
}
