{
"type": "FeatureCollection",
"name": "cheyennezooPaths",
"crs": { "type": "name", "properties": { "name": "urn:ogc:def:crs:OGC:1.3:CRS84" } },
"features": [
{ "type": "Feature", "properties": { "full_id": "w575386319", "osm_id": "575386319", "osm_type": "way", "horse": null, "playground:theme": null, "playground": null, "colour": null, "backrest": null, "amenity": null, "power": null, "incline": null, "handrail:right": null, "handrail:left": null, "rockfall_barrier": null, "bridge:structure": null, "fence_type": null, "material": null, "ladder": null, "dog": null, "segregated": null, "mtb:scale:imba": null, "mtb:scale": null, "par": null, "source:hgv": null, "hgv": null, "attraction": null, "content": null, "footway": null, "crossing": null, "handrail": null, "bridge": "yes", "aerialway": null, "barrier": null, "tunnel": null, "condition": null, "man_made": null, "golf_cart": null, "golf": null, "bicycle": null, "intermittent": null, "waterway": null, "layer": "1", "lanes": null, "ford": null, "natural": null, "attribution": null, "operator": null, "ref": null, "railway": null, "old_railway_operator": null, "alt_name": null, "tiger:CLASSFP": null, "wikidata": null, "tiger:STATEFP": null, "tiger:PLCIDFP": null, "tiger:PLACEFP": null, "tiger:PCINECTA": null, "tiger:PCICBSA": null, "tiger:NAMELSAD": null, "tiger:NAME": null, "tiger:MTFCC": null, "tiger:LSAD": null, "tiger:FUNCSTAT": null, "tiger:CPI": null, "is_in:state": null, "is_in:iso_3166_2": null, "gnis:feature_id": null, "border_type": null, "admin_level": null, "source:url": null, "boundary": null, "tiger:name_direction_suffix": null, "tiger:name_type_1": null, "tiger:name_base_1": null, "name_1": null, "lane_markings": null, "maxspeed": null, "tiger:name_direction_prefix": null, "smoothness": null, "ref:usfs": null, "wikipedia": null, "oneway": null, "motorcar": null, "motor_vehicle": null, "foot": null, "covered": null, "tiger:name_type": null, "tiger:name_base": null, "surface": "wood", "name": null, "service": null, "access": null, "tiger:reviewed": null, "tiger:county": null, "tiger:cfcc": null, "highway": "footway" }, "geometry": { "type": "LineString", "coordinates": [ [ -104.8544054, 38.7704736 ], [ -104.8545209, 38.7704334 ], [ -104.8545292, 38.7704034 ], [ -104.8545413, 38.7703675 ], [ -104.8545466, 38.7703219 ], [ -104.8545552, 38.770236 ], [ -104.8545191, 38.7701218 ], [ -104.8545671, 38.7700578 ], [ -104.8545751, 38.7700471 ], [ -104.854642, 38.7700288 ] ] } },
{ "type": "Feature", "properties": { "full_id": "w548895790", "osm_id": "548895790", "osm_type": "way", "horse": null, "playground:theme": null, "playground": null, "colour": null, "backrest": null, "amenity": null, "power": null, "incline": null, "handrail:right": null, "handrail:left": null, "rockfall_barrier": null, "bridge:structure": null, "fence_type": null, "material": null, "ladder": null, "dog": null, "segregated": null, "mtb:scale:imba": null, "mtb:scale": null, "par": null, "source:hgv": null, "hgv": null, "attraction": null, "content": null, "footway": null, "crossing": null, "handrail": null, "bridge": null, "aerialway": null, "barrier": "fence", "tunnel": null, "condition": null, "man_made": null, "golf_cart": null, "golf": null, "bicycle": null, "intermittent": null, "waterway": null, "layer": null, "lanes": null, "ford": null, "natural": null, "attribution": null, "operator": null, "ref": null, "railway": null, "old_railway_operator": null, "alt_name": null, "tiger:CLASSFP": null, "wikidata": null, "tiger:STATEFP": null, "tiger:PLCIDFP": null, "tiger:PLACEFP": null, "tiger:PCINECTA": null, "tiger:PCICBSA": null, "tiger:NAMELSAD": null, "tiger:NAME": null, "tiger:MTFCC": null, "tiger:LSAD": null, "tiger:FUNCSTAT": null, "tiger:CPI": null, "is_in:state": null, "is_in:iso_3166_2": null, "gnis:feature_id": null, "border_type": null, "admin_level": null, "source:url": null, "boundary": null, "tiger:name_direction_suffix": null, "tiger:name_type_1": null, "tiger:name_base_1": null, "name_1": null, "lane_markings": null, "maxspeed": null, "tiger:name_direction_prefix": null, "smoothness": null, "ref:usfs": null, "wikipedia": null, "oneway": null, "motorcar": null, "motor_vehicle": null, "foot": null, "covered": null, "tiger:name_type": null, "tiger:name_base": null, "surface": null, "name": null, "service": null, "access": null, "tiger:reviewed": null, "tiger:county": null, "tiger:cfcc": null, "highway": null }, "geometry": { "type": "LineString", "coordinates": [ [ -104.8537218, 38.7699454 ], [ -104.8538183, 38.7699274 ], [ -104.8538257, 38.7699177 ], [ -104.8538243, 38.7699083 ], [ -104.8537902, 38.7697869 ] ] } },
{ "type": "Feature", "properties": { "full_id": "w548641427", "osm_id": "548641427", "osm_type": "way", "horse": null, "playground:theme": null, "playground": null, "colour": null, "backrest": null, "amenity": null, "power": null, "incline": null, "handrail:right": null, "handrail:left": null, "rockfall_barrier": null, "bridge:structure": null, "fence_type": null, "material": null, "ladder": null, "dog": null, "segregated": null, "mtb:scale:imba": null, "mtb:scale": null, "par": null, "source:hgv": null, "hgv": null, "attraction": null, "content": null, "footway": null, "crossing": null, "handrail": null, "bridge": null, "aerialway": null, "barrier": null, "tunnel": null, "condition": null, "man_made": null, "golf_cart": null, "golf": null, "bicycle": null, "intermittent": null, "waterway": null, "layer": null, "lanes": null, "ford": null, "natural": null, "attribution": null, "operator": null, "ref": null, "railway": null, "old_railway_operator": null, "alt_name": null, "tiger:CLASSFP": null, "wikidata": null, "tiger:STATEFP": null, "tiger:PLCIDFP": null, "tiger:PLACEFP": null, "tiger:PCINECTA": null, "tiger:PCICBSA": null, "tiger:NAMELSAD": null, "tiger:NAME": null, "tiger:MTFCC": null, "tiger:LSAD": null, "tiger:FUNCSTAT": null, "tiger:CPI": null, "is_in:state": null, "is_in:iso_3166_2": null, "gnis:feature_id": null, "border_type": null, "admin_level": null, "source:url": null, "boundary": null, "tiger:name_direction_suffix": null, "tiger:name_type_1": null, "tiger:name_base_1": null, "name_1": null, "lane_markings": null, "maxspeed": null, "tiger:name_direction_prefix": null, "smoothness": null, "ref:usfs": null, "wikipedia": null, "oneway": null, "motorcar": null, "motor_vehicle": null, "foot": null, "covered": null, "tiger:name_type": null, "tiger:name_base": null, "surface": "paved", "name": null, "service": null, "access": null, "tiger:reviewed": null, "tiger:county": null, "tiger:cfcc": null, "highway": "footway" }, "geometry": { "type": "LineString", "coordinates": [ [ -104.8538781, 38.7717161 ], [ -104.8539163, 38.7716748 ] ] } },
{ "type": "Feature", "properties": { "full_id": "w548641426", "osm_id": "548641426", "osm_type": "way", "horse": null, "playground:theme": null, "playground": null, "colour": null, "backrest": null, "amenity": null, "power": null, "incline": null, "handrail:right": null, "handrail:left": null, "rockfall_barrier": null, "bridge:structure": null, "fence_type": null, "material": null, "ladder": null, "dog": null, "segregated": null, "mtb:scale:imba": null, "mtb:scale": null, "par": null, "source:hgv": null, "hgv": null, "attraction": null, "content": null, "footway": null, "crossing": null, "handrail": null, "bridge": "yes", "aerialway": null, "barrier": null, "tunnel": null, "condition": null, "man_made": null, "golf_cart": null, "golf": null, "bicycle": null, "intermittent": null, "waterway": null, "layer": "1", "lanes": null, "ford": null, "natural": null, "attribution": null, "operator": null, "ref": null, "railway": null, "old_railway_operator": null, "alt_name": null, "tiger:CLASSFP": null, "wikidata": null, "tiger:STATEFP": null, "tiger:PLCIDFP": null, "tiger:PLACEFP": null, "tiger:PCINECTA": null, "tiger:PCICBSA": null, "tiger:NAMELSAD": null, "tiger:NAME": null, "tiger:MTFCC": null, "tiger:LSAD": null, "tiger:FUNCSTAT": null, "tiger:CPI": null, "is_in:state": null, "is_in:iso_3166_2": null, "gnis:feature_id": null, "border_type": null, "admin_level": null, "source:url": null, "boundary": null, "tiger:name_direction_suffix": null, "tiger:name_type_1": null, "tiger:name_base_1": null, "name_1": null, "lane_markings": null, "maxspeed": null, "tiger:name_direction_prefix": null, "smoothness": null, "ref:usfs": null, "wikipedia": null, "oneway": null, "motorcar": null, "motor_vehicle": null, "foot": null, "covered": null, "tiger:name_type": null, "tiger:name_base": null, "surface": "wood", "name": null, "service": null, "access": null, "tiger:reviewed": null, "tiger:county": null, "tiger:cfcc": null, "highway": "footway" }, "geometry": { "type": "LineString", "coordinates": [ [ -104.8539163, 38.7716748 ], [ -104.8538897, 38.7716596 ] ] } },
{ "type": "Feature", "properties": { "full_id": "w548641425", "osm_id": "548641425", "osm_type": "way", "horse": null, "playground:theme": null, "playground": null, "colour": null, "backrest": null, "amenity": null, "power": null, "incline": null, "handrail:right": null, "handrail:left": null, "rockfall_barrier": null, "bridge:structure": null, "fence_type": null, "material": null, "ladder": null, "dog": null, "segregated": null, "mtb:scale:imba": null, "mtb:scale": null, "par": null, "source:hgv": null, "hgv": null, "attraction": null, "content": null, "footway": null, "crossing": null, "handrail": null, "bridge": "yes", "aerialway": null, "barrier": null, "tunnel": null, "condition": null, "man_made": null, "golf_cart": null, "golf": null, "bicycle": null, "intermittent": null, "waterway": null, "layer": "1", "lanes": null, "ford": null, "natural": null, "attribution": null, "operator": null, "ref": null, "railway": null, "old_railway_operator": null, "alt_name": null, "tiger:CLASSFP": null, "wikidata": null, "tiger:STATEFP": null, "tiger:PLCIDFP": null, "tiger:PLACEFP": null, "tiger:PCINECTA": null, "tiger:PCICBSA": null, "tiger:NAMELSAD": null, "tiger:NAME": null, "tiger:MTFCC": null, "tiger:LSAD": null, "tiger:FUNCSTAT": null, "tiger:CPI": null, "is_in:state": null, "is_in:iso_3166_2": null, "gnis:feature_id": null, "border_type": null, "admin_level": null, "source:url": null, "boundary": null, "tiger:name_direction_suffix": null, "tiger:name_type_1": null, "tiger:name_base_1": null, "name_1": null, "lane_markings": null, "maxspeed": null, "tiger:name_direction_prefix": null, "smoothness": null, "ref:usfs": null, "wikipedia": null, "oneway": null, "motorcar": null, "motor_vehicle": null, "foot": null, "covered": null, "tiger:name_type": null, "tiger:name_base": null, "surface": "wood", "name": null, "service": null, "access": null, "tiger:reviewed": null, "tiger:county": null, "tiger:cfcc": null, "highway": "footway" }, "geometry": { "type": "LineString", "coordinates": [ [ -104.8539395, 38.7716511 ], [ -104.853921, 38.77164 ], [ -104.8539129, 38.7716352 ], [ -104.8538897, 38.7716596 ], [ -104.8538788, 38.7716711 ], [ -104.8538508, 38.7716537 ] ] } },
{ "type": "Feature", "properties": { "full_id": "w548641424", "osm_id": "548641424", "osm_type": "way", "horse": null, "playground:theme": null, "playground": null, "colour": null, "backrest": null, "amenity": null, "power": null, "incline": null, "handrail:right": null, "handrail:left": null, "rockfall_barrier": null, "bridge:structure": null, "fence_type": null, "material": null, "ladder": null, "dog": null, "segregated": null, "mtb:scale:imba": null, "mtb:scale": null, "par": null, "source:hgv": null, "hgv": null, "attraction": null, "content": null, "footway": null, "crossing": null, "handrail": "yes", "bridge": null, "aerialway": null, "barrier": null, "tunnel": null, "condition": null, "man_made": null, "golf_cart": null, "golf": null, "bicycle": null, "intermittent": null, "waterway": null, "layer": null, "lanes": null, "ford": null, "natural": null, "attribution": null, "operator": null, "ref": null, "railway": null, "old_railway_operator": null, "alt_name": null, "tiger:CLASSFP": null, "wikidata": null, "tiger:STATEFP": null, "tiger:PLCIDFP": null, "tiger:PLACEFP": null, "tiger:PCINECTA": null, "tiger:PCICBSA": null, "tiger:NAMELSAD": null, "tiger:NAME": null, "tiger:MTFCC": null, "tiger:LSAD": null, "tiger:FUNCSTAT": null, "tiger:CPI": null, "is_in:state": null, "is_in:iso_3166_2": null, "gnis:feature_id": null, "border_type": null, "admin_level": null, "source:url": null, "boundary": null, "tiger:name_direction_suffix": null, "tiger:name_type_1": null, "tiger:name_base_1": null, "name_1": null, "lane_markings": null, "maxspeed": null, "tiger:name_direction_prefix": null, "smoothness": null, "ref:usfs": null, "wikipedia": null, "oneway": null, "motorcar": null, "motor_vehicle": null, "foot": null, "covered": null, "tiger:name_type": null, "tiger:name_base": null, "surface": "wood", "name": null, "service": null, "access": null, "tiger:reviewed": null, "tiger:county": null, "tiger:cfcc": null, "highway": "steps" }, "geometry": { "type": "LineString", "coordinates": [ [ -104.8539047, 38.7717318 ], [ -104.8539675, 38.7716666 ], [ -104.8539395, 38.7716511 ] ] } },
{ "type": "Feature", "properties": { "full_id": "w548747210", "osm_id": "548747210", "osm_type": "way", "horse": null, "playground:theme": null, "playground": null, "colour": null, "backrest": null, "amenity": null, "power": null, "incline": null, "handrail:right": null, "handrail:left": null, "rockfall_barrier": null, "bridge:structure": null, "fence_type": null, "material": null, "ladder": null, "dog": null, "segregated": null, "mtb:scale:imba": null, "mtb:scale": null, "par": null, "source:hgv": null, "hgv": null, "attraction": null, "content": null, "footway": null, "crossing": null, "handrail": null, "bridge": null, "aerialway": null, "barrier": null, "tunnel": null, "condition": null, "man_made": null, "golf_cart": null, "golf": null, "bicycle": null, "intermittent": null, "waterway": null, "layer": null, "lanes": null, "ford": null, "natural": null, "attribution": null, "operator": null, "ref": null, "railway": null, "old_railway_operator": null, "alt_name": null, "tiger:CLASSFP": null, "wikidata": null, "tiger:STATEFP": null, "tiger:PLCIDFP": null, "tiger:PLACEFP": null, "tiger:PCINECTA": null, "tiger:PCICBSA": null, "tiger:NAMELSAD": null, "tiger:NAME": null, "tiger:MTFCC": null, "tiger:LSAD": null, "tiger:FUNCSTAT": null, "tiger:CPI": null, "is_in:state": null, "is_in:iso_3166_2": null, "gnis:feature_id": null, "border_type": null, "admin_level": null, "source:url": null, "boundary": null, "tiger:name_direction_suffix": null, "tiger:name_type_1": null, "tiger:name_base_1": null, "name_1": null, "lane_markings": null, "maxspeed": null, "tiger:name_direction_prefix": null, "smoothness": null, "ref:usfs": null, "wikipedia": null, "oneway": null, "motorcar": null, "motor_vehicle": null, "foot": null, "covered": null, "tiger:name_type": null, "tiger:name_base": null, "surface": null, "name": null, "service": null, "access": "private", "tiger:reviewed": null, "tiger:county": null, "tiger:cfcc": null, "highway": "steps" }, "geometry": { "type": "LineString", "coordinates": [ [ -104.8543554, 38.771658 ], [ -104.8544336, 38.77164 ], [ -104.8545388, 38.7716176 ], [ -104.8545731, 38.771599 ], [ -104.8545921, 38.7715466 ] ] } },
{ "type": "Feature", "properties": { "full_id": "w548646212", "osm_id": "548646212", "osm_type": "way", "horse": null, "playground:theme": null, "playground": null, "colour": null, "backrest": null, "amenity": null, "power": null, "incline": null, "handrail:right": null, "handrail:left": null, "rockfall_barrier": null, "bridge:structure": null, "fence_type": null, "material": null, "ladder": null, "dog": null, "segregated": null, "mtb:scale:imba": null, "mtb:scale": null, "par": null, "source:hgv": null, "hgv": null, "attraction": null, "content": null, "footway": null, "crossing": null, "handrail": null, "bridge": null, "aerialway": null, "barrier": null, "tunnel": null, "condition": null, "man_made": null, "golf_cart": null, "golf": null, "bicycle": null, "intermittent": null, "waterway": null, "layer": null, "lanes": null, "ford": null, "natural": null, "attribution": null, "operator": null, "ref": null, "railway": null, "old_railway_operator": null, "alt_name": null, "tiger:CLASSFP": null, "wikidata": null, "tiger:STATEFP": null, "tiger:PLCIDFP": null, "tiger:PLACEFP": null, "tiger:PCINECTA": null, "tiger:PCICBSA": null, "tiger:NAMELSAD": null, "tiger:NAME": null, "tiger:MTFCC": null, "tiger:LSAD": null, "tiger:FUNCSTAT": null, "tiger:CPI": null, "is_in:state": null, "is_in:iso_3166_2": null, "gnis:feature_id": null, "border_type": null, "admin_level": null, "source:url": null, "boundary": null, "tiger:name_direction_suffix": null, "tiger:name_type_1": null, "tiger:name_base_1": null, "name_1": null, "lane_markings": null, "maxspeed": null, "tiger:name_direction_prefix": null, "smoothness": null, "ref:usfs": null, "wikipedia": null, "oneway": null, "motorcar": null, "motor_vehicle": null, "foot": null, "covered": null, "tiger:name_type": null, "tiger:name_base": null, "surface": "asphalt", "name": null, "service": null, "access": "private", "tiger:reviewed": null, "tiger:county": null, "tiger:cfcc": null, "highway": "service" }, "geometry": { "type": "LineString", "coordinates": [ [ -104.8527021, 38.7696328 ], [ -104.8527199, 38.7695289 ], [ -104.8527159, 38.7693564 ], [ -104.8527105, 38.7692602 ], [ -104.8526756, 38.7691776 ], [ -104.8525603, 38.7690584 ] ] } },
{ "type": "Feature", "properties": { "full_id": "w548643805", "osm_id": "548643805", "osm_type": "way", "horse": null, "playground:theme": null, "playground": null, "colour": null, "backrest": null, "amenity": null, "power": null, "incline": null, "handrail:right": null, "handrail:left": null, "rockfall_barrier": null, "bridge:structure": null, "fence_type": null, "material": null, "ladder": null, "dog": null, "segregated": null, "mtb:scale:imba": null, "mtb:scale": null, "par": null, "source:hgv": null, "hgv": null, "attraction": null, "content": null, "footway": null, "crossing": null, "handrail": null, "bridge": null, "aerialway": null, "barrier": null, "tunnel": null, "condition": null, "man_made": null, "golf_cart": null, "golf": null, "bicycle": null, "intermittent": null, "waterway": null, "layer": null, "lanes": null, "ford": null, "natural": null, "attribution": null, "operator": null, "ref": null, "railway": null, "old_railway_operator": null, "alt_name": null, "tiger:CLASSFP": null, "wikidata": null, "tiger:STATEFP": null, "tiger:PLCIDFP": null, "tiger:PLACEFP": null, "tiger:PCINECTA": null, "tiger:PCICBSA": null, "tiger:NAMELSAD": null, "tiger:NAME": null, "tiger:MTFCC": null, "tiger:LSAD": null, "tiger:FUNCSTAT": null, "tiger:CPI": null, "is_in:state": null, "is_in:iso_3166_2": null, "gnis:feature_id": null, "border_type": null, "admin_level": null, "source:url": null, "boundary": null, "tiger:name_direction_suffix": null, "tiger:name_type_1": null, "tiger:name_base_1": null, "name_1": null, "lane_markings": null, "maxspeed": null, "tiger:name_direction_prefix": null, "smoothness": null, "ref:usfs": null, "wikipedia": null, "oneway": null, "motorcar": null, "motor_vehicle": null, "foot": null, "covered": null, "tiger:name_type": null, "tiger:name_base": null, "surface": "asphalt", "name": null, "service": null, "access": "private", "tiger:reviewed": null, "tiger:county": null, "tiger:cfcc": null, "highway": "service" }, "geometry": { "type": "LineString", "coordinates": [ [ -104.8549167, 38.7731522 ], [ -104.8546871, 38.7728811 ], [ -104.8545962, 38.7728214 ], [ -104.8544239, 38.772763 ], [ -104.8541656, 38.7727008 ], [ -104.8539869, 38.7726287 ], [ -104.8538322, 38.7725392 ], [ -104.8536855, 38.7724011 ], [ -104.8536133, 38.772306 ], [ -104.8535101, 38.7721699 ], [ -104.8533538, 38.7720368 ], [ -104.8531066, 38.7718764 ], [ -104.8530173, 38.7718391 ], [ -104.8529503, 38.7718366 ], [ -104.852841, 38.7718579 ] ] } },
{ "type": "Feature", "properties": { "full_id": "w548643803", "osm_id": "548643803", "osm_type": "way", "horse": null, "playground:theme": null, "playground": null, "colour": null, "backrest": null, "amenity": null, "power": null, "incline": null, "handrail:right": null, "handrail:left": null, "rockfall_barrier": null, "bridge:structure": null, "fence_type": null, "material": null, "ladder": null, "dog": null, "segregated": null, "mtb:scale:imba": null, "mtb:scale": null, "par": null, "source:hgv": null, "hgv": null, "attraction": null, "content": null, "footway": "crossing", "crossing": "zebra", "handrail": null, "bridge": null, "aerialway": null, "barrier": null, "tunnel": null, "condition": null, "man_made": null, "golf_cart": null, "golf": null, "bicycle": null, "intermittent": null, "waterway": null, "layer": null, "lanes": null, "ford": null, "natural": null, "attribution": null, "operator": null, "ref": null, "railway": null, "old_railway_operator": null, "alt_name": null, "tiger:CLASSFP": null, "wikidata": null, "tiger:STATEFP": null, "tiger:PLCIDFP": null, "tiger:PLACEFP": null, "tiger:PCINECTA": null, "tiger:PCICBSA": null, "tiger:NAMELSAD": null, "tiger:NAME": null, "tiger:MTFCC": null, "tiger:LSAD": null, "tiger:FUNCSTAT": null, "tiger:CPI": null, "is_in:state": null, "is_in:iso_3166_2": null, "gnis:feature_id": null, "border_type": null, "admin_level": null, "source:url": null, "boundary": null, "tiger:name_direction_suffix": null, "tiger:name_type_1": null, "tiger:name_base_1": null, "name_1": null, "lane_markings": null, "maxspeed": null, "tiger:name_direction_prefix": null, "smoothness": null, "ref:usfs": null, "wikipedia": null, "oneway": null, "motorcar": null, "motor_vehicle": null, "foot": null, "covered": null, "tiger:name_type": null, "tiger:name_base": null, "surface": "asphalt", "name": null, "service": null, "access": null, "tiger:reviewed": null, "tiger:county": null, "tiger:cfcc": null, "highway": "footway" }, "geometry": { "type": "LineString", "coordinates": [ [ -104.8530257, 38.7710939 ], [ -104.8530333, 38.771073 ], [ -104.8530441, 38.7710515 ], [ -104.8530605, 38.771019 ] ] } },
{ "type": "Feature", "properties": { "full_id": "w548747226", "osm_id": "548747226", "osm_type": "way", "horse": null, "playground:theme": null, "playground": null, "colour": null, "backrest": null, "amenity": null, "power": null, "incline": null, "handrail:right": null, "handrail:left": null, "rockfall_barrier": null, "bridge:structure": null, "fence_type": null, "material": null, "ladder": null, "dog": null, "segregated": null, "mtb:scale:imba": null, "mtb:scale": null, "par": null, "source:hgv": null, "hgv": null, "attraction": null, "content": null, "footway": null, "crossing": null, "handrail": null, "bridge": null, "aerialway": null, "barrier": "wall", "tunnel": null, "condition": null, "man_made": null, "golf_cart": null, "golf": null, "bicycle": null, "intermittent": null, "waterway": null, "layer": null, "lanes": null, "ford": null, "natural": null, "attribution": null, "operator": null, "ref": null, "railway": null, "old_railway_operator": null, "alt_name": null, "tiger:CLASSFP": null, "wikidata": null, "tiger:STATEFP": null, "tiger:PLCIDFP": null, "tiger:PLACEFP": null, "tiger:PCINECTA": null, "tiger:PCICBSA": null, "tiger:NAMELSAD": null, "tiger:NAME": null, "tiger:MTFCC": null, "tiger:LSAD": null, "tiger:FUNCSTAT": null, "tiger:CPI": null, "is_in:state": null, "is_in:iso_3166_2": null, "gnis:feature_id": null, "border_type": null, "admin_level": null, "source:url": null, "boundary": null, "tiger:name_direction_suffix": null, "tiger:name_type_1": null, "tiger:name_base_1": null, "name_1": null, "lane_markings": null, "maxspeed": null, "tiger:name_direction_prefix": null, "smoothness": null, "ref:usfs": null, "wikipedia": null, "oneway": null, "motorcar": null, "motor_vehicle": null, "foot": null, "covered": null, "tiger:name_type": null, "tiger:name_base": null, "surface": null, "name": null, "service": null, "access": null, "tiger:reviewed": null, "tiger:county": null, "tiger:cfcc": null, "highway": null }, "geometry": { "type": "LineString", "coordinates": [ [ -104.854603, 38.7712002 ], [ -104.854565, 38.7710978 ], [ -104.8545211, 38.770989 ] ] } },
{ "type": "Feature", "properties": { "full_id": "w548747224", "osm_id": "548747224", "osm_type": "way", "horse": null, "playground:theme": null, "playground": null, "colour": null, "backrest": null, "amenity": null, "power": null, "incline": null, "handrail:right": null, "handrail:left": null, "rockfall_barrier": null, "bridge:structure": null, "fence_type": null, "material": null, "ladder": null, "dog": null, "segregated": null, "mtb:scale:imba": null, "mtb:scale": null, "par": null, "source:hgv": null, "hgv": null, "attraction": null, "content": null, "footway": null, "crossing": null, "handrail": null, "bridge": null, "aerialway": null, "barrier": "gate", "tunnel": null, "condition": null, "man_made": null, "golf_cart": null, "golf": null, "bicycle": null, "intermittent": null, "waterway": null, "layer": null, "lanes": null, "ford": null, "natural": null, "attribution": null, "operator": null, "ref": null, "railway": null, "old_railway_operator": null, "alt_name": null, "tiger:CLASSFP": null, "wikidata": null, "tiger:STATEFP": null, "tiger:PLCIDFP": null, "tiger:PLACEFP": null, "tiger:PCINECTA": null, "tiger:PCICBSA": null, "tiger:NAMELSAD": null, "tiger:NAME": null, "tiger:MTFCC": null, "tiger:LSAD": null, "tiger:FUNCSTAT": null, "tiger:CPI": null, "is_in:state": null, "is_in:iso_3166_2": null, "gnis:feature_id": null, "border_type": null, "admin_level": null, "source:url": null, "boundary": null, "tiger:name_direction_suffix": null, "tiger:name_type_1": null, "tiger:name_base_1": null, "name_1": null, "lane_markings": null, "maxspeed": null, "tiger:name_direction_prefix": null, "smoothness": null, "ref:usfs": null, "wikipedia": null, "oneway": null, "motorcar": null, "motor_vehicle": null, "foot": null, "covered": null, "tiger:name_type": null, "tiger:name_base": null, "surface": null, "name": null, "service": null, "access": null, "tiger:reviewed": null, "tiger:county": null, "tiger:cfcc": null, "highway": null }, "geometry": { "type": "LineString", "coordinates": [ [ -104.8545211, 38.770989 ], [ -104.8544844, 38.7709766 ] ] } },
{ "type": "Feature", "properties": { "full_id": "w548747222", "osm_id": "548747222", "osm_type": "way", "horse": null, "playground:theme": null, "playground": null, "colour": null, "backrest": null, "amenity": null, "power": null, "incline": null, "handrail:right": null, "handrail:left": null, "rockfall_barrier": null, "bridge:structure": null, "fence_type": null, "material": null, "ladder": null, "dog": null, "segregated": null, "mtb:scale:imba": null, "mtb:scale": null, "par": null, "source:hgv": null, "hgv": null, "attraction": null, "content": null, "footway": null, "crossing": null, "handrail": null, "bridge": null, "aerialway": null, "barrier": "gate", "tunnel": null, "condition": null, "man_made": null, "golf_cart": null, "golf": null, "bicycle": null, "intermittent": null, "waterway": null, "layer": null, "lanes": null, "ford": null, "natural": null, "attribution": null, "operator": null, "ref": null, "railway": null, "old_railway_operator": null, "alt_name": null, "tiger:CLASSFP": null, "wikidata": null, "tiger:STATEFP": null, "tiger:PLCIDFP": null, "tiger:PLACEFP": null, "tiger:PCINECTA": null, "tiger:PCICBSA": null, "tiger:NAMELSAD": null, "tiger:NAME": null, "tiger:MTFCC": null, "tiger:LSAD": null, "tiger:FUNCSTAT": null, "tiger:CPI": null, "is_in:state": null, "is_in:iso_3166_2": null, "gnis:feature_id": null, "border_type": null, "admin_level": null, "source:url": null, "boundary": null, "tiger:name_direction_suffix": null, "tiger:name_type_1": null, "tiger:name_base_1": null, "name_1": null, "lane_markings": null, "maxspeed": null, "tiger:name_direction_prefix": null, "smoothness": null, "ref:usfs": null, "wikipedia": null, "oneway": null, "motorcar": null, "motor_vehicle": null, "foot": null, "covered": null, "tiger:name_type": null, "tiger:name_base": null, "surface": null, "name": null, "service": null, "access": "no", "tiger:reviewed": null, "tiger:county": null, "tiger:cfcc": null, "highway": null }, "geometry": { "type": "LineString", "coordinates": [ [ -104.854616, 38.7713254 ], [ -104.8545796, 38.7713253 ] ] } },
{ "type": "Feature", "properties": { "full_id": "w548747211", "osm_id": "548747211", "osm_type": "way", "horse": null, "playground:theme": null, "playground": null, "colour": null, "backrest": null, "amenity": null, "power": null, "incline": null, "handrail:right": null, "handrail:left": null, "rockfall_barrier": null, "bridge:structure": null, "fence_type": null, "material": null, "ladder": null, "dog": null, "segregated": null, "mtb:scale:imba": null, "mtb:scale": null, "par": null, "source:hgv": null, "hgv": null, "attraction": null, "content": null, "footway": "crossing", "crossing": "zebra", "handrail": null, "bridge": null, "aerialway": null, "barrier": null, "tunnel": null, "condition": null, "man_made": null, "golf_cart": null, "golf": null, "bicycle": null, "intermittent": null, "waterway": null, "layer": null, "lanes": null, "ford": null, "natural": null, "attribution": null, "operator": null, "ref": null, "railway": null, "old_railway_operator": null, "alt_name": null, "tiger:CLASSFP": null, "wikidata": null, "tiger:STATEFP": null, "tiger:PLCIDFP": null, "tiger:PLACEFP": null, "tiger:PCINECTA": null, "tiger:PCICBSA": null, "tiger:NAMELSAD": null, "tiger:NAME": null, "tiger:MTFCC": null, "tiger:LSAD": null, "tiger:FUNCSTAT": null, "tiger:CPI": null, "is_in:state": null, "is_in:iso_3166_2": null, "gnis:feature_id": null, "border_type": null, "admin_level": null, "source:url": null, "boundary": null, "tiger:name_direction_suffix": null, "tiger:name_type_1": null, "tiger:name_base_1": null, "name_1": null, "lane_markings": null, "maxspeed": null, "tiger:name_direction_prefix": null, "smoothness": null, "ref:usfs": null, "wikipedia": null, "oneway": null, "motorcar": null, "motor_vehicle": null, "foot": null, "covered": null, "tiger:name_type": null, "tiger:name_base": null, "surface": null, "name": null, "service": null, "access": null, "tiger:reviewed": null, "tiger:county": null, "tiger:cfcc": null, "highway": "footway" }, "geometry": { "type": "LineString", "coordinates": [ [ -104.854256, 38.7717194 ], [ -104.8542737, 38.7716649 ], [ -104.8542883, 38.7716199 ] ] } },
{ "type": "Feature", "properties": { "full_id": "w548793151", "osm_id": "548793151", "osm_type": "way", "horse": null, "playground:theme": null, "playground": null, "colour": null, "backrest": null, "amenity": null, "power": null, "incline": null, "handrail:right": null, "handrail:left": null, "rockfall_barrier": null, "bridge:structure": null, "fence_type": null, "material": null, "ladder": null, "dog": null, "segregated": null, "mtb:scale:imba": null, "mtb:scale": null, "par": null, "source:hgv": null, "hgv": null, "attraction": null, "content": null, "footway": null, "crossing": null, "handrail": null, "bridge": null, "aerialway": null, "barrier": null, "tunnel": "yes", "condition": null, "man_made": null, "golf_cart": null, "golf": null, "bicycle": null, "intermittent": null, "waterway": "drain", "layer": "-1", "lanes": null, "ford": null, "natural": null, "attribution": null, "operator": null, "ref": null, "railway": null, "old_railway_operator": null, "alt_name": null, "tiger:CLASSFP": null, "wikidata": null, "tiger:STATEFP": null, "tiger:PLCIDFP": null, "tiger:PLACEFP": null, "tiger:PCINECTA": null, "tiger:PCICBSA": null, "tiger:NAMELSAD": null, "tiger:NAME": null, "tiger:MTFCC": null, "tiger:LSAD": null, "tiger:FUNCSTAT": null, "tiger:CPI": null, "is_in:state": null, "is_in:iso_3166_2": null, "gnis:feature_id": null, "border_type": null, "admin_level": null, "source:url": null, "boundary": null, "tiger:name_direction_suffix": null, "tiger:name_type_1": null, "tiger:name_base_1": null, "name_1": null, "lane_markings": null, "maxspeed": null, "tiger:name_direction_prefix": null, "smoothness": null, "ref:usfs": null, "wikipedia": null, "oneway": null, "motorcar": null, "motor_vehicle": null, "foot": null, "covered": null, "tiger:name_type": null, "tiger:name_base": null, "surface": null, "name": null, "service": null, "access": null, "tiger:reviewed": null, "tiger:county": null, "tiger:cfcc": null, "highway": null }, "geometry": { "type": "LineString", "coordinates": [ [ -104.854345, 38.7698218 ], [ -104.854007, 38.7698375 ] ] } },
{ "type": "Feature", "properties": { "full_id": "w548793150", "osm_id": "548793150", "osm_type": "way", "horse": null, "playground:theme": null, "playground": null, "colour": null, "backrest": null, "amenity": null, "power": null, "incline": null, "handrail:right": null, "handrail:left": null, "rockfall_barrier": null, "bridge:structure": null, "fence_type": null, "material": null, "ladder": null, "dog": null, "segregated": null, "mtb:scale:imba": null, "mtb:scale": null, "par": null, "source:hgv": null, "hgv": null, "attraction": null, "content": "water", "footway": null, "crossing": null, "handrail": null, "bridge": null, "aerialway": null, "barrier": null, "tunnel": null, "condition": null, "man_made": "storage_tank", "golf_cart": null, "golf": null, "bicycle": null, "intermittent": null, "waterway": null, "layer": null, "lanes": null, "ford": null, "natural": null, "attribution": null, "operator": null, "ref": null, "railway": null, "old_railway_operator": null, "alt_name": null, "tiger:CLASSFP": null, "wikidata": null, "tiger:STATEFP": null, "tiger:PLCIDFP": null, "tiger:PLACEFP": null, "tiger:PCINECTA": null, "tiger:PCICBSA": null, "tiger:NAMELSAD": null, "tiger:NAME": null, "tiger:MTFCC": null, "tiger:LSAD": null, "tiger:FUNCSTAT": null, "tiger:CPI": null, "is_in:state": null, "is_in:iso_3166_2": null, "gnis:feature_id": null, "border_type": null, "admin_level": null, "source:url": null, "boundary": null, "tiger:name_direction_suffix": null, "tiger:name_type_1": null, "tiger:name_base_1": null, "name_1": null, "lane_markings": null, "maxspeed": null, "tiger:name_direction_prefix": null, "smoothness": null, "ref:usfs": null, "wikipedia": null, "oneway": null, "motorcar": null, "motor_vehicle": null, "foot": null, "covered": null, "tiger:name_type": null, "tiger:name_base": null, "surface": null, "name": null, "service": null, "access": null, "tiger:reviewed": null, "tiger:county": null, "tiger:cfcc": null, "highway": null }, "geometry": { "type": "LineString", "coordinates": [ [ -104.8568126, 38.7703963 ], [ -104.8567967, 38.7704351 ], [ -104.856797, 38.7704759 ], [ -104.8568134, 38.7705147 ], [ -104.8568444, 38.7705475 ], [ -104.8568869, 38.7705713 ], [ -104.8569368, 38.7705837 ], [ -104.8569891, 38.7705835 ], [ -104.8570433, 38.7705687 ], [ -104.8570879, 38.7705405 ], [ -104.8571176, 38.7705022 ], [ -104.857129, 38.7704583 ], [ -104.8571206, 38.770414 ], [ -104.8570934, 38.7703745 ], [ -104.8570508, 38.7703445 ], [ -104.8569976, 38.7703276 ], [ -104.8569402, 38.7703257 ], [ -104.8568854, 38.770339 ], [ -104.8568432, 38.7703631 ], [ -104.8568126, 38.7703963 ] ] } },
{ "type": "Feature", "properties": { "full_id": "w548787494", "osm_id": "548787494", "osm_type": "way", "horse": null, "playground:theme": null, "playground": null, "colour": null, "backrest": null, "amenity": null, "power": null, "incline": null, "handrail:right": null, "handrail:left": null, "rockfall_barrier": null, "bridge:structure": null, "fence_type": null, "material": null, "ladder": null, "dog": null, "segregated": null, "mtb:scale:imba": null, "mtb:scale": null, "par": null, "source:hgv": null, "hgv": null, "attraction": null, "content": null, "footway": null, "crossing": null, "handrail": null, "bridge": null, "aerialway": null, "barrier": "wall", "tunnel": null, "condition": null, "man_made": null, "golf_cart": null, "golf": null, "bicycle": null, "intermittent": null, "waterway": null, "layer": null, "lanes": null, "ford": null, "natural": null, "attribution": null, "operator": null, "ref": null, "railway": null, "old_railway_operator": null, "alt_name": null, "tiger:CLASSFP": null, "wikidata": null, "tiger:STATEFP": null, "tiger:PLCIDFP": null, "tiger:PLACEFP": null, "tiger:PCINECTA": null, "tiger:PCICBSA": null, "tiger:NAMELSAD": null, "tiger:NAME": null, "tiger:MTFCC": null, "tiger:LSAD": null, "tiger:FUNCSTAT": null, "tiger:CPI": null, "is_in:state": null, "is_in:iso_3166_2": null, "gnis:feature_id": null, "border_type": null, "admin_level": null, "source:url": null, "boundary": null, "tiger:name_direction_suffix": null, "tiger:name_type_1": null, "tiger:name_base_1": null, "name_1": null, "lane_markings": null, "maxspeed": null, "tiger:name_direction_prefix": null, "smoothness": null, "ref:usfs": null, "wikipedia": null, "oneway": null, "motorcar": null, "motor_vehicle": null, "foot": null, "covered": null, "tiger:name_type": null, "tiger:name_base": null, "surface": null, "name": null, "service": null, "access": null, "tiger:reviewed": null, "tiger:county": null, "tiger:cfcc": null, "highway": null }, "geometry": { "type": "LineString", "coordinates": [ [ -104.8549239, 38.7719818 ], [ -104.8548876, 38.7719533 ], [ -104.8547674, 38.7719032 ], [ -104.8545889, 38.771863 ], [ -104.8545112, 38.7718326 ] ] } },
{ "type": "Feature", "properties": { "full_id": "w548747228", "osm_id": "548747228", "osm_type": "way", "horse": null, "playground:theme": null, "playground": null, "colour": null, "backrest": null, "amenity": null, "power": null, "incline": null, "handrail:right": null, "handrail:left": null, "rockfall_barrier": null, "bridge:structure": null, "fence_type": null, "material": null, "ladder": null, "dog": null, "segregated": null, "mtb:scale:imba": null, "mtb:scale": null, "par": null, "source:hgv": null, "hgv": null, "attraction": null, "content": null, "footway": null, "crossing": null, "handrail": null, "bridge": null, "aerialway": null, "barrier": "gate", "tunnel": null, "condition": null, "man_made": null, "golf_cart": null, "golf": null, "bicycle": null, "intermittent": null, "waterway": null, "layer": null, "lanes": null, "ford": null, "natural": null, "attribution": null, "operator": null, "ref": null, "railway": null, "old_railway_operator": null, "alt_name": null, "tiger:CLASSFP": null, "wikidata": null, "tiger:STATEFP": null, "tiger:PLCIDFP": null, "tiger:PLACEFP": null, "tiger:PCINECTA": null, "tiger:PCICBSA": null, "tiger:NAMELSAD": null, "tiger:NAME": null, "tiger:MTFCC": null, "tiger:LSAD": null, "tiger:FUNCSTAT": null, "tiger:CPI": null, "is_in:state": null, "is_in:iso_3166_2": null, "gnis:feature_id": null, "border_type": null, "admin_level": null, "source:url": null, "boundary": null, "tiger:name_direction_suffix": null, "tiger:name_type_1": null, "tiger:name_base_1": null, "name_1": null, "lane_markings": null, "maxspeed": null, "tiger:name_direction_prefix": null, "smoothness": null, "ref:usfs": null, "wikipedia": null, "oneway": null, "motorcar": null, "motor_vehicle": null, "foot": null, "covered": null, "tiger:name_type": null, "tiger:name_base": null, "surface": null, "name": null, "service": null, "access": "no", "tiger:reviewed": null, "tiger:county": null, "tiger:cfcc": null, "highway": null }, "geometry": { "type": "LineString", "coordinates": [ [ -104.8546301, 38.7715332 ], [ -104.8546046, 38.7715505 ] ] } },
{ "type": "Feature", "properties": { "full_id": "w548615227", "osm_id": "548615227", "osm_type": "way", "horse": null, "playground:theme": null, "playground": null, "colour": null, "backrest": null, "amenity": null, "power": null, "incline": null, "handrail:right": null, "handrail:left": null, "rockfall_barrier": null, "bridge:structure": null, "fence_type": null, "material": null, "ladder": null, "dog": null, "segregated": null, "mtb:scale:imba": null, "mtb:scale": null, "par": null, "source:hgv": null, "hgv": null, "attraction": null, "content": null, "footway": null, "crossing": null, "handrail": null, "bridge": null, "aerialway": null, "barrier": "gate", "tunnel": null, "condition": null, "man_made": null, "golf_cart": null, "golf": null, "bicycle": null, "intermittent": null, "waterway": null, "layer": null, "lanes": null, "ford": null, "natural": null, "attribution": null, "operator": null, "ref": null, "railway": null, "old_railway_operator": null, "alt_name": null, "tiger:CLASSFP": null, "wikidata": null, "tiger:STATEFP": null, "tiger:PLCIDFP": null, "tiger:PLACEFP": null, "tiger:PCINECTA": null, "tiger:PCICBSA": null, "tiger:NAMELSAD": null, "tiger:NAME": null, "tiger:MTFCC": null, "tiger:LSAD": null, "tiger:FUNCSTAT": null, "tiger:CPI": null, "is_in:state": null, "is_in:iso_3166_2": null, "gnis:feature_id": null, "border_type": null, "admin_level": null, "source:url": null, "boundary": null, "tiger:name_direction_suffix": null, "tiger:name_type_1": null, "tiger:name_base_1": null, "name_1": null, "lane_markings": null, "maxspeed": null, "tiger:name_direction_prefix": null, "smoothness": null, "ref:usfs": null, "wikipedia": null, "oneway": null, "motorcar": null, "motor_vehicle": null, "foot": null, "covered": null, "tiger:name_type": null, "tiger:name_base": null, "surface": null, "name": null, "service": null, "access": "no", "tiger:reviewed": null, "tiger:county": null, "tiger:cfcc": null, "highway": null }, "geometry": { "type": "LineString", "coordinates": [ [ -104.8523009, 38.7705287 ], [ -104.8523229, 38.7705183 ], [ -104.8523457, 38.7705091 ], [ -104.8523644, 38.7705008 ], [ -104.8523823, 38.7704927 ], [ -104.8524143, 38.7704789 ] ] } },
{ "type": "Feature", "properties": { "full_id": "w548613696", "osm_id": "548613696", "osm_type": "way", "horse": null, "playground:theme": null, "playground": null, "colour": null, "backrest": null, "amenity": null, "power": null, "incline": null, "handrail:right": null, "handrail:left": null, "rockfall_barrier": null, "bridge:structure": null, "fence_type": null, "material": null, "ladder": null, "dog": null, "segregated": null, "mtb:scale:imba": null, "mtb:scale": null, "par": null, "source:hgv": null, "hgv": null, "attraction": null, "content": null, "footway": null, "crossing": null, "handrail": null, "bridge": null, "aerialway": null, "barrier": null, "tunnel": "yes", "condition": null, "man_made": null, "golf_cart": null, "golf": null, "bicycle": null, "intermittent": null, "waterway": "drain", "layer": "-1", "lanes": null, "ford": null, "natural": null, "attribution": null, "operator": null, "ref": null, "railway": null, "old_railway_operator": null, "alt_name": null, "tiger:CLASSFP": null, "wikidata": null, "tiger:STATEFP": null, "tiger:PLCIDFP": null, "tiger:PLACEFP": null, "tiger:PCINECTA": null, "tiger:PCICBSA": null, "tiger:NAMELSAD": null, "tiger:NAME": null, "tiger:MTFCC": null, "tiger:LSAD": null, "tiger:FUNCSTAT": null, "tiger:CPI": null, "is_in:state": null, "is_in:iso_3166_2": null, "gnis:feature_id": null, "border_type": null, "admin_level": null, "source:url": null, "boundary": null, "tiger:name_direction_suffix": null, "tiger:name_type_1": null, "tiger:name_base_1": null, "name_1": null, "lane_markings": null, "maxspeed": null, "tiger:name_direction_prefix": null, "smoothness": null, "ref:usfs": null, "wikipedia": null, "oneway": null, "motorcar": null, "motor_vehicle": null, "foot": null, "covered": null, "tiger:name_type": null, "tiger:name_base": null, "surface": null, "name": null, "service": null, "access": null, "tiger:reviewed": null, "tiger:county": null, "tiger:cfcc": null, "highway": null }, "geometry": { "type": "LineString", "coordinates": [ [ -104.8524969, 38.7699348 ], [ -104.8508758, 38.7699734 ] ] } },
{ "type": "Feature", "properties": { "full_id": "w548613695", "osm_id": "548613695", "osm_type": "way", "horse": null, "playground:theme": null, "playground": null, "colour": null, "backrest": null, "amenity": null, "power": null, "incline": null, "handrail:right": null, "handrail:left": null, "rockfall_barrier": null, "bridge:structure": null, "fence_type": null, "material": null, "ladder": null, "dog": null, "segregated": null, "mtb:scale:imba": null, "mtb:scale": null, "par": null, "source:hgv": null, "hgv": null, "attraction": null, "content": null, "footway": null, "crossing": null, "handrail": null, "bridge": null, "aerialway": null, "barrier": null, "tunnel": null, "condition": "poor", "man_made": null, "golf_cart": null, "golf": null, "bicycle": null, "intermittent": null, "waterway": null, "layer": null, "lanes": null, "ford": null, "natural": null, "attribution": null, "operator": null, "ref": null, "railway": null, "old_railway_operator": null, "alt_name": null, "tiger:CLASSFP": null, "wikidata": null, "tiger:STATEFP": null, "tiger:PLCIDFP": null, "tiger:PLACEFP": null, "tiger:PCINECTA": null, "tiger:PCICBSA": null, "tiger:NAMELSAD": null, "tiger:NAME": null, "tiger:MTFCC": null, "tiger:LSAD": null, "tiger:FUNCSTAT": null, "tiger:CPI": null, "is_in:state": null, "is_in:iso_3166_2": null, "gnis:feature_id": null, "border_type": null, "admin_level": null, "source:url": null, "boundary": null, "tiger:name_direction_suffix": null, "tiger:name_type_1": null, "tiger:name_base_1": null, "name_1": null, "lane_markings": null, "maxspeed": null, "tiger:name_direction_prefix": null, "smoothness": null, "ref:usfs": null, "wikipedia": null, "oneway": null, "motorcar": null, "motor_vehicle": null, "foot": null, "covered": null, "tiger:name_type": null, "tiger:name_base": null, "surface": "asphalt", "name": null, "service": null, "access": "private", "tiger:reviewed": null, "tiger:county": null, "tiger:cfcc": null, "highway": "service" }, "geometry": { "type": "LineString", "coordinates": [ [ -104.8517723, 38.7690405 ], [ -104.8516509, 38.7689099 ], [ -104.85149, 38.7687583 ], [ -104.8513331, 38.7686328 ], [ -104.8511922, 38.7685627 ], [ -104.8508798, 38.7685063 ], [ -104.8504359, 38.7684603 ] ] } },
{ "type": "Feature", "properties": { "full_id": "w548613692", "osm_id": "548613692", "osm_type": "way", "horse": null, "playground:theme": null, "playground": null, "colour": null, "backrest": null, "amenity": null, "power": null, "incline": null, "handrail:right": null, "handrail:left": null, "rockfall_barrier": null, "bridge:structure": null, "fence_type": null, "material": null, "ladder": null, "dog": null, "segregated": null, "mtb:scale:imba": null, "mtb:scale": null, "par": null, "source:hgv": null, "hgv": null, "attraction": null, "content": null, "footway": null, "crossing": null, "handrail": null, "bridge": null, "aerialway": null, "barrier": null, "tunnel": null, "condition": null, "man_made": null, "golf_cart": null, "golf": null, "bicycle": null, "intermittent": null, "waterway": null, "layer": null, "lanes": null, "ford": null, "natural": null, "attribution": null, "operator": null, "ref": null, "railway": null, "old_railway_operator": null, "alt_name": null, "tiger:CLASSFP": null, "wikidata": null, "tiger:STATEFP": null, "tiger:PLCIDFP": null, "tiger:PLACEFP": null, "tiger:PCINECTA": null, "tiger:PCICBSA": null, "tiger:NAMELSAD": null, "tiger:NAME": null, "tiger:MTFCC": null, "tiger:LSAD": null, "tiger:FUNCSTAT": null, "tiger:CPI": null, "is_in:state": null, "is_in:iso_3166_2": null, "gnis:feature_id": null, "border_type": null, "admin_level": null, "source:url": null, "boundary": null, "tiger:name_direction_suffix": null, "tiger:name_type_1": null, "tiger:name_base_1": null, "name_1": null, "lane_markings": null, "maxspeed": null, "tiger:name_direction_prefix": null, "smoothness": null, "ref:usfs": null, "wikipedia": null, "oneway": "yes", "motorcar": null, "motor_vehicle": null, "foot": null, "covered": null, "tiger:name_type": null, "tiger:name_base": null, "surface": null, "name": null, "service": "parking_aisle", "access": null, "tiger:reviewed": null, "tiger:county": null, "tiger:cfcc": null, "highway": "service" }, "geometry": { "type": "LineString", "coordinates": [ [ -104.8526443, 38.7714999 ], [ -104.8523304, 38.7713882 ], [ -104.8521759, 38.7711741 ], [ -104.8520729, 38.7710469 ], [ -104.8519142, 38.7709658 ], [ -104.8517982, 38.7707926 ], [ -104.8517626, 38.7706387 ], [ -104.8517597, 38.7704982 ], [ -104.8518044, 38.770414 ], [ -104.8518699, 38.7703303 ], [ -104.8520136, 38.7701587 ] ] } },
{ "type": "Feature", "properties": { "full_id": "w548621554", "osm_id": "548621554", "osm_type": "way", "horse": null, "playground:theme": null, "playground": null, "colour": null, "backrest": null, "amenity": null, "power": null, "incline": null, "handrail:right": null, "handrail:left": null, "rockfall_barrier": null, "bridge:structure": null, "fence_type": null, "material": null, "ladder": null, "dog": null, "segregated": null, "mtb:scale:imba": null, "mtb:scale": null, "par": null, "source:hgv": null, "hgv": null, "attraction": null, "content": null, "footway": null, "crossing": null, "handrail": null, "bridge": null, "aerialway": null, "barrier": null, "tunnel": null, "condition": null, "man_made": null, "golf_cart": null, "golf": null, "bicycle": null, "intermittent": null, "waterway": null, "layer": null, "lanes": null, "ford": null, "natural": null, "attribution": null, "operator": null, "ref": null, "railway": null, "old_railway_operator": null, "alt_name": null, "tiger:CLASSFP": null, "wikidata": null, "tiger:STATEFP": null, "tiger:PLCIDFP": null, "tiger:PLACEFP": null, "tiger:PCINECTA": null, "tiger:PCICBSA": null, "tiger:NAMELSAD": null, "tiger:NAME": null, "tiger:MTFCC": null, "tiger:LSAD": null, "tiger:FUNCSTAT": null, "tiger:CPI": null, "is_in:state": null, "is_in:iso_3166_2": null, "gnis:feature_id": null, "border_type": null, "admin_level": null, "source:url": null, "boundary": null, "tiger:name_direction_suffix": null, "tiger:name_type_1": null, "tiger:name_base_1": null, "name_1": null, "lane_markings": null, "maxspeed": null, "tiger:name_direction_prefix": null, "smoothness": null, "ref:usfs": null, "wikipedia": null, "oneway": null, "motorcar": null, "motor_vehicle": null, "foot": null, "covered": null, "tiger:name_type": null, "tiger:name_base": null, "surface": null, "name": null, "service": null, "access": null, "tiger:reviewed": null, "tiger:county": null, "tiger:cfcc": null, "highway": "steps" }, "geometry": { "type": "LineString", "coordinates": [ [ -104.8525623, 38.7706548 ], [ -104.8525979, 38.7706238 ], [ -104.8526324, 38.7706093 ] ] } },
{ "type": "Feature", "properties": { "full_id": "w548615230", "osm_id": "548615230", "osm_type": "way", "horse": null, "playground:theme": null, "playground": null, "colour": null, "backrest": null, "amenity": null, "power": null, "incline": null, "handrail:right": null, "handrail:left": null, "rockfall_barrier": null, "bridge:structure": null, "fence_type": null, "material": null, "ladder": null, "dog": null, "segregated": null, "mtb:scale:imba": null, "mtb:scale": null, "par": null, "source:hgv": null, "hgv": null, "attraction": null, "content": null, "footway": null, "crossing": null, "handrail": null, "bridge": null, "aerialway": null, "barrier": null, "tunnel": null, "condition": null, "man_made": null, "golf_cart": null, "golf": null, "bicycle": null, "intermittent": null, "waterway": null, "layer": null, "lanes": null, "ford": null, "natural": null, "attribution": null, "operator": null, "ref": null, "railway": null, "old_railway_operator": null, "alt_name": null, "tiger:CLASSFP": null, "wikidata": null, "tiger:STATEFP": null, "tiger:PLCIDFP": null, "tiger:PLACEFP": null, "tiger:PCINECTA": null, "tiger:PCICBSA": null, "tiger:NAMELSAD": null, "tiger:NAME": null, "tiger:MTFCC": null, "tiger:LSAD": null, "tiger:FUNCSTAT": null, "tiger:CPI": null, "is_in:state": null, "is_in:iso_3166_2": null, "gnis:feature_id": null, "border_type": null, "admin_level": null, "source:url": null, "boundary": null, "tiger:name_direction_suffix": null, "tiger:name_type_1": null, "tiger:name_base_1": null, "name_1": null, "lane_markings": null, "maxspeed": null, "tiger:name_direction_prefix": null, "smoothness": null, "ref:usfs": null, "wikipedia": "en:Cheyenne Mountain Highway", "oneway": null, "motorcar": "permissive", "motor_vehicle": null, "foot": "yes", "covered": null, "tiger:name_type": null, "tiger:name_base": null, "surface": null, "name": "Zoo East Parking access", "service": "driveway", "access": null, "tiger:reviewed": null, "tiger:county": "El Paso, CO", "tiger:cfcc": "A41", "highway": "service" }, "geometry": { "type": "LineString", "coordinates": [ [ -104.852233, 38.7703287 ], [ -104.8521674, 38.7702449 ], [ -104.8520907, 38.7701849 ], [ -104.8520136, 38.7701587 ], [ -104.8519444, 38.7701352 ], [ -104.8517944, 38.7701096 ] ] } },
{ "type": "Feature", "properties": { "full_id": "w548615229", "osm_id": "548615229", "osm_type": "way", "horse": null, "playground:theme": null, "playground": null, "colour": null, "backrest": null, "amenity": null, "power": null, "incline": null, "handrail:right": null, "handrail:left": null, "rockfall_barrier": null, "bridge:structure": null, "fence_type": null, "material": null, "ladder": null, "dog": null, "segregated": null, "mtb:scale:imba": null, "mtb:scale": null, "par": null, "source:hgv": null, "hgv": null, "attraction": null, "content": null, "footway": null, "crossing": null, "handrail": null, "bridge": null, "aerialway": null, "barrier": null, "tunnel": null, "condition": null, "man_made": null, "golf_cart": null, "golf": null, "bicycle": null, "intermittent": null, "waterway": null, "layer": null, "lanes": null, "ford": null, "natural": null, "attribution": null, "operator": null, "ref": null, "railway": null, "old_railway_operator": null, "alt_name": null, "tiger:CLASSFP": null, "wikidata": null, "tiger:STATEFP": null, "tiger:PLCIDFP": null, "tiger:PLACEFP": null, "tiger:PCINECTA": null, "tiger:PCICBSA": null, "tiger:NAMELSAD": null, "tiger:NAME": null, "tiger:MTFCC": null, "tiger:LSAD": null, "tiger:FUNCSTAT": null, "tiger:CPI": null, "is_in:state": null, "is_in:iso_3166_2": null, "gnis:feature_id": null, "border_type": null, "admin_level": null, "source:url": null, "boundary": null, "tiger:name_direction_suffix": null, "tiger:name_type_1": null, "tiger:name_base_1": null, "name_1": null, "lane_markings": null, "maxspeed": null, "tiger:name_direction_prefix": null, "smoothness": null, "ref:usfs": null, "wikipedia": null, "oneway": "yes", "motorcar": null, "motor_vehicle": "no", "foot": "yes", "covered": null, "tiger:name_type": null, "tiger:name_base": null, "surface": null, "name": "Old Cheyenne Mountain Highway", "service": null, "access": "private", "tiger:reviewed": null, "tiger:county": null, "tiger:cfcc": null, "highway": "service" }, "geometry": { "type": "LineString", "coordinates": [ [ -104.8524462, 38.7706295 ], [ -104.8524598, 38.7706034 ], [ -104.8523823, 38.7704927 ], [ -104.8523325, 38.7704232 ], [ -104.8522823, 38.770405 ] ] } },
{ "type": "Feature", "properties": { "full_id": "w548615228", "osm_id": "548615228", "osm_type": "way", "horse": null, "playground:theme": null, "playground": null, "colour": null, "backrest": null, "amenity": null, "power": null, "incline": null, "handrail:right": null, "handrail:left": null, "rockfall_barrier": null, "bridge:structure": null, "fence_type": null, "material": null, "ladder": null, "dog": null, "segregated": null, "mtb:scale:imba": null, "mtb:scale": null, "par": null, "source:hgv": null, "hgv": null, "attraction": null, "content": null, "footway": null, "crossing": null, "handrail": null, "bridge": null, "aerialway": null, "barrier": null, "tunnel": null, "condition": null, "man_made": null, "golf_cart": null, "golf": null, "bicycle": null, "intermittent": null, "waterway": null, "layer": null, "lanes": null, "ford": null, "natural": null, "attribution": null, "operator": null, "ref": null, "railway": null, "old_railway_operator": null, "alt_name": null, "tiger:CLASSFP": null, "wikidata": null, "tiger:STATEFP": null, "tiger:PLCIDFP": null, "tiger:PLACEFP": null, "tiger:PCINECTA": null, "tiger:PCICBSA": null, "tiger:NAMELSAD": null, "tiger:NAME": null, "tiger:MTFCC": null, "tiger:LSAD": null, "tiger:FUNCSTAT": null, "tiger:CPI": null, "is_in:state": null, "is_in:iso_3166_2": null, "gnis:feature_id": null, "border_type": null, "admin_level": null, "source:url": null, "boundary": null, "tiger:name_direction_suffix": null, "tiger:name_type_1": null, "tiger:name_base_1": null, "name_1": null, "lane_markings": null, "maxspeed": null, "tiger:name_direction_prefix": null, "smoothness": null, "ref:usfs": null, "wikipedia": "en:Cheyenne Mountain Highway", "oneway": "yes", "motorcar": "permissive", "motor_vehicle": "no", "foot": "yes", "covered": null, "tiger:name_type": null, "tiger:name_base": null, "surface": null, "name": "Old Cheyenne Mountain Highway", "service": null, "access": "private", "tiger:reviewed": null, "tiger:county": "El Paso, CO", "tiger:cfcc": "A41", "highway": "service" }, "geometry": { "type": "LineString", "coordinates": [ [ -104.8522823, 38.770405 ], [ -104.8522763, 38.7704448 ], [ -104.8522902, 38.7704668 ], [ -104.8523229, 38.7705183 ], [ -104.8523963, 38.7706212 ], [ -104.8524462, 38.7706295 ] ] } },
{ "type": "Feature", "properties": { "full_id": "w548621565", "osm_id": "548621565", "osm_type": "way", "horse": null, "playground:theme": null, "playground": null, "colour": null, "backrest": null, "amenity": null, "power": null, "incline": null, "handrail:right": null, "handrail:left": null, "rockfall_barrier": null, "bridge:structure": null, "fence_type": null, "material": null, "ladder": null, "dog": null, "segregated": null, "mtb:scale:imba": null, "mtb:scale": null, "par": null, "source:hgv": null, "hgv": null, "attraction": null, "content": null, "footway": null, "crossing": null, "handrail": null, "bridge": null, "aerialway": null, "barrier": null, "tunnel": null, "condition": null, "man_made": null, "golf_cart": null, "golf": null, "bicycle": null, "intermittent": null, "waterway": null, "layer": null, "lanes": null, "ford": null, "natural": null, "attribution": null, "operator": null, "ref": null, "railway": null, "old_railway_operator": null, "alt_name": null, "tiger:CLASSFP": null, "wikidata": null, "tiger:STATEFP": null, "tiger:PLCIDFP": null, "tiger:PLACEFP": null, "tiger:PCINECTA": null, "tiger:PCICBSA": null, "tiger:NAMELSAD": null, "tiger:NAME": null, "tiger:MTFCC": null, "tiger:LSAD": null, "tiger:FUNCSTAT": null, "tiger:CPI": null, "is_in:state": null, "is_in:iso_3166_2": null, "gnis:feature_id": null, "border_type": null, "admin_level": null, "source:url": null, "boundary": null, "tiger:name_direction_suffix": null, "tiger:name_type_1": null, "tiger:name_base_1": null, "name_1": null, "lane_markings": null, "maxspeed": null, "tiger:name_direction_prefix": null, "smoothness": null, "ref:usfs": null, "wikipedia": null, "oneway": null, "motorcar": null, "motor_vehicle": null, "foot": null, "covered": null, "tiger:name_type": null, "tiger:name_base": null, "surface": "asphalt", "name": "Path to Mountaineer Sky Ride", "service": null, "access": null, "tiger:reviewed": null, "tiger:county": null, "tiger:cfcc": null, "highway": "footway" }, "geometry": { "type": "LineString", "coordinates": [ [ -104.8523939, 38.7701941 ], [ -104.8524289, 38.7702328 ], [ -104.8524448, 38.7702507 ], [ -104.8524504, 38.7702714 ], [ -104.8524495, 38.7703038 ], [ -104.8524575, 38.7703749 ], [ -104.8524884, 38.7704322 ], [ -104.8525282, 38.7704735 ], [ -104.8525831, 38.7704929 ], [ -104.852676, 38.7705205 ], [ -104.8527601, 38.7705674 ], [ -104.852814, 38.770606 ] ] } },
{ "type": "Feature", "properties": { "full_id": "w548621560", "osm_id": "548621560", "osm_type": "way", "horse": null, "playground:theme": null, "playground": null, "colour": null, "backrest": null, "amenity": null, "power": null, "incline": null, "handrail:right": null, "handrail:left": null, "rockfall_barrier": null, "bridge:structure": null, "fence_type": null, "material": null, "ladder": null, "dog": null, "segregated": null, "mtb:scale:imba": null, "mtb:scale": null, "par": null, "source:hgv": null, "hgv": null, "attraction": null, "content": null, "footway": null, "crossing": null, "handrail": null, "bridge": null, "aerialway": "chair_lift", "barrier": null, "tunnel": null, "condition": null, "man_made": null, "golf_cart": null, "golf": null, "bicycle": null, "intermittent": null, "waterway": null, "layer": null, "lanes": null, "ford": null, "natural": null, "attribution": null, "operator": null, "ref": null, "railway": null, "old_railway_operator": null, "alt_name": null, "tiger:CLASSFP": null, "wikidata": null, "tiger:STATEFP": null, "tiger:PLCIDFP": null, "tiger:PLACEFP": null, "tiger:PCINECTA": null, "tiger:PCICBSA": null, "tiger:NAMELSAD": null, "tiger:NAME": null, "tiger:MTFCC": null, "tiger:LSAD": null, "tiger:FUNCSTAT": null, "tiger:CPI": null, "is_in:state": null, "is_in:iso_3166_2": null, "gnis:feature_id": null, "border_type": null, "admin_level": null, "source:url": null, "boundary": null, "tiger:name_direction_suffix": null, "tiger:name_type_1": null, "tiger:name_base_1": null, "name_1": null, "lane_markings": null, "maxspeed": null, "tiger:name_direction_prefix": null, "smoothness": null, "ref:usfs": null, "wikipedia": null, "oneway": null, "motorcar": null, "motor_vehicle": null, "foot": null, "covered": null, "tiger:name_type": null, "tiger:name_base": null, "surface": null, "name": "Mountaineer Sky Ride", "service": null, "access": null, "tiger:reviewed": null, "tiger:county": null, "tiger:cfcc": null, "highway": null }, "geometry": { "type": "LineString", "coordinates": [ [ -104.8528745, 38.7709301 ], [ -104.853175, 38.7708559 ], [ -104.853572, 38.7707602 ], [ -104.8543757, 38.7705595 ], [ -104.8551627, 38.7703675 ], [ -104.8557546, 38.770228 ], [ -104.8559552, 38.7701835 ] ] } },
{ "type": "Feature", "properties": { "full_id": "w548621557", "osm_id": "548621557", "osm_type": "way", "horse": null, "playground:theme": null, "playground": null, "colour": null, "backrest": null, "amenity": null, "power": null, "incline": null, "handrail:right": null, "handrail:left": null, "rockfall_barrier": null, "bridge:structure": null, "fence_type": null, "material": null, "ladder": null, "dog": null, "segregated": null, "mtb:scale:imba": null, "mtb:scale": null, "par": null, "source:hgv": null, "hgv": null, "attraction": null, "content": null, "footway": null, "crossing": null, "handrail": null, "bridge": null, "aerialway": null, "barrier": "fence", "tunnel": null, "condition": null, "man_made": null, "golf_cart": null, "golf": null, "bicycle": null, "intermittent": null, "waterway": null, "layer": null, "lanes": null, "ford": null, "natural": null, "attribution": null, "operator": null, "ref": null, "railway": null, "old_railway_operator": null, "alt_name": null, "tiger:CLASSFP": null, "wikidata": null, "tiger:STATEFP": null, "tiger:PLCIDFP": null, "tiger:PLACEFP": null, "tiger:PCINECTA": null, "tiger:PCICBSA": null, "tiger:NAMELSAD": null, "tiger:NAME": null, "tiger:MTFCC": null, "tiger:LSAD": null, "tiger:FUNCSTAT": null, "tiger:CPI": null, "is_in:state": null, "is_in:iso_3166_2": null, "gnis:feature_id": null, "border_type": null, "admin_level": null, "source:url": null, "boundary": null, "tiger:name_direction_suffix": null, "tiger:name_type_1": null, "tiger:name_base_1": null, "name_1": null, "lane_markings": null, "maxspeed": null, "tiger:name_direction_prefix": null, "smoothness": null, "ref:usfs": null, "wikipedia": null, "oneway": null, "motorcar": null, "motor_vehicle": null, "foot": null, "covered": null, "tiger:name_type": null, "tiger:name_base": null, "surface": null, "name": null, "service": null, "access": null, "tiger:reviewed": null, "tiger:county": null, "tiger:cfcc": null, "highway": null }, "geometry": { "type": "LineString", "coordinates": [ [ -104.8530251, 38.7708505 ], [ -104.8529815, 38.7708632 ], [ -104.8529298, 38.7708763 ] ] } },
{ "type": "Feature", "properties": { "full_id": "w548621556", "osm_id": "548621556", "osm_type": "way", "horse": null, "playground:theme": null, "playground": null, "colour": null, "backrest": null, "amenity": null, "power": null, "incline": null, "handrail:right": null, "handrail:left": null, "rockfall_barrier": null, "bridge:structure": null, "fence_type": null, "material": null, "ladder": null, "dog": null, "segregated": null, "mtb:scale:imba": null, "mtb:scale": null, "par": null, "source:hgv": null, "hgv": null, "attraction": null, "content": null, "footway": null, "crossing": null, "handrail": null, "bridge": null, "aerialway": null, "barrier": "fence", "tunnel": null, "condition": null, "man_made": null, "golf_cart": null, "golf": null, "bicycle": null, "intermittent": null, "waterway": null, "layer": null, "lanes": null, "ford": null, "natural": null, "attribution": null, "operator": null, "ref": null, "railway": null, "old_railway_operator": null, "alt_name": null, "tiger:CLASSFP": null, "wikidata": null, "tiger:STATEFP": null, "tiger:PLCIDFP": null, "tiger:PLACEFP": null, "tiger:PCINECTA": null, "tiger:PCICBSA": null, "tiger:NAMELSAD": null, "tiger:NAME": null, "tiger:MTFCC": null, "tiger:LSAD": null, "tiger:FUNCSTAT": null, "tiger:CPI": null, "is_in:state": null, "is_in:iso_3166_2": null, "gnis:feature_id": null, "border_type": null, "admin_level": null, "source:url": null, "boundary": null, "tiger:name_direction_suffix": null, "tiger:name_type_1": null, "tiger:name_base_1": null, "name_1": null, "lane_markings": null, "maxspeed": null, "tiger:name_direction_prefix": null, "smoothness": null, "ref:usfs": null, "wikipedia": null, "oneway": null, "motorcar": null, "motor_vehicle": null, "foot": null, "covered": null, "tiger:name_type": null, "tiger:name_base": null, "surface": null, "name": null, "service": null, "access": null, "tiger:reviewed": null, "tiger:county": null, "tiger:cfcc": null, "highway": null }, "geometry": { "type": "LineString", "coordinates": [ [ -104.852809, 38.7709583 ], [ -104.8527948, 38.7709349 ], [ -104.8527948, 38.7709038 ], [ -104.8528037, 38.7708687 ], [ -104.8528169, 38.7708597 ], [ -104.8528409, 38.7708564 ], [ -104.8529421, 38.7708487 ] ] } },
{ "type": "Feature", "properties": { "full_id": "w548641422", "osm_id": "548641422", "osm_type": "way", "horse": null, "playground:theme": null, "playground": null, "colour": null, "backrest": null, "amenity": null, "power": null, "incline": null, "handrail:right": null, "handrail:left": null, "rockfall_barrier": null, "bridge:structure": null, "fence_type": null, "material": null, "ladder": null, "dog": null, "segregated": null, "mtb:scale:imba": null, "mtb:scale": null, "par": null, "source:hgv": null, "hgv": null, "attraction": null, "content": null, "footway": null, "crossing": null, "handrail": null, "bridge": "yes", "aerialway": null, "barrier": null, "tunnel": null, "condition": null, "man_made": null, "golf_cart": null, "golf": null, "bicycle": null, "intermittent": null, "waterway": null, "layer": "1", "lanes": null, "ford": null, "natural": null, "attribution": null, "operator": null, "ref": null, "railway": null, "old_railway_operator": null, "alt_name": null, "tiger:CLASSFP": null, "wikidata": null, "tiger:STATEFP": null, "tiger:PLCIDFP": null, "tiger:PLACEFP": null, "tiger:PCINECTA": null, "tiger:PCICBSA": null, "tiger:NAMELSAD": null, "tiger:NAME": null, "tiger:MTFCC": null, "tiger:LSAD": null, "tiger:FUNCSTAT": null, "tiger:CPI": null, "is_in:state": null, "is_in:iso_3166_2": null, "gnis:feature_id": null, "border_type": null, "admin_level": null, "source:url": null, "boundary": null, "tiger:name_direction_suffix": null, "tiger:name_type_1": null, "tiger:name_base_1": null, "name_1": null, "lane_markings": null, "maxspeed": null, "tiger:name_direction_prefix": null, "smoothness": null, "ref:usfs": null, "wikipedia": null, "oneway": null, "motorcar": null, "motor_vehicle": null, "foot": null, "covered": null, "tiger:name_type": null, "tiger:name_base": null, "surface": "wood", "name": null, "service": null, "access": null, "tiger:reviewed": null, "tiger:county": null, "tiger:cfcc": null, "highway": "footway" }, "geometry": { "type": "LineString", "coordinates": [ [ -104.853921, 38.77164 ], [ -104.853984, 38.7715747 ] ] } },
{ "type": "Feature", "properties": { "full_id": "w548641418", "osm_id": "548641418", "osm_type": "way", "horse": null, "playground:theme": null, "playground": null, "colour": null, "backrest": null, "amenity": null, "power": null, "incline": null, "handrail:right": null, "handrail:left": null, "rockfall_barrier": null, "bridge:structure": null, "fence_type": null, "material": null, "ladder": null, "dog": null, "segregated": null, "mtb:scale:imba": null, "mtb:scale": null, "par": null, "source:hgv": null, "hgv": null, "attraction": null, "content": null, "footway": null, "crossing": null, "handrail": null, "bridge": null, "aerialway": null, "barrier": "fence", "tunnel": null, "condition": null, "man_made": null, "golf_cart": null, "golf": null, "bicycle": null, "intermittent": null, "waterway": null, "layer": null, "lanes": null, "ford": null, "natural": null, "attribution": null, "operator": null, "ref": null, "railway": null, "old_railway_operator": null, "alt_name": null, "tiger:CLASSFP": null, "wikidata": null, "tiger:STATEFP": null, "tiger:PLCIDFP": null, "tiger:PLACEFP": null, "tiger:PCINECTA": null, "tiger:PCICBSA": null, "tiger:NAMELSAD": null, "tiger:NAME": null, "tiger:MTFCC": null, "tiger:LSAD": null, "tiger:FUNCSTAT": null, "tiger:CPI": null, "is_in:state": null, "is_in:iso_3166_2": null, "gnis:feature_id": null, "border_type": null, "admin_level": null, "source:url": null, "boundary": null, "tiger:name_direction_suffix": null, "tiger:name_type_1": null, "tiger:name_base_1": null, "name_1": null, "lane_markings": null, "maxspeed": null, "tiger:name_direction_prefix": null, "smoothness": null, "ref:usfs": null, "wikipedia": null, "oneway": null, "motorcar": null, "motor_vehicle": null, "foot": null, "covered": null, "tiger:name_type": null, "tiger:name_base": null, "surface": null, "name": null, "service": null, "access": null, "tiger:reviewed": null, "tiger:county": null, "tiger:cfcc": null, "highway": null }, "geometry": { "type": "LineString", "coordinates": [ [ -104.8538095, 38.7716952 ], [ -104.8538404, 38.7717158 ], [ -104.8538536, 38.7717627 ], [ -104.8538841, 38.7717959 ] ] } },
{ "type": "Feature", "properties": { "full_id": "w548623793", "osm_id": "548623793", "osm_type": "way", "horse": null, "playground:theme": null, "playground": null, "colour": null, "backrest": null, "amenity": null, "power": null, "incline": null, "handrail:right": null, "handrail:left": null, "rockfall_barrier": null, "bridge:structure": null, "fence_type": null, "material": null, "ladder": null, "dog": null, "segregated": null, "mtb:scale:imba": null, "mtb:scale": null, "par": null, "source:hgv": null, "hgv": null, "attraction": null, "content": null, "footway": null, "crossing": null, "handrail": null, "bridge": null, "aerialway": null, "barrier": null, "tunnel": "yes", "condition": null, "man_made": null, "golf_cart": null, "golf": null, "bicycle": null, "intermittent": null, "waterway": "drain", "layer": "-1", "lanes": null, "ford": null, "natural": null, "attribution": null, "operator": null, "ref": null, "railway": null, "old_railway_operator": null, "alt_name": null, "tiger:CLASSFP": null, "wikidata": null, "tiger:STATEFP": null, "tiger:PLCIDFP": null, "tiger:PLACEFP": null, "tiger:PCINECTA": null, "tiger:PCICBSA": null, "tiger:NAMELSAD": null, "tiger:NAME": null, "tiger:MTFCC": null, "tiger:LSAD": null, "tiger:FUNCSTAT": null, "tiger:CPI": null, "is_in:state": null, "is_in:iso_3166_2": null, "gnis:feature_id": null, "border_type": null, "admin_level": null, "source:url": null, "boundary": null, "tiger:name_direction_suffix": null, "tiger:name_type_1": null, "tiger:name_base_1": null, "name_1": null, "lane_markings": null, "maxspeed": null, "tiger:name_direction_prefix": null, "smoothness": null, "ref:usfs": null, "wikipedia": null, "oneway": null, "motorcar": null, "motor_vehicle": null, "foot": null, "covered": null, "tiger:name_type": null, "tiger:name_base": null, "surface": null, "name": null, "service": null, "access": null, "tiger:reviewed": null, "tiger:county": null, "tiger:cfcc": null, "highway": null }, "geometry": { "type": "LineString", "coordinates": [ [ -104.8532066, 38.7699014 ], [ -104.853128, 38.7699202 ], [ -104.8529283, 38.7699314 ], [ -104.8527762, 38.7699399 ] ] } },
{ "type": "Feature", "properties": { "full_id": "w548623792", "osm_id": "548623792", "osm_type": "way", "horse": null, "playground:theme": null, "playground": null, "colour": null, "backrest": null, "amenity": null, "power": null, "incline": null, "handrail:right": null, "handrail:left": null, "rockfall_barrier": null, "bridge:structure": null, "fence_type": null, "material": null, "ladder": null, "dog": null, "segregated": null, "mtb:scale:imba": null, "mtb:scale": null, "par": null, "source:hgv": null, "hgv": null, "attraction": null, "content": null, "footway": null, "crossing": null, "handrail": null, "bridge": null, "aerialway": null, "barrier": null, "tunnel": null, "condition": null, "man_made": null, "golf_cart": null, "golf": null, "bicycle": null, "intermittent": null, "waterway": "drain", "layer": null, "lanes": null, "ford": null, "natural": null, "attribution": null, "operator": null, "ref": null, "railway": null, "old_railway_operator": null, "alt_name": null, "tiger:CLASSFP": null, "wikidata": null, "tiger:STATEFP": null, "tiger:PLCIDFP": null, "tiger:PLACEFP": null, "tiger:PCINECTA": null, "tiger:PCICBSA": null, "tiger:NAMELSAD": null, "tiger:NAME": null, "tiger:MTFCC": null, "tiger:LSAD": null, "tiger:FUNCSTAT": null, "tiger:CPI": null, "is_in:state": null, "is_in:iso_3166_2": null, "gnis:feature_id": null, "border_type": null, "admin_level": null, "source:url": null, "boundary": null, "tiger:name_direction_suffix": null, "tiger:name_type_1": null, "tiger:name_base_1": null, "name_1": null, "lane_markings": null, "maxspeed": null, "tiger:name_direction_prefix": null, "smoothness": null, "ref:usfs": null, "wikipedia": null, "oneway": null, "motorcar": null, "motor_vehicle": null, "foot": null, "covered": null, "tiger:name_type": null, "tiger:name_base": null, "surface": null, "name": null, "service": null, "access": null, "tiger:reviewed": null, "tiger:county": null, "tiger:cfcc": null, "highway": null }, "geometry": { "type": "LineString", "coordinates": [ [ -104.8527762, 38.7699399 ], [ -104.8526657, 38.7699438 ], [ -104.8524969, 38.7699348 ] ] } },
{ "type": "Feature", "properties": { "full_id": "w1344663071", "osm_id": "1344663071", "osm_type": "way", "horse": null, "playground:theme": null, "playground": null, "colour": null, "backrest": null, "amenity": null, "power": null, "incline": null, "handrail:right": null, "handrail:left": null, "rockfall_barrier": null, "bridge:structure": null, "fence_type": null, "material": null, "ladder": null, "dog": null, "segregated": null, "mtb:scale:imba": null, "mtb:scale": null, "par": null, "source:hgv": null, "hgv": null, "attraction": null, "content": null, "footway": null, "crossing": null, "handrail": null, "bridge": null, "aerialway": null, "barrier": null, "tunnel": null, "condition": null, "man_made": null, "golf_cart": null, "golf": null, "bicycle": null, "intermittent": null, "waterway": null, "layer": null, "lanes": null, "ford": null, "natural": null, "attribution": null, "operator": null, "ref": null, "railway": null, "old_railway_operator": null, "alt_name": null, "tiger:CLASSFP": null, "wikidata": null, "tiger:STATEFP": null, "tiger:PLCIDFP": null, "tiger:PLACEFP": null, "tiger:PCINECTA": null, "tiger:PCICBSA": null, "tiger:NAMELSAD": null, "tiger:NAME": null, "tiger:MTFCC": null, "tiger:LSAD": null, "tiger:FUNCSTAT": null, "tiger:CPI": null, "is_in:state": null, "is_in:iso_3166_2": null, "gnis:feature_id": null, "border_type": null, "admin_level": null, "source:url": null, "boundary": null, "tiger:name_direction_suffix": null, "tiger:name_type_1": null, "tiger:name_base_1": null, "name_1": null, "lane_markings": null, "maxspeed": null, "tiger:name_direction_prefix": null, "smoothness": null, "ref:usfs": null, "wikipedia": null, "oneway": null, "motorcar": null, "motor_vehicle": null, "foot": null, "covered": "no", "tiger:name_type": null, "tiger:name_base": null, "surface": "asphalt", "name": "Cheyenne Mountain Highway", "service": null, "access": "private", "tiger:reviewed": null, "tiger:county": null, "tiger:cfcc": null, "highway": "service" }, "geometry": { "type": "LineString", "coordinates": [ [ -104.8536224, 38.7709101 ], [ -104.8535692, 38.7708758 ], [ -104.8535125, 38.7708198 ], [ -104.853303, 38.7705959 ], [ -104.8532278, 38.7705149 ], [ -104.8530741, 38.7703067 ], [ -104.8530318, 38.7702646 ], [ -104.8529827, 38.7702439 ], [ -104.8529371, 38.7702366 ] ] } },
{ "type": "Feature", "properties": { "full_id": "w1344663070", "osm_id": "1344663070", "osm_type": "way", "horse": null, "playground:theme": null, "playground": null, "colour": null, "backrest": null, "amenity": null, "power": null, "incline": null, "handrail:right": null, "handrail:left": null, "rockfall_barrier": null, "bridge:structure": null, "fence_type": null, "material": null, "ladder": null, "dog": null, "segregated": null, "mtb:scale:imba": null, "mtb:scale": null, "par": null, "source:hgv": null, "hgv": null, "attraction": null, "content": null, "footway": null, "crossing": null, "handrail": null, "bridge": null, "aerialway": null, "barrier": null, "tunnel": null, "condition": null, "man_made": null, "golf_cart": null, "golf": null, "bicycle": null, "intermittent": null, "waterway": null, "layer": null, "lanes": null, "ford": null, "natural": null, "attribution": null, "operator": null, "ref": null, "railway": null, "old_railway_operator": null, "alt_name": null, "tiger:CLASSFP": null, "wikidata": null, "tiger:STATEFP": null, "tiger:PLCIDFP": null, "tiger:PLACEFP": null, "tiger:PCINECTA": null, "tiger:PCICBSA": null, "tiger:NAMELSAD": null, "tiger:NAME": null, "tiger:MTFCC": null, "tiger:LSAD": null, "tiger:FUNCSTAT": null, "tiger:CPI": null, "is_in:state": null, "is_in:iso_3166_2": null, "gnis:feature_id": null, "border_type": null, "admin_level": null, "source:url": null, "boundary": null, "tiger:name_direction_suffix": null, "tiger:name_type_1": null, "tiger:name_base_1": null, "name_1": null, "lane_markings": null, "maxspeed": null, "tiger:name_direction_prefix": null, "smoothness": null, "ref:usfs": null, "wikipedia": null, "oneway": null, "motorcar": null, "motor_vehicle": "no", "foot": null, "covered": "no", "tiger:name_type": null, "tiger:name_base": null, "surface": "asphalt", "name": null, "service": null, "access": "private", "tiger:reviewed": null, "tiger:county": null, "tiger:cfcc": null, "highway": "service" }, "geometry": { "type": "LineString", "coordinates": [ [ -104.8529371, 38.7702366 ], [ -104.8528744, 38.77025 ], [ -104.8528586, 38.7702778 ], [ -104.8528748, 38.770318 ], [ -104.8529365, 38.7704517 ], [ -104.8530762, 38.770781 ], [ -104.8531336, 38.7709763 ], [ -104.8531253, 38.7710314 ] ] } },
{ "type": "Feature", "properties": { "full_id": "w1344663069", "osm_id": "1344663069", "osm_type": "way", "horse": null, "playground:theme": null, "playground": null, "colour": null, "backrest": null, "amenity": null, "power": null, "incline": null, "handrail:right": null, "handrail:left": null, "rockfall_barrier": null, "bridge:structure": null, "fence_type": null, "material": null, "ladder": null, "dog": null, "segregated": null, "mtb:scale:imba": null, "mtb:scale": null, "par": null, "source:hgv": null, "hgv": null, "attraction": null, "content": null, "footway": null, "crossing": null, "handrail": null, "bridge": null, "aerialway": null, "barrier": null, "tunnel": null, "condition": null, "man_made": null, "golf_cart": null, "golf": null, "bicycle": null, "intermittent": null, "waterway": null, "layer": null, "lanes": null, "ford": null, "natural": null, "attribution": null, "operator": null, "ref": null, "railway": null, "old_railway_operator": null, "alt_name": null, "tiger:CLASSFP": null, "wikidata": null, "tiger:STATEFP": null, "tiger:PLCIDFP": null, "tiger:PLACEFP": null, "tiger:PCINECTA": null, "tiger:PCICBSA": null, "tiger:NAMELSAD": null, "tiger:NAME": null, "tiger:MTFCC": null, "tiger:LSAD": null, "tiger:FUNCSTAT": null, "tiger:CPI": null, "is_in:state": null, "is_in:iso_3166_2": null, "gnis:feature_id": null, "border_type": null, "admin_level": null, "source:url": null, "boundary": null, "tiger:name_direction_suffix": null, "tiger:name_type_1": null, "tiger:name_base_1": null, "name_1": null, "lane_markings": null, "maxspeed": null, "tiger:name_direction_prefix": null, "smoothness": null, "ref:usfs": null, "wikipedia": null, "oneway": null, "motorcar": null, "motor_vehicle": null, "foot": null, "covered": null, "tiger:name_type": null, "tiger:name_base": null, "surface": null, "name": "Cheyenne Mountain Highway", "service": null, "access": "private", "tiger:reviewed": null, "tiger:county": null, "tiger:cfcc": null, "highway": "service" }, "geometry": { "type": "LineString", "coordinates": [ [ -104.8536224, 38.7709101 ], [ -104.8536472, 38.7709352 ], [ -104.8536927, 38.7709802 ], [ -104.8539666, 38.7712584 ], [ -104.8542737, 38.7716649 ] ] } },
{ "type": "Feature", "properties": { "full_id": "w1344663075", "osm_id": "1344663075", "osm_type": "way", "horse": null, "playground:theme": null, "playground": null, "colour": null, "backrest": null, "amenity": null, "power": null, "incline": null, "handrail:right": null, "handrail:left": null, "rockfall_barrier": null, "bridge:structure": null, "fence_type": null, "material": null, "ladder": null, "dog": null, "segregated": null, "mtb:scale:imba": null, "mtb:scale": null, "par": null, "source:hgv": null, "hgv": null, "attraction": null, "content": null, "footway": null, "crossing": null, "handrail": null, "bridge": null, "aerialway": null, "barrier": null, "tunnel": null, "condition": null, "man_made": null, "golf_cart": null, "golf": null, "bicycle": null, "intermittent": null, "waterway": null, "layer": null, "lanes": null, "ford": null, "natural": null, "attribution": null, "operator": null, "ref": null, "railway": null, "old_railway_operator": null, "alt_name": null, "tiger:CLASSFP": null, "wikidata": null, "tiger:STATEFP": null, "tiger:PLCIDFP": null, "tiger:PLACEFP": null, "tiger:PCINECTA": null, "tiger:PCICBSA": null, "tiger:NAMELSAD": null, "tiger:NAME": null, "tiger:MTFCC": null, "tiger:LSAD": null, "tiger:FUNCSTAT": null, "tiger:CPI": null, "is_in:state": null, "is_in:iso_3166_2": null, "gnis:feature_id": null, "border_type": null, "admin_level": null, "source:url": null, "boundary": null, "tiger:name_direction_suffix": null, "tiger:name_type_1": null, "tiger:name_base_1": null, "name_1": null, "lane_markings": null, "maxspeed": null, "tiger:name_direction_prefix": null, "smoothness": null, "ref:usfs": null, "wikipedia": null, "oneway": null, "motorcar": null, "motor_vehicle": null, "foot": null, "covered": null, "tiger:name_type": null, "tiger:name_base": null, "surface": "asphalt", "name": "Zoo Highway Access", "service": null, "access": null, "tiger:reviewed": null, "tiger:county": null, "tiger:cfcc": null, "highway": "service" }, "geometry": { "type": "LineString", "coordinates": [ [ -104.8517766, 38.769856 ], [ -104.8517071, 38.7697102 ], [ -104.8515316, 38.7693889 ] ] } },
{ "type": "Feature", "properties": { "full_id": "w1344663074", "osm_id": "1344663074", "osm_type": "way", "horse": null, "playground:theme": null, "playground": null, "colour": null, "backrest": null, "amenity": null, "power": null, "incline": null, "handrail:right": null, "handrail:left": null, "rockfall_barrier": null, "bridge:structure": null, "fence_type": null, "material": null, "ladder": null, "dog": null, "segregated": null, "mtb:scale:imba": null, "mtb:scale": null, "par": null, "source:hgv": null, "hgv": null, "attraction": null, "content": null, "footway": null, "crossing": null, "handrail": null, "bridge": null, "aerialway": null, "barrier": null, "tunnel": null, "condition": null, "man_made": null, "golf_cart": null, "golf": null, "bicycle": null, "intermittent": null, "waterway": null, "layer": null, "lanes": null, "ford": null, "natural": null, "attribution": null, "operator": null, "ref": null, "railway": null, "old_railway_operator": null, "alt_name": null, "tiger:CLASSFP": null, "wikidata": null, "tiger:STATEFP": null, "tiger:PLCIDFP": null, "tiger:PLACEFP": null, "tiger:PCINECTA": null, "tiger:PCICBSA": null, "tiger:NAMELSAD": null, "tiger:NAME": null, "tiger:MTFCC": null, "tiger:LSAD": null, "tiger:FUNCSTAT": null, "tiger:CPI": null, "is_in:state": null, "is_in:iso_3166_2": null, "gnis:feature_id": null, "border_type": null, "admin_level": null, "source:url": null, "boundary": null, "tiger:name_direction_suffix": null, "tiger:name_type_1": null, "tiger:name_base_1": null, "name_1": null, "lane_markings": null, "maxspeed": null, "tiger:name_direction_prefix": null, "smoothness": null, "ref:usfs": null, "wikipedia": "en:Cheyenne Mountain Highway", "oneway": null, "motorcar": "permissive", "motor_vehicle": null, "foot": null, "covered": null, "tiger:name_type": null, "tiger:name_base": null, "surface": null, "name": "Zoo Highway Access", "service": null, "access": null, "tiger:reviewed": null, "tiger:county": "El Paso, CO", "tiger:cfcc": "A41", "highway": "service" }, "geometry": { "type": "LineString", "coordinates": [ [ -104.8515316, 38.7693889 ], [ -104.8516581, 38.7692171 ], [ -104.8516987, 38.769162 ], [ -104.8517426, 38.7690913 ], [ -104.8517538, 38.7690722 ], [ -104.8517723, 38.7690405 ] ] } },
{ "type": "Feature", "properties": { "full_id": "w1344663073", "osm_id": "1344663073", "osm_type": "way", "horse": null, "playground:theme": null, "playground": null, "colour": null, "backrest": null, "amenity": null, "power": null, "incline": null, "handrail:right": null, "handrail:left": null, "rockfall_barrier": null, "bridge:structure": null, "fence_type": null, "material": null, "ladder": null, "dog": null, "segregated": null, "mtb:scale:imba": null, "mtb:scale": null, "par": null, "source:hgv": null, "hgv": null, "attraction": null, "content": null, "footway": null, "crossing": null, "handrail": null, "bridge": null, "aerialway": null, "barrier": null, "tunnel": null, "condition": null, "man_made": null, "golf_cart": null, "golf": null, "bicycle": null, "intermittent": null, "waterway": null, "layer": null, "lanes": null, "ford": null, "natural": null, "attribution": null, "operator": null, "ref": null, "railway": null, "old_railway_operator": null, "alt_name": null, "tiger:CLASSFP": null, "wikidata": null, "tiger:STATEFP": null, "tiger:PLCIDFP": null, "tiger:PLACEFP": null, "tiger:PCINECTA": null, "tiger:PCICBSA": null, "tiger:NAMELSAD": null, "tiger:NAME": null, "tiger:MTFCC": null, "tiger:LSAD": null, "tiger:FUNCSTAT": null, "tiger:CPI": null, "is_in:state": null, "is_in:iso_3166_2": null, "gnis:feature_id": null, "border_type": null, "admin_level": null, "source:url": null, "boundary": null, "tiger:name_direction_suffix": null, "tiger:name_type_1": null, "tiger:name_base_1": null, "name_1": null, "lane_markings": null, "maxspeed": null, "tiger:name_direction_prefix": null, "smoothness": null, "ref:usfs": null, "wikipedia": null, "oneway": null, "motorcar": null, "motor_vehicle": null, "foot": null, "covered": null, "tiger:name_type": null, "tiger:name_base": null, "surface": "asphalt", "name": null, "service": "parking_aisle", "access": null, "tiger:reviewed": null, "tiger:county": null, "tiger:cfcc": null, "highway": "service" }, "geometry": { "type": "LineString", "coordinates": [ [ -104.8512699, 38.7693048 ], [ -104.8514605, 38.7692588 ], [ -104.8516454, 38.7691928 ] ] } },
{ "type": "Feature", "properties": { "full_id": "w1344663072", "osm_id": "1344663072", "osm_type": "way", "horse": null, "playground:theme": null, "playground": null, "colour": null, "backrest": null, "amenity": null, "power": null, "incline": null, "handrail:right": null, "handrail:left": null, "rockfall_barrier": null, "bridge:structure": null, "fence_type": null, "material": null, "ladder": null, "dog": null, "segregated": null, "mtb:scale:imba": null, "mtb:scale": null, "par": null, "source:hgv": null, "hgv": null, "attraction": null, "content": null, "footway": null, "crossing": null, "handrail": null, "bridge": null, "aerialway": null, "barrier": null, "tunnel": null, "condition": null, "man_made": null, "golf_cart": null, "golf": null, "bicycle": null, "intermittent": null, "waterway": null, "layer": null, "lanes": null, "ford": null, "natural": null, "attribution": null, "operator": null, "ref": null, "railway": null, "old_railway_operator": null, "alt_name": null, "tiger:CLASSFP": null, "wikidata": null, "tiger:STATEFP": null, "tiger:PLCIDFP": null, "tiger:PLACEFP": null, "tiger:PCINECTA": null, "tiger:PCICBSA": null, "tiger:NAMELSAD": null, "tiger:NAME": null, "tiger:MTFCC": null, "tiger:LSAD": null, "tiger:FUNCSTAT": null, "tiger:CPI": null, "is_in:state": null, "is_in:iso_3166_2": null, "gnis:feature_id": null, "border_type": null, "admin_level": null, "source:url": null, "boundary": null, "tiger:name_direction_suffix": null, "tiger:name_type_1": null, "tiger:name_base_1": null, "name_1": null, "lane_markings": null, "maxspeed": null, "tiger:name_direction_prefix": null, "smoothness": null, "ref:usfs": null, "wikipedia": null, "oneway": "no", "motorcar": null, "motor_vehicle": null, "foot": null, "covered": "no", "tiger:name_type": null, "tiger:name_base": null, "surface": "asphalt", "name": "Cheyenne Mountain Highway", "service": null, "access": "private", "tiger:reviewed": null, "tiger:county": null, "tiger:cfcc": null, "highway": "service" }, "geometry": { "type": "LineString", "coordinates": [ [ -104.8542737, 38.7716649 ], [ -104.8543958, 38.7717996 ], [ -104.8545359, 38.7718895 ], [ -104.8547022, 38.7719465 ], [ -104.8549389, 38.7720228 ], [ -104.8550905, 38.7721222 ], [ -104.8551091, 38.7721507 ], [ -104.8551414, 38.7722001 ], [ -104.8551448, 38.7722097 ], [ -104.8552675, 38.7725571 ], [ -104.8553815, 38.7726507 ], [ -104.8554509, 38.7726689 ], [ -104.8554942, 38.7726803 ] ] } },
{ "type": "Feature", "properties": { "full_id": "w1344663079", "osm_id": "1344663079", "osm_type": "way", "horse": null, "playground:theme": "play", "playground": "sandpit", "colour": null, "backrest": null, "amenity": null, "power": null, "incline": null, "handrail:right": null, "handrail:left": null, "rockfall_barrier": null, "bridge:structure": null, "fence_type": null, "material": null, "ladder": null, "dog": null, "segregated": null, "mtb:scale:imba": null, "mtb:scale": null, "par": null, "source:hgv": null, "hgv": null, "attraction": null, "content": null, "footway": null, "crossing": null, "handrail": null, "bridge": null, "aerialway": null, "barrier": null, "tunnel": null, "condition": null, "man_made": null, "golf_cart": null, "golf": null, "bicycle": null, "intermittent": null, "waterway": null, "layer": null, "lanes": null, "ford": null, "natural": null, "attribution": null, "operator": null, "ref": null, "railway": null, "old_railway_operator": null, "alt_name": null, "tiger:CLASSFP": null, "wikidata": null, "tiger:STATEFP": null, "tiger:PLCIDFP": null, "tiger:PLACEFP": null, "tiger:PCINECTA": null, "tiger:PCICBSA": null, "tiger:NAMELSAD": null, "tiger:NAME": null, "tiger:MTFCC": null, "tiger:LSAD": null, "tiger:FUNCSTAT": null, "tiger:CPI": null, "is_in:state": null, "is_in:iso_3166_2": null, "gnis:feature_id": null, "border_type": null, "admin_level": null, "source:url": null, "boundary": null, "tiger:name_direction_suffix": null, "tiger:name_type_1": null, "tiger:name_base_1": null, "name_1": null, "lane_markings": null, "maxspeed": null, "tiger:name_direction_prefix": null, "smoothness": null, "ref:usfs": null, "wikipedia": null, "oneway": null, "motorcar": null, "motor_vehicle": null, "foot": null, "covered": null, "tiger:name_type": null, "tiger:name_base": null, "surface": null, "name": "Play Hills", "service": null, "access": null, "tiger:reviewed": null, "tiger:county": null, "tiger:cfcc": null, "highway": null }, "geometry": { "type": "LineString", "coordinates": [ [ -104.8541076, 38.7711571 ], [ -104.8540984, 38.7711886 ], [ -104.8541058, 38.7712028 ], [ -104.8541196, 38.7712295 ], [ -104.8541444, 38.7712565 ], [ -104.8542187, 38.7712515 ], [ -104.8542669, 38.7712339 ], [ -104.8542527, 38.7712262 ], [ -104.854289, 38.7712022 ], [ -104.8542849, 38.7711026 ], [ -104.8542361, 38.7711113 ], [ -104.854181, 38.7711091 ], [ -104.8541452, 38.7711266 ], [ -104.8541076, 38.7711571 ] ] } },
{ "type": "Feature", "properties": { "full_id": "w1344663076", "osm_id": "1344663076", "osm_type": "way", "horse": null, "playground:theme": null, "playground": null, "colour": null, "backrest": null, "amenity": null, "power": null, "incline": null, "handrail:right": null, "handrail:left": null, "rockfall_barrier": null, "bridge:structure": null, "fence_type": null, "material": null, "ladder": null, "dog": null, "segregated": null, "mtb:scale:imba": null, "mtb:scale": null, "par": null, "source:hgv": null, "hgv": null, "attraction": null, "content": null, "footway": null, "crossing": null, "handrail": null, "bridge": null, "aerialway": null, "barrier": null, "tunnel": null, "condition": null, "man_made": null, "golf_cart": null, "golf": null, "bicycle": null, "intermittent": null, "waterway": null, "layer": null, "lanes": null, "ford": null, "natural": null, "attribution": null, "operator": null, "ref": null, "railway": null, "old_railway_operator": null, "alt_name": null, "tiger:CLASSFP": null, "wikidata": null, "tiger:STATEFP": null, "tiger:PLCIDFP": null, "tiger:PLACEFP": null, "tiger:PCINECTA": null, "tiger:PCICBSA": null, "tiger:NAMELSAD": null, "tiger:NAME": null, "tiger:MTFCC": null, "tiger:LSAD": null, "tiger:FUNCSTAT": null, "tiger:CPI": null, "is_in:state": null, "is_in:iso_3166_2": null, "gnis:feature_id": null, "border_type": null, "admin_level": null, "source:url": null, "boundary": null, "tiger:name_direction_suffix": null, "tiger:name_type_1": null, "tiger:name_base_1": null, "name_1": null, "lane_markings": null, "maxspeed": null, "tiger:name_direction_prefix": null, "smoothness": null, "ref:usfs": null, "wikipedia": null, "oneway": null, "motorcar": null, "motor_vehicle": null, "foot": null, "covered": null, "tiger:name_type": null, "tiger:name_base": null, "surface": null, "name": null, "service": "parking_aisle", "access": null, "tiger:reviewed": null, "tiger:county": null, "tiger:cfcc": null, "highway": "service" }, "geometry": { "type": "LineString", "coordinates": [ [ -104.8518654, 38.7691547 ], [ -104.8516581, 38.7692171 ] ] } },
{ "type": "Feature", "properties": { "full_id": "w1133548199", "osm_id": "1133548199", "osm_type": "way", "horse": null, "playground:theme": null, "playground": null, "colour": null, "backrest": null, "amenity": null, "power": null, "incline": null, "handrail:right": null, "handrail:left": null, "rockfall_barrier": null, "bridge:structure": null, "fence_type": null, "material": null, "ladder": null, "dog": null, "segregated": null, "mtb:scale:imba": null, "mtb:scale": null, "par": null, "source:hgv": null, "hgv": null, "attraction": null, "content": null, "footway": null, "crossing": null, "handrail": null, "bridge": null, "aerialway": null, "barrier": null, "tunnel": null, "condition": null, "man_made": null, "golf_cart": null, "golf": null, "bicycle": null, "intermittent": null, "waterway": null, "layer": null, "lanes": null, "ford": null, "natural": null, "attribution": null, "operator": null, "ref": null, "railway": null, "old_railway_operator": null, "alt_name": null, "tiger:CLASSFP": null, "wikidata": null, "tiger:STATEFP": null, "tiger:PLCIDFP": null, "tiger:PLACEFP": null, "tiger:PCINECTA": null, "tiger:PCICBSA": null, "tiger:NAMELSAD": null, "tiger:NAME": null, "tiger:MTFCC": null, "tiger:LSAD": null, "tiger:FUNCSTAT": null, "tiger:CPI": null, "is_in:state": null, "is_in:iso_3166_2": null, "gnis:feature_id": null, "border_type": null, "admin_level": null, "source:url": null, "boundary": null, "tiger:name_direction_suffix": null, "tiger:name_type_1": null, "tiger:name_base_1": null, "name_1": null, "lane_markings": null, "maxspeed": null, "tiger:name_direction_prefix": null, "smoothness": null, "ref:usfs": null, "wikipedia": null, "oneway": null, "motorcar": null, "motor_vehicle": null, "foot": null, "covered": "no", "tiger:name_type": null, "tiger:name_base": null, "surface": "asphalt", "name": null, "service": null, "access": "private", "tiger:reviewed": null, "tiger:county": null, "tiger:cfcc": null, "highway": "service" }, "geometry": { "type": "LineString", "coordinates": [ [ -104.855748, 38.7718967 ], [ -104.8557091, 38.7718849 ], [ -104.8556757, 38.7718701 ] ] } },
{ "type": "Feature", "properties": { "full_id": "w232961354", "osm_id": "232961354", "osm_type": "way", "horse": null, "playground:theme": null, "playground": null, "colour": null, "backrest": null, "amenity": null, "power": null, "incline": null, "handrail:right": null, "handrail:left": null, "rockfall_barrier": null, "bridge:structure": null, "fence_type": null, "material": null, "ladder": null, "dog": null, "segregated": null, "mtb:scale:imba": null, "mtb:scale": null, "par": null, "source:hgv": null, "hgv": null, "attraction": null, "content": null, "footway": null, "crossing": null, "handrail": null, "bridge": null, "aerialway": null, "barrier": null, "tunnel": null, "condition": null, "man_made": null, "golf_cart": null, "golf": null, "bicycle": null, "intermittent": null, "waterway": null, "layer": null, "lanes": null, "ford": null, "natural": null, "attribution": null, "operator": null, "ref": null, "railway": null, "old_railway_operator": null, "alt_name": null, "tiger:CLASSFP": null, "wikidata": null, "tiger:STATEFP": null, "tiger:PLCIDFP": null, "tiger:PLACEFP": null, "tiger:PCINECTA": null, "tiger:PCICBSA": null, "tiger:NAMELSAD": null, "tiger:NAME": null, "tiger:MTFCC": null, "tiger:LSAD": null, "tiger:FUNCSTAT": null, "tiger:CPI": null, "is_in:state": null, "is_in:iso_3166_2": null, "gnis:feature_id": null, "border_type": null, "admin_level": null, "source:url": null, "boundary": null, "tiger:name_direction_suffix": null, "tiger:name_type_1": null, "tiger:name_base_1": null, "name_1": null, "lane_markings": null, "maxspeed": null, "tiger:name_direction_prefix": null, "smoothness": null, "ref:usfs": null, "wikipedia": "en:Cheyenne Mountain Highway", "oneway": "no", "motorcar": null, "motor_vehicle": null, "foot": null, "covered": "no", "tiger:name_type": null, "tiger:name_base": null, "surface": "asphalt", "name": "Cheyenne Mountain Highway", "service": null, "access": "private", "tiger:reviewed": null, "tiger:county": "El Paso, CO", "tiger:cfcc": "A41", "highway": "service" }, "geometry": { "type": "LineString", "coordinates": [ [ -104.8627828, 38.7709717 ], [ -104.863076, 38.7712033 ], [ -104.8631016, 38.7712694 ], [ -104.8631154, 38.7713311 ], [ -104.86313, 38.7714685 ], [ -104.8631387, 38.771548 ], [ -104.8631437, 38.7715931 ], [ -104.8631327, 38.771627 ] ] } },
{ "type": "Feature", "properties": { "full_id": "w1133548198", "osm_id": "1133548198", "osm_type": "way", "horse": null, "playground:theme": null, "playground": null, "colour": null, "backrest": null, "amenity": null, "power": null, "incline": null, "handrail:right": null, "handrail:left": null, "rockfall_barrier": null, "bridge:structure": null, "fence_type": null, "material": null, "ladder": null, "dog": null, "segregated": null, "mtb:scale:imba": null, "mtb:scale": null, "par": null, "source:hgv": null, "hgv": null, "attraction": null, "content": null, "footway": null, "crossing": null, "handrail": null, "bridge": null, "aerialway": null, "barrier": null, "tunnel": null, "condition": null, "man_made": null, "golf_cart": null, "golf": null, "bicycle": null, "intermittent": null, "waterway": null, "layer": null, "lanes": null, "ford": null, "natural": null, "attribution": null, "operator": null, "ref": null, "railway": null, "old_railway_operator": null, "alt_name": null, "tiger:CLASSFP": null, "wikidata": null, "tiger:STATEFP": null, "tiger:PLCIDFP": null, "tiger:PLACEFP": null, "tiger:PCINECTA": null, "tiger:PCICBSA": null, "tiger:NAMELSAD": null, "tiger:NAME": null, "tiger:MTFCC": null, "tiger:LSAD": null, "tiger:FUNCSTAT": null, "tiger:CPI": null, "is_in:state": null, "is_in:iso_3166_2": null, "gnis:feature_id": null, "border_type": null, "admin_level": null, "source:url": null, "boundary": null, "tiger:name_direction_suffix": null, "tiger:name_type_1": null, "tiger:name_base_1": null, "name_1": null, "lane_markings": null, "maxspeed": null, "tiger:name_direction_prefix": null, "smoothness": null, "ref:usfs": null, "wikipedia": null, "oneway": null, "motorcar": null, "motor_vehicle": null, "foot": null, "covered": null, "tiger:name_type": null, "tiger:name_base": null, "surface": null, "name": null, "service": null, "access": "private", "tiger:reviewed": null, "tiger:county": null, "tiger:cfcc": null, "highway": "service" }, "geometry": { "type": "LineString", "coordinates": [ [ -104.855532, 38.7715731 ], [ -104.8554199, 38.7714877 ] ] } },
{ "type": "Feature", "properties": { "full_id": "w232961339", "osm_id": "232961339", "osm_type": "way", "horse": null, "playground:theme": null, "playground": null, "colour": null, "backrest": null, "amenity": null, "power": null, "incline": null, "handrail:right": null, "handrail:left": null, "rockfall_barrier": null, "bridge:structure": null, "fence_type": null, "material": null, "ladder": null, "dog": null, "segregated": null, "mtb:scale:imba": null, "mtb:scale": null, "par": null, "source:hgv": null, "hgv": null, "attraction": null, "content": null, "footway": null, "crossing": null, "handrail": null, "bridge": null, "aerialway": null, "barrier": null, "tunnel": null, "condition": null, "man_made": null, "golf_cart": null, "golf": null, "bicycle": null, "intermittent": null, "waterway": null, "layer": null, "lanes": null, "ford": null, "natural": null, "attribution": null, "operator": null, "ref": null, "railway": null, "old_railway_operator": null, "alt_name": null, "tiger:CLASSFP": null, "wikidata": null, "tiger:STATEFP": null, "tiger:PLCIDFP": null, "tiger:PLACEFP": null, "tiger:PCINECTA": null, "tiger:PCICBSA": null, "tiger:NAMELSAD": null, "tiger:NAME": null, "tiger:MTFCC": null, "tiger:LSAD": null, "tiger:FUNCSTAT": null, "tiger:CPI": null, "is_in:state": null, "is_in:iso_3166_2": null, "gnis:feature_id": null, "border_type": null, "admin_level": null, "source:url": null, "boundary": null, "tiger:name_direction_suffix": null, "tiger:name_type_1": null, "tiger:name_base_1": null, "name_1": null, "lane_markings": null, "maxspeed": null, "tiger:name_direction_prefix": null, "smoothness": null, "ref:usfs": null, "wikipedia": null, "oneway": "no", "motorcar": null, "motor_vehicle": null, "foot": null, "covered": "no", "tiger:name_type": null, "tiger:name_base": null, "surface": "unpaved", "name": null, "service": null, "access": "private", "tiger:reviewed": null, "tiger:county": null, "tiger:cfcc": null, "highway": "service" }, "geometry": { "type": "LineString", "coordinates": [ [ -104.8567053, 38.7703614 ], [ -104.8566624, 38.7704534 ], [ -104.8566517, 38.7705559 ], [ -104.856649, 38.7706353 ], [ -104.8566061, 38.7707106 ], [ -104.8565417, 38.7707378 ], [ -104.8564425, 38.7707127 ], [ -104.8563218, 38.770673 ] ] } },
{ "type": "Feature", "properties": { "full_id": "w232961390", "osm_id": "232961390", "osm_type": "way", "horse": null, "playground:theme": null, "playground": null, "colour": null, "backrest": null, "amenity": null, "power": null, "incline": null, "handrail:right": null, "handrail:left": null, "rockfall_barrier": null, "bridge:structure": null, "fence_type": null, "material": null, "ladder": null, "dog": null, "segregated": null, "mtb:scale:imba": null, "mtb:scale": null, "par": null, "source:hgv": null, "hgv": null, "attraction": null, "content": null, "footway": null, "crossing": null, "handrail": null, "bridge": null, "aerialway": null, "barrier": null, "tunnel": null, "condition": null, "man_made": null, "golf_cart": null, "golf": null, "bicycle": null, "intermittent": null, "waterway": null, "layer": null, "lanes": null, "ford": null, "natural": null, "attribution": null, "operator": null, "ref": null, "railway": null, "old_railway_operator": null, "alt_name": null, "tiger:CLASSFP": null, "wikidata": null, "tiger:STATEFP": null, "tiger:PLCIDFP": null, "tiger:PLACEFP": null, "tiger:PCINECTA": null, "tiger:PCICBSA": null, "tiger:NAMELSAD": null, "tiger:NAME": null, "tiger:MTFCC": null, "tiger:LSAD": null, "tiger:FUNCSTAT": null, "tiger:CPI": null, "is_in:state": null, "is_in:iso_3166_2": null, "gnis:feature_id": null, "border_type": null, "admin_level": null, "source:url": null, "boundary": null, "tiger:name_direction_suffix": null, "tiger:name_type_1": null, "tiger:name_base_1": null, "name_1": null, "lane_markings": null, "maxspeed": null, "tiger:name_direction_prefix": null, "smoothness": null, "ref:usfs": null, "wikipedia": null, "oneway": "no", "motorcar": null, "motor_vehicle": null, "foot": null, "covered": "no", "tiger:name_type": null, "tiger:name_base": null, "surface": "asphalt", "name": "Cheyenne Mountain Highway", "service": null, "access": "private", "tiger:reviewed": null, "tiger:county": null, "tiger:cfcc": null, "highway": "service" }, "geometry": { "type": "LineString", "coordinates": [ [ -104.8628065, 38.7717983 ], [ -104.8626996, 38.7718619 ], [ -104.8626582, 38.7719073 ], [ -104.8625928, 38.7720072 ], [ -104.8625305, 38.7721308 ], [ -104.8624186, 38.7723273 ], [ -104.8623815, 38.7723939 ], [ -104.862375, 38.772453 ], [ -104.8623766, 38.7724985 ], [ -104.8623877, 38.772555 ], [ -104.862423, 38.7726243 ], [ -104.862462, 38.7726691 ], [ -104.8625727, 38.7727368 ], [ -104.8627001, 38.7727815 ], [ -104.862853, 38.7728097 ], [ -104.8629759, 38.7728132 ], [ -104.8631056, 38.7727961 ], [ -104.8631904, 38.7727665 ], [ -104.8632885, 38.7727281 ], [ -104.863378, 38.7727028 ], [ -104.8634582, 38.7726934 ], [ -104.8635755, 38.7726937 ], [ -104.8637118, 38.7727032 ], [ -104.8639179, 38.7727234 ], [ -104.8640923, 38.7727634 ], [ -104.8641383, 38.7727931 ], [ -104.864153, 38.7728251 ], [ -104.8641501, 38.7728471 ], [ -104.8641269, 38.7728635 ], [ -104.8640832, 38.7728705 ], [ -104.864028, 38.7728616 ], [ -104.8639505, 38.7728377 ], [ -104.8638105, 38.7728279 ], [ -104.863693, 38.7728295 ], [ -104.863608, 38.7728359 ], [ -104.8635325, 38.7728518 ], [ -104.8634681, 38.7728801 ], [ -104.8634102, 38.7729173 ], [ -104.8632165, 38.7730951 ], [ -104.8631646, 38.7731288 ], [ -104.8630976, 38.7731578 ], [ -104.8630335, 38.7731692 ], [ -104.8629746, 38.7731687 ], [ -104.8627201, 38.7730767 ], [ -104.8626596, 38.7730648 ], [ -104.8626083, 38.7730802 ], [ -104.8625673, 38.7731078 ], [ -104.8625513, 38.7731513 ], [ -104.8625715, 38.7731837 ], [ -104.8628041, 38.7733501 ], [ -104.8629007, 38.7733979 ], [ -104.8629738, 38.7734149 ], [ -104.8630465, 38.7734126 ], [ -104.8631294, 38.7733968 ], [ -104.8632175, 38.7733592 ], [ -104.8633347, 38.7732985 ], [ -104.8634873, 38.773208 ], [ -104.8635593, 38.7731764 ], [ -104.8636202, 38.7731628 ], [ -104.8637023, 38.7731575 ], [ -104.8638529, 38.7731909 ], [ -104.8640119, 38.7732425 ], [ -104.8641922, 38.7733261 ], [ -104.864228, 38.773354 ], [ -104.864243, 38.7733896 ], [ -104.8642312, 38.7734158 ], [ -104.8641988, 38.773434 ], [ -104.8641565, 38.7734429 ], [ -104.8641027, 38.7734382 ], [ -104.8636364, 38.7733627 ], [ -104.863582, 38.7733686 ], [ -104.8635196, 38.7733941 ], [ -104.8633848, 38.7734873 ], [ -104.8632607, 38.7735743 ], [ -104.8631574, 38.7736808 ], [ -104.8630681, 38.7737751 ], [ -104.8630034, 38.7738752 ], [ -104.8629661, 38.7739595 ], [ -104.8629499, 38.7740398 ], [ -104.8629291, 38.7742175 ], [ -104.8629041, 38.7742823 ], [ -104.862852, 38.7743276 ], [ -104.8626733, 38.7744083 ], [ -104.8625865, 38.7744299 ], [ -104.8625116, 38.7744294 ], [ -104.8624463, 38.7744117 ], [ -104.8623791, 38.7743692 ], [ -104.8623263, 38.774328 ], [ -104.8622752, 38.7742706 ], [ -104.8622401, 38.7742096 ], [ -104.8621976, 38.7739799 ], [ -104.8621387, 38.7738065 ], [ -104.8621077, 38.7736626 ], [ -104.8620688, 38.7735687 ], [ -104.8620097, 38.7734908 ], [ -104.8619381, 38.7734278 ], [ -104.8618604, 38.7733762 ], [ -104.8617209, 38.7732934 ], [ -104.861657, 38.7732271 ], [ -104.8616159, 38.7731665 ], [ -104.8615265, 38.7729483 ], [ -104.8613803, 38.7725033 ], [ -104.8613663, 38.7724103 ], [ -104.8613847, 38.7723696 ], [ -104.861424, 38.7723177 ], [ -104.8614927, 38.7720886 ], [ -104.8615324, 38.7719464 ], [ -104.8615369, 38.7718829 ], [ -104.8615283, 38.7718215 ], [ -104.8614958, 38.7717512 ], [ -104.8614351, 38.7716799 ], [ -104.8612674, 38.7715327 ], [ -104.86112, 38.771419 ], [ -104.8609376, 38.7712521 ], [ -104.8608379, 38.7711756 ], [ -104.8607143, 38.7710933 ], [ -104.8605898, 38.7709888 ], [ -104.8605224, 38.7708983 ], [ -104.8604417, 38.7708109 ], [ -104.8603574, 38.7707611 ], [ -104.8602477, 38.7707253 ], [ -104.8601372, 38.7707011 ], [ -104.8600385, 38.7706872 ], [ -104.859896, 38.7706548 ], [ -104.8597561, 38.7706087 ], [ -104.8595479, 38.7705058 ], [ -104.8592238, 38.7703386 ], [ -104.858975, 38.7701781 ], [ -104.8587726, 38.7700372 ], [ -104.8585764, 38.7698829 ], [ -104.85845, 38.7697641 ], [ -104.8583742, 38.7696706 ], [ -104.8583121, 38.7695895 ], [ -104.8581894, 38.76936 ], [ -104.8581305, 38.7692204 ], [ -104.8581048, 38.7691412 ], [ -104.8580983, 38.7690716 ], [ -104.8581159, 38.7688673 ], [ -104.8581028, 38.768787 ], [ -104.8580826, 38.7687231 ], [ -104.8580505, 38.7686635 ], [ -104.8580086, 38.7686088 ], [ -104.8579559, 38.7685674 ], [ -104.8578898, 38.7685338 ], [ -104.857805, 38.7685184 ], [ -104.8573885, 38.7685047 ], [ -104.8573137, 38.7685023 ], [ -104.8572504, 38.7684905 ], [ -104.8571912, 38.7684648 ], [ -104.8571117, 38.768417 ], [ -104.8569539, 38.7682834 ], [ -104.8568716, 38.7682339 ], [ -104.8567753, 38.768197 ], [ -104.8564936, 38.7680952 ], [ -104.8564136, 38.7680551 ], [ -104.856363, 38.7680108 ], [ -104.8563383, 38.7679612 ], [ -104.8563245, 38.7679014 ], [ -104.8563064, 38.7678055 ], [ -104.8562734, 38.7676547 ], [ -104.8562162, 38.7675214 ], [ -104.8561559, 38.7674172 ], [ -104.8560769, 38.7673007 ], [ -104.855758, 38.7669332 ], [ -104.8556409, 38.766821 ], [ -104.8554916, 38.766714 ], [ -104.8553259, 38.7666102 ], [ -104.8552274, 38.76656 ], [ -104.8551578, 38.7665357 ], [ -104.8550618, 38.7665179 ], [ -104.8549526, 38.7665171 ], [ -104.8548486, 38.7665149 ], [ -104.8547523, 38.7664997 ], [ -104.8546386, 38.7664699 ], [ -104.8544731, 38.76641 ], [ -104.8542589, 38.7663282 ], [ -104.8540157, 38.7662594 ], [ -104.8537902, 38.7661784 ], [ -104.853633, 38.7661029 ], [ -104.8535552, 38.7660778 ], [ -104.8534954, 38.766083 ], [ -104.8534518, 38.7661162 ], [ -104.853442, 38.7661576 ], [ -104.8534729, 38.7662027 ], [ -104.8535289, 38.7662531 ], [ -104.8536738, 38.7663508 ], [ -104.8537781, 38.7664243 ], [ -104.8538783, 38.7664963 ], [ -104.8542223, 38.766856 ], [ -104.8543497, 38.7669989 ], [ -104.8544021, 38.7670902 ], [ -104.8544547, 38.7672281 ], [ -104.8545345, 38.7673723 ], [ -104.8546386, 38.7675277 ], [ -104.8546695, 38.7675933 ], [ -104.8546824, 38.7676439 ], [ -104.854689, 38.7677269 ], [ -104.8546817, 38.7678896 ], [ -104.8546836, 38.7679965 ], [ -104.8547067, 38.7681316 ], [ -104.8546969, 38.7682335 ], [ -104.8546781, 38.7683621 ], [ -104.8546403, 38.7685331 ], [ -104.8546332, 38.7686834 ], [ -104.8546572, 38.7688052 ], [ -104.8547184, 38.7690237 ], [ -104.8547662, 38.7691453 ], [ -104.8548223, 38.769244 ], [ -104.8548912, 38.7693377 ], [ -104.8549733, 38.7694138 ], [ -104.8551073, 38.7695115 ], [ -104.855182, 38.7695489 ], [ -104.8552372, 38.7695911 ], [ -104.8552785, 38.7696472 ] ] } },
{ "type": "Feature", "properties": { "full_id": "w1133548226", "osm_id": "1133548226", "osm_type": "way", "horse": null, "playground:theme": null, "playground": null, "colour": null, "backrest": null, "amenity": null, "power": null, "incline": null, "handrail:right": null, "handrail:left": null, "rockfall_barrier": null, "bridge:structure": null, "fence_type": null, "material": null, "ladder": null, "dog": null, "segregated": null, "mtb:scale:imba": null, "mtb:scale": null, "par": null, "source:hgv": null, "hgv": null, "attraction": null, "content": null, "footway": null, "crossing": null, "handrail": null, "bridge": null, "aerialway": null, "barrier": "fence", "tunnel": null, "condition": null, "man_made": null, "golf_cart": null, "golf": null, "bicycle": null, "intermittent": null, "waterway": null, "layer": null, "lanes": null, "ford": null, "natural": null, "attribution": null, "operator": null, "ref": null, "railway": null, "old_railway_operator": null, "alt_name": null, "tiger:CLASSFP": null, "wikidata": null, "tiger:STATEFP": null, "tiger:PLCIDFP": null, "tiger:PLACEFP": null, "tiger:PCINECTA": null, "tiger:PCICBSA": null, "tiger:NAMELSAD": null, "tiger:NAME": null, "tiger:MTFCC": null, "tiger:LSAD": null, "tiger:FUNCSTAT": null, "tiger:CPI": null, "is_in:state": null, "is_in:iso_3166_2": null, "gnis:feature_id": null, "border_type": null, "admin_level": null, "source:url": null, "boundary": null, "tiger:name_direction_suffix": null, "tiger:name_type_1": null, "tiger:name_base_1": null, "name_1": null, "lane_markings": null, "maxspeed": null, "tiger:name_direction_prefix": null, "smoothness": null, "ref:usfs": null, "wikipedia": null, "oneway": null, "motorcar": null, "motor_vehicle": null, "foot": null, "covered": null, "tiger:name_type": null, "tiger:name_base": null, "surface": null, "name": null, "service": null, "access": null, "tiger:reviewed": null, "tiger:county": null, "tiger:cfcc": null, "highway": null }, "geometry": { "type": "LineString", "coordinates": [ [ -104.8530251, 38.7708505 ], [ -104.8530452, 38.7708604 ], [ -104.8530549, 38.770888 ], [ -104.853062, 38.77091 ], [ -104.8530567, 38.7709211 ], [ -104.8530098, 38.7709528 ], [ -104.8529461, 38.7709935 ], [ -104.8529348, 38.7709935 ], [ -104.8528957, 38.7709935 ] ] } },
{ "type": "Feature", "properties": { "full_id": "w1133548222", "osm_id": "1133548222", "osm_type": "way", "horse": null, "playground:theme": null, "playground": null, "colour": null, "backrest": null, "amenity": null, "power": null, "incline": null, "handrail:right": null, "handrail:left": null, "rockfall_barrier": null, "bridge:structure": null, "fence_type": null, "material": null, "ladder": null, "dog": null, "segregated": null, "mtb:scale:imba": null, "mtb:scale": null, "par": null, "source:hgv": null, "hgv": null, "attraction": null, "content": null, "footway": null, "crossing": null, "handrail": null, "bridge": null, "aerialway": null, "barrier": null, "tunnel": null, "condition": null, "man_made": null, "golf_cart": null, "golf": null, "bicycle": null, "intermittent": null, "waterway": null, "layer": null, "lanes": null, "ford": null, "natural": null, "attribution": null, "operator": null, "ref": null, "railway": null, "old_railway_operator": null, "alt_name": null, "tiger:CLASSFP": null, "wikidata": null, "tiger:STATEFP": null, "tiger:PLCIDFP": null, "tiger:PLACEFP": null, "tiger:PCINECTA": null, "tiger:PCICBSA": null, "tiger:NAMELSAD": null, "tiger:NAME": null, "tiger:MTFCC": null, "tiger:LSAD": null, "tiger:FUNCSTAT": null, "tiger:CPI": null, "is_in:state": null, "is_in:iso_3166_2": null, "gnis:feature_id": null, "border_type": null, "admin_level": null, "source:url": null, "boundary": null, "tiger:name_direction_suffix": null, "tiger:name_type_1": null, "tiger:name_base_1": null, "name_1": null, "lane_markings": null, "maxspeed": null, "tiger:name_direction_prefix": null, "smoothness": null, "ref:usfs": null, "wikipedia": null, "oneway": null, "motorcar": null, "motor_vehicle": null, "foot": null, "covered": "no", "tiger:name_type": null, "tiger:name_base": null, "surface": "asphalt", "name": null, "service": null, "access": "private", "tiger:reviewed": null, "tiger:county": null, "tiger:cfcc": null, "highway": "service" }, "geometry": { "type": "LineString", "coordinates": [ [ -104.8531253, 38.7710314 ], [ -104.8531193, 38.7710713 ] ] } },
{ "type": "Feature", "properties": { "full_id": "w1133548218", "osm_id": "1133548218", "osm_type": "way", "horse": null, "playground:theme": null, "playground": null, "colour": null, "backrest": null, "amenity": null, "power": null, "incline": null, "handrail:right": null, "handrail:left": null, "rockfall_barrier": null, "bridge:structure": null, "fence_type": null, "material": null, "ladder": null, "dog": null, "segregated": null, "mtb:scale:imba": null, "mtb:scale": null, "par": null, "source:hgv": null, "hgv": null, "attraction": null, "content": null, "footway": null, "crossing": null, "handrail": null, "bridge": null, "aerialway": null, "barrier": "wall", "tunnel": null, "condition": null, "man_made": null, "golf_cart": null, "golf": null, "bicycle": null, "intermittent": null, "waterway": null, "layer": null, "lanes": null, "ford": null, "natural": null, "attribution": null, "operator": null, "ref": null, "railway": null, "old_railway_operator": null, "alt_name": null, "tiger:CLASSFP": null, "wikidata": null, "tiger:STATEFP": null, "tiger:PLCIDFP": null, "tiger:PLACEFP": null, "tiger:PCINECTA": null, "tiger:PCICBSA": null, "tiger:NAMELSAD": null, "tiger:NAME": null, "tiger:MTFCC": null, "tiger:LSAD": null, "tiger:FUNCSTAT": null, "tiger:CPI": null, "is_in:state": null, "is_in:iso_3166_2": null, "gnis:feature_id": null, "border_type": null, "admin_level": null, "source:url": null, "boundary": null, "tiger:name_direction_suffix": null, "tiger:name_type_1": null, "tiger:name_base_1": null, "name_1": null, "lane_markings": null, "maxspeed": null, "tiger:name_direction_prefix": null, "smoothness": null, "ref:usfs": null, "wikipedia": null, "oneway": null, "motorcar": null, "motor_vehicle": null, "foot": null, "covered": null, "tiger:name_type": null, "tiger:name_base": null, "surface": null, "name": null, "service": null, "access": null, "tiger:reviewed": null, "tiger:county": null, "tiger:cfcc": null, "highway": null }, "geometry": { "type": "LineString", "coordinates": [ [ -104.8544411, 38.7717933 ], [ -104.8544037, 38.7717571 ] ] } },
{ "type": "Feature", "properties": { "full_id": "w232961419", "osm_id": "232961419", "osm_type": "way", "horse": null, "playground:theme": null, "playground": null, "colour": null, "backrest": null, "amenity": null, "power": null, "incline": null, "handrail:right": null, "handrail:left": null, "rockfall_barrier": null, "bridge:structure": null, "fence_type": null, "material": null, "ladder": null, "dog": null, "segregated": null, "mtb:scale:imba": null, "mtb:scale": null, "par": null, "source:hgv": null, "hgv": null, "attraction": null, "content": null, "footway": null, "crossing": null, "handrail": null, "bridge": null, "aerialway": null, "barrier": null, "tunnel": null, "condition": null, "man_made": null, "golf_cart": null, "golf": null, "bicycle": null, "intermittent": null, "waterway": null, "layer": null, "lanes": null, "ford": null, "natural": null, "attribution": null, "operator": null, "ref": null, "railway": null, "old_railway_operator": null, "alt_name": null, "tiger:CLASSFP": null, "wikidata": null, "tiger:STATEFP": null, "tiger:PLCIDFP": null, "tiger:PLACEFP": null, "tiger:PCINECTA": null, "tiger:PCICBSA": null, "tiger:NAMELSAD": null, "tiger:NAME": null, "tiger:MTFCC": null, "tiger:LSAD": null, "tiger:FUNCSTAT": null, "tiger:CPI": null, "is_in:state": null, "is_in:iso_3166_2": null, "gnis:feature_id": null, "border_type": null, "admin_level": null, "source:url": null, "boundary": null, "tiger:name_direction_suffix": null, "tiger:name_type_1": null, "tiger:name_base_1": null, "name_1": null, "lane_markings": null, "maxspeed": "25 mph", "tiger:name_direction_prefix": null, "smoothness": null, "ref:usfs": null, "wikipedia": null, "oneway": null, "motorcar": null, "motor_vehicle": null, "foot": null, "covered": null, "tiger:name_type": "Rd", "tiger:name_base": "Cheyenne Mountain Zoo", "surface": null, "name": "Cheyenne Mountain Zoo Road", "service": null, "access": null, "tiger:reviewed": null, "tiger:county": "El Paso, CO", "tiger:cfcc": "A41", "highway": "tertiary" }, "geometry": { "type": "LineString", "coordinates": [ [ -104.8528943, 38.7719413 ], [ -104.8530842, 38.7723205 ], [ -104.8531932, 38.7725349 ], [ -104.8534067, 38.7729547 ], [ -104.8534326, 38.7730517 ], [ -104.8534503, 38.7731429 ], [ -104.8534606, 38.7732377 ], [ -104.8534338, 38.7734398 ], [ -104.8534229, 38.7735917 ], [ -104.8534375, 38.7737152 ], [ -104.8534575, 38.7738081 ], [ -104.8535006, 38.7739281 ], [ -104.8535681, 38.7740611 ], [ -104.853656, 38.7742341 ], [ -104.8537267, 38.7743247 ], [ -104.8538109, 38.7743872 ], [ -104.8538818, 38.7744444 ], [ -104.854004, 38.7745038 ], [ -104.8541635, 38.7745598 ], [ -104.8542615, 38.7746021 ], [ -104.8543339, 38.7746489 ], [ -104.8544041, 38.7747093 ], [ -104.8544511, 38.7747614 ], [ -104.8547069, 38.7751297 ], [ -104.8548846, 38.7753891 ], [ -104.8549271, 38.7754824 ], [ -104.8549582, 38.7755732 ] ] } },
{ "type": "Feature", "properties": { "full_id": "w1133548203", "osm_id": "1133548203", "osm_type": "way", "horse": null, "playground:theme": null, "playground": null, "colour": null, "backrest": null, "amenity": null, "power": null, "incline": null, "handrail:right": null, "handrail:left": null, "rockfall_barrier": null, "bridge:structure": null, "fence_type": null, "material": null, "ladder": null, "dog": null, "segregated": null, "mtb:scale:imba": null, "mtb:scale": null, "par": null, "source:hgv": null, "hgv": null, "attraction": null, "content": null, "footway": null, "crossing": null, "handrail": null, "bridge": null, "aerialway": null, "barrier": null, "tunnel": null, "condition": null, "man_made": null, "golf_cart": null, "golf": null, "bicycle": null, "intermittent": null, "waterway": null, "layer": null, "lanes": null, "ford": null, "natural": null, "attribution": null, "operator": null, "ref": null, "railway": null, "old_railway_operator": null, "alt_name": null, "tiger:CLASSFP": null, "wikidata": null, "tiger:STATEFP": null, "tiger:PLCIDFP": null, "tiger:PLACEFP": null, "tiger:PCINECTA": null, "tiger:PCICBSA": null, "tiger:NAMELSAD": null, "tiger:NAME": null, "tiger:MTFCC": null, "tiger:LSAD": null, "tiger:FUNCSTAT": null, "tiger:CPI": null, "is_in:state": null, "is_in:iso_3166_2": null, "gnis:feature_id": null, "border_type": null, "admin_level": null, "source:url": null, "boundary": null, "tiger:name_direction_suffix": null, "tiger:name_type_1": null, "tiger:name_base_1": null, "name_1": null, "lane_markings": null, "maxspeed": null, "tiger:name_direction_prefix": null, "smoothness": null, "ref:usfs": null, "wikipedia": null, "oneway": "no", "motorcar": null, "motor_vehicle": null, "foot": null, "covered": "no", "tiger:name_type": null, "tiger:name_base": null, "surface": "asphalt", "name": "Cheyenne Mountain Highway", "service": null, "access": "private", "tiger:reviewed": null, "tiger:county": null, "tiger:cfcc": null, "highway": "service" }, "geometry": { "type": "LineString", "coordinates": [ [ -104.8554942, 38.7726803 ], [ -104.855531, 38.7726899 ], [ -104.8558234, 38.7726988 ], [ -104.8561942, 38.7726643 ], [ -104.856453, 38.7725597 ], [ -104.8566408, 38.7724191 ], [ -104.8566851, 38.7722888 ], [ -104.856637, 38.7722645 ], [ -104.856415, 38.7722115 ], [ -104.8562074, 38.7720991 ], [ -104.8560949, 38.7720302 ], [ -104.8560326, 38.771966 ], [ -104.8559723, 38.7718156 ], [ -104.855902, 38.7716981 ], [ -104.8558377, 38.7716354 ], [ -104.8557533, 38.771579 ], [ -104.8554199, 38.7714877 ] ] } },
{ "type": "Feature", "properties": { "full_id": "w232961418", "osm_id": "232961418", "osm_type": "way", "horse": null, "playground:theme": null, "playground": null, "colour": null, "backrest": null, "amenity": null, "power": null, "incline": null, "handrail:right": null, "handrail:left": null, "rockfall_barrier": null, "bridge:structure": null, "fence_type": null, "material": null, "ladder": null, "dog": null, "segregated": null, "mtb:scale:imba": null, "mtb:scale": null, "par": null, "source:hgv": null, "hgv": null, "attraction": null, "content": null, "footway": null, "crossing": null, "handrail": null, "bridge": null, "aerialway": null, "barrier": null, "tunnel": null, "condition": null, "man_made": null, "golf_cart": null, "golf": null, "bicycle": null, "intermittent": null, "waterway": null, "layer": null, "lanes": null, "ford": null, "natural": null, "attribution": null, "operator": null, "ref": null, "railway": null, "old_railway_operator": null, "alt_name": null, "tiger:CLASSFP": null, "wikidata": null, "tiger:STATEFP": null, "tiger:PLCIDFP": null, "tiger:PLACEFP": null, "tiger:PCINECTA": null, "tiger:PCICBSA": null, "tiger:NAMELSAD": null, "tiger:NAME": null, "tiger:MTFCC": null, "tiger:LSAD": null, "tiger:FUNCSTAT": null, "tiger:CPI": null, "is_in:state": null, "is_in:iso_3166_2": null, "gnis:feature_id": null, "border_type": null, "admin_level": null, "source:url": null, "boundary": null, "tiger:name_direction_suffix": null, "tiger:name_type_1": null, "tiger:name_base_1": null, "name_1": null, "lane_markings": null, "maxspeed": null, "tiger:name_direction_prefix": null, "smoothness": null, "ref:usfs": null, "wikipedia": null, "oneway": null, "motorcar": "permissive", "motor_vehicle": null, "foot": null, "covered": null, "tiger:name_type": null, "tiger:name_base": null, "surface": "paved", "name": null, "service": null, "access": null, "tiger:reviewed": null, "tiger:county": "El Paso, CO", "tiger:cfcc": null, "highway": "service" }, "geometry": { "type": "LineString", "coordinates": [ [ -104.8567992, 38.7722832 ], [ -104.8567972, 38.772193 ], [ -104.8567601, 38.7720424 ], [ -104.8564809, 38.7718932 ], [ -104.8563835, 38.7718022 ], [ -104.8563942, 38.7717269 ], [ -104.8564076, 38.7716893 ], [ -104.8566061, 38.7714655 ], [ -104.8566463, 38.7714404 ], [ -104.8566866, 38.7714237 ], [ -104.8567429, 38.7714195 ], [ -104.856818, 38.7714488 ], [ -104.8572498, 38.7717144 ], [ -104.8572632, 38.7717416 ], [ -104.8572498, 38.7717855 ], [ -104.8571774, 38.7719507 ], [ -104.8571077, 38.7721242 ], [ -104.8570487, 38.7721849 ], [ -104.8569682, 38.7722372 ], [ -104.8568797, 38.7722706 ], [ -104.8567992, 38.7722832 ], [ -104.8566851, 38.7722888 ] ] } },
{ "type": "Feature", "properties": { "full_id": "w1155599478", "osm_id": "1155599478", "osm_type": "way", "horse": null, "playground:theme": null, "playground": null, "colour": null, "backrest": null, "amenity": null, "power": null, "incline": null, "handrail:right": null, "handrail:left": null, "rockfall_barrier": null, "bridge:structure": null, "fence_type": null, "material": null, "ladder": null, "dog": null, "segregated": null, "mtb:scale:imba": null, "mtb:scale": null, "par": null, "source:hgv": null, "hgv": null, "attraction": null, "content": null, "footway": null, "crossing": null, "handrail": null, "bridge": null, "aerialway": null, "barrier": null, "tunnel": null, "condition": null, "man_made": null, "golf_cart": null, "golf": null, "bicycle": null, "intermittent": null, "waterway": null, "layer": null, "lanes": null, "ford": null, "natural": null, "attribution": null, "operator": null, "ref": null, "railway": null, "old_railway_operator": null, "alt_name": null, "tiger:CLASSFP": null, "wikidata": null, "tiger:STATEFP": null, "tiger:PLCIDFP": null, "tiger:PLACEFP": null, "tiger:PCINECTA": null, "tiger:PCICBSA": null, "tiger:NAMELSAD": null, "tiger:NAME": null, "tiger:MTFCC": null, "tiger:LSAD": null, "tiger:FUNCSTAT": null, "tiger:CPI": null, "is_in:state": null, "is_in:iso_3166_2": null, "gnis:feature_id": null, "border_type": null, "admin_level": null, "source:url": null, "boundary": null, "tiger:name_direction_suffix": null, "tiger:name_type_1": null, "tiger:name_base_1": null, "name_1": null, "lane_markings": null, "maxspeed": null, "tiger:name_direction_prefix": null, "smoothness": null, "ref:usfs": null, "wikipedia": null, "oneway": null, "motorcar": null, "motor_vehicle": null, "foot": null, "covered": null, "tiger:name_type": null, "tiger:name_base": null, "surface": "asphalt", "name": null, "service": "parking_aisle", "access": null, "tiger:reviewed": null, "tiger:county": null, "tiger:cfcc": null, "highway": "service" }, "geometry": { "type": "LineString", "coordinates": [ [ -104.8518654, 38.7691547 ], [ -104.8522324, 38.7699108 ], [ -104.8522317, 38.7701469 ] ] } },
{ "type": "Feature", "properties": { "full_id": "w232961414", "osm_id": "232961414", "osm_type": "way", "horse": null, "playground:theme": null, "playground": null, "colour": null, "backrest": null, "amenity": null, "power": null, "incline": null, "handrail:right": null, "handrail:left": null, "rockfall_barrier": null, "bridge:structure": null, "fence_type": null, "material": null, "ladder": null, "dog": null, "segregated": null, "mtb:scale:imba": null, "mtb:scale": null, "par": null, "source:hgv": null, "hgv": null, "attraction": null, "content": null, "footway": null, "crossing": null, "handrail": null, "bridge": null, "aerialway": null, "barrier": null, "tunnel": null, "condition": null, "man_made": null, "golf_cart": null, "golf": null, "bicycle": null, "intermittent": null, "waterway": null, "layer": null, "lanes": null, "ford": null, "natural": null, "attribution": null, "operator": null, "ref": null, "railway": null, "old_railway_operator": null, "alt_name": null, "tiger:CLASSFP": null, "wikidata": null, "tiger:STATEFP": null, "tiger:PLCIDFP": null, "tiger:PLACEFP": null, "tiger:PCINECTA": null, "tiger:PCICBSA": null, "tiger:NAMELSAD": null, "tiger:NAME": null, "tiger:MTFCC": null, "tiger:LSAD": null, "tiger:FUNCSTAT": null, "tiger:CPI": null, "is_in:state": null, "is_in:iso_3166_2": null, "gnis:feature_id": null, "border_type": null, "admin_level": null, "source:url": null, "boundary": null, "tiger:name_direction_suffix": null, "tiger:name_type_1": null, "tiger:name_base_1": null, "name_1": null, "lane_markings": null, "maxspeed": null, "tiger:name_direction_prefix": null, "smoothness": null, "ref:usfs": null, "wikipedia": null, "oneway": "no", "motorcar": null, "motor_vehicle": null, "foot": null, "covered": "no", "tiger:name_type": null, "tiger:name_base": null, "surface": null, "name": null, "service": null, "access": "private", "tiger:reviewed": null, "tiger:county": null, "tiger:cfcc": null, "highway": "service" }, "geometry": { "type": "LineString", "coordinates": [ [ -104.8563218, 38.770673 ], [ -104.8561716, 38.7705579 ], [ -104.8560884, 38.7705161 ], [ -104.856016, 38.7704994 ], [ -104.8558712, 38.770468 ], [ -104.8558283, 38.7704555 ], [ -104.8558148, 38.7704283 ], [ -104.85579, 38.7703299 ], [ -104.8558007, 38.7702666 ], [ -104.8557864, 38.7701794 ], [ -104.8557739, 38.7701354 ], [ -104.8557639, 38.7700623 ], [ -104.8557263, 38.7700059 ], [ -104.8556646, 38.7699515 ], [ -104.8556083, 38.769895 ], [ -104.8555547, 38.769826 ], [ -104.8554903, 38.7697215 ], [ -104.8554742, 38.7696943 ], [ -104.8554393, 38.7696734 ], [ -104.8552785, 38.7696472 ] ] } },
{ "type": "Feature", "properties": { "full_id": "w1133548229", "osm_id": "1133548229", "osm_type": "way", "horse": null, "playground:theme": null, "playground": null, "colour": null, "backrest": null, "amenity": null, "power": null, "incline": null, "handrail:right": null, "handrail:left": null, "rockfall_barrier": null, "bridge:structure": null, "fence_type": null, "material": null, "ladder": null, "dog": null, "segregated": null, "mtb:scale:imba": null, "mtb:scale": null, "par": null, "source:hgv": null, "hgv": null, "attraction": null, "content": null, "footway": null, "crossing": null, "handrail": null, "bridge": null, "aerialway": null, "barrier": null, "tunnel": null, "condition": null, "man_made": null, "golf_cart": null, "golf": null, "bicycle": null, "intermittent": null, "waterway": null, "layer": null, "lanes": null, "ford": null, "natural": null, "attribution": null, "operator": null, "ref": null, "railway": null, "old_railway_operator": null, "alt_name": null, "tiger:CLASSFP": null, "wikidata": null, "tiger:STATEFP": null, "tiger:PLCIDFP": null, "tiger:PLACEFP": null, "tiger:PCINECTA": null, "tiger:PCICBSA": null, "tiger:NAMELSAD": null, "tiger:NAME": null, "tiger:MTFCC": null, "tiger:LSAD": null, "tiger:FUNCSTAT": null, "tiger:CPI": null, "is_in:state": null, "is_in:iso_3166_2": null, "gnis:feature_id": null, "border_type": null, "admin_level": null, "source:url": null, "boundary": null, "tiger:name_direction_suffix": null, "tiger:name_type_1": null, "tiger:name_base_1": null, "name_1": null, "lane_markings": null, "maxspeed": null, "tiger:name_direction_prefix": null, "smoothness": null, "ref:usfs": null, "wikipedia": null, "oneway": "no", "motorcar": null, "motor_vehicle": null, "foot": null, "covered": "no", "tiger:name_type": null, "tiger:name_base": null, "surface": "asphalt", "name": "Cheyenne Mountain Highway", "service": null, "access": "private", "tiger:reviewed": null, "tiger:county": null, "tiger:cfcc": null, "highway": "service" }, "geometry": { "type": "LineString", "coordinates": [ [ -104.8524462, 38.7706295 ], [ -104.8524523, 38.7706379 ] ] } },
{ "type": "Feature", "properties": { "full_id": "w1133548228", "osm_id": "1133548228", "osm_type": "way", "horse": null, "playground:theme": null, "playground": null, "colour": null, "backrest": null, "amenity": null, "power": null, "incline": null, "handrail:right": null, "handrail:left": null, "rockfall_barrier": null, "bridge:structure": null, "fence_type": null, "material": null, "ladder": null, "dog": null, "segregated": null, "mtb:scale:imba": null, "mtb:scale": null, "par": null, "source:hgv": null, "hgv": null, "attraction": null, "content": null, "footway": null, "crossing": null, "handrail": null, "bridge": null, "aerialway": null, "barrier": null, "tunnel": null, "condition": null, "man_made": null, "golf_cart": null, "golf": null, "bicycle": null, "intermittent": null, "waterway": null, "layer": null, "lanes": null, "ford": null, "natural": null, "attribution": null, "operator": null, "ref": null, "railway": null, "old_railway_operator": null, "alt_name": null, "tiger:CLASSFP": null, "wikidata": null, "tiger:STATEFP": null, "tiger:PLCIDFP": null, "tiger:PLACEFP": null, "tiger:PCINECTA": null, "tiger:PCICBSA": null, "tiger:NAMELSAD": null, "tiger:NAME": null, "tiger:MTFCC": null, "tiger:LSAD": null, "tiger:FUNCSTAT": null, "tiger:CPI": null, "is_in:state": null, "is_in:iso_3166_2": null, "gnis:feature_id": null, "border_type": null, "admin_level": null, "source:url": null, "boundary": null, "tiger:name_direction_suffix": null, "tiger:name_type_1": null, "tiger:name_base_1": null, "name_1": null, "lane_markings": null, "maxspeed": null, "tiger:name_direction_prefix": null, "smoothness": null, "ref:usfs": null, "wikipedia": null, "oneway": null, "motorcar": null, "motor_vehicle": null, "foot": null, "covered": null, "tiger:name_type": null, "tiger:name_base": null, "surface": null, "name": null, "service": null, "access": null, "tiger:reviewed": null, "tiger:county": null, "tiger:cfcc": null, "highway": "steps" }, "geometry": { "type": "LineString", "coordinates": [ [ -104.8524966, 38.7706996 ], [ -104.8525623, 38.7706548 ] ] } },
{ "type": "Feature", "properties": { "full_id": "w233076929", "osm_id": "233076929", "osm_type": "way", "horse": null, "playground:theme": null, "playground": null, "colour": null, "backrest": null, "amenity": null, "power": null, "incline": null, "handrail:right": null, "handrail:left": null, "rockfall_barrier": null, "bridge:structure": null, "fence_type": null, "material": null, "ladder": null, "dog": null, "segregated": null, "mtb:scale:imba": null, "mtb:scale": null, "par": null, "source:hgv": null, "hgv": null, "attraction": null, "content": null, "footway": null, "crossing": null, "handrail": null, "bridge": null, "aerialway": null, "barrier": null, "tunnel": null, "condition": null, "man_made": null, "golf_cart": null, "golf": null, "bicycle": null, "intermittent": null, "waterway": "stream", "layer": null, "lanes": null, "ford": null, "natural": null, "attribution": null, "operator": null, "ref": null, "railway": null, "old_railway_operator": null, "alt_name": null, "tiger:CLASSFP": null, "wikidata": null, "tiger:STATEFP": null, "tiger:PLCIDFP": null, "tiger:PLACEFP": null, "tiger:PCINECTA": null, "tiger:PCICBSA": null, "tiger:NAMELSAD": null, "tiger:NAME": null, "tiger:MTFCC": null, "tiger:LSAD": null, "tiger:FUNCSTAT": null, "tiger:CPI": null, "is_in:state": null, "is_in:iso_3166_2": null, "gnis:feature_id": null, "border_type": null, "admin_level": null, "source:url": null, "boundary": null, "tiger:name_direction_suffix": null, "tiger:name_type_1": null, "tiger:name_base_1": null, "name_1": null, "lane_markings": null, "maxspeed": null, "tiger:name_direction_prefix": null, "smoothness": null, "ref:usfs": null, "wikipedia": null, "oneway": null, "motorcar": null, "motor_vehicle": null, "foot": null, "covered": null, "tiger:name_type": null, "tiger:name_base": null, "surface": null, "name": null, "service": null, "access": null, "tiger:reviewed": null, "tiger:county": null, "tiger:cfcc": null, "highway": null }, "geometry": { "type": "LineString", "coordinates": [ [ -104.8621798, 38.7632285 ], [ -104.8615146, 38.763446 ], [ -104.8601628, 38.7637807 ], [ -104.8598409, 38.7637974 ], [ -104.8583818, 38.7636468 ], [ -104.857545, 38.7637974 ], [ -104.8570514, 38.763697 ], [ -104.8563051, 38.7637715 ], [ -104.8561391, 38.7638133 ], [ -104.8558923, 38.7638384 ], [ -104.8556026, 38.7638343 ], [ -104.8554095, 38.7639054 ], [ -104.855254, 38.7639012 ], [ -104.854637, 38.7637673 ], [ -104.8543474, 38.7637046 ], [ -104.8539558, 38.7637339 ], [ -104.8530545, 38.7637464 ], [ -104.8520943, 38.7637213 ], [ -104.8518905, 38.763759 ], [ -104.8517027, 38.7638343 ], [ -104.8515364, 38.7639639 ], [ -104.851413, 38.763989 ], [ -104.851059, 38.7640058 ], [ -104.8508766, 38.7640685 ], [ -104.8502919, 38.7645119 ] ] } },
{ "type": "Feature", "properties": { "full_id": "w1133548227", "osm_id": "1133548227", "osm_type": "way", "horse": null, "playground:theme": null, "playground": null, "colour": null, "backrest": null, "amenity": null, "power": null, "incline": null, "handrail:right": null, "handrail:left": null, "rockfall_barrier": null, "bridge:structure": null, "fence_type": null, "material": null, "ladder": null, "dog": null, "segregated": null, "mtb:scale:imba": null, "mtb:scale": null, "par": null, "source:hgv": null, "hgv": null, "attraction": null, "content": null, "footway": null, "crossing": null, "handrail": null, "bridge": null, "aerialway": null, "barrier": "wall", "tunnel": null, "condition": null, "man_made": null, "golf_cart": null, "golf": null, "bicycle": null, "intermittent": null, "waterway": null, "layer": null, "lanes": null, "ford": null, "natural": null, "attribution": null, "operator": null, "ref": null, "railway": null, "old_railway_operator": null, "alt_name": null, "tiger:CLASSFP": null, "wikidata": null, "tiger:STATEFP": null, "tiger:PLCIDFP": null, "tiger:PLACEFP": null, "tiger:PCINECTA": null, "tiger:PCICBSA": null, "tiger:NAMELSAD": null, "tiger:NAME": null, "tiger:MTFCC": null, "tiger:LSAD": null, "tiger:FUNCSTAT": null, "tiger:CPI": null, "is_in:state": null, "is_in:iso_3166_2": null, "gnis:feature_id": null, "border_type": null, "admin_level": null, "source:url": null, "boundary": null, "tiger:name_direction_suffix": null, "tiger:name_type_1": null, "tiger:name_base_1": null, "name_1": null, "lane_markings": null, "maxspeed": null, "tiger:name_direction_prefix": null, "smoothness": null, "ref:usfs": null, "wikipedia": null, "oneway": null, "motorcar": null, "motor_vehicle": null, "foot": null, "covered": null, "tiger:name_type": null, "tiger:name_base": null, "surface": null, "name": null, "service": null, "access": null, "tiger:reviewed": null, "tiger:county": null, "tiger:cfcc": null, "highway": null }, "geometry": { "type": "LineString", "coordinates": [ [ -104.8525681, 38.7707129 ], [ -104.8525708, 38.77067 ] ] } },
{ "type": "Feature", "properties": { "full_id": "w232961423", "osm_id": "232961423", "osm_type": "way", "horse": null, "playground:theme": null, "playground": null, "colour": null, "backrest": null, "amenity": null, "power": null, "incline": null, "handrail:right": null, "handrail:left": null, "rockfall_barrier": null, "bridge:structure": null, "fence_type": null, "material": null, "ladder": null, "dog": null, "segregated": null, "mtb:scale:imba": null, "mtb:scale": null, "par": null, "source:hgv": null, "hgv": null, "attraction": null, "content": null, "footway": null, "crossing": null, "handrail": null, "bridge": null, "aerialway": null, "barrier": null, "tunnel": null, "condition": null, "man_made": null, "golf_cart": null, "golf": null, "bicycle": null, "intermittent": null, "waterway": null, "layer": null, "lanes": null, "ford": null, "natural": null, "attribution": null, "operator": null, "ref": null, "railway": null, "old_railway_operator": null, "alt_name": null, "tiger:CLASSFP": null, "wikidata": null, "tiger:STATEFP": null, "tiger:PLCIDFP": null, "tiger:PLACEFP": null, "tiger:PCINECTA": null, "tiger:PCICBSA": null, "tiger:NAMELSAD": null, "tiger:NAME": null, "tiger:MTFCC": null, "tiger:LSAD": null, "tiger:FUNCSTAT": null, "tiger:CPI": null, "is_in:state": null, "is_in:iso_3166_2": null, "gnis:feature_id": null, "border_type": null, "admin_level": null, "source:url": null, "boundary": null, "tiger:name_direction_suffix": null, "tiger:name_type_1": null, "tiger:name_base_1": null, "name_1": null, "lane_markings": null, "maxspeed": null, "tiger:name_direction_prefix": null, "smoothness": null, "ref:usfs": null, "wikipedia": "en:Cheyenne Mountain Highway", "oneway": null, "motorcar": "permissive", "motor_vehicle": null, "foot": null, "covered": null, "tiger:name_type": null, "tiger:name_base": null, "surface": null, "name": null, "service": "parking_aisle", "access": null, "tiger:reviewed": null, "tiger:county": "El Paso, CO", "tiger:cfcc": "A41", "highway": "service" }, "geometry": { "type": "LineString", "coordinates": [ [ -104.8517766, 38.769856 ], [ -104.8515833, 38.7697867 ], [ -104.8514908, 38.7697303 ], [ -104.8512699, 38.7693048 ], [ -104.8511863, 38.7691426 ], [ -104.851071, 38.7690632 ], [ -104.8507183, 38.7689136 ], [ -104.8506244, 38.7688666 ], [ -104.8509168, 38.7687965 ], [ -104.8512811, 38.7689242 ], [ -104.851523, 38.7690088 ], [ -104.8516262, 38.7691562 ] ] } },
{ "type": "Feature", "properties": { "full_id": "w1155599481", "osm_id": "1155599481", "osm_type": "way", "horse": null, "playground:theme": null, "playground": null, "colour": null, "backrest": null, "amenity": null, "power": null, "incline": null, "handrail:right": null, "handrail:left": null, "rockfall_barrier": null, "bridge:structure": null, "fence_type": null, "material": null, "ladder": null, "dog": null, "segregated": null, "mtb:scale:imba": null, "mtb:scale": null, "par": null, "source:hgv": null, "hgv": null, "attraction": null, "content": null, "footway": null, "crossing": null, "handrail": null, "bridge": null, "aerialway": null, "barrier": null, "tunnel": null, "condition": null, "man_made": null, "golf_cart": null, "golf": null, "bicycle": null, "intermittent": null, "waterway": null, "layer": null, "lanes": null, "ford": null, "natural": null, "attribution": null, "operator": null, "ref": null, "railway": null, "old_railway_operator": null, "alt_name": null, "tiger:CLASSFP": null, "wikidata": null, "tiger:STATEFP": null, "tiger:PLCIDFP": null, "tiger:PLACEFP": null, "tiger:PCINECTA": null, "tiger:PCICBSA": null, "tiger:NAMELSAD": null, "tiger:NAME": null, "tiger:MTFCC": null, "tiger:LSAD": null, "tiger:FUNCSTAT": null, "tiger:CPI": null, "is_in:state": null, "is_in:iso_3166_2": null, "gnis:feature_id": null, "border_type": null, "admin_level": null, "source:url": null, "boundary": null, "tiger:name_direction_suffix": null, "tiger:name_type_1": null, "tiger:name_base_1": null, "name_1": null, "lane_markings": null, "maxspeed": null, "tiger:name_direction_prefix": null, "smoothness": null, "ref:usfs": null, "wikipedia": null, "oneway": null, "motorcar": null, "motor_vehicle": null, "foot": null, "covered": null, "tiger:name_type": null, "tiger:name_base": null, "surface": "asphalt", "name": null, "service": "parking_aisle", "access": null, "tiger:reviewed": null, "tiger:county": null, "tiger:cfcc": null, "highway": "service" }, "geometry": { "type": "LineString", "coordinates": [ [ -104.8515316, 38.7693889 ], [ -104.8514605, 38.7692588 ], [ -104.8512811, 38.7689242 ] ] } },
{ "type": "Feature", "properties": { "full_id": "w1155599480", "osm_id": "1155599480", "osm_type": "way", "horse": null, "playground:theme": null, "playground": null, "colour": null, "backrest": null, "amenity": null, "power": null, "incline": null, "handrail:right": null, "handrail:left": null, "rockfall_barrier": null, "bridge:structure": null, "fence_type": null, "material": null, "ladder": null, "dog": null, "segregated": null, "mtb:scale:imba": null, "mtb:scale": null, "par": null, "source:hgv": null, "hgv": null, "attraction": null, "content": null, "footway": null, "crossing": null, "handrail": null, "bridge": null, "aerialway": null, "barrier": null, "tunnel": null, "condition": null, "man_made": null, "golf_cart": null, "golf": null, "bicycle": null, "intermittent": null, "waterway": null, "layer": null, "lanes": null, "ford": null, "natural": null, "attribution": null, "operator": null, "ref": null, "railway": null, "old_railway_operator": null, "alt_name": null, "tiger:CLASSFP": null, "wikidata": null, "tiger:STATEFP": null, "tiger:PLCIDFP": null, "tiger:PLACEFP": null, "tiger:PCINECTA": null, "tiger:PCICBSA": null, "tiger:NAMELSAD": null, "tiger:NAME": null, "tiger:MTFCC": null, "tiger:LSAD": null, "tiger:FUNCSTAT": null, "tiger:CPI": null, "is_in:state": null, "is_in:iso_3166_2": null, "gnis:feature_id": null, "border_type": null, "admin_level": null, "source:url": null, "boundary": null, "tiger:name_direction_suffix": null, "tiger:name_type_1": null, "tiger:name_base_1": null, "name_1": null, "lane_markings": null, "maxspeed": null, "tiger:name_direction_prefix": null, "smoothness": null, "ref:usfs": null, "wikipedia": null, "oneway": null, "motorcar": null, "motor_vehicle": null, "foot": null, "covered": null, "tiger:name_type": null, "tiger:name_base": null, "surface": "asphalt", "name": null, "service": "parking_aisle", "access": null, "tiger:reviewed": null, "tiger:county": null, "tiger:cfcc": null, "highway": "service" }, "geometry": { "type": "LineString", "coordinates": [ [ -104.8516262, 38.7691562 ], [ -104.8516454, 38.7691928 ], [ -104.8516581, 38.7692171 ], [ -104.851943, 38.7697603 ], [ -104.8520023, 38.7698968 ], [ -104.8520256, 38.769986 ], [ -104.8520279, 38.7701029 ] ] } },
{ "type": "Feature", "properties": { "full_id": "w1155599479", "osm_id": "1155599479", "osm_type": "way", "horse": null, "playground:theme": null, "playground": null, "colour": null, "backrest": null, "amenity": null, "power": null, "incline": null, "handrail:right": null, "handrail:left": null, "rockfall_barrier": null, "bridge:structure": null, "fence_type": null, "material": null, "ladder": null, "dog": null, "segregated": null, "mtb:scale:imba": null, "mtb:scale": null, "par": null, "source:hgv": null, "hgv": null, "attraction": null, "content": null, "footway": null, "crossing": null, "handrail": null, "bridge": null, "aerialway": null, "barrier": null, "tunnel": null, "condition": null, "man_made": null, "golf_cart": null, "golf": null, "bicycle": null, "intermittent": null, "waterway": null, "layer": null, "lanes": null, "ford": null, "natural": null, "attribution": null, "operator": null, "ref": null, "railway": null, "old_railway_operator": null, "alt_name": null, "tiger:CLASSFP": null, "wikidata": null, "tiger:STATEFP": null, "tiger:PLCIDFP": null, "tiger:PLACEFP": null, "tiger:PCINECTA": null, "tiger:PCICBSA": null, "tiger:NAMELSAD": null, "tiger:NAME": null, "tiger:MTFCC": null, "tiger:LSAD": null, "tiger:FUNCSTAT": null, "tiger:CPI": null, "is_in:state": null, "is_in:iso_3166_2": null, "gnis:feature_id": null, "border_type": null, "admin_level": null, "source:url": null, "boundary": null, "tiger:name_direction_suffix": null, "tiger:name_type_1": null, "tiger:name_base_1": null, "name_1": null, "lane_markings": null, "maxspeed": null, "tiger:name_direction_prefix": null, "smoothness": null, "ref:usfs": null, "wikipedia": null, "oneway": null, "motorcar": null, "motor_vehicle": null, "foot": null, "covered": null, "tiger:name_type": null, "tiger:name_base": null, "surface": "asphalt", "name": null, "service": "parking_aisle", "access": null, "tiger:reviewed": null, "tiger:county": null, "tiger:cfcc": null, "highway": "service" }, "geometry": { "type": "LineString", "coordinates": [ [ -104.8522324, 38.7699108 ], [ -104.8524667, 38.7698815 ] ] } },
{ "type": "Feature", "properties": { "full_id": "w218012432", "osm_id": "218012432", "osm_type": "way", "horse": null, "playground:theme": null, "playground": null, "colour": null, "backrest": null, "amenity": null, "power": null, "incline": null, "handrail:right": null, "handrail:left": null, "rockfall_barrier": null, "bridge:structure": null, "fence_type": null, "material": null, "ladder": null, "dog": null, "segregated": null, "mtb:scale:imba": null, "mtb:scale": null, "par": null, "source:hgv": null, "hgv": null, "attraction": null, "content": null, "footway": null, "crossing": null, "handrail": null, "bridge": null, "aerialway": null, "barrier": null, "tunnel": null, "condition": null, "man_made": null, "golf_cart": null, "golf": null, "bicycle": null, "intermittent": null, "waterway": null, "layer": null, "lanes": null, "ford": null, "natural": null, "attribution": null, "operator": null, "ref": null, "railway": null, "old_railway_operator": null, "alt_name": null, "tiger:CLASSFP": null, "wikidata": null, "tiger:STATEFP": null, "tiger:PLCIDFP": null, "tiger:PLACEFP": null, "tiger:PCINECTA": null, "tiger:PCICBSA": null, "tiger:NAMELSAD": null, "tiger:NAME": null, "tiger:MTFCC": null, "tiger:LSAD": null, "tiger:FUNCSTAT": null, "tiger:CPI": null, "is_in:state": null, "is_in:iso_3166_2": null, "gnis:feature_id": null, "border_type": null, "admin_level": null, "source:url": null, "boundary": null, "tiger:name_direction_suffix": null, "tiger:name_type_1": null, "tiger:name_base_1": null, "name_1": null, "lane_markings": null, "maxspeed": null, "tiger:name_direction_prefix": null, "smoothness": null, "ref:usfs": null, "wikipedia": null, "oneway": null, "motorcar": null, "motor_vehicle": null, "foot": null, "covered": null, "tiger:name_type": null, "tiger:name_base": null, "surface": null, "name": null, "service": null, "access": null, "tiger:reviewed": null, "tiger:county": null, "tiger:cfcc": null, "highway": "footway" }, "geometry": { "type": "LineString", "coordinates": [ [ -104.8630469, 38.7716987 ], [ -104.8630954, 38.7717981 ], [ -104.8631005, 38.7719316 ], [ -104.8630929, 38.7719894 ], [ -104.8630139, 38.7720569 ], [ -104.862877, 38.7721355 ], [ -104.8627995, 38.7721856 ], [ -104.8627533, 38.77223 ], [ -104.8626861, 38.7723265 ] ] } },
{ "type": "Feature", "properties": { "full_id": "w218012402", "osm_id": "218012402", "osm_type": "way", "horse": null, "playground:theme": null, "playground": null, "colour": null, "backrest": null, "amenity": null, "power": null, "incline": null, "handrail:right": null, "handrail:left": null, "rockfall_barrier": null, "bridge:structure": null, "fence_type": null, "material": null, "ladder": null, "dog": null, "segregated": null, "mtb:scale:imba": null, "mtb:scale": null, "par": null, "source:hgv": null, "hgv": null, "attraction": null, "content": null, "footway": null, "crossing": null, "handrail": null, "bridge": null, "aerialway": null, "barrier": null, "tunnel": null, "condition": null, "man_made": null, "golf_cart": null, "golf": null, "bicycle": null, "intermittent": null, "waterway": null, "layer": null, "lanes": null, "ford": "yes", "natural": null, "attribution": null, "operator": null, "ref": null, "railway": null, "old_railway_operator": null, "alt_name": null, "tiger:CLASSFP": null, "wikidata": null, "tiger:STATEFP": null, "tiger:PLCIDFP": null, "tiger:PLACEFP": null, "tiger:PCINECTA": null, "tiger:PCICBSA": null, "tiger:NAMELSAD": null, "tiger:NAME": null, "tiger:MTFCC": null, "tiger:LSAD": null, "tiger:FUNCSTAT": null, "tiger:CPI": null, "is_in:state": null, "is_in:iso_3166_2": null, "gnis:feature_id": null, "border_type": null, "admin_level": null, "source:url": null, "boundary": null, "tiger:name_direction_suffix": null, "tiger:name_type_1": null, "tiger:name_base_1": null, "name_1": null, "lane_markings": null, "maxspeed": null, "tiger:name_direction_prefix": null, "smoothness": null, "ref:usfs": null, "wikipedia": null, "oneway": "no", "motorcar": null, "motor_vehicle": null, "foot": null, "covered": "no", "tiger:name_type": null, "tiger:name_base": null, "surface": "asphalt", "name": "Cheyenne Mountain Highway", "service": null, "access": "private", "tiger:reviewed": null, "tiger:county": null, "tiger:cfcc": null, "highway": "service" }, "geometry": { "type": "LineString", "coordinates": [ [ -104.8552785, 38.7696472 ], [ -104.8553013, 38.7697369 ], [ -104.8552952, 38.7699672 ], [ -104.8553223, 38.7701476 ], [ -104.8553269, 38.7702842 ], [ -104.8553059, 38.7703744 ], [ -104.8552007, 38.7705948 ], [ -104.8551628, 38.7706923 ], [ -104.8551493, 38.770767 ], [ -104.8551463, 38.7709646 ], [ -104.8551648, 38.7710633 ], [ -104.8552084, 38.7711942 ], [ -104.8552646, 38.7713201 ], [ -104.8553205, 38.7713891 ], [ -104.855337, 38.7714095 ], [ -104.8554199, 38.7714877 ] ] } },
{ "type": "Feature", "properties": { "full_id": "w232961294", "osm_id": "232961294", "osm_type": "way", "horse": null, "playground:theme": null, "playground": null, "colour": null, "backrest": null, "amenity": null, "power": null, "incline": null, "handrail:right": null, "handrail:left": null, "rockfall_barrier": null, "bridge:structure": null, "fence_type": null, "material": null, "ladder": null, "dog": null, "segregated": null, "mtb:scale:imba": null, "mtb:scale": null, "par": null, "source:hgv": null, "hgv": null, "attraction": null, "content": null, "footway": null, "crossing": null, "handrail": null, "bridge": null, "aerialway": null, "barrier": null, "tunnel": null, "condition": null, "man_made": null, "golf_cart": null, "golf": null, "bicycle": null, "intermittent": null, "waterway": "drain", "layer": null, "lanes": null, "ford": null, "natural": null, "attribution": null, "operator": null, "ref": null, "railway": null, "old_railway_operator": null, "alt_name": null, "tiger:CLASSFP": null, "wikidata": null, "tiger:STATEFP": null, "tiger:PLCIDFP": null, "tiger:PLACEFP": null, "tiger:PCINECTA": null, "tiger:PCICBSA": null, "tiger:NAMELSAD": null, "tiger:NAME": null, "tiger:MTFCC": null, "tiger:LSAD": null, "tiger:FUNCSTAT": null, "tiger:CPI": null, "is_in:state": null, "is_in:iso_3166_2": null, "gnis:feature_id": null, "border_type": null, "admin_level": null, "source:url": null, "boundary": null, "tiger:name_direction_suffix": null, "tiger:name_type_1": null, "tiger:name_base_1": null, "name_1": null, "lane_markings": null, "maxspeed": null, "tiger:name_direction_prefix": null, "smoothness": null, "ref:usfs": null, "wikipedia": null, "oneway": null, "motorcar": null, "motor_vehicle": null, "foot": null, "covered": null, "tiger:name_type": null, "tiger:name_base": null, "surface": null, "name": null, "service": null, "access": null, "tiger:reviewed": null, "tiger:county": null, "tiger:cfcc": null, "highway": null }, "geometry": { "type": "LineString", "coordinates": [ [ -104.8630053, 38.765821 ], [ -104.8628425, 38.7658631 ], [ -104.8627132, 38.7659259 ], [ -104.8625788, 38.7660071 ], [ -104.8623535, 38.7661702 ], [ -104.8623272, 38.7661891 ] ] } },
{ "type": "Feature", "properties": { "full_id": "w232961311", "osm_id": "232961311", "osm_type": "way", "horse": null, "playground:theme": null, "playground": null, "colour": null, "backrest": null, "amenity": null, "power": null, "incline": null, "handrail:right": null, "handrail:left": null, "rockfall_barrier": null, "bridge:structure": null, "fence_type": null, "material": null, "ladder": null, "dog": null, "segregated": null, "mtb:scale:imba": null, "mtb:scale": null, "par": null, "source:hgv": null, "hgv": null, "attraction": null, "content": null, "footway": null, "crossing": null, "handrail": null, "bridge": null, "aerialway": null, "barrier": null, "tunnel": null, "condition": null, "man_made": null, "golf_cart": null, "golf": null, "bicycle": null, "intermittent": null, "waterway": null, "layer": null, "lanes": null, "ford": null, "natural": null, "attribution": null, "operator": null, "ref": null, "railway": null, "old_railway_operator": null, "alt_name": null, "tiger:CLASSFP": null, "wikidata": null, "tiger:STATEFP": null, "tiger:PLCIDFP": null, "tiger:PLACEFP": null, "tiger:PCINECTA": null, "tiger:PCICBSA": null, "tiger:NAMELSAD": null, "tiger:NAME": null, "tiger:MTFCC": null, "tiger:LSAD": null, "tiger:FUNCSTAT": null, "tiger:CPI": null, "is_in:state": null, "is_in:iso_3166_2": null, "gnis:feature_id": null, "border_type": null, "admin_level": null, "source:url": null, "boundary": null, "tiger:name_direction_suffix": null, "tiger:name_type_1": null, "tiger:name_base_1": null, "name_1": null, "lane_markings": null, "maxspeed": null, "tiger:name_direction_prefix": null, "smoothness": null, "ref:usfs": null, "wikipedia": "en:Cheyenne Mountain Highway", "oneway": "no", "motorcar": null, "motor_vehicle": null, "foot": null, "covered": "no", "tiger:name_type": null, "tiger:name_base": null, "surface": "asphalt", "name": "Cheyenne Mountain Highway", "service": null, "access": "private", "tiger:reviewed": null, "tiger:county": "El Paso, CO", "tiger:cfcc": "A41", "highway": "service" }, "geometry": { "type": "LineString", "coordinates": [ [ -104.8631327, 38.771627 ], [ -104.8630933, 38.7716687 ], [ -104.8630469, 38.7716987 ], [ -104.8629357, 38.7717431 ], [ -104.8628065, 38.7717983 ] ] } },
{ "type": "Feature", "properties": { "full_id": "w37296862", "osm_id": "37296862", "osm_type": "way", "horse": null, "playground:theme": null, "playground": null, "colour": null, "backrest": null, "amenity": null, "power": null, "incline": null, "handrail:right": null, "handrail:left": null, "rockfall_barrier": null, "bridge:structure": null, "fence_type": null, "material": null, "ladder": null, "dog": null, "segregated": null, "mtb:scale:imba": null, "mtb:scale": null, "par": null, "source:hgv": null, "hgv": null, "attraction": null, "content": null, "footway": null, "crossing": null, "handrail": null, "bridge": null, "aerialway": null, "barrier": null, "tunnel": null, "condition": null, "man_made": null, "golf_cart": null, "golf": null, "bicycle": null, "intermittent": null, "waterway": null, "layer": null, "lanes": null, "ford": null, "natural": null, "attribution": null, "operator": null, "ref": null, "railway": null, "old_railway_operator": null, "alt_name": null, "tiger:CLASSFP": null, "wikidata": null, "tiger:STATEFP": null, "tiger:PLCIDFP": null, "tiger:PLACEFP": null, "tiger:PCINECTA": null, "tiger:PCICBSA": null, "tiger:NAMELSAD": null, "tiger:NAME": null, "tiger:MTFCC": null, "tiger:LSAD": null, "tiger:FUNCSTAT": null, "tiger:CPI": null, "is_in:state": null, "is_in:iso_3166_2": null, "gnis:feature_id": null, "border_type": null, "admin_level": null, "source:url": null, "boundary": null, "tiger:name_direction_suffix": null, "tiger:name_type_1": null, "tiger:name_base_1": null, "name_1": null, "lane_markings": null, "maxspeed": null, "tiger:name_direction_prefix": null, "smoothness": null, "ref:usfs": null, "wikipedia": null, "oneway": null, "motorcar": null, "motor_vehicle": null, "foot": null, "covered": null, "tiger:name_type": null, "tiger:name_base": null, "surface": null, "name": null, "service": null, "access": null, "tiger:reviewed": null, "tiger:county": null, "tiger:cfcc": null, "highway": "footway" }, "geometry": { "type": "LineString", "coordinates": [ [ -104.8529827, 38.7702439 ], [ -104.8530152, 38.7701558 ], [ -104.8529426, 38.7700908 ], [ -104.8529835, 38.7700515 ], [ -104.8530923, 38.7700279 ], [ -104.8531103, 38.7699735 ], [ -104.8530537, 38.769968 ], [ -104.852943, 38.7699872 ], [ -104.8529283, 38.7699314 ], [ -104.8529862, 38.7698771 ], [ -104.8531033, 38.7698903 ], [ -104.8531363, 38.7698488 ], [ -104.8532748, 38.7698415 ], [ -104.8533027, 38.7698284 ], [ -104.8534185, 38.7697289 ], [ -104.8534801, 38.7696433 ], [ -104.8535012, 38.7696044 ], [ -104.8535038, 38.7695853 ], [ -104.8534117, 38.7694483 ], [ -104.8532892, 38.7692843 ], [ -104.8532495, 38.7692434 ], [ -104.8531337, 38.7691762 ] ] } },
{ "type": "Feature", "properties": { "full_id": "w37297284", "osm_id": "37297284", "osm_type": "way", "horse": null, "playground:theme": null, "playground": null, "colour": null, "backrest": null, "amenity": null, "power": null, "incline": null, "handrail:right": null, "handrail:left": null, "rockfall_barrier": null, "bridge:structure": null, "fence_type": null, "material": null, "ladder": null, "dog": null, "segregated": null, "mtb:scale:imba": null, "mtb:scale": null, "par": null, "source:hgv": null, "hgv": null, "attraction": null, "content": null, "footway": null, "crossing": null, "handrail": null, "bridge": null, "aerialway": null, "barrier": null, "tunnel": null, "condition": null, "man_made": null, "golf_cart": null, "golf": null, "bicycle": null, "intermittent": null, "waterway": null, "layer": null, "lanes": null, "ford": null, "natural": null, "attribution": null, "operator": null, "ref": null, "railway": null, "old_railway_operator": null, "alt_name": null, "tiger:CLASSFP": null, "wikidata": null, "tiger:STATEFP": null, "tiger:PLCIDFP": null, "tiger:PLACEFP": null, "tiger:PCINECTA": null, "tiger:PCICBSA": null, "tiger:NAMELSAD": null, "tiger:NAME": null, "tiger:MTFCC": null, "tiger:LSAD": null, "tiger:FUNCSTAT": null, "tiger:CPI": null, "is_in:state": null, "is_in:iso_3166_2": null, "gnis:feature_id": null, "border_type": null, "admin_level": null, "source:url": null, "boundary": null, "tiger:name_direction_suffix": null, "tiger:name_type_1": null, "tiger:name_base_1": null, "name_1": null, "lane_markings": null, "maxspeed": null, "tiger:name_direction_prefix": null, "smoothness": null, "ref:usfs": null, "wikipedia": null, "oneway": null, "motorcar": null, "motor_vehicle": null, "foot": null, "covered": null, "tiger:name_type": null, "tiger:name_base": null, "surface": null, "name": null, "service": "parking_aisle", "access": null, "tiger:reviewed": null, "tiger:county": null, "tiger:cfcc": null, "highway": "service" }, "geometry": { "type": "LineString", "coordinates": [ [ -104.8526443, 38.7714999 ], [ -104.8522703, 38.7709867 ], [ -104.8520386, 38.7708261 ], [ -104.8520026, 38.7707598 ], [ -104.8519533, 38.7706509 ], [ -104.8519464, 38.7705639 ], [ -104.8519797, 38.7705068 ], [ -104.852013, 38.7704666 ], [ -104.8521759, 38.7703713 ], [ -104.852233, 38.7703287 ] ] } },
{ "type": "Feature", "properties": { "full_id": "w37297279", "osm_id": "37297279", "osm_type": "way", "horse": null, "playground:theme": null, "playground": null, "colour": null, "backrest": null, "amenity": null, "power": null, "incline": null, "handrail:right": null, "handrail:left": null, "rockfall_barrier": null, "bridge:structure": null, "fence_type": null, "material": null, "ladder": null, "dog": null, "segregated": null, "mtb:scale:imba": null, "mtb:scale": null, "par": null, "source:hgv": null, "hgv": null, "attraction": null, "content": null, "footway": null, "crossing": null, "handrail": null, "bridge": null, "aerialway": null, "barrier": null, "tunnel": null, "condition": null, "man_made": null, "golf_cart": null, "golf": null, "bicycle": null, "intermittent": null, "waterway": null, "layer": null, "lanes": null, "ford": null, "natural": null, "attribution": null, "operator": null, "ref": null, "railway": null, "old_railway_operator": null, "alt_name": null, "tiger:CLASSFP": null, "wikidata": null, "tiger:STATEFP": null, "tiger:PLCIDFP": null, "tiger:PLACEFP": null, "tiger:PCINECTA": null, "tiger:PCICBSA": null, "tiger:NAMELSAD": null, "tiger:NAME": null, "tiger:MTFCC": null, "tiger:LSAD": null, "tiger:FUNCSTAT": null, "tiger:CPI": null, "is_in:state": null, "is_in:iso_3166_2": null, "gnis:feature_id": null, "border_type": null, "admin_level": null, "source:url": null, "boundary": null, "tiger:name_direction_suffix": null, "tiger:name_type_1": null, "tiger:name_base_1": null, "name_1": null, "lane_markings": null, "maxspeed": null, "tiger:name_direction_prefix": null, "smoothness": null, "ref:usfs": null, "wikipedia": null, "oneway": "yes", "motorcar": null, "motor_vehicle": null, "foot": null, "covered": null, "tiger:name_type": null, "tiger:name_base": null, "surface": null, "name": null, "service": "parking_aisle", "access": null, "tiger:reviewed": null, "tiger:county": null, "tiger:cfcc": null, "highway": "service" }, "geometry": { "type": "LineString", "coordinates": [ [ -104.8523304, 38.7713882 ], [ -104.8520815, 38.7712811 ], [ -104.8519356, 38.7710938 ], [ -104.8519142, 38.7709658 ] ] } },
{ "type": "Feature", "properties": { "full_id": "w37297072", "osm_id": "37297072", "osm_type": "way", "horse": null, "playground:theme": null, "playground": null, "colour": null, "backrest": null, "amenity": null, "power": null, "incline": null, "handrail:right": null, "handrail:left": null, "rockfall_barrier": null, "bridge:structure": null, "fence_type": null, "material": null, "ladder": null, "dog": null, "segregated": null, "mtb:scale:imba": null, "mtb:scale": null, "par": null, "source:hgv": null, "hgv": null, "attraction": null, "content": null, "footway": null, "crossing": null, "handrail": null, "bridge": null, "aerialway": null, "barrier": null, "tunnel": null, "condition": null, "man_made": null, "golf_cart": null, "golf": null, "bicycle": null, "intermittent": null, "waterway": null, "layer": null, "lanes": null, "ford": null, "natural": null, "attribution": null, "operator": null, "ref": null, "railway": null, "old_railway_operator": null, "alt_name": null, "tiger:CLASSFP": null, "wikidata": null, "tiger:STATEFP": null, "tiger:PLCIDFP": null, "tiger:PLACEFP": null, "tiger:PCINECTA": null, "tiger:PCICBSA": null, "tiger:NAMELSAD": null, "tiger:NAME": null, "tiger:MTFCC": null, "tiger:LSAD": null, "tiger:FUNCSTAT": null, "tiger:CPI": null, "is_in:state": null, "is_in:iso_3166_2": null, "gnis:feature_id": null, "border_type": null, "admin_level": null, "source:url": null, "boundary": null, "tiger:name_direction_suffix": null, "tiger:name_type_1": null, "tiger:name_base_1": null, "name_1": null, "lane_markings": null, "maxspeed": null, "tiger:name_direction_prefix": null, "smoothness": null, "ref:usfs": null, "wikipedia": null, "oneway": null, "motorcar": null, "motor_vehicle": null, "foot": null, "covered": null, "tiger:name_type": null, "tiger:name_base": null, "surface": null, "name": null, "service": "parking_aisle", "access": null, "tiger:reviewed": null, "tiger:county": null, "tiger:cfcc": null, "highway": "service" }, "geometry": { "type": "LineString", "coordinates": [ [ -104.8528084, 38.7718258 ], [ -104.852811, 38.7717629 ], [ -104.8527276, 38.7716093 ], [ -104.8526443, 38.7714999 ] ] } },
{ "type": "Feature", "properties": { "full_id": "w7686037", "osm_id": "7686037", "osm_type": "way", "horse": null, "playground:theme": null, "playground": null, "colour": null, "backrest": null, "amenity": null, "power": null, "incline": null, "handrail:right": null, "handrail:left": null, "rockfall_barrier": null, "bridge:structure": null, "fence_type": null, "material": null, "ladder": null, "dog": null, "segregated": null, "mtb:scale:imba": null, "mtb:scale": null, "par": null, "source:hgv": null, "hgv": null, "attraction": null, "content": null, "footway": null, "crossing": null, "handrail": null, "bridge": null, "aerialway": null, "barrier": null, "tunnel": null, "condition": null, "man_made": null, "golf_cart": null, "golf": null, "bicycle": null, "intermittent": null, "waterway": null, "layer": null, "lanes": null, "ford": null, "natural": null, "attribution": null, "operator": null, "ref": null, "railway": null, "old_railway_operator": null, "alt_name": null, "tiger:CLASSFP": null, "wikidata": null, "tiger:STATEFP": null, "tiger:PLCIDFP": null, "tiger:PLACEFP": null, "tiger:PCINECTA": null, "tiger:PCICBSA": null, "tiger:NAMELSAD": null, "tiger:NAME": null, "tiger:MTFCC": null, "tiger:LSAD": null, "tiger:FUNCSTAT": null, "tiger:CPI": null, "is_in:state": null, "is_in:iso_3166_2": null, "gnis:feature_id": null, "border_type": null, "admin_level": null, "source:url": null, "boundary": null, "tiger:name_direction_suffix": null, "tiger:name_type_1": null, "tiger:name_base_1": null, "name_1": null, "lane_markings": null, "maxspeed": null, "tiger:name_direction_prefix": null, "smoothness": null, "ref:usfs": null, "wikipedia": null, "oneway": null, "motorcar": null, "motor_vehicle": null, "foot": null, "covered": null, "tiger:name_type": "Rd", "tiger:name_base": "Cheyenne Mountain Zoo", "surface": null, "name": "Cheyenne Mountain Zoo Road", "service": null, "access": null, "tiger:reviewed": null, "tiger:county": "El Paso, CO", "tiger:cfcc": "A41", "highway": "tertiary" }, "geometry": { "type": "LineString", "coordinates": [ [ -104.8517944, 38.7701096 ], [ -104.8517226, 38.770178 ], [ -104.8516932, 38.7701984 ], [ -104.8516327, 38.7702525 ], [ -104.8515689, 38.7703114 ], [ -104.8515165, 38.7703918 ], [ -104.8514806, 38.7704698 ], [ -104.8514762, 38.7706409 ], [ -104.8515233, 38.7708669 ], [ -104.8515737, 38.7710493 ], [ -104.8515807, 38.7710628 ], [ -104.851598, 38.7710962 ], [ -104.8516996, 38.77128 ], [ -104.8517672, 38.7713772 ], [ -104.8518234, 38.771434 ], [ -104.8518805, 38.7714937 ], [ -104.8519637, 38.7715416 ], [ -104.8520516, 38.7715778 ], [ -104.8521664, 38.7716093 ], [ -104.8523905, 38.7716559 ], [ -104.8524842, 38.771674 ], [ -104.852578, 38.7717066 ], [ -104.8526671, 38.7717469 ], [ -104.8528084, 38.7718258 ], [ -104.852841, 38.7718579 ], [ -104.8528943, 38.7719413 ] ] } },
{ "type": "Feature", "properties": { "full_id": "w7677512", "osm_id": "7677512", "osm_type": "way", "horse": null, "playground:theme": null, "playground": null, "colour": null, "backrest": null, "amenity": null, "power": null, "incline": null, "handrail:right": null, "handrail:left": null, "rockfall_barrier": null, "bridge:structure": null, "fence_type": null, "material": null, "ladder": null, "dog": null, "segregated": null, "mtb:scale:imba": null, "mtb:scale": null, "par": null, "source:hgv": null, "hgv": null, "attraction": null, "content": null, "footway": null, "crossing": null, "handrail": null, "bridge": null, "aerialway": null, "barrier": null, "tunnel": null, "condition": null, "man_made": null, "golf_cart": null, "golf": null, "bicycle": null, "intermittent": null, "waterway": null, "layer": null, "lanes": null, "ford": null, "natural": null, "attribution": null, "operator": null, "ref": null, "railway": null, "old_railway_operator": null, "alt_name": null, "tiger:CLASSFP": null, "wikidata": null, "tiger:STATEFP": null, "tiger:PLCIDFP": null, "tiger:PLACEFP": null, "tiger:PCINECTA": null, "tiger:PCICBSA": null, "tiger:NAMELSAD": null, "tiger:NAME": null, "tiger:MTFCC": null, "tiger:LSAD": null, "tiger:FUNCSTAT": null, "tiger:CPI": null, "is_in:state": null, "is_in:iso_3166_2": null, "gnis:feature_id": null, "border_type": null, "admin_level": null, "source:url": null, "boundary": null, "tiger:name_direction_suffix": null, "tiger:name_type_1": null, "tiger:name_base_1": null, "name_1": null, "lane_markings": null, "maxspeed": null, "tiger:name_direction_prefix": null, "smoothness": null, "ref:usfs": null, "wikipedia": "en:Cheyenne Mountain Highway", "oneway": "no", "motorcar": "permissive", "motor_vehicle": "yes", "foot": "no", "covered": "no", "tiger:name_type": null, "tiger:name_base": null, "surface": "unpaved", "name": "Cheyenne Mountain Highway", "service": null, "access": "private", "tiger:reviewed": null, "tiger:county": "El Paso, CO", "tiger:cfcc": "A41", "highway": "service" }, "geometry": { "type": "LineString", "coordinates": [ [ -104.8660541, 38.759033 ], [ -104.866138, 38.7589728 ], [ -104.8661835, 38.7588788 ], [ -104.8662214, 38.7588551 ], [ -104.8662736, 38.7588518 ], [ -104.8663354, 38.7588772 ], [ -104.8663612, 38.7589823 ], [ -104.866357, 38.759054 ], [ -104.8663322, 38.7591539 ], [ -104.8662929, 38.7592073 ], [ -104.866251, 38.7592404 ], [ -104.8661828, 38.7592664 ], [ -104.8659984, 38.7593005 ], [ -104.865787, 38.7593269 ], [ -104.8657389, 38.7593489 ], [ -104.8657282, 38.7593777 ], [ -104.8657421, 38.7594033 ], [ -104.8657709, 38.7594205 ], [ -104.8658109, 38.7594358 ], [ -104.8659047, 38.759444 ], [ -104.8660292, 38.7594415 ], [ -104.866135, 38.7594464 ], [ -104.866379, 38.7594639 ], [ -104.8664666, 38.7594546 ], [ -104.8665391, 38.7594297 ], [ -104.8666009, 38.7593919 ], [ -104.8666441, 38.7593353 ], [ -104.8667301, 38.7591336 ], [ -104.8668195, 38.7589853 ], [ -104.8668941, 38.7589236 ], [ -104.8670074, 38.7588948 ], [ -104.8670766, 38.7588926 ], [ -104.8671059, 38.7589153 ], [ -104.867112, 38.7589372 ], [ -104.8671024, 38.7589624 ], [ -104.8670481, 38.7589999 ], [ -104.8669769, 38.7590523 ], [ -104.8668983, 38.7591291 ], [ -104.8668627, 38.7591995 ], [ -104.866824, 38.759306 ], [ -104.866804, 38.7594147 ], [ -104.8668056, 38.7595647 ], [ -104.8667738, 38.7596232 ], [ -104.8667358, 38.7596605 ], [ -104.8666882, 38.7596899 ], [ -104.8666113, 38.7597103 ], [ -104.8663781, 38.7597736 ], [ -104.8661187, 38.7598091 ], [ -104.8660452, 38.7598324 ], [ -104.8659666, 38.759867 ], [ -104.8659112, 38.7599212 ], [ -104.8658652, 38.7599846 ], [ -104.865664, 38.7604214 ], [ -104.8656398, 38.7604981 ], [ -104.8656144, 38.7606403 ], [ -104.8655678, 38.7607629 ], [ -104.86551, 38.7608668 ], [ -104.8654433, 38.7609544 ], [ -104.8653434, 38.7610453 ], [ -104.8652506, 38.7611193 ], [ -104.8651209, 38.761209 ], [ -104.8648531, 38.7613542 ], [ -104.8647769, 38.7614058 ], [ -104.8647613, 38.7614382 ], [ -104.8647674, 38.761461 ], [ -104.8647946, 38.7614832 ], [ -104.8648306, 38.7614908 ], [ -104.86487, 38.7614889 ], [ -104.865073, 38.7613945 ], [ -104.8652463, 38.7613374 ], [ -104.8654208, 38.7612783 ], [ -104.8656156, 38.7612157 ], [ -104.8659474, 38.7611546 ], [ -104.8659989, 38.7611565 ], [ -104.866026, 38.7611715 ], [ -104.8660465, 38.7612041 ], [ -104.8660406, 38.7612334 ], [ -104.8660151, 38.7612615 ], [ -104.8659678, 38.7612821 ], [ -104.8658946, 38.7612894 ], [ -104.8657442, 38.7613059 ], [ -104.8656471, 38.7613321 ], [ -104.865537, 38.761394 ], [ -104.8654264, 38.7614728 ], [ -104.8653517, 38.7615434 ], [ -104.865273, 38.7616036 ], [ -104.865192, 38.7616983 ], [ -104.865159, 38.7617539 ], [ -104.8651304, 38.7618269 ], [ -104.8651218, 38.7618957 ], [ -104.865148, 38.7621235 ], [ -104.8651458, 38.7621842 ], [ -104.8651327, 38.7622223 ], [ -104.8651083, 38.7622675 ], [ -104.8650614, 38.7623046 ], [ -104.8650097, 38.7623186 ], [ -104.8649252, 38.762312 ], [ -104.8648306, 38.7622943 ], [ -104.8647225, 38.7622534 ], [ -104.8645951, 38.7621922 ], [ -104.8644588, 38.7621197 ], [ -104.8643514, 38.7620433 ], [ -104.8639977, 38.7617954 ], [ -104.8639254, 38.7617561 ], [ -104.8638875, 38.7617582 ], [ -104.8638731, 38.7617825 ], [ -104.8638664, 38.761818 ], [ -104.8638979, 38.7618628 ], [ -104.8640154, 38.7619571 ], [ -104.8641635, 38.7620794 ], [ -104.8642639, 38.7621904 ], [ -104.8643244, 38.7622612 ], [ -104.8644034, 38.7623366 ], [ -104.8645009, 38.7623931 ], [ -104.8646244, 38.762438 ], [ -104.8647267, 38.7625069 ], [ -104.8647961, 38.7625786 ], [ -104.8648609, 38.7626553 ], [ -104.864942, 38.7628061 ], [ -104.8649808, 38.7629692 ], [ -104.8649832, 38.7631097 ], [ -104.8649723, 38.7632458 ], [ -104.8649374, 38.7633376 ], [ -104.8648977, 38.7634544 ], [ -104.8648867, 38.763544 ], [ -104.864902, 38.7636148 ], [ -104.8649381, 38.7636626 ], [ -104.8649669, 38.763693 ], [ -104.8650365, 38.7637423 ], [ -104.8651122, 38.7637812 ], [ -104.865251, 38.7638526 ], [ -104.8653274, 38.7639141 ], [ -104.8653876, 38.7639838 ], [ -104.8654249, 38.7641093 ], [ -104.8654259, 38.7641866 ], [ -104.8654454, 38.7642545 ], [ -104.8654724, 38.7643085 ], [ -104.8655503, 38.7643829 ], [ -104.8655747, 38.7644469 ], [ -104.865557, 38.7644854 ], [ -104.8655252, 38.7645156 ], [ -104.8654767, 38.7645228 ], [ -104.8654202, 38.7645042 ], [ -104.865341, 38.7644095 ], [ -104.8651524, 38.7641956 ], [ -104.865098, 38.7641463 ], [ -104.8650461, 38.7641172 ], [ -104.8649474, 38.7640954 ], [ -104.8648122, 38.7640568 ], [ -104.8647427, 38.7640141 ], [ -104.8647044, 38.7639675 ], [ -104.8646795, 38.7639183 ], [ -104.8646456, 38.7637488 ], [ -104.864611, 38.7636973 ], [ -104.8645658, 38.7636756 ], [ -104.8645186, 38.7636814 ], [ -104.8644868, 38.7637127 ], [ -104.8644701, 38.7637552 ], [ -104.8644711, 38.763818 ], [ -104.8644613, 38.7638903 ], [ -104.8644568, 38.7639244 ], [ -104.86444, 38.7639726 ], [ -104.8643926, 38.7640242 ], [ -104.864348, 38.7640553 ], [ -104.8642794, 38.7641232 ], [ -104.8642529, 38.7641979 ], [ -104.8642696, 38.7642617 ], [ -104.8642982, 38.7642986 ], [ -104.8644383, 38.7643602 ], [ -104.8646416, 38.7644194 ], [ -104.8648802, 38.7644727 ], [ -104.8649444, 38.764508 ], [ -104.8649946, 38.7645629 ], [ -104.8650297, 38.7646214 ], [ -104.8650707, 38.7646867 ], [ -104.8651607, 38.7649858 ], [ -104.8651977, 38.7650399 ], [ -104.8652464, 38.7650728 ], [ -104.8652977, 38.7650844 ], [ -104.8653489, 38.7650877 ], [ -104.8654475, 38.7650917 ], [ -104.8655683, 38.7650835 ], [ -104.8656384, 38.7650959 ], [ -104.8658546, 38.7651623 ], [ -104.8660966, 38.7651991 ], [ -104.8662697, 38.7652156 ], [ -104.8664584, 38.76523 ], [ -104.8664971, 38.7652498 ], [ -104.8665017, 38.765285 ], [ -104.8664937, 38.7653136 ], [ -104.8664515, 38.7653337 ], [ -104.8663035, 38.7653385 ], [ -104.8657554, 38.7652823 ], [ -104.8656375, 38.7652701 ], [ -104.8654914, 38.7652855 ], [ -104.8653147, 38.7653304 ], [ -104.865233, 38.7653431 ], [ -104.865135, 38.7653414 ], [ -104.8650034, 38.7653103 ], [ -104.864894, 38.7652674 ], [ -104.8648051, 38.7652017 ], [ -104.8645952, 38.7649221 ], [ -104.8644992, 38.7648395 ], [ -104.8643925, 38.7647893 ], [ -104.8640322, 38.7646867 ], [ -104.8632058, 38.7644485 ], [ -104.8631658, 38.7644444 ], [ -104.8631354, 38.764454 ], [ -104.8631206, 38.7644723 ], [ -104.8631208, 38.7644998 ], [ -104.8631346, 38.7645321 ], [ -104.8631776, 38.7645527 ], [ -104.8633962, 38.7646305 ], [ -104.8638262, 38.764747 ], [ -104.8640327, 38.7648445 ], [ -104.8641202, 38.7649031 ], [ -104.8641908, 38.7649578 ], [ -104.8642296, 38.7650214 ], [ -104.8644012, 38.7654162 ], [ -104.8644591, 38.7655033 ], [ -104.8645362, 38.765583 ], [ -104.8646275, 38.7656497 ], [ -104.8647123, 38.7656877 ], [ -104.8648905, 38.7657575 ], [ -104.8649711, 38.7658027 ], [ -104.8650477, 38.7658686 ], [ -104.8651076, 38.7659511 ], [ -104.8651366, 38.7660199 ], [ -104.8651906, 38.7661738 ], [ -104.8652275, 38.7662223 ], [ -104.8652766, 38.7662608 ], [ -104.8653541, 38.766289 ], [ -104.8654471, 38.7662939 ], [ -104.8656315, 38.7662953 ], [ -104.8657531, 38.7663061 ], [ -104.8658565, 38.7663303 ], [ -104.8660149, 38.7663999 ], [ -104.866238, 38.7665271 ], [ -104.8663357, 38.7666319 ], [ -104.8664161, 38.7668133 ], [ -104.8664796, 38.7669832 ], [ -104.8664955, 38.7671361 ], [ -104.8664548, 38.7673239 ], [ -104.8663575, 38.7677115 ], [ -104.8662348, 38.7680647 ], [ -104.866189, 38.7681374 ], [ -104.8661297, 38.7681954 ], [ -104.8660531, 38.7682242 ], [ -104.8659933, 38.7682337 ], [ -104.8659204, 38.7682336 ], [ -104.8653797, 38.7680864 ], [ -104.8653164, 38.7680734 ], [ -104.865248, 38.768027 ], [ -104.8652038, 38.7679589 ], [ -104.8652006, 38.767897 ], [ -104.8654244, 38.76718 ], [ -104.8654398, 38.7671027 ], [ -104.8654279, 38.7670605 ], [ -104.8653913, 38.7670071 ], [ -104.86533, 38.7669631 ], [ -104.8652459, 38.7669366 ], [ -104.8651167, 38.7668995 ], [ -104.8650019, 38.7668617 ], [ -104.8649035, 38.7667941 ], [ -104.8648378, 38.7667396 ], [ -104.8647188, 38.7665807 ], [ -104.864664, 38.7665408 ], [ -104.8645592, 38.7665052 ], [ -104.8644258, 38.7664788 ], [ -104.8643001, 38.766454 ], [ -104.8641703, 38.7664081 ], [ -104.8640922, 38.7663531 ], [ -104.8640374, 38.7662754 ], [ -104.8639646, 38.7662022 ], [ -104.8636508, 38.7659251 ], [ -104.8635266, 38.7658078 ], [ -104.8633037, 38.7654947 ], [ -104.8632277, 38.7654405 ], [ -104.8630463, 38.7653612 ], [ -104.862916, 38.7653002 ], [ -104.8627643, 38.7652177 ], [ -104.862736, 38.7652029 ], [ -104.8626856, 38.7651981 ], [ -104.8626385, 38.7652099 ], [ -104.8626211, 38.7652401 ], [ -104.8626289, 38.7652775 ], [ -104.8626609, 38.7653058 ], [ -104.8627816, 38.7653572 ], [ -104.862974, 38.765459 ], [ -104.8630936, 38.7655454 ], [ -104.8631929, 38.7656406 ], [ -104.8632362, 38.7657138 ], [ -104.8632862, 38.7658602 ], [ -104.8633201, 38.7659578 ], [ -104.8633985, 38.7660856 ], [ -104.8634818, 38.7662484 ], [ -104.8635679, 38.7664167 ], [ -104.863673, 38.7665476 ], [ -104.8637586, 38.7666695 ], [ -104.8638381, 38.7667573 ], [ -104.8639505, 38.76682 ], [ -104.8640283, 38.7669001 ], [ -104.8640781, 38.7669855 ], [ -104.8641631, 38.7670572 ], [ -104.8641958, 38.7671043 ], [ -104.8641971, 38.7671923 ], [ -104.8640722, 38.7676307 ], [ -104.8640278, 38.7676655 ], [ -104.8639568, 38.7676701 ], [ -104.8639076, 38.7676492 ], [ -104.8638737, 38.7676056 ], [ -104.8638609, 38.7675248 ], [ -104.8639051, 38.7674163 ], [ -104.8639441, 38.7672858 ], [ -104.8639486, 38.7671965 ], [ -104.863912, 38.767116 ], [ -104.8638389, 38.7670197 ], [ -104.863706, 38.766922 ], [ -104.8635426, 38.7668435 ], [ -104.8633903, 38.7667787 ], [ -104.8632735, 38.766754 ], [ -104.8631696, 38.7667244 ], [ -104.8631052, 38.7666677 ], [ -104.8630889, 38.7665537 ], [ -104.8630485, 38.766424 ], [ -104.862985, 38.7663197 ], [ -104.8629446, 38.7662455 ], [ -104.8628932, 38.7662001 ], [ -104.8628103, 38.7661283 ], [ -104.8627331, 38.7660643 ], [ -104.8626846, 38.7659583 ], [ -104.8625015, 38.7658633 ], [ -104.8623224, 38.7658044 ], [ -104.8621521, 38.7657279 ], [ -104.8619421, 38.7656565 ], [ -104.861704, 38.7656272 ], [ -104.8615801, 38.7656115 ], [ -104.8614801, 38.7655899 ], [ -104.8613422, 38.7655339 ], [ -104.8612204, 38.7655255 ], [ -104.8609448, 38.7654651 ], [ -104.8608157, 38.7654472 ], [ -104.8607661, 38.7654481 ], [ -104.8607256, 38.765472 ], [ -104.8607248, 38.765512 ], [ -104.8607504, 38.7655397 ], [ -104.8607869, 38.7655562 ], [ -104.8610278, 38.7656078 ], [ -104.8613542, 38.7656839 ], [ -104.8615811, 38.7657719 ], [ -104.861895, 38.7659248 ], [ -104.8620869, 38.7660603 ], [ -104.8622017, 38.7661546 ], [ -104.8623253, 38.7662546 ], [ -104.8623868, 38.7663397 ], [ -104.8624339, 38.7664439 ], [ -104.8624553, 38.7665511 ], [ -104.862412, 38.7667022 ], [ -104.8624155, 38.7668161 ], [ -104.8624567, 38.7669294 ], [ -104.8625273, 38.7670664 ], [ -104.8626714, 38.7672436 ], [ -104.8626938, 38.7673373 ], [ -104.8626936, 38.7674079 ], [ -104.8626502, 38.7675138 ], [ -104.8625931, 38.7676463 ], [ -104.8625577, 38.7677432 ], [ -104.8624372, 38.7679452 ], [ -104.862381, 38.7680616 ], [ -104.8623707, 38.768156 ], [ -104.8623916, 38.7682541 ], [ -104.8624347, 38.768339 ], [ -104.8625247, 38.7684133 ], [ -104.862631, 38.7684562 ], [ -104.8627889, 38.7684793 ], [ -104.8629214, 38.7685116 ], [ -104.863005, 38.7685446 ], [ -104.8630298, 38.7685747 ], [ -104.863038, 38.7686398 ], [ -104.863082, 38.7687081 ], [ -104.8631948, 38.7688245 ], [ -104.8633158, 38.768936 ], [ -104.8633925, 38.7690729 ], [ -104.8637, 38.7693738 ], [ -104.8638215, 38.7694904 ], [ -104.8638776, 38.7696143 ], [ -104.8639257, 38.7696621 ], [ -104.8640015, 38.7697195 ], [ -104.8642712, 38.7698972 ], [ -104.8645692, 38.7701003 ], [ -104.8646349, 38.7701799 ], [ -104.8646935, 38.7702704 ], [ -104.8647501, 38.7703934 ], [ -104.8647632, 38.770477 ], [ -104.8647415, 38.7705073 ], [ -104.8647053, 38.770512 ], [ -104.8646755, 38.7704989 ], [ -104.8645996, 38.7704154 ], [ -104.8645213, 38.7703419 ], [ -104.8644316, 38.7702737 ], [ -104.8643138, 38.7701899 ], [ -104.8642035, 38.7701382 ], [ -104.8639925, 38.7700329 ], [ -104.8638384, 38.7699667 ], [ -104.8637161, 38.7698747 ], [ -104.8635675, 38.7698023 ], [ -104.8632003, 38.7695423 ], [ -104.8629637, 38.7693769 ], [ -104.8628756, 38.7693402 ], [ -104.8627658, 38.7693082 ], [ -104.8622421, 38.7691926 ], [ -104.8621833, 38.7691916 ], [ -104.8621508, 38.7692064 ], [ -104.8621296, 38.7692375 ], [ -104.8621471, 38.7692753 ], [ -104.8621801, 38.7693076 ], [ -104.8622403, 38.769337 ], [ -104.8626491, 38.7694792 ], [ -104.8627459, 38.769517 ], [ -104.8628142, 38.769563 ], [ -104.8628834, 38.7696616 ], [ -104.8629813, 38.7697791 ], [ -104.8633651, 38.7701033 ], [ -104.8637107, 38.7703805 ], [ -104.8638707, 38.7705073 ], [ -104.8639139, 38.7705481 ], [ -104.8639429, 38.7705904 ], [ -104.8639855, 38.7706825 ], [ -104.864002, 38.7707706 ], [ -104.8639941, 38.7708661 ], [ -104.8639903, 38.7709747 ], [ -104.8640321, 38.7710512 ], [ -104.8640834, 38.7711 ], [ -104.8640968, 38.7711498 ], [ -104.8640589, 38.7712087 ], [ -104.8640244, 38.7712636 ], [ -104.8639591, 38.7713655 ], [ -104.8639439, 38.7714408 ], [ -104.8639468, 38.7715034 ], [ -104.8639654, 38.7715694 ], [ -104.8640068, 38.7717094 ], [ -104.8640418, 38.7718013 ], [ -104.8640908, 38.7718821 ], [ -104.8641627, 38.7719637 ], [ -104.8642456, 38.7720243 ], [ -104.864388, 38.7721066 ], [ -104.864589, 38.77221 ], [ -104.8647608, 38.772281 ], [ -104.8648059, 38.772313 ], [ -104.8648257, 38.7723441 ], [ -104.8648153, 38.7723689 ], [ -104.8647863, 38.7723928 ], [ -104.8647235, 38.7723897 ], [ -104.8646357, 38.7723736 ], [ -104.8643098, 38.7722692 ], [ -104.8639798, 38.7721487 ], [ -104.8638745, 38.7720955 ], [ -104.8638041, 38.7720433 ], [ -104.8637389, 38.7719871 ], [ -104.8635664, 38.7717512 ], [ -104.8634877, 38.7716529 ], [ -104.8634589, 38.7716017 ], [ -104.8634302, 38.7715292 ], [ -104.8634141, 38.7714282 ], [ -104.8634099, 38.7712739 ], [ -104.8633686, 38.7711864 ], [ -104.8633075, 38.7710907 ], [ -104.8632176, 38.7710033 ], [ -104.8631294, 38.7709451 ], [ -104.8630673, 38.7709226 ] ] } },
{ "type": "Feature", "properties": { "full_id": "w959907166", "osm_id": "959907166", "osm_type": "way", "horse": null, "playground:theme": null, "playground": null, "colour": null, "backrest": null, "amenity": null, "power": null, "incline": null, "handrail:right": null, "handrail:left": null, "rockfall_barrier": null, "bridge:structure": null, "fence_type": null, "material": null, "ladder": null, "dog": null, "segregated": null, "mtb:scale:imba": null, "mtb:scale": null, "par": null, "source:hgv": null, "hgv": null, "attraction": null, "content": null, "footway": null, "crossing": null, "handrail": null, "bridge": null, "aerialway": null, "barrier": null, "tunnel": null, "condition": null, "man_made": null, "golf_cart": null, "golf": null, "bicycle": null, "intermittent": null, "waterway": null, "layer": null, "lanes": null, "ford": null, "natural": null, "attribution": null, "operator": null, "ref": null, "railway": null, "old_railway_operator": null, "alt_name": null, "tiger:CLASSFP": null, "wikidata": null, "tiger:STATEFP": null, "tiger:PLCIDFP": null, "tiger:PLACEFP": null, "tiger:PCINECTA": null, "tiger:PCICBSA": null, "tiger:NAMELSAD": null, "tiger:NAME": null, "tiger:MTFCC": null, "tiger:LSAD": null, "tiger:FUNCSTAT": null, "tiger:CPI": null, "is_in:state": null, "is_in:iso_3166_2": null, "gnis:feature_id": null, "border_type": null, "admin_level": null, "source:url": null, "boundary": null, "tiger:name_direction_suffix": null, "tiger:name_type_1": null, "tiger:name_base_1": null, "name_1": null, "lane_markings": null, "maxspeed": null, "tiger:name_direction_prefix": null, "smoothness": null, "ref:usfs": null, "wikipedia": null, "oneway": null, "motorcar": null, "motor_vehicle": null, "foot": null, "covered": null, "tiger:name_type": null, "tiger:name_base": null, "surface": null, "name": null, "service": null, "access": null, "tiger:reviewed": null, "tiger:county": null, "tiger:cfcc": null, "highway": "footway" }, "geometry": { "type": "LineString", "coordinates": [ [ -104.8528129, 38.7692559 ], [ -104.8528054, 38.7691674 ] ] } },
{ "type": "Feature", "properties": { "full_id": "w959907165", "osm_id": "959907165", "osm_type": "way", "horse": null, "playground:theme": null, "playground": null, "colour": null, "backrest": null, "amenity": null, "power": null, "incline": null, "handrail:right": null, "handrail:left": null, "rockfall_barrier": null, "bridge:structure": null, "fence_type": null, "material": null, "ladder": null, "dog": null, "segregated": null, "mtb:scale:imba": null, "mtb:scale": null, "par": null, "source:hgv": null, "hgv": null, "attraction": null, "content": null, "footway": null, "crossing": null, "handrail": null, "bridge": null, "aerialway": null, "barrier": null, "tunnel": null, "condition": null, "man_made": null, "golf_cart": null, "golf": null, "bicycle": null, "intermittent": null, "waterway": null, "layer": null, "lanes": null, "ford": null, "natural": null, "attribution": null, "operator": null, "ref": null, "railway": null, "old_railway_operator": null, "alt_name": null, "tiger:CLASSFP": null, "wikidata": null, "tiger:STATEFP": null, "tiger:PLCIDFP": null, "tiger:PLACEFP": null, "tiger:PCINECTA": null, "tiger:PCICBSA": null, "tiger:NAMELSAD": null, "tiger:NAME": null, "tiger:MTFCC": null, "tiger:LSAD": null, "tiger:FUNCSTAT": null, "tiger:CPI": null, "is_in:state": null, "is_in:iso_3166_2": null, "gnis:feature_id": null, "border_type": null, "admin_level": null, "source:url": null, "boundary": null, "tiger:name_direction_suffix": null, "tiger:name_type_1": null, "tiger:name_base_1": null, "name_1": null, "lane_markings": null, "maxspeed": null, "tiger:name_direction_prefix": null, "smoothness": null, "ref:usfs": null, "wikipedia": null, "oneway": null, "motorcar": null, "motor_vehicle": null, "foot": null, "covered": null, "tiger:name_type": null, "tiger:name_base": null, "surface": null, "name": null, "service": null, "access": null, "tiger:reviewed": null, "tiger:county": null, "tiger:cfcc": null, "highway": "footway" }, "geometry": { "type": "LineString", "coordinates": [ [ -104.8531033, 38.7698903 ], [ -104.8529781, 38.7698097 ] ] } },
{ "type": "Feature", "properties": { "full_id": "w959907350", "osm_id": "959907350", "osm_type": "way", "horse": null, "playground:theme": null, "playground": null, "colour": null, "backrest": null, "amenity": null, "power": null, "incline": null, "handrail:right": null, "handrail:left": null, "rockfall_barrier": null, "bridge:structure": null, "fence_type": null, "material": null, "ladder": null, "dog": null, "segregated": null, "mtb:scale:imba": null, "mtb:scale": null, "par": null, "source:hgv": null, "hgv": null, "attraction": "animal", "content": null, "footway": null, "crossing": null, "handrail": null, "bridge": null, "aerialway": null, "barrier": null, "tunnel": null, "condition": null, "man_made": null, "golf_cart": null, "golf": null, "bicycle": null, "intermittent": null, "waterway": null, "layer": null, "lanes": null, "ford": null, "natural": null, "attribution": null, "operator": null, "ref": null, "railway": null, "old_railway_operator": null, "alt_name": null, "tiger:CLASSFP": null, "wikidata": null, "tiger:STATEFP": null, "tiger:PLCIDFP": null, "tiger:PLACEFP": null, "tiger:PCINECTA": null, "tiger:PCICBSA": null, "tiger:NAMELSAD": null, "tiger:NAME": null, "tiger:MTFCC": null, "tiger:LSAD": null, "tiger:FUNCSTAT": null, "tiger:CPI": null, "is_in:state": null, "is_in:iso_3166_2": null, "gnis:feature_id": null, "border_type": null, "admin_level": null, "source:url": null, "boundary": null, "tiger:name_direction_suffix": null, "tiger:name_type_1": null, "tiger:name_base_1": null, "name_1": null, "lane_markings": null, "maxspeed": null, "tiger:name_direction_prefix": null, "smoothness": null, "ref:usfs": null, "wikipedia": null, "oneway": null, "motorcar": null, "motor_vehicle": null, "foot": null, "covered": null, "tiger:name_type": null, "tiger:name_base": null, "surface": null, "name": "Penguin", "service": null, "access": null, "tiger:reviewed": null, "tiger:county": null, "tiger:cfcc": null, "highway": null }, "geometry": { "type": "LineString", "coordinates": [ [ -104.8530081, 38.7698049 ], [ -104.8530801, 38.7698312 ], [ -104.853128, 38.7699202 ], [ -104.8530764, 38.770077 ], [ -104.853051, 38.770138 ], [ -104.8529846, 38.7701463 ], [ -104.8529535, 38.7701872 ], [ -104.8528972, 38.7701478 ], [ -104.8528988, 38.7698224 ], [ -104.8530081, 38.7698049 ] ] } },
{ "type": "Feature", "properties": { "full_id": "w959907168", "osm_id": "959907168", "osm_type": "way", "horse": null, "playground:theme": null, "playground": null, "colour": null, "backrest": null, "amenity": null, "power": null, "incline": null, "handrail:right": null, "handrail:left": null, "rockfall_barrier": null, "bridge:structure": null, "fence_type": null, "material": null, "ladder": null, "dog": null, "segregated": null, "mtb:scale:imba": null, "mtb:scale": null, "par": null, "source:hgv": null, "hgv": null, "attraction": null, "content": null, "footway": null, "crossing": null, "handrail": null, "bridge": null, "aerialway": null, "barrier": null, "tunnel": null, "condition": null, "man_made": null, "golf_cart": null, "golf": null, "bicycle": null, "intermittent": null, "waterway": null, "layer": null, "lanes": null, "ford": null, "natural": null, "attribution": null, "operator": null, "ref": null, "railway": null, "old_railway_operator": null, "alt_name": null, "tiger:CLASSFP": null, "wikidata": null, "tiger:STATEFP": null, "tiger:PLCIDFP": null, "tiger:PLACEFP": null, "tiger:PCINECTA": null, "tiger:PCICBSA": null, "tiger:NAMELSAD": null, "tiger:NAME": null, "tiger:MTFCC": null, "tiger:LSAD": null, "tiger:FUNCSTAT": null, "tiger:CPI": null, "is_in:state": null, "is_in:iso_3166_2": null, "gnis:feature_id": null, "border_type": null, "admin_level": null, "source:url": null, "boundary": null, "tiger:name_direction_suffix": null, "tiger:name_type_1": null, "tiger:name_base_1": null, "name_1": null, "lane_markings": null, "maxspeed": null, "tiger:name_direction_prefix": null, "smoothness": null, "ref:usfs": null, "wikipedia": null, "oneway": null, "motorcar": null, "motor_vehicle": null, "foot": null, "covered": null, "tiger:name_type": null, "tiger:name_base": null, "surface": null, "name": null, "service": null, "access": null, "tiger:reviewed": null, "tiger:county": null, "tiger:cfcc": null, "highway": "footway" }, "geometry": { "type": "LineString", "coordinates": [ [ -104.8548229, 38.7711683 ], [ -104.8548221, 38.7711296 ], [ -104.8548224, 38.7709323 ], [ -104.8546813, 38.770805 ] ] } },
{ "type": "Feature", "properties": { "full_id": "w766537446", "osm_id": "766537446", "osm_type": "way", "horse": null, "playground:theme": null, "playground": null, "colour": null, "backrest": null, "amenity": null, "power": null, "incline": null, "handrail:right": null, "handrail:left": null, "rockfall_barrier": null, "bridge:structure": null, "fence_type": null, "material": null, "ladder": null, "dog": null, "segregated": null, "mtb:scale:imba": null, "mtb:scale": null, "par": null, "source:hgv": null, "hgv": null, "attraction": null, "content": null, "footway": null, "crossing": null, "handrail": null, "bridge": null, "aerialway": null, "barrier": null, "tunnel": null, "condition": null, "man_made": null, "golf_cart": null, "golf": null, "bicycle": null, "intermittent": null, "waterway": null, "layer": null, "lanes": null, "ford": null, "natural": null, "attribution": null, "operator": null, "ref": null, "railway": null, "old_railway_operator": null, "alt_name": null, "tiger:CLASSFP": null, "wikidata": null, "tiger:STATEFP": null, "tiger:PLCIDFP": null, "tiger:PLACEFP": null, "tiger:PCINECTA": null, "tiger:PCICBSA": null, "tiger:NAMELSAD": null, "tiger:NAME": null, "tiger:MTFCC": null, "tiger:LSAD": null, "tiger:FUNCSTAT": null, "tiger:CPI": null, "is_in:state": null, "is_in:iso_3166_2": null, "gnis:feature_id": null, "border_type": null, "admin_level": null, "source:url": null, "boundary": null, "tiger:name_direction_suffix": null, "tiger:name_type_1": null, "tiger:name_base_1": null, "name_1": null, "lane_markings": null, "maxspeed": null, "tiger:name_direction_prefix": null, "smoothness": null, "ref:usfs": null, "wikipedia": "en:Cheyenne Mountain Highway", "oneway": "no", "motorcar": "permissive", "motor_vehicle": "yes", "foot": "no", "covered": "no", "tiger:name_type": null, "tiger:name_base": null, "surface": "asphalt", "name": "Cheyenne Mountain Highway", "service": null, "access": "private", "tiger:reviewed": null, "tiger:county": "El Paso, CO", "tiger:cfcc": "A41", "highway": "service" }, "geometry": { "type": "LineString", "coordinates": [ [ -104.8630673, 38.7709226 ], [ -104.863025, 38.7709072 ], [ -104.8629395, 38.7708875 ], [ -104.8628649, 38.7708911 ], [ -104.8628351, 38.7709018 ], [ -104.8627828, 38.7709717 ] ] } },
{ "type": "Feature", "properties": { "full_id": "w766537445", "osm_id": "766537445", "osm_type": "way", "horse": null, "playground:theme": null, "playground": null, "colour": null, "backrest": null, "amenity": null, "power": null, "incline": null, "handrail:right": null, "handrail:left": null, "rockfall_barrier": null, "bridge:structure": null, "fence_type": null, "material": null, "ladder": null, "dog": null, "segregated": null, "mtb:scale:imba": null, "mtb:scale": null, "par": null, "source:hgv": null, "hgv": null, "attraction": null, "content": null, "footway": null, "crossing": null, "handrail": null, "bridge": null, "aerialway": null, "barrier": "wall", "tunnel": null, "condition": null, "man_made": null, "golf_cart": null, "golf": null, "bicycle": null, "intermittent": null, "waterway": null, "layer": null, "lanes": null, "ford": null, "natural": null, "attribution": null, "operator": null, "ref": null, "railway": null, "old_railway_operator": null, "alt_name": null, "tiger:CLASSFP": null, "wikidata": null, "tiger:STATEFP": null, "tiger:PLCIDFP": null, "tiger:PLACEFP": null, "tiger:PCINECTA": null, "tiger:PCICBSA": null, "tiger:NAMELSAD": null, "tiger:NAME": null, "tiger:MTFCC": null, "tiger:LSAD": null, "tiger:FUNCSTAT": null, "tiger:CPI": null, "is_in:state": null, "is_in:iso_3166_2": null, "gnis:feature_id": null, "border_type": null, "admin_level": null, "source:url": null, "boundary": null, "tiger:name_direction_suffix": null, "tiger:name_type_1": null, "tiger:name_base_1": null, "name_1": null, "lane_markings": null, "maxspeed": null, "tiger:name_direction_prefix": null, "smoothness": null, "ref:usfs": null, "wikipedia": null, "oneway": null, "motorcar": null, "motor_vehicle": null, "foot": null, "covered": null, "tiger:name_type": null, "tiger:name_base": null, "surface": null, "name": null, "service": null, "access": null, "tiger:reviewed": null, "tiger:county": null, "tiger:cfcc": null, "highway": null }, "geometry": { "type": "LineString", "coordinates": [ [ -104.8626604, 38.7724442 ], [ -104.8626484, 38.7724491 ], [ -104.8626288, 38.7724461 ], [ -104.8626136, 38.7724279 ], [ -104.8625959, 38.7724259 ], [ -104.8625838, 38.7724141 ], [ -104.8625731, 38.772418 ], [ -104.8625649, 38.7724141 ], [ -104.8625604, 38.7724101 ], [ -104.8625604, 38.7724022 ], [ -104.862568, 38.7723978 ], [ -104.8625554, 38.7723845 ], [ -104.8625592, 38.7723549 ], [ -104.8626351, 38.7723095 ], [ -104.8626028, 38.7722769 ], [ -104.8626427, 38.7722231 ], [ -104.8627206, 38.7720657 ], [ -104.8627763, 38.7719542 ], [ -104.8628136, 38.7719034 ], [ -104.8628699, 38.7718422 ], [ -104.8629383, 38.7718027 ], [ -104.8629554, 38.7717928 ], [ -104.8629775, 38.7717904 ], [ -104.8630009, 38.7717943 ], [ -104.8630579, 38.7718126 ] ] } },
{ "type": "Feature", "properties": { "full_id": "w815579333", "osm_id": "815579333", "osm_type": "way", "horse": null, "playground:theme": null, "playground": null, "colour": null, "backrest": null, "amenity": null, "power": null, "incline": null, "handrail:right": null, "handrail:left": null, "rockfall_barrier": null, "bridge:structure": null, "fence_type": null, "material": null, "ladder": null, "dog": null, "segregated": null, "mtb:scale:imba": null, "mtb:scale": null, "par": null, "source:hgv": null, "hgv": null, "attraction": null, "content": null, "footway": null, "crossing": null, "handrail": null, "bridge": null, "aerialway": null, "barrier": null, "tunnel": null, "condition": null, "man_made": null, "golf_cart": null, "golf": null, "bicycle": null, "intermittent": null, "waterway": null, "layer": null, "lanes": null, "ford": null, "natural": null, "attribution": null, "operator": null, "ref": null, "railway": null, "old_railway_operator": null, "alt_name": null, "tiger:CLASSFP": null, "wikidata": null, "tiger:STATEFP": null, "tiger:PLCIDFP": null, "tiger:PLACEFP": null, "tiger:PCINECTA": null, "tiger:PCICBSA": null, "tiger:NAMELSAD": null, "tiger:NAME": null, "tiger:MTFCC": null, "tiger:LSAD": null, "tiger:FUNCSTAT": null, "tiger:CPI": null, "is_in:state": null, "is_in:iso_3166_2": null, "gnis:feature_id": null, "border_type": null, "admin_level": null, "source:url": null, "boundary": null, "tiger:name_direction_suffix": null, "tiger:name_type_1": null, "tiger:name_base_1": null, "name_1": null, "lane_markings": null, "maxspeed": null, "tiger:name_direction_prefix": null, "smoothness": null, "ref:usfs": null, "wikipedia": null, "oneway": null, "motorcar": null, "motor_vehicle": null, "foot": null, "covered": null, "tiger:name_type": null, "tiger:name_base": null, "surface": null, "name": null, "service": null, "access": "private", "tiger:reviewed": null, "tiger:county": null, "tiger:cfcc": null, "highway": "service" }, "geometry": { "type": "LineString", "coordinates": [ [ -104.8535681, 38.7740611 ], [ -104.8533958, 38.774127 ], [ -104.8532851, 38.7741725 ], [ -104.8531378, 38.7742401 ], [ -104.8527203, 38.7744672 ], [ -104.8526482, 38.7745675 ] ] } },
{ "type": "Feature", "properties": { "full_id": "w781846161", "osm_id": "781846161", "osm_type": "way", "horse": null, "playground:theme": null, "playground": null, "colour": null, "backrest": null, "amenity": null, "power": null, "incline": null, "handrail:right": null, "handrail:left": null, "rockfall_barrier": null, "bridge:structure": null, "fence_type": null, "material": null, "ladder": null, "dog": null, "segregated": null, "mtb:scale:imba": null, "mtb:scale": null, "par": null, "source:hgv": null, "hgv": null, "attraction": null, "content": null, "footway": null, "crossing": null, "handrail": null, "bridge": null, "aerialway": null, "barrier": null, "tunnel": null, "condition": null, "man_made": null, "golf_cart": null, "golf": null, "bicycle": null, "intermittent": null, "waterway": null, "layer": null, "lanes": null, "ford": null, "natural": null, "attribution": null, "operator": null, "ref": null, "railway": null, "old_railway_operator": null, "alt_name": null, "tiger:CLASSFP": null, "wikidata": null, "tiger:STATEFP": null, "tiger:PLCIDFP": null, "tiger:PLACEFP": null, "tiger:PCINECTA": null, "tiger:PCICBSA": null, "tiger:NAMELSAD": null, "tiger:NAME": null, "tiger:MTFCC": null, "tiger:LSAD": null, "tiger:FUNCSTAT": null, "tiger:CPI": null, "is_in:state": null, "is_in:iso_3166_2": null, "gnis:feature_id": null, "border_type": null, "admin_level": null, "source:url": null, "boundary": null, "tiger:name_direction_suffix": null, "tiger:name_type_1": null, "tiger:name_base_1": null, "name_1": null, "lane_markings": null, "maxspeed": null, "tiger:name_direction_prefix": null, "smoothness": null, "ref:usfs": null, "wikipedia": null, "oneway": null, "motorcar": null, "motor_vehicle": null, "foot": null, "covered": null, "tiger:name_type": null, "tiger:name_base": null, "surface": null, "name": null, "service": null, "access": null, "tiger:reviewed": null, "tiger:county": null, "tiger:cfcc": null, "highway": "service" }, "geometry": { "type": "LineString", "coordinates": [ [ -104.8536133, 38.772306 ], [ -104.8536086, 38.772427 ], [ -104.8536933, 38.7726031 ], [ -104.8538345, 38.7728232 ], [ -104.8539418, 38.7729993 ], [ -104.8542072, 38.7730962 ], [ -104.8544105, 38.7732062 ], [ -104.8546363, 38.7733823 ], [ -104.8557487, 38.7733823 ] ] } },
{ "type": "Feature", "properties": { "full_id": "w766357209", "osm_id": "766357209", "osm_type": "way", "horse": null, "playground:theme": null, "playground": null, "colour": null, "backrest": null, "amenity": null, "power": null, "incline": null, "handrail:right": null, "handrail:left": null, "rockfall_barrier": null, "bridge:structure": null, "fence_type": null, "material": null, "ladder": null, "dog": null, "segregated": null, "mtb:scale:imba": null, "mtb:scale": null, "par": null, "source:hgv": null, "hgv": null, "attraction": null, "content": null, "footway": null, "crossing": null, "handrail": null, "bridge": null, "aerialway": null, "barrier": "wall", "tunnel": null, "condition": null, "man_made": null, "golf_cart": null, "golf": null, "bicycle": null, "intermittent": null, "waterway": null, "layer": null, "lanes": null, "ford": null, "natural": null, "attribution": null, "operator": null, "ref": null, "railway": null, "old_railway_operator": null, "alt_name": null, "tiger:CLASSFP": null, "wikidata": null, "tiger:STATEFP": null, "tiger:PLCIDFP": null, "tiger:PLACEFP": null, "tiger:PCINECTA": null, "tiger:PCICBSA": null, "tiger:NAMELSAD": null, "tiger:NAME": null, "tiger:MTFCC": null, "tiger:LSAD": null, "tiger:FUNCSTAT": null, "tiger:CPI": null, "is_in:state": null, "is_in:iso_3166_2": null, "gnis:feature_id": null, "border_type": null, "admin_level": null, "source:url": null, "boundary": null, "tiger:name_direction_suffix": null, "tiger:name_type_1": null, "tiger:name_base_1": null, "name_1": null, "lane_markings": null, "maxspeed": null, "tiger:name_direction_prefix": null, "smoothness": null, "ref:usfs": null, "wikipedia": null, "oneway": null, "motorcar": null, "motor_vehicle": null, "foot": null, "covered": null, "tiger:name_type": null, "tiger:name_base": null, "surface": null, "name": null, "service": null, "access": null, "tiger:reviewed": null, "tiger:county": null, "tiger:cfcc": null, "highway": null }, "geometry": { "type": "LineString", "coordinates": [ [ -104.8542777, 38.7718772 ], [ -104.8541612, 38.7717463 ], [ -104.8540151, 38.7718496 ] ] } },
{ "type": "Feature", "properties": { "full_id": "w766357206", "osm_id": "766357206", "osm_type": "way", "horse": null, "playground:theme": null, "playground": null, "colour": null, "backrest": null, "amenity": null, "power": null, "incline": null, "handrail:right": null, "handrail:left": null, "rockfall_barrier": null, "bridge:structure": null, "fence_type": null, "material": null, "ladder": null, "dog": null, "segregated": null, "mtb:scale:imba": null, "mtb:scale": null, "par": null, "source:hgv": null, "hgv": null, "attraction": null, "content": null, "footway": null, "crossing": null, "handrail": null, "bridge": null, "aerialway": null, "barrier": "fence", "tunnel": null, "condition": null, "man_made": null, "golf_cart": null, "golf": null, "bicycle": null, "intermittent": null, "waterway": null, "layer": null, "lanes": null, "ford": null, "natural": null, "attribution": null, "operator": null, "ref": null, "railway": null, "old_railway_operator": null, "alt_name": null, "tiger:CLASSFP": null, "wikidata": null, "tiger:STATEFP": null, "tiger:PLCIDFP": null, "tiger:PLACEFP": null, "tiger:PCINECTA": null, "tiger:PCICBSA": null, "tiger:NAMELSAD": null, "tiger:NAME": null, "tiger:MTFCC": null, "tiger:LSAD": null, "tiger:FUNCSTAT": null, "tiger:CPI": null, "is_in:state": null, "is_in:iso_3166_2": null, "gnis:feature_id": null, "border_type": null, "admin_level": null, "source:url": null, "boundary": null, "tiger:name_direction_suffix": null, "tiger:name_type_1": null, "tiger:name_base_1": null, "name_1": null, "lane_markings": null, "maxspeed": null, "tiger:name_direction_prefix": null, "smoothness": null, "ref:usfs": null, "wikipedia": null, "oneway": null, "motorcar": null, "motor_vehicle": null, "foot": null, "covered": null, "tiger:name_type": null, "tiger:name_base": null, "surface": null, "name": null, "service": null, "access": null, "tiger:reviewed": null, "tiger:county": null, "tiger:cfcc": null, "highway": null }, "geometry": { "type": "LineString", "coordinates": [ [ -104.8530653, 38.7708189 ], [ -104.8530539, 38.7707699 ], [ -104.8530159, 38.7706898 ], [ -104.8529966, 38.7706537 ], [ -104.8528705, 38.770594 ], [ -104.8528335, 38.7706098 ] ] } },
{ "type": "Feature", "properties": { "full_id": "w766357205", "osm_id": "766357205", "osm_type": "way", "horse": null, "playground:theme": null, "playground": null, "colour": null, "backrest": null, "amenity": null, "power": null, "incline": null, "handrail:right": null, "handrail:left": null, "rockfall_barrier": null, "bridge:structure": null, "fence_type": null, "material": null, "ladder": null, "dog": null, "segregated": null, "mtb:scale:imba": null, "mtb:scale": null, "par": null, "source:hgv": null, "hgv": null, "attraction": null, "content": null, "footway": null, "crossing": null, "handrail": null, "bridge": null, "aerialway": null, "barrier": "fence", "tunnel": null, "condition": null, "man_made": null, "golf_cart": null, "golf": null, "bicycle": null, "intermittent": null, "waterway": null, "layer": null, "lanes": null, "ford": null, "natural": null, "attribution": null, "operator": null, "ref": null, "railway": null, "old_railway_operator": null, "alt_name": null, "tiger:CLASSFP": null, "wikidata": null, "tiger:STATEFP": null, "tiger:PLCIDFP": null, "tiger:PLACEFP": null, "tiger:PCINECTA": null, "tiger:PCICBSA": null, "tiger:NAMELSAD": null, "tiger:NAME": null, "tiger:MTFCC": null, "tiger:LSAD": null, "tiger:FUNCSTAT": null, "tiger:CPI": null, "is_in:state": null, "is_in:iso_3166_2": null, "gnis:feature_id": null, "border_type": null, "admin_level": null, "source:url": null, "boundary": null, "tiger:name_direction_suffix": null, "tiger:name_type_1": null, "tiger:name_base_1": null, "name_1": null, "lane_markings": null, "maxspeed": null, "tiger:name_direction_prefix": null, "smoothness": null, "ref:usfs": null, "wikipedia": null, "oneway": null, "motorcar": null, "motor_vehicle": null, "foot": null, "covered": null, "tiger:name_type": null, "tiger:name_base": null, "surface": null, "name": null, "service": null, "access": null, "tiger:reviewed": null, "tiger:county": null, "tiger:cfcc": null, "highway": null }, "geometry": { "type": "LineString", "coordinates": [ [ -104.8529421, 38.7708487 ], [ -104.8530653, 38.7708189 ] ] } },
{ "type": "Feature", "properties": { "full_id": "w766357204", "osm_id": "766357204", "osm_type": "way", "horse": null, "playground:theme": null, "playground": null, "colour": null, "backrest": null, "amenity": null, "power": null, "incline": null, "handrail:right": null, "handrail:left": null, "rockfall_barrier": null, "bridge:structure": null, "fence_type": null, "material": null, "ladder": null, "dog": null, "segregated": null, "mtb:scale:imba": null, "mtb:scale": null, "par": null, "source:hgv": null, "hgv": null, "attraction": null, "content": null, "footway": null, "crossing": null, "handrail": null, "bridge": null, "aerialway": null, "barrier": "fence", "tunnel": null, "condition": null, "man_made": null, "golf_cart": null, "golf": null, "bicycle": null, "intermittent": null, "waterway": null, "layer": null, "lanes": null, "ford": null, "natural": null, "attribution": null, "operator": null, "ref": null, "railway": null, "old_railway_operator": null, "alt_name": null, "tiger:CLASSFP": null, "wikidata": null, "tiger:STATEFP": null, "tiger:PLCIDFP": null, "tiger:PLACEFP": null, "tiger:PCINECTA": null, "tiger:PCICBSA": null, "tiger:NAMELSAD": null, "tiger:NAME": null, "tiger:MTFCC": null, "tiger:LSAD": null, "tiger:FUNCSTAT": null, "tiger:CPI": null, "is_in:state": null, "is_in:iso_3166_2": null, "gnis:feature_id": null, "border_type": null, "admin_level": null, "source:url": null, "boundary": null, "tiger:name_direction_suffix": null, "tiger:name_type_1": null, "tiger:name_base_1": null, "name_1": null, "lane_markings": null, "maxspeed": null, "tiger:name_direction_prefix": null, "smoothness": null, "ref:usfs": null, "wikipedia": null, "oneway": null, "motorcar": null, "motor_vehicle": null, "foot": null, "covered": null, "tiger:name_type": null, "tiger:name_base": null, "surface": null, "name": null, "service": null, "access": null, "tiger:reviewed": null, "tiger:county": null, "tiger:cfcc": null, "highway": null }, "geometry": { "type": "LineString", "coordinates": [ [ -104.8528409, 38.7708564 ], [ -104.8528092, 38.7707688 ], [ -104.85279, 38.7707084 ], [ -104.8528273, 38.770701 ], [ -104.8528063, 38.770621 ], [ -104.8527815, 38.7706024 ], [ -104.8527373, 38.7705734 ], [ -104.8527187, 38.7705548 ], [ -104.8527032, 38.7705473 ], [ -104.8526497, 38.770523 ], [ -104.8525603, 38.7705003 ], [ -104.8525187, 38.7704851 ], [ -104.8524887, 38.770463 ], [ -104.8524719, 38.7704506 ], [ -104.8524143, 38.7704789 ] ] } },
{ "type": "Feature", "properties": { "full_id": "w766357218", "osm_id": "766357218", "osm_type": "way", "horse": null, "playground:theme": null, "playground": null, "colour": null, "backrest": null, "amenity": null, "power": null, "incline": null, "handrail:right": null, "handrail:left": null, "rockfall_barrier": null, "bridge:structure": null, "fence_type": null, "material": null, "ladder": null, "dog": null, "segregated": null, "mtb:scale:imba": null, "mtb:scale": null, "par": null, "source:hgv": null, "hgv": null, "attraction": null, "content": null, "footway": null, "crossing": null, "handrail": null, "bridge": null, "aerialway": null, "barrier": "fence", "tunnel": null, "condition": null, "man_made": null, "golf_cart": null, "golf": null, "bicycle": null, "intermittent": null, "waterway": null, "layer": null, "lanes": null, "ford": null, "natural": null, "attribution": null, "operator": null, "ref": null, "railway": null, "old_railway_operator": null, "alt_name": null, "tiger:CLASSFP": null, "wikidata": null, "tiger:STATEFP": null, "tiger:PLCIDFP": null, "tiger:PLACEFP": null, "tiger:PCINECTA": null, "tiger:PCICBSA": null, "tiger:NAMELSAD": null, "tiger:NAME": null, "tiger:MTFCC": null, "tiger:LSAD": null, "tiger:FUNCSTAT": null, "tiger:CPI": null, "is_in:state": null, "is_in:iso_3166_2": null, "gnis:feature_id": null, "border_type": null, "admin_level": null, "source:url": null, "boundary": null, "tiger:name_direction_suffix": null, "tiger:name_type_1": null, "tiger:name_base_1": null, "name_1": null, "lane_markings": null, "maxspeed": null, "tiger:name_direction_prefix": null, "smoothness": null, "ref:usfs": null, "wikipedia": null, "oneway": null, "motorcar": null, "motor_vehicle": null, "foot": null, "covered": null, "tiger:name_type": null, "tiger:name_base": null, "surface": null, "name": null, "service": null, "access": null, "tiger:reviewed": null, "tiger:county": null, "tiger:cfcc": null, "highway": null }, "geometry": { "type": "LineString", "coordinates": [ [ -104.8542027, 38.7721464 ], [ -104.8541738, 38.7721495 ], [ -104.8541501, 38.7721584 ], [ -104.8541354, 38.7721843 ], [ -104.8541383, 38.7722124 ], [ -104.8541579, 38.772251 ], [ -104.8541378, 38.77227 ], [ -104.8541311, 38.7722985 ], [ -104.8541542, 38.77234 ], [ -104.8541596, 38.7723499 ], [ -104.8541784, 38.7723382 ], [ -104.8542236, 38.7723295 ], [ -104.8542686, 38.7723266 ] ] } },
{ "type": "Feature", "properties": { "full_id": "w766357212", "osm_id": "766357212", "osm_type": "way", "horse": null, "playground:theme": null, "playground": null, "colour": null, "backrest": null, "amenity": null, "power": null, "incline": null, "handrail:right": null, "handrail:left": null, "rockfall_barrier": null, "bridge:structure": null, "fence_type": null, "material": null, "ladder": null, "dog": null, "segregated": null, "mtb:scale:imba": null, "mtb:scale": null, "par": null, "source:hgv": null, "hgv": null, "attraction": null, "content": null, "footway": null, "crossing": null, "handrail": null, "bridge": null, "aerialway": null, "barrier": "wall", "tunnel": null, "condition": null, "man_made": null, "golf_cart": null, "golf": null, "bicycle": null, "intermittent": null, "waterway": null, "layer": null, "lanes": null, "ford": null, "natural": null, "attribution": null, "operator": null, "ref": null, "railway": null, "old_railway_operator": null, "alt_name": null, "tiger:CLASSFP": null, "wikidata": null, "tiger:STATEFP": null, "tiger:PLCIDFP": null, "tiger:PLACEFP": null, "tiger:PCINECTA": null, "tiger:PCICBSA": null, "tiger:NAMELSAD": null, "tiger:NAME": null, "tiger:MTFCC": null, "tiger:LSAD": null, "tiger:FUNCSTAT": null, "tiger:CPI": null, "is_in:state": null, "is_in:iso_3166_2": null, "gnis:feature_id": null, "border_type": null, "admin_level": null, "source:url": null, "boundary": null, "tiger:name_direction_suffix": null, "tiger:name_type_1": null, "tiger:name_base_1": null, "name_1": null, "lane_markings": null, "maxspeed": null, "tiger:name_direction_prefix": null, "smoothness": null, "ref:usfs": null, "wikipedia": null, "oneway": null, "motorcar": null, "motor_vehicle": null, "foot": null, "covered": null, "tiger:name_type": null, "tiger:name_base": null, "surface": null, "name": null, "service": null, "access": null, "tiger:reviewed": null, "tiger:county": null, "tiger:cfcc": null, "highway": null }, "geometry": { "type": "LineString", "coordinates": [ [ -104.8538818, 38.7721292 ], [ -104.8539011, 38.7721224 ], [ -104.8538978, 38.7720951 ], [ -104.8539211, 38.7720747 ], [ -104.8539211, 38.772045 ], [ -104.8539041, 38.7720081 ], [ -104.8539169, 38.7719679 ], [ -104.8539303, 38.77196 ] ] } },
{ "type": "Feature", "properties": { "full_id": "w766357211", "osm_id": "766357211", "osm_type": "way", "horse": null, "playground:theme": null, "playground": null, "colour": null, "backrest": null, "amenity": null, "power": null, "incline": null, "handrail:right": null, "handrail:left": null, "rockfall_barrier": null, "bridge:structure": null, "fence_type": null, "material": null, "ladder": null, "dog": null, "segregated": null, "mtb:scale:imba": null, "mtb:scale": null, "par": null, "source:hgv": null, "hgv": null, "attraction": null, "content": null, "footway": null, "crossing": null, "handrail": null, "bridge": null, "aerialway": null, "barrier": "wall", "tunnel": null, "condition": null, "man_made": null, "golf_cart": null, "golf": null, "bicycle": null, "intermittent": null, "waterway": null, "layer": null, "lanes": null, "ford": null, "natural": null, "attribution": null, "operator": null, "ref": null, "railway": null, "old_railway_operator": null, "alt_name": null, "tiger:CLASSFP": null, "wikidata": null, "tiger:STATEFP": null, "tiger:PLCIDFP": null, "tiger:PLACEFP": null, "tiger:PCINECTA": null, "tiger:PCICBSA": null, "tiger:NAMELSAD": null, "tiger:NAME": null, "tiger:MTFCC": null, "tiger:LSAD": null, "tiger:FUNCSTAT": null, "tiger:CPI": null, "is_in:state": null, "is_in:iso_3166_2": null, "gnis:feature_id": null, "border_type": null, "admin_level": null, "source:url": null, "boundary": null, "tiger:name_direction_suffix": null, "tiger:name_type_1": null, "tiger:name_base_1": null, "name_1": null, "lane_markings": null, "maxspeed": null, "tiger:name_direction_prefix": null, "smoothness": null, "ref:usfs": null, "wikipedia": null, "oneway": null, "motorcar": null, "motor_vehicle": null, "foot": null, "covered": null, "tiger:name_type": null, "tiger:name_base": null, "surface": null, "name": null, "service": null, "access": null, "tiger:reviewed": null, "tiger:county": null, "tiger:cfcc": null, "highway": null }, "geometry": { "type": "LineString", "coordinates": [ [ -104.8540852, 38.7720734 ], [ -104.8540462, 38.7721128 ], [ -104.8541053, 38.7722326 ], [ -104.8540817, 38.7722747 ], [ -104.8540448, 38.7722965 ], [ -104.853994, 38.7723082 ] ] } },
{ "type": "Feature", "properties": { "full_id": "w766357210", "osm_id": "766357210", "osm_type": "way", "horse": null, "playground:theme": null, "playground": null, "colour": null, "backrest": null, "amenity": null, "power": null, "incline": null, "handrail:right": null, "handrail:left": null, "rockfall_barrier": null, "bridge:structure": null, "fence_type": null, "material": null, "ladder": null, "dog": null, "segregated": null, "mtb:scale:imba": null, "mtb:scale": null, "par": null, "source:hgv": null, "hgv": null, "attraction": null, "content": null, "footway": null, "crossing": null, "handrail": null, "bridge": null, "aerialway": null, "barrier": "fence", "tunnel": null, "condition": null, "man_made": null, "golf_cart": null, "golf": null, "bicycle": null, "intermittent": null, "waterway": null, "layer": null, "lanes": null, "ford": null, "natural": null, "attribution": null, "operator": null, "ref": null, "railway": null, "old_railway_operator": null, "alt_name": null, "tiger:CLASSFP": null, "wikidata": null, "tiger:STATEFP": null, "tiger:PLCIDFP": null, "tiger:PLACEFP": null, "tiger:PCINECTA": null, "tiger:PCICBSA": null, "tiger:NAMELSAD": null, "tiger:NAME": null, "tiger:MTFCC": null, "tiger:LSAD": null, "tiger:FUNCSTAT": null, "tiger:CPI": null, "is_in:state": null, "is_in:iso_3166_2": null, "gnis:feature_id": null, "border_type": null, "admin_level": null, "source:url": null, "boundary": null, "tiger:name_direction_suffix": null, "tiger:name_type_1": null, "tiger:name_base_1": null, "name_1": null, "lane_markings": null, "maxspeed": null, "tiger:name_direction_prefix": null, "smoothness": null, "ref:usfs": null, "wikipedia": null, "oneway": null, "motorcar": null, "motor_vehicle": null, "foot": null, "covered": null, "tiger:name_type": null, "tiger:name_base": null, "surface": null, "name": null, "service": null, "access": null, "tiger:reviewed": null, "tiger:county": null, "tiger:cfcc": null, "highway": null }, "geometry": { "type": "LineString", "coordinates": [ [ -104.8542777, 38.7718772 ], [ -104.8543, 38.7718978 ], [ -104.854294, 38.7719146 ], [ -104.8542455, 38.7719656 ], [ -104.8542011, 38.7719564 ], [ -104.8541776, 38.7719788 ] ] } },
{ "type": "Feature", "properties": { "full_id": "w766360278", "osm_id": "766360278", "osm_type": "way", "horse": null, "playground:theme": null, "playground": null, "colour": null, "backrest": null, "amenity": null, "power": null, "incline": null, "handrail:right": null, "handrail:left": null, "rockfall_barrier": null, "bridge:structure": null, "fence_type": null, "material": null, "ladder": null, "dog": null, "segregated": null, "mtb:scale:imba": null, "mtb:scale": null, "par": null, "source:hgv": null, "hgv": null, "attraction": null, "content": null, "footway": null, "crossing": null, "handrail": null, "bridge": null, "aerialway": null, "barrier": null, "tunnel": null, "condition": null, "man_made": null, "golf_cart": null, "golf": null, "bicycle": null, "intermittent": null, "waterway": null, "layer": null, "lanes": null, "ford": null, "natural": null, "attribution": null, "operator": null, "ref": null, "railway": null, "old_railway_operator": null, "alt_name": null, "tiger:CLASSFP": null, "wikidata": null, "tiger:STATEFP": null, "tiger:PLCIDFP": null, "tiger:PLACEFP": null, "tiger:PCINECTA": null, "tiger:PCICBSA": null, "tiger:NAMELSAD": null, "tiger:NAME": null, "tiger:MTFCC": null, "tiger:LSAD": null, "tiger:FUNCSTAT": null, "tiger:CPI": null, "is_in:state": null, "is_in:iso_3166_2": null, "gnis:feature_id": null, "border_type": null, "admin_level": null, "source:url": null, "boundary": null, "tiger:name_direction_suffix": null, "tiger:name_type_1": null, "tiger:name_base_1": null, "name_1": null, "lane_markings": null, "maxspeed": null, "tiger:name_direction_prefix": null, "smoothness": null, "ref:usfs": null, "wikipedia": null, "oneway": null, "motorcar": null, "motor_vehicle": "no", "foot": null, "covered": "no", "tiger:name_type": null, "tiger:name_base": null, "surface": "asphalt", "name": null, "service": null, "access": "private", "tiger:reviewed": null, "tiger:county": null, "tiger:cfcc": null, "highway": "service" }, "geometry": { "type": "LineString", "coordinates": [ [ -104.8556757, 38.7718701 ], [ -104.8553467, 38.7717242 ], [ -104.8551752, 38.7716498 ], [ -104.8551203, 38.7716168 ], [ -104.8550654, 38.7715543 ], [ -104.8550138, 38.7714811 ], [ -104.8549792, 38.7714238 ], [ -104.8549285, 38.7713013 ], [ -104.8548778, 38.7712341 ], [ -104.8548229, 38.7711683 ], [ -104.8547747, 38.7711182 ], [ -104.8546345, 38.7710069 ], [ -104.8544917, 38.7708712 ], [ -104.854376, 38.7707553 ], [ -104.8542526, 38.7706453 ], [ -104.8541757, 38.7705623 ], [ -104.8540397, 38.7703732 ], [ -104.8539789, 38.7703061 ], [ -104.8539231, 38.7702586 ], [ -104.8537854, 38.7701769 ], [ -104.8536604, 38.7701223 ], [ -104.8535911, 38.7701098 ], [ -104.8535455, 38.7701078 ], [ -104.8535075, 38.7701124 ], [ -104.8534424, 38.7701559 ], [ -104.853401, 38.7701967 ], [ -104.8533808, 38.7702395 ], [ -104.8533799, 38.7702751 ], [ -104.8534061, 38.770362 ], [ -104.853472, 38.7705017 ], [ -104.8535176, 38.7705741 ], [ -104.8537043, 38.7708119 ], [ -104.8537254, 38.7708508 ], [ -104.8537212, 38.7708745 ], [ -104.8537043, 38.7708943 ], [ -104.8536824, 38.7709068 ], [ -104.8536604, 38.7709153 ], [ -104.8536224, 38.7709101 ] ] } },
{ "type": "Feature", "properties": { "full_id": "w766357222", "osm_id": "766357222", "osm_type": "way", "horse": null, "playground:theme": null, "playground": null, "colour": null, "backrest": null, "amenity": null, "power": null, "incline": null, "handrail:right": null, "handrail:left": null, "rockfall_barrier": null, "bridge:structure": null, "fence_type": null, "material": null, "ladder": null, "dog": null, "segregated": null, "mtb:scale:imba": null, "mtb:scale": null, "par": null, "source:hgv": null, "hgv": null, "attraction": null, "content": null, "footway": null, "crossing": null, "handrail": null, "bridge": null, "aerialway": null, "barrier": null, "tunnel": null, "condition": null, "man_made": "adit", "golf_cart": null, "golf": null, "bicycle": null, "intermittent": null, "waterway": null, "layer": null, "lanes": null, "ford": null, "natural": null, "attribution": null, "operator": null, "ref": null, "railway": null, "old_railway_operator": null, "alt_name": null, "tiger:CLASSFP": null, "wikidata": null, "tiger:STATEFP": null, "tiger:PLCIDFP": null, "tiger:PLACEFP": null, "tiger:PCINECTA": null, "tiger:PCICBSA": null, "tiger:NAMELSAD": null, "tiger:NAME": null, "tiger:MTFCC": null, "tiger:LSAD": null, "tiger:FUNCSTAT": null, "tiger:CPI": null, "is_in:state": null, "is_in:iso_3166_2": null, "gnis:feature_id": null, "border_type": null, "admin_level": null, "source:url": null, "boundary": null, "tiger:name_direction_suffix": null, "tiger:name_type_1": null, "tiger:name_base_1": null, "name_1": null, "lane_markings": null, "maxspeed": null, "tiger:name_direction_prefix": null, "smoothness": null, "ref:usfs": null, "wikipedia": null, "oneway": null, "motorcar": null, "motor_vehicle": null, "foot": null, "covered": null, "tiger:name_type": null, "tiger:name_base": null, "surface": null, "name": null, "service": null, "access": null, "tiger:reviewed": null, "tiger:county": null, "tiger:cfcc": null, "highway": null }, "geometry": { "type": "LineString", "coordinates": [ [ -104.8539194, 38.7723375 ], [ -104.8539249, 38.7723476 ], [ -104.854088, 38.7723964 ], [ -104.8540923, 38.7723938 ], [ -104.8540591, 38.7722992 ], [ -104.8539434, 38.7723354 ], [ -104.8539395, 38.7723296 ], [ -104.8539194, 38.7723375 ] ] } },
{ "type": "Feature", "properties": { "full_id": "w766357221", "osm_id": "766357221", "osm_type": "way", "horse": null, "playground:theme": null, "playground": null, "colour": null, "backrest": null, "amenity": null, "power": null, "incline": null, "handrail:right": null, "handrail:left": null, "rockfall_barrier": null, "bridge:structure": null, "fence_type": null, "material": null, "ladder": null, "dog": null, "segregated": null, "mtb:scale:imba": null, "mtb:scale": null, "par": null, "source:hgv": null, "hgv": null, "attraction": null, "content": null, "footway": null, "crossing": null, "handrail": null, "bridge": null, "aerialway": null, "barrier": "wall", "tunnel": null, "condition": null, "man_made": null, "golf_cart": null, "golf": null, "bicycle": null, "intermittent": null, "waterway": null, "layer": null, "lanes": null, "ford": null, "natural": null, "attribution": null, "operator": null, "ref": null, "railway": null, "old_railway_operator": null, "alt_name": null, "tiger:CLASSFP": null, "wikidata": null, "tiger:STATEFP": null, "tiger:PLCIDFP": null, "tiger:PLACEFP": null, "tiger:PCINECTA": null, "tiger:PCICBSA": null, "tiger:NAMELSAD": null, "tiger:NAME": null, "tiger:MTFCC": null, "tiger:LSAD": null, "tiger:FUNCSTAT": null, "tiger:CPI": null, "is_in:state": null, "is_in:iso_3166_2": null, "gnis:feature_id": null, "border_type": null, "admin_level": null, "source:url": null, "boundary": null, "tiger:name_direction_suffix": null, "tiger:name_type_1": null, "tiger:name_base_1": null, "name_1": null, "lane_markings": null, "maxspeed": null, "tiger:name_direction_prefix": null, "smoothness": null, "ref:usfs": null, "wikipedia": null, "oneway": null, "motorcar": null, "motor_vehicle": null, "foot": null, "covered": null, "tiger:name_type": null, "tiger:name_base": null, "surface": null, "name": null, "service": null, "access": null, "tiger:reviewed": null, "tiger:county": null, "tiger:cfcc": null, "highway": null }, "geometry": { "type": "LineString", "coordinates": [ [ -104.8539194, 38.7723375 ], [ -104.8539249, 38.7723476 ], [ -104.854088, 38.7723964 ], [ -104.8540923, 38.7723938 ], [ -104.8540591, 38.7722992 ], [ -104.8539434, 38.7723354 ], [ -104.8539395, 38.7723296 ] ] } },
{ "type": "Feature", "properties": { "full_id": "w766357220", "osm_id": "766357220", "osm_type": "way", "horse": null, "playground:theme": null, "playground": null, "colour": null, "backrest": null, "amenity": null, "power": null, "incline": null, "handrail:right": null, "handrail:left": null, "rockfall_barrier": null, "bridge:structure": null, "fence_type": null, "material": null, "ladder": null, "dog": null, "segregated": null, "mtb:scale:imba": null, "mtb:scale": null, "par": null, "source:hgv": null, "hgv": null, "attraction": null, "content": null, "footway": null, "crossing": null, "handrail": "no", "bridge": null, "aerialway": null, "barrier": null, "tunnel": null, "condition": null, "man_made": null, "golf_cart": null, "golf": null, "bicycle": null, "intermittent": null, "waterway": null, "layer": null, "lanes": null, "ford": null, "natural": null, "attribution": null, "operator": null, "ref": null, "railway": null, "old_railway_operator": null, "alt_name": null, "tiger:CLASSFP": null, "wikidata": null, "tiger:STATEFP": null, "tiger:PLCIDFP": null, "tiger:PLACEFP": null, "tiger:PCINECTA": null, "tiger:PCICBSA": null, "tiger:NAMELSAD": null, "tiger:NAME": null, "tiger:MTFCC": null, "tiger:LSAD": null, "tiger:FUNCSTAT": null, "tiger:CPI": null, "is_in:state": null, "is_in:iso_3166_2": null, "gnis:feature_id": null, "border_type": null, "admin_level": null, "source:url": null, "boundary": null, "tiger:name_direction_suffix": null, "tiger:name_type_1": null, "tiger:name_base_1": null, "name_1": null, "lane_markings": null, "maxspeed": null, "tiger:name_direction_prefix": null, "smoothness": null, "ref:usfs": null, "wikipedia": null, "oneway": null, "motorcar": null, "motor_vehicle": null, "foot": null, "covered": null, "tiger:name_type": null, "tiger:name_base": null, "surface": "paving_stones", "name": null, "service": null, "access": null, "tiger:reviewed": null, "tiger:county": null, "tiger:cfcc": null, "highway": "steps" }, "geometry": { "type": "LineString", "coordinates": [ [ -104.8543113, 38.7721902 ], [ -104.8542662, 38.7721898 ], [ -104.8542032, 38.7721621 ], [ -104.8541804, 38.7721614 ], [ -104.8541639, 38.7721699 ], [ -104.8541572, 38.7721854 ], [ -104.854161, 38.7722053 ], [ -104.8541809, 38.7722471 ] ] } },
{ "type": "Feature", "properties": { "full_id": "w766537444", "osm_id": "766537444", "osm_type": "way", "horse": null, "playground:theme": null, "playground": null, "colour": null, "backrest": null, "amenity": null, "power": null, "incline": null, "handrail:right": null, "handrail:left": null, "rockfall_barrier": null, "bridge:structure": null, "fence_type": null, "material": null, "ladder": null, "dog": null, "segregated": null, "mtb:scale:imba": null, "mtb:scale": null, "par": null, "source:hgv": null, "hgv": null, "attraction": null, "content": null, "footway": null, "crossing": null, "handrail": null, "bridge": null, "aerialway": null, "barrier": "wall", "tunnel": null, "condition": null, "man_made": null, "golf_cart": null, "golf": null, "bicycle": null, "intermittent": null, "waterway": null, "layer": null, "lanes": null, "ford": null, "natural": null, "attribution": null, "operator": null, "ref": null, "railway": null, "old_railway_operator": null, "alt_name": null, "tiger:CLASSFP": null, "wikidata": null, "tiger:STATEFP": null, "tiger:PLCIDFP": null, "tiger:PLACEFP": null, "tiger:PCINECTA": null, "tiger:PCICBSA": null, "tiger:NAMELSAD": null, "tiger:NAME": null, "tiger:MTFCC": null, "tiger:LSAD": null, "tiger:FUNCSTAT": null, "tiger:CPI": null, "is_in:state": null, "is_in:iso_3166_2": null, "gnis:feature_id": null, "border_type": null, "admin_level": null, "source:url": null, "boundary": null, "tiger:name_direction_suffix": null, "tiger:name_type_1": null, "tiger:name_base_1": null, "name_1": null, "lane_markings": null, "maxspeed": null, "tiger:name_direction_prefix": null, "smoothness": null, "ref:usfs": null, "wikipedia": null, "oneway": null, "motorcar": null, "motor_vehicle": null, "foot": null, "covered": null, "tiger:name_type": null, "tiger:name_base": null, "surface": null, "name": null, "service": null, "access": null, "tiger:reviewed": null, "tiger:county": null, "tiger:cfcc": null, "highway": null }, "geometry": { "type": "LineString", "coordinates": [ [ -104.8631384, 38.771809 ], [ -104.8631522, 38.7719922 ], [ -104.8631503, 38.7720075 ], [ -104.8631351, 38.7720307 ], [ -104.8630066, 38.7721259 ], [ -104.8629712, 38.7721471 ], [ -104.8628459, 38.7721955 ], [ -104.8628294, 38.7722053 ], [ -104.862813, 38.7722251 ], [ -104.8627471, 38.772305 ], [ -104.8627579, 38.7723114 ], [ -104.8627592, 38.7723509 ], [ -104.8627142, 38.7723795 ] ] } },
{ "type": "Feature", "properties": { "full_id": "w766537443", "osm_id": "766537443", "osm_type": "way", "horse": null, "playground:theme": null, "playground": null, "colour": null, "backrest": null, "amenity": null, "power": null, "incline": null, "handrail:right": null, "handrail:left": null, "rockfall_barrier": null, "bridge:structure": null, "fence_type": null, "material": null, "ladder": null, "dog": null, "segregated": null, "mtb:scale:imba": null, "mtb:scale": null, "par": null, "source:hgv": null, "hgv": null, "attraction": null, "content": null, "footway": null, "crossing": null, "handrail": null, "bridge": null, "aerialway": null, "barrier": "wall", "tunnel": null, "condition": null, "man_made": null, "golf_cart": null, "golf": null, "bicycle": null, "intermittent": null, "waterway": null, "layer": null, "lanes": null, "ford": null, "natural": null, "attribution": null, "operator": null, "ref": null, "railway": null, "old_railway_operator": null, "alt_name": null, "tiger:CLASSFP": null, "wikidata": null, "tiger:STATEFP": null, "tiger:PLCIDFP": null, "tiger:PLACEFP": null, "tiger:PCINECTA": null, "tiger:PCICBSA": null, "tiger:NAMELSAD": null, "tiger:NAME": null, "tiger:MTFCC": null, "tiger:LSAD": null, "tiger:FUNCSTAT": null, "tiger:CPI": null, "is_in:state": null, "is_in:iso_3166_2": null, "gnis:feature_id": null, "border_type": null, "admin_level": null, "source:url": null, "boundary": null, "tiger:name_direction_suffix": null, "tiger:name_type_1": null, "tiger:name_base_1": null, "name_1": null, "lane_markings": null, "maxspeed": null, "tiger:name_direction_prefix": null, "smoothness": null, "ref:usfs": null, "wikipedia": null, "oneway": null, "motorcar": null, "motor_vehicle": null, "foot": null, "covered": null, "tiger:name_type": null, "tiger:name_base": null, "surface": null, "name": null, "service": null, "access": null, "tiger:reviewed": null, "tiger:county": null, "tiger:cfcc": null, "highway": null }, "geometry": { "type": "LineString", "coordinates": [ [ -104.8631669, 38.7717738 ], [ -104.8631623, 38.77174 ], [ -104.863163, 38.7717188 ], [ -104.863175, 38.7717104 ], [ -104.8632079, 38.7717055 ], [ -104.8632851, 38.7717045 ], [ -104.863299, 38.7717065 ], [ -104.8633566, 38.7717257 ], [ -104.8635617, 38.7718288 ], [ -104.8635718, 38.7718407 ], [ -104.863587, 38.771889 ], [ -104.8636016, 38.7719038 ], [ -104.8636269, 38.7719256 ], [ -104.8636611, 38.7719729 ], [ -104.8637263, 38.772043 ], [ -104.8637573, 38.7720706 ], [ -104.8637933, 38.7720958 ], [ -104.8638636, 38.7721303 ], [ -104.8639668, 38.7721782 ], [ -104.8639794, 38.7721915 ], [ -104.8639877, 38.7722083 ], [ -104.8639978, 38.7722542 ], [ -104.8639953, 38.7722764 ], [ -104.863982, 38.7722986 ], [ -104.863925, 38.7723554 ], [ -104.8638566, 38.7724047 ], [ -104.863787, 38.7724422 ], [ -104.8637098, 38.7724639 ], [ -104.8636554, 38.7724698 ], [ -104.863613, 38.7724674 ], [ -104.863544, 38.7724521 ], [ -104.8633516, 38.7723978 ], [ -104.8633199, 38.7723948 ], [ -104.8633016, 38.7723968 ], [ -104.8632756, 38.7724096 ], [ -104.8631503, 38.7725103 ], [ -104.8630971, 38.7725542 ], [ -104.8630604, 38.77257 ], [ -104.8630263, 38.7725779 ], [ -104.8629832, 38.7725799 ], [ -104.8629414, 38.7725799 ], [ -104.8628661, 38.772574 ], [ -104.8627857, 38.7725572 ], [ -104.8627503, 38.7725404 ], [ -104.8627319, 38.7725241 ], [ -104.862676, 38.7724616 ] ] } },
{ "type": "Feature", "properties": { "full_id": "w766360282", "osm_id": "766360282", "osm_type": "way", "horse": null, "playground:theme": null, "playground": null, "colour": null, "backrest": null, "amenity": null, "power": null, "incline": null, "handrail:right": null, "handrail:left": null, "rockfall_barrier": null, "bridge:structure": null, "fence_type": null, "material": null, "ladder": null, "dog": null, "segregated": null, "mtb:scale:imba": null, "mtb:scale": null, "par": null, "source:hgv": null, "hgv": null, "attraction": null, "content": null, "footway": null, "crossing": null, "handrail": null, "bridge": null, "aerialway": null, "barrier": "fence", "tunnel": null, "condition": null, "man_made": null, "golf_cart": null, "golf": null, "bicycle": null, "intermittent": null, "waterway": null, "layer": null, "lanes": null, "ford": null, "natural": null, "attribution": null, "operator": null, "ref": null, "railway": null, "old_railway_operator": null, "alt_name": null, "tiger:CLASSFP": null, "wikidata": null, "tiger:STATEFP": null, "tiger:PLCIDFP": null, "tiger:PLACEFP": null, "tiger:PCINECTA": null, "tiger:PCICBSA": null, "tiger:NAMELSAD": null, "tiger:NAME": null, "tiger:MTFCC": null, "tiger:LSAD": null, "tiger:FUNCSTAT": null, "tiger:CPI": null, "is_in:state": null, "is_in:iso_3166_2": null, "gnis:feature_id": null, "border_type": null, "admin_level": null, "source:url": null, "boundary": null, "tiger:name_direction_suffix": null, "tiger:name_type_1": null, "tiger:name_base_1": null, "name_1": null, "lane_markings": null, "maxspeed": null, "tiger:name_direction_prefix": null, "smoothness": null, "ref:usfs": null, "wikipedia": null, "oneway": null, "motorcar": null, "motor_vehicle": null, "foot": null, "covered": null, "tiger:name_type": null, "tiger:name_base": null, "surface": null, "name": null, "service": null, "access": null, "tiger:reviewed": null, "tiger:county": null, "tiger:cfcc": null, "highway": null }, "geometry": { "type": "LineString", "coordinates": [ [ -104.8533657, 38.7703981 ], [ -104.8533854, 38.7703988 ], [ -104.8534098, 38.7704508 ], [ -104.8533891, 38.7704731 ] ] } },
{ "type": "Feature", "properties": { "full_id": "w766360281", "osm_id": "766360281", "osm_type": "way", "horse": null, "playground:theme": null, "playground": null, "colour": null, "backrest": null, "amenity": null, "power": null, "incline": null, "handrail:right": null, "handrail:left": null, "rockfall_barrier": null, "bridge:structure": null, "fence_type": null, "material": null, "ladder": null, "dog": null, "segregated": null, "mtb:scale:imba": null, "mtb:scale": null, "par": null, "source:hgv": null, "hgv": null, "attraction": null, "content": null, "footway": null, "crossing": null, "handrail": null, "bridge": null, "aerialway": null, "barrier": "fence", "tunnel": null, "condition": null, "man_made": null, "golf_cart": null, "golf": null, "bicycle": null, "intermittent": null, "waterway": null, "layer": null, "lanes": null, "ford": null, "natural": null, "attribution": null, "operator": null, "ref": null, "railway": null, "old_railway_operator": null, "alt_name": null, "tiger:CLASSFP": null, "wikidata": null, "tiger:STATEFP": null, "tiger:PLCIDFP": null, "tiger:PLACEFP": null, "tiger:PCINECTA": null, "tiger:PCICBSA": null, "tiger:NAMELSAD": null, "tiger:NAME": null, "tiger:MTFCC": null, "tiger:LSAD": null, "tiger:FUNCSTAT": null, "tiger:CPI": null, "is_in:state": null, "is_in:iso_3166_2": null, "gnis:feature_id": null, "border_type": null, "admin_level": null, "source:url": null, "boundary": null, "tiger:name_direction_suffix": null, "tiger:name_type_1": null, "tiger:name_base_1": null, "name_1": null, "lane_markings": null, "maxspeed": null, "tiger:name_direction_prefix": null, "smoothness": null, "ref:usfs": null, "wikipedia": null, "oneway": null, "motorcar": null, "motor_vehicle": null, "foot": null, "covered": null, "tiger:name_type": null, "tiger:name_base": null, "surface": null, "name": null, "service": null, "access": null, "tiger:reviewed": null, "tiger:county": null, "tiger:cfcc": null, "highway": null }, "geometry": { "type": "LineString", "coordinates": [ [ -104.8533192, 38.770341 ], [ -104.8533224, 38.7703242 ], [ -104.8533112, 38.7702973 ], [ -104.8533417, 38.7702894 ], [ -104.8533667, 38.770352 ] ] } },
{ "type": "Feature", "properties": { "full_id": "w762132924", "osm_id": "762132924", "osm_type": "way", "horse": null, "playground:theme": null, "playground": null, "colour": null, "backrest": null, "amenity": null, "power": null, "incline": null, "handrail:right": null, "handrail:left": null, "rockfall_barrier": null, "bridge:structure": null, "fence_type": null, "material": null, "ladder": null, "dog": null, "segregated": null, "mtb:scale:imba": null, "mtb:scale": null, "par": null, "source:hgv": null, "hgv": null, "attraction": null, "content": null, "footway": null, "crossing": null, "handrail": null, "bridge": null, "aerialway": null, "barrier": null, "tunnel": "culvert", "condition": null, "man_made": null, "golf_cart": null, "golf": null, "bicycle": null, "intermittent": null, "waterway": "drain", "layer": "-1", "lanes": null, "ford": null, "natural": null, "attribution": null, "operator": null, "ref": null, "railway": null, "old_railway_operator": null, "alt_name": null, "tiger:CLASSFP": null, "wikidata": null, "tiger:STATEFP": null, "tiger:PLCIDFP": null, "tiger:PLACEFP": null, "tiger:PCINECTA": null, "tiger:PCICBSA": null, "tiger:NAMELSAD": null, "tiger:NAME": null, "tiger:MTFCC": null, "tiger:LSAD": null, "tiger:FUNCSTAT": null, "tiger:CPI": null, "is_in:state": null, "is_in:iso_3166_2": null, "gnis:feature_id": null, "border_type": null, "admin_level": null, "source:url": null, "boundary": null, "tiger:name_direction_suffix": null, "tiger:name_type_1": null, "tiger:name_base_1": null, "name_1": null, "lane_markings": null, "maxspeed": null, "tiger:name_direction_prefix": null, "smoothness": null, "ref:usfs": null, "wikipedia": null, "oneway": null, "motorcar": null, "motor_vehicle": null, "foot": null, "covered": null, "tiger:name_type": null, "tiger:name_base": null, "surface": null, "name": null, "service": null, "access": null, "tiger:reviewed": null, "tiger:county": null, "tiger:cfcc": null, "highway": null }, "geometry": { "type": "LineString", "coordinates": [ [ -104.8623272, 38.7661891 ], [ -104.8622617, 38.7662362 ] ] } },
{ "type": "Feature", "properties": { "full_id": "w762145905", "osm_id": "762145905", "osm_type": "way", "horse": null, "playground:theme": null, "playground": null, "colour": null, "backrest": null, "amenity": null, "power": null, "incline": null, "handrail:right": null, "handrail:left": null, "rockfall_barrier": null, "bridge:structure": null, "fence_type": null, "material": null, "ladder": null, "dog": null, "segregated": null, "mtb:scale:imba": null, "mtb:scale": null, "par": null, "source:hgv": null, "hgv": null, "attraction": null, "content": null, "footway": null, "crossing": null, "handrail": null, "bridge": null, "aerialway": null, "barrier": null, "tunnel": null, "condition": null, "man_made": null, "golf_cart": null, "golf": null, "bicycle": null, "intermittent": null, "waterway": "drain", "layer": null, "lanes": null, "ford": null, "natural": null, "attribution": null, "operator": null, "ref": null, "railway": null, "old_railway_operator": null, "alt_name": null, "tiger:CLASSFP": null, "wikidata": null, "tiger:STATEFP": null, "tiger:PLCIDFP": null, "tiger:PLACEFP": null, "tiger:PCINECTA": null, "tiger:PCICBSA": null, "tiger:NAMELSAD": null, "tiger:NAME": null, "tiger:MTFCC": null, "tiger:LSAD": null, "tiger:FUNCSTAT": null, "tiger:CPI": null, "is_in:state": null, "is_in:iso_3166_2": null, "gnis:feature_id": null, "border_type": null, "admin_level": null, "source:url": null, "boundary": null, "tiger:name_direction_suffix": null, "tiger:name_type_1": null, "tiger:name_base_1": null, "name_1": null, "lane_markings": null, "maxspeed": null, "tiger:name_direction_prefix": null, "smoothness": null, "ref:usfs": null, "wikipedia": null, "oneway": null, "motorcar": null, "motor_vehicle": null, "foot": null, "covered": null, "tiger:name_type": null, "tiger:name_base": null, "surface": null, "name": null, "service": null, "access": null, "tiger:reviewed": null, "tiger:county": null, "tiger:cfcc": null, "highway": null }, "geometry": { "type": "LineString", "coordinates": [ [ -104.8578573, 38.7686507 ], [ -104.8576548, 38.7687574 ], [ -104.857502, 38.7688661 ], [ -104.8573544, 38.7689038 ], [ -104.8572203, 38.7689665 ], [ -104.8570326, 38.7690209 ], [ -104.8568529, 38.7690711 ], [ -104.856759, 38.769138 ], [ -104.8565417, 38.7691568 ], [ -104.8563432, 38.7691777 ], [ -104.856252, 38.7692258 ], [ -104.8560911, 38.7693178 ], [ -104.8559355, 38.7693848 ], [ -104.8558068, 38.7694705 ], [ -104.8555976, 38.7695479 ], [ -104.8554635, 38.7696033 ] ] } },
{ "type": "Feature", "properties": { "full_id": "w762145904", "osm_id": "762145904", "osm_type": "way", "horse": null, "playground:theme": null, "playground": null, "colour": null, "backrest": null, "amenity": null, "power": null, "incline": null, "handrail:right": null, "handrail:left": null, "rockfall_barrier": null, "bridge:structure": null, "fence_type": null, "material": null, "ladder": null, "dog": null, "segregated": null, "mtb:scale:imba": null, "mtb:scale": null, "par": null, "source:hgv": null, "hgv": null, "attraction": null, "content": null, "footway": null, "crossing": null, "handrail": null, "bridge": null, "aerialway": null, "barrier": null, "tunnel": "culvert", "condition": null, "man_made": null, "golf_cart": null, "golf": null, "bicycle": null, "intermittent": null, "waterway": "drain", "layer": "-1", "lanes": null, "ford": null, "natural": null, "attribution": null, "operator": null, "ref": null, "railway": null, "old_railway_operator": null, "alt_name": null, "tiger:CLASSFP": null, "wikidata": null, "tiger:STATEFP": null, "tiger:PLCIDFP": null, "tiger:PLACEFP": null, "tiger:PCINECTA": null, "tiger:PCICBSA": null, "tiger:NAMELSAD": null, "tiger:NAME": null, "tiger:MTFCC": null, "tiger:LSAD": null, "tiger:FUNCSTAT": null, "tiger:CPI": null, "is_in:state": null, "is_in:iso_3166_2": null, "gnis:feature_id": null, "border_type": null, "admin_level": null, "source:url": null, "boundary": null, "tiger:name_direction_suffix": null, "tiger:name_type_1": null, "tiger:name_base_1": null, "name_1": null, "lane_markings": null, "maxspeed": null, "tiger:name_direction_prefix": null, "smoothness": null, "ref:usfs": null, "wikipedia": null, "oneway": null, "motorcar": null, "motor_vehicle": null, "foot": null, "covered": null, "tiger:name_type": null, "tiger:name_base": null, "surface": null, "name": null, "service": null, "access": null, "tiger:reviewed": null, "tiger:county": null, "tiger:cfcc": null, "highway": null }, "geometry": { "type": "LineString", "coordinates": [ [ -104.8581128, 38.7685481 ], [ -104.8578573, 38.7686507 ] ] } },
{ "type": "Feature", "properties": { "full_id": "w762145907", "osm_id": "762145907", "osm_type": "way", "horse": null, "playground:theme": null, "playground": null, "colour": null, "backrest": null, "amenity": null, "power": null, "incline": null, "handrail:right": null, "handrail:left": null, "rockfall_barrier": null, "bridge:structure": null, "fence_type": null, "material": null, "ladder": null, "dog": null, "segregated": null, "mtb:scale:imba": null, "mtb:scale": null, "par": null, "source:hgv": null, "hgv": null, "attraction": null, "content": null, "footway": null, "crossing": null, "handrail": null, "bridge": null, "aerialway": null, "barrier": null, "tunnel": "culvert", "condition": null, "man_made": null, "golf_cart": null, "golf": null, "bicycle": null, "intermittent": null, "waterway": "drain", "layer": "-1", "lanes": null, "ford": null, "natural": null, "attribution": null, "operator": null, "ref": null, "railway": null, "old_railway_operator": null, "alt_name": null, "tiger:CLASSFP": null, "wikidata": null, "tiger:STATEFP": null, "tiger:PLCIDFP": null, "tiger:PLACEFP": null, "tiger:PCINECTA": null, "tiger:PCICBSA": null, "tiger:NAMELSAD": null, "tiger:NAME": null, "tiger:MTFCC": null, "tiger:LSAD": null, "tiger:FUNCSTAT": null, "tiger:CPI": null, "is_in:state": null, "is_in:iso_3166_2": null, "gnis:feature_id": null, "border_type": null, "admin_level": null, "source:url": null, "boundary": null, "tiger:name_direction_suffix": null, "tiger:name_type_1": null, "tiger:name_base_1": null, "name_1": null, "lane_markings": null, "maxspeed": null, "tiger:name_direction_prefix": null, "smoothness": null, "ref:usfs": null, "wikipedia": null, "oneway": null, "motorcar": null, "motor_vehicle": null, "foot": null, "covered": null, "tiger:name_type": null, "tiger:name_base": null, "surface": null, "name": null, "service": null, "access": null, "tiger:reviewed": null, "tiger:county": null, "tiger:cfcc": null, "highway": null }, "geometry": { "type": "LineString", "coordinates": [ [ -104.8554635, 38.7696033 ], [ -104.8552388, 38.7697183 ] ] } },
{ "type": "Feature", "properties": { "full_id": "w762145906", "osm_id": "762145906", "osm_type": "way", "horse": null, "playground:theme": null, "playground": null, "colour": null, "backrest": null, "amenity": null, "power": null, "incline": null, "handrail:right": null, "handrail:left": null, "rockfall_barrier": null, "bridge:structure": null, "fence_type": null, "material": null, "ladder": null, "dog": null, "segregated": null, "mtb:scale:imba": null, "mtb:scale": null, "par": null, "source:hgv": null, "hgv": null, "attraction": null, "content": null, "footway": null, "crossing": null, "handrail": null, "bridge": null, "aerialway": null, "barrier": null, "tunnel": null, "condition": null, "man_made": null, "golf_cart": null, "golf": null, "bicycle": null, "intermittent": null, "waterway": "drain", "layer": null, "lanes": null, "ford": null, "natural": null, "attribution": null, "operator": null, "ref": null, "railway": null, "old_railway_operator": null, "alt_name": null, "tiger:CLASSFP": null, "wikidata": null, "tiger:STATEFP": null, "tiger:PLCIDFP": null, "tiger:PLACEFP": null, "tiger:PCINECTA": null, "tiger:PCICBSA": null, "tiger:NAMELSAD": null, "tiger:NAME": null, "tiger:MTFCC": null, "tiger:LSAD": null, "tiger:FUNCSTAT": null, "tiger:CPI": null, "is_in:state": null, "is_in:iso_3166_2": null, "gnis:feature_id": null, "border_type": null, "admin_level": null, "source:url": null, "boundary": null, "tiger:name_direction_suffix": null, "tiger:name_type_1": null, "tiger:name_base_1": null, "name_1": null, "lane_markings": null, "maxspeed": null, "tiger:name_direction_prefix": null, "smoothness": null, "ref:usfs": null, "wikipedia": null, "oneway": null, "motorcar": null, "motor_vehicle": null, "foot": null, "covered": null, "tiger:name_type": null, "tiger:name_base": null, "surface": null, "name": null, "service": null, "access": null, "tiger:reviewed": null, "tiger:county": null, "tiger:cfcc": null, "highway": null }, "geometry": { "type": "LineString", "coordinates": [ [ -104.8552388, 38.7697183 ], [ -104.8550853, 38.7697507 ], [ -104.8547956, 38.769803 ], [ -104.854345, 38.7698218 ] ] } },
{ "type": "Feature", "properties": { "full_id": "w686538506", "osm_id": "686538506", "osm_type": "way", "horse": null, "playground:theme": null, "playground": null, "colour": null, "backrest": null, "amenity": null, "power": null, "incline": null, "handrail:right": null, "handrail:left": null, "rockfall_barrier": null, "bridge:structure": null, "fence_type": null, "material": null, "ladder": null, "dog": null, "segregated": null, "mtb:scale:imba": null, "mtb:scale": null, "par": null, "source:hgv": null, "hgv": null, "attraction": null, "content": null, "footway": null, "crossing": null, "handrail": null, "bridge": null, "aerialway": null, "barrier": null, "tunnel": null, "condition": null, "man_made": null, "golf_cart": null, "golf": null, "bicycle": null, "intermittent": null, "waterway": null, "layer": null, "lanes": null, "ford": null, "natural": null, "attribution": null, "operator": null, "ref": null, "railway": null, "old_railway_operator": null, "alt_name": null, "tiger:CLASSFP": null, "wikidata": null, "tiger:STATEFP": null, "tiger:PLCIDFP": null, "tiger:PLACEFP": null, "tiger:PCINECTA": null, "tiger:PCICBSA": null, "tiger:NAMELSAD": null, "tiger:NAME": null, "tiger:MTFCC": null, "tiger:LSAD": null, "tiger:FUNCSTAT": null, "tiger:CPI": null, "is_in:state": null, "is_in:iso_3166_2": null, "gnis:feature_id": null, "border_type": null, "admin_level": null, "source:url": null, "boundary": null, "tiger:name_direction_suffix": null, "tiger:name_type_1": null, "tiger:name_base_1": null, "name_1": null, "lane_markings": null, "maxspeed": null, "tiger:name_direction_prefix": null, "smoothness": null, "ref:usfs": null, "wikipedia": null, "oneway": "no", "motorcar": null, "motor_vehicle": "no", "foot": null, "covered": "no", "tiger:name_type": null, "tiger:name_base": null, "surface": "asphalt", "name": "Old Cheyenne Mountain Highway", "service": null, "access": "private", "tiger:reviewed": null, "tiger:county": null, "tiger:cfcc": null, "highway": "service" }, "geometry": { "type": "LineString", "coordinates": [ [ -104.8524523, 38.7706379 ], [ -104.8524966, 38.7706996 ], [ -104.8525484, 38.7707707 ], [ -104.852759, 38.7709694 ], [ -104.8528656, 38.7710201 ], [ -104.8530441, 38.7710515 ], [ -104.8531193, 38.7710713 ], [ -104.8532592, 38.771108 ], [ -104.8534885, 38.771246 ], [ -104.853746, 38.7713856 ], [ -104.8539626, 38.7714797 ], [ -104.8541712, 38.7716004 ], [ -104.8542225, 38.7716327 ], [ -104.8542737, 38.7716649 ] ] } },
{ "type": "Feature", "properties": { "full_id": "w686538505", "osm_id": "686538505", "osm_type": "way", "horse": null, "playground:theme": null, "playground": null, "colour": null, "backrest": null, "amenity": null, "power": null, "incline": null, "handrail:right": null, "handrail:left": null, "rockfall_barrier": null, "bridge:structure": null, "fence_type": null, "material": null, "ladder": null, "dog": null, "segregated": null, "mtb:scale:imba": null, "mtb:scale": null, "par": null, "source:hgv": null, "hgv": null, "attraction": null, "content": null, "footway": null, "crossing": null, "handrail": null, "bridge": null, "aerialway": null, "barrier": null, "tunnel": null, "condition": null, "man_made": null, "golf_cart": null, "golf": null, "bicycle": null, "intermittent": null, "waterway": null, "layer": null, "lanes": null, "ford": null, "natural": null, "attribution": null, "operator": null, "ref": null, "railway": null, "old_railway_operator": null, "alt_name": null, "tiger:CLASSFP": null, "wikidata": null, "tiger:STATEFP": null, "tiger:PLCIDFP": null, "tiger:PLACEFP": null, "tiger:PCINECTA": null, "tiger:PCICBSA": null, "tiger:NAMELSAD": null, "tiger:NAME": null, "tiger:MTFCC": null, "tiger:LSAD": null, "tiger:FUNCSTAT": null, "tiger:CPI": null, "is_in:state": null, "is_in:iso_3166_2": null, "gnis:feature_id": null, "border_type": null, "admin_level": null, "source:url": null, "boundary": null, "tiger:name_direction_suffix": null, "tiger:name_type_1": null, "tiger:name_base_1": null, "name_1": null, "lane_markings": null, "maxspeed": null, "tiger:name_direction_prefix": null, "smoothness": null, "ref:usfs": null, "wikipedia": null, "oneway": null, "motorcar": null, "motor_vehicle": null, "foot": null, "covered": null, "tiger:name_type": null, "tiger:name_base": null, "surface": "asphalt", "name": null, "service": "parking_aisle", "access": null, "tiger:reviewed": null, "tiger:county": null, "tiger:cfcc": null, "highway": "service" }, "geometry": { "type": "LineString", "coordinates": [ [ -104.8518654, 38.7691547 ], [ -104.8518924, 38.7691414 ], [ -104.8520345, 38.7691958 ], [ -104.8521412, 38.7692549 ], [ -104.8522552, 38.7694164 ], [ -104.8524671, 38.7698347 ], [ -104.8524667, 38.7698815 ], [ -104.8524579, 38.7700569 ], [ -104.8524396, 38.7701332 ], [ -104.852428, 38.7701755 ] ] } },
{ "type": "Feature", "properties": { "full_id": "w656108437", "osm_id": "656108437", "osm_type": "way", "horse": null, "playground:theme": null, "playground": null, "colour": null, "backrest": null, "amenity": null, "power": null, "incline": null, "handrail:right": null, "handrail:left": null, "rockfall_barrier": null, "bridge:structure": null, "fence_type": null, "material": null, "ladder": null, "dog": null, "segregated": null, "mtb:scale:imba": null, "mtb:scale": null, "par": null, "source:hgv": null, "hgv": null, "attraction": null, "content": null, "footway": null, "crossing": null, "handrail": null, "bridge": null, "aerialway": null, "barrier": "gate", "tunnel": null, "condition": null, "man_made": null, "golf_cart": null, "golf": null, "bicycle": null, "intermittent": null, "waterway": null, "layer": null, "lanes": null, "ford": null, "natural": null, "attribution": null, "operator": null, "ref": null, "railway": null, "old_railway_operator": null, "alt_name": null, "tiger:CLASSFP": null, "wikidata": null, "tiger:STATEFP": null, "tiger:PLCIDFP": null, "tiger:PLACEFP": null, "tiger:PCINECTA": null, "tiger:PCICBSA": null, "tiger:NAMELSAD": null, "tiger:NAME": null, "tiger:MTFCC": null, "tiger:LSAD": null, "tiger:FUNCSTAT": null, "tiger:CPI": null, "is_in:state": null, "is_in:iso_3166_2": null, "gnis:feature_id": null, "border_type": null, "admin_level": null, "source:url": null, "boundary": null, "tiger:name_direction_suffix": null, "tiger:name_type_1": null, "tiger:name_base_1": null, "name_1": null, "lane_markings": null, "maxspeed": null, "tiger:name_direction_prefix": null, "smoothness": null, "ref:usfs": null, "wikipedia": null, "oneway": null, "motorcar": null, "motor_vehicle": null, "foot": null, "covered": null, "tiger:name_type": null, "tiger:name_base": null, "surface": null, "name": null, "service": null, "access": "no", "tiger:reviewed": null, "tiger:county": null, "tiger:cfcc": null, "highway": null }, "geometry": { "type": "LineString", "coordinates": [ [ -104.854955, 38.7727832 ], [ -104.8548838, 38.7728241 ] ] } },
{ "type": "Feature", "properties": { "full_id": "w580916517", "osm_id": "580916517", "osm_type": "way", "horse": null, "playground:theme": null, "playground": null, "colour": null, "backrest": null, "amenity": null, "power": null, "incline": null, "handrail:right": null, "handrail:left": null, "rockfall_barrier": null, "bridge:structure": null, "fence_type": null, "material": null, "ladder": null, "dog": null, "segregated": null, "mtb:scale:imba": null, "mtb:scale": null, "par": null, "source:hgv": null, "hgv": null, "attraction": null, "content": null, "footway": null, "crossing": null, "handrail": null, "bridge": null, "aerialway": null, "barrier": null, "tunnel": null, "condition": null, "man_made": null, "golf_cart": null, "golf": null, "bicycle": null, "intermittent": null, "waterway": null, "layer": null, "lanes": null, "ford": null, "natural": null, "attribution": null, "operator": null, "ref": null, "railway": null, "old_railway_operator": null, "alt_name": null, "tiger:CLASSFP": null, "wikidata": null, "tiger:STATEFP": null, "tiger:PLCIDFP": null, "tiger:PLACEFP": null, "tiger:PCINECTA": null, "tiger:PCICBSA": null, "tiger:NAMELSAD": null, "tiger:NAME": null, "tiger:MTFCC": null, "tiger:LSAD": null, "tiger:FUNCSTAT": null, "tiger:CPI": null, "is_in:state": null, "is_in:iso_3166_2": null, "gnis:feature_id": null, "border_type": null, "admin_level": null, "source:url": null, "boundary": null, "tiger:name_direction_suffix": null, "tiger:name_type_1": null, "tiger:name_base_1": null, "name_1": null, "lane_markings": null, "maxspeed": null, "tiger:name_direction_prefix": null, "smoothness": null, "ref:usfs": null, "wikipedia": null, "oneway": null, "motorcar": null, "motor_vehicle": null, "foot": null, "covered": null, "tiger:name_type": null, "tiger:name_base": null, "surface": "asphalt", "name": "Zoo Highway Access", "service": null, "access": null, "tiger:reviewed": null, "tiger:county": null, "tiger:cfcc": null, "highway": "service" }, "geometry": { "type": "LineString", "coordinates": [ [ -104.8517944, 38.7701096 ], [ -104.8518116, 38.7700257 ], [ -104.8517766, 38.769856 ] ] } },
{ "type": "Feature", "properties": { "full_id": "w686538510", "osm_id": "686538510", "osm_type": "way", "horse": null, "playground:theme": null, "playground": null, "colour": null, "backrest": null, "amenity": null, "power": null, "incline": null, "handrail:right": null, "handrail:left": null, "rockfall_barrier": null, "bridge:structure": null, "fence_type": null, "material": null, "ladder": null, "dog": null, "segregated": null, "mtb:scale:imba": null, "mtb:scale": null, "par": null, "source:hgv": null, "hgv": null, "attraction": null, "content": null, "footway": null, "crossing": null, "handrail": null, "bridge": null, "aerialway": null, "barrier": null, "tunnel": null, "condition": null, "man_made": null, "golf_cart": null, "golf": null, "bicycle": null, "intermittent": null, "waterway": null, "layer": null, "lanes": null, "ford": null, "natural": null, "attribution": null, "operator": null, "ref": null, "railway": null, "old_railway_operator": null, "alt_name": null, "tiger:CLASSFP": null, "wikidata": null, "tiger:STATEFP": null, "tiger:PLCIDFP": null, "tiger:PLACEFP": null, "tiger:PCINECTA": null, "tiger:PCICBSA": null, "tiger:NAMELSAD": null, "tiger:NAME": null, "tiger:MTFCC": null, "tiger:LSAD": null, "tiger:FUNCSTAT": null, "tiger:CPI": null, "is_in:state": null, "is_in:iso_3166_2": null, "gnis:feature_id": null, "border_type": null, "admin_level": null, "source:url": null, "boundary": null, "tiger:name_direction_suffix": null, "tiger:name_type_1": null, "tiger:name_base_1": null, "name_1": null, "lane_markings": null, "maxspeed": null, "tiger:name_direction_prefix": null, "smoothness": null, "ref:usfs": null, "wikipedia": "en:Cheyenne Mountain Highway", "oneway": null, "motorcar": "permissive", "motor_vehicle": null, "foot": null, "covered": null, "tiger:name_type": null, "tiger:name_base": null, "surface": null, "name": "Cheyenne Mountain Highway", "service": null, "access": "private", "tiger:reviewed": null, "tiger:county": "El Paso, CO", "tiger:cfcc": "A41", "highway": "service" }, "geometry": { "type": "LineString", "coordinates": [ [ -104.8517723, 38.7690405 ], [ -104.8518089, 38.7690248 ], [ -104.8519358, 38.7690276 ], [ -104.8523641, 38.7691876 ], [ -104.8524614, 38.7692552 ], [ -104.8525552, 38.7693684 ], [ -104.8527021, 38.7696328 ], [ -104.852821, 38.7698694 ], [ -104.852839, 38.7699516 ], [ -104.8528854, 38.7701861 ], [ -104.8529371, 38.7702366 ] ] } },
{ "type": "Feature", "properties": { "full_id": "w686538508", "osm_id": "686538508", "osm_type": "way", "horse": null, "playground:theme": null, "playground": null, "colour": null, "backrest": null, "amenity": null, "power": null, "incline": null, "handrail:right": null, "handrail:left": null, "rockfall_barrier": null, "bridge:structure": null, "fence_type": null, "material": null, "ladder": null, "dog": null, "segregated": null, "mtb:scale:imba": null, "mtb:scale": null, "par": null, "source:hgv": null, "hgv": null, "attraction": null, "content": null, "footway": null, "crossing": null, "handrail": null, "bridge": null, "aerialway": null, "barrier": null, "tunnel": null, "condition": null, "man_made": null, "golf_cart": null, "golf": null, "bicycle": null, "intermittent": null, "waterway": null, "layer": null, "lanes": null, "ford": null, "natural": null, "attribution": null, "operator": null, "ref": null, "railway": null, "old_railway_operator": null, "alt_name": null, "tiger:CLASSFP": null, "wikidata": null, "tiger:STATEFP": null, "tiger:PLCIDFP": null, "tiger:PLACEFP": null, "tiger:PCINECTA": null, "tiger:PCICBSA": null, "tiger:NAMELSAD": null, "tiger:NAME": null, "tiger:MTFCC": null, "tiger:LSAD": null, "tiger:FUNCSTAT": null, "tiger:CPI": null, "is_in:state": null, "is_in:iso_3166_2": null, "gnis:feature_id": null, "border_type": null, "admin_level": null, "source:url": null, "boundary": null, "tiger:name_direction_suffix": null, "tiger:name_type_1": null, "tiger:name_base_1": null, "name_1": null, "lane_markings": null, "maxspeed": null, "tiger:name_direction_prefix": null, "smoothness": null, "ref:usfs": null, "wikipedia": null, "oneway": null, "motorcar": null, "motor_vehicle": null, "foot": null, "covered": null, "tiger:name_type": null, "tiger:name_base": null, "surface": null, "name": null, "service": null, "access": "private", "tiger:reviewed": null, "tiger:county": null, "tiger:cfcc": null, "highway": "service" }, "geometry": { "type": "LineString", "coordinates": [ [ -104.8554509, 38.7726689 ], [ -104.8554728, 38.7725214 ], [ -104.8554946, 38.7723851 ], [ -104.855567, 38.7722795 ], [ -104.8556978, 38.772132 ], [ -104.8557515, 38.7720173 ], [ -104.855748, 38.7718967 ], [ -104.8557476, 38.7718836 ], [ -104.8557468, 38.771858 ], [ -104.8556802, 38.7717177 ], [ -104.855532, 38.7715731 ] ] } },
{ "type": "Feature", "properties": { "full_id": "w762132923", "osm_id": "762132923", "osm_type": "way", "horse": null, "playground:theme": null, "playground": null, "colour": null, "backrest": null, "amenity": null, "power": null, "incline": null, "handrail:right": null, "handrail:left": null, "rockfall_barrier": null, "bridge:structure": null, "fence_type": null, "material": null, "ladder": null, "dog": null, "segregated": null, "mtb:scale:imba": null, "mtb:scale": null, "par": null, "source:hgv": null, "hgv": null, "attraction": null, "content": null, "footway": null, "crossing": null, "handrail": null, "bridge": null, "aerialway": null, "barrier": null, "tunnel": null, "condition": null, "man_made": null, "golf_cart": null, "golf": null, "bicycle": null, "intermittent": null, "waterway": "drain", "layer": null, "lanes": null, "ford": null, "natural": null, "attribution": null, "operator": null, "ref": null, "railway": null, "old_railway_operator": null, "alt_name": null, "tiger:CLASSFP": null, "wikidata": null, "tiger:STATEFP": null, "tiger:PLCIDFP": null, "tiger:PLACEFP": null, "tiger:PCINECTA": null, "tiger:PCICBSA": null, "tiger:NAMELSAD": null, "tiger:NAME": null, "tiger:MTFCC": null, "tiger:LSAD": null, "tiger:FUNCSTAT": null, "tiger:CPI": null, "is_in:state": null, "is_in:iso_3166_2": null, "gnis:feature_id": null, "border_type": null, "admin_level": null, "source:url": null, "boundary": null, "tiger:name_direction_suffix": null, "tiger:name_type_1": null, "tiger:name_base_1": null, "name_1": null, "lane_markings": null, "maxspeed": null, "tiger:name_direction_prefix": null, "smoothness": null, "ref:usfs": null, "wikipedia": null, "oneway": null, "motorcar": null, "motor_vehicle": null, "foot": null, "covered": null, "tiger:name_type": null, "tiger:name_base": null, "surface": null, "name": null, "service": null, "access": null, "tiger:reviewed": null, "tiger:county": null, "tiger:cfcc": null, "highway": null }, "geometry": { "type": "LineString", "coordinates": [ [ -104.8622617, 38.7662362 ], [ -104.8622489, 38.7662539 ], [ -104.8620585, 38.7664065 ], [ -104.8619512, 38.7665132 ], [ -104.8617983, 38.7666303 ], [ -104.861632, 38.76667 ], [ -104.861463, 38.7667391 ], [ -104.861353, 38.7667893 ], [ -104.8611706, 38.7668248 ], [ -104.8610097, 38.7668875 ], [ -104.8607603, 38.7669231 ], [ -104.8605277, 38.7669736 ], [ -104.8604043, 38.7670573 ], [ -104.8601246, 38.7671824 ], [ -104.8599127, 38.7672933 ], [ -104.8596909, 38.7673877 ], [ -104.8595211, 38.7674815 ], [ -104.8594629, 38.7676219 ], [ -104.8593843, 38.7677617 ], [ -104.8593548, 38.7678851 ], [ -104.8593548, 38.767975 ], [ -104.8592582, 38.7680231 ], [ -104.8591442, 38.7681312 ], [ -104.8590657, 38.7682262 ], [ -104.8589933, 38.7682534 ], [ -104.8589745, 38.7682952 ], [ -104.8589262, 38.7683266 ], [ -104.8588565, 38.7683329 ], [ -104.8587465, 38.7683663 ], [ -104.8586687, 38.7683851 ], [ -104.8585453, 38.7684374 ], [ -104.8584354, 38.7684855 ], [ -104.8583576, 38.7685169 ], [ -104.8582637, 38.7685169 ], [ -104.8581323, 38.7685378 ], [ -104.8581128, 38.7685481 ] ] } },
{ "type": "Feature", "properties": { "full_id": "w548892199", "osm_id": "548892199", "osm_type": "way", "horse": null, "playground:theme": null, "playground": null, "colour": null, "backrest": null, "amenity": null, "power": null, "incline": null, "handrail:right": null, "handrail:left": null, "rockfall_barrier": null, "bridge:structure": null, "fence_type": null, "material": null, "ladder": null, "dog": null, "segregated": null, "mtb:scale:imba": null, "mtb:scale": null, "par": null, "source:hgv": null, "hgv": null, "attraction": null, "content": null, "footway": null, "crossing": null, "handrail": null, "bridge": null, "aerialway": null, "barrier": null, "tunnel": null, "condition": null, "man_made": null, "golf_cart": null, "golf": null, "bicycle": null, "intermittent": null, "waterway": null, "layer": "-1", "lanes": null, "ford": null, "natural": null, "attribution": null, "operator": null, "ref": null, "railway": null, "old_railway_operator": null, "alt_name": null, "tiger:CLASSFP": null, "wikidata": null, "tiger:STATEFP": null, "tiger:PLCIDFP": null, "tiger:PLACEFP": null, "tiger:PCINECTA": null, "tiger:PCICBSA": null, "tiger:NAMELSAD": null, "tiger:NAME": null, "tiger:MTFCC": null, "tiger:LSAD": null, "tiger:FUNCSTAT": null, "tiger:CPI": null, "is_in:state": null, "is_in:iso_3166_2": null, "gnis:feature_id": null, "border_type": null, "admin_level": null, "source:url": null, "boundary": null, "tiger:name_direction_suffix": null, "tiger:name_type_1": null, "tiger:name_base_1": null, "name_1": null, "lane_markings": null, "maxspeed": null, "tiger:name_direction_prefix": null, "smoothness": null, "ref:usfs": null, "wikipedia": null, "oneway": null, "motorcar": null, "motor_vehicle": null, "foot": null, "covered": null, "tiger:name_type": null, "tiger:name_base": null, "surface": "paved", "name": "Path to My Big Backyard", "service": null, "access": null, "tiger:reviewed": null, "tiger:county": null, "tiger:cfcc": null, "highway": "footway" }, "geometry": { "type": "LineString", "coordinates": [ [ -104.8539174, 38.7705978 ], [ -104.8539062, 38.7706433 ], [ -104.8539987, 38.7707871 ], [ -104.8540329, 38.7707955 ], [ -104.8540852, 38.7707887 ], [ -104.8541415, 38.7707735 ], [ -104.8541422, 38.7707636 ], [ -104.8541281, 38.7707568 ], [ -104.8540718, 38.7707657 ], [ -104.8540396, 38.7707646 ], [ -104.8540182, 38.7707536 ], [ -104.8540141, 38.7707395 ], [ -104.8540235, 38.7707197 ] ] } },
{ "type": "Feature", "properties": { "full_id": "w548888389", "osm_id": "548888389", "osm_type": "way", "horse": null, "playground:theme": null, "playground": null, "colour": null, "backrest": null, "amenity": null, "power": null, "incline": null, "handrail:right": null, "handrail:left": null, "rockfall_barrier": null, "bridge:structure": null, "fence_type": null, "material": null, "ladder": null, "dog": null, "segregated": null, "mtb:scale:imba": null, "mtb:scale": null, "par": null, "source:hgv": null, "hgv": null, "attraction": null, "content": null, "footway": null, "crossing": null, "handrail": null, "bridge": null, "aerialway": null, "barrier": "fence", "tunnel": null, "condition": null, "man_made": null, "golf_cart": null, "golf": null, "bicycle": null, "intermittent": null, "waterway": null, "layer": null, "lanes": null, "ford": null, "natural": null, "attribution": null, "operator": null, "ref": null, "railway": null, "old_railway_operator": null, "alt_name": null, "tiger:CLASSFP": null, "wikidata": null, "tiger:STATEFP": null, "tiger:PLCIDFP": null, "tiger:PLACEFP": null, "tiger:PCINECTA": null, "tiger:PCICBSA": null, "tiger:NAMELSAD": null, "tiger:NAME": null, "tiger:MTFCC": null, "tiger:LSAD": null, "tiger:FUNCSTAT": null, "tiger:CPI": null, "is_in:state": null, "is_in:iso_3166_2": null, "gnis:feature_id": null, "border_type": null, "admin_level": null, "source:url": null, "boundary": null, "tiger:name_direction_suffix": null, "tiger:name_type_1": null, "tiger:name_base_1": null, "name_1": null, "lane_markings": null, "maxspeed": null, "tiger:name_direction_prefix": null, "smoothness": null, "ref:usfs": null, "wikipedia": null, "oneway": null, "motorcar": null, "motor_vehicle": null, "foot": null, "covered": null, "tiger:name_type": null, "tiger:name_base": null, "surface": null, "name": null, "service": null, "access": null, "tiger:reviewed": null, "tiger:county": null, "tiger:cfcc": null, "highway": null }, "geometry": { "type": "LineString", "coordinates": [ [ -104.853799, 38.7705772 ], [ -104.8537754, 38.7705722 ], [ -104.8537533, 38.7705691 ], [ -104.8537144, 38.7705586 ], [ -104.8536929, 38.7705555 ], [ -104.8536849, 38.7705591 ], [ -104.8536849, 38.7705659 ], [ -104.8536607, 38.7705644 ], [ -104.8536607, 38.7705565 ], [ -104.853652, 38.7705523 ], [ -104.8536386, 38.7705497 ], [ -104.8536225, 38.7705503 ], [ -104.8536118, 38.770556 ], [ -104.8536105, 38.7705659 ], [ -104.8535877, 38.7705659 ], [ -104.8535863, 38.7705571 ], [ -104.8535742, 38.7705529 ], [ -104.8535595, 38.7705534 ], [ -104.8535439, 38.7705597 ] ] } },
{ "type": "Feature", "properties": { "full_id": "w548793154", "osm_id": "548793154", "osm_type": "way", "horse": null, "playground:theme": null, "playground": null, "colour": null, "backrest": null, "amenity": null, "power": null, "incline": null, "handrail:right": null, "handrail:left": null, "rockfall_barrier": null, "bridge:structure": null, "fence_type": null, "material": null, "ladder": null, "dog": null, "segregated": null, "mtb:scale:imba": null, "mtb:scale": null, "par": null, "source:hgv": null, "hgv": null, "attraction": null, "content": null, "footway": null, "crossing": null, "handrail": null, "bridge": null, "aerialway": null, "barrier": "wall", "tunnel": null, "condition": null, "man_made": null, "golf_cart": null, "golf": null, "bicycle": null, "intermittent": null, "waterway": null, "layer": null, "lanes": null, "ford": null, "natural": null, "attribution": null, "operator": null, "ref": null, "railway": null, "old_railway_operator": null, "alt_name": null, "tiger:CLASSFP": null, "wikidata": null, "tiger:STATEFP": null, "tiger:PLCIDFP": null, "tiger:PLACEFP": null, "tiger:PCINECTA": null, "tiger:PCICBSA": null, "tiger:NAMELSAD": null, "tiger:NAME": null, "tiger:MTFCC": null, "tiger:LSAD": null, "tiger:FUNCSTAT": null, "tiger:CPI": null, "is_in:state": null, "is_in:iso_3166_2": null, "gnis:feature_id": null, "border_type": null, "admin_level": null, "source:url": null, "boundary": null, "tiger:name_direction_suffix": null, "tiger:name_type_1": null, "tiger:name_base_1": null, "name_1": null, "lane_markings": null, "maxspeed": null, "tiger:name_direction_prefix": null, "smoothness": null, "ref:usfs": null, "wikipedia": null, "oneway": null, "motorcar": null, "motor_vehicle": null, "foot": null, "covered": null, "tiger:name_type": null, "tiger:name_base": null, "surface": null, "name": null, "service": null, "access": null, "tiger:reviewed": null, "tiger:county": null, "tiger:cfcc": null, "highway": null }, "geometry": { "type": "LineString", "coordinates": [ [ -104.8526202, 38.7707776 ], [ -104.8525681, 38.7707129 ] ] } },
{ "type": "Feature", "properties": { "full_id": "w548793152", "osm_id": "548793152", "osm_type": "way", "horse": null, "playground:theme": null, "playground": null, "colour": null, "backrest": null, "amenity": null, "power": null, "incline": null, "handrail:right": null, "handrail:left": null, "rockfall_barrier": null, "bridge:structure": null, "fence_type": null, "material": null, "ladder": null, "dog": null, "segregated": null, "mtb:scale:imba": null, "mtb:scale": null, "par": null, "source:hgv": null, "hgv": null, "attraction": null, "content": null, "footway": null, "crossing": null, "handrail": null, "bridge": null, "aerialway": null, "barrier": null, "tunnel": null, "condition": null, "man_made": null, "golf_cart": null, "golf": null, "bicycle": null, "intermittent": null, "waterway": "drain", "layer": null, "lanes": null, "ford": null, "natural": null, "attribution": null, "operator": null, "ref": null, "railway": null, "old_railway_operator": null, "alt_name": null, "tiger:CLASSFP": null, "wikidata": null, "tiger:STATEFP": null, "tiger:PLCIDFP": null, "tiger:PLACEFP": null, "tiger:PCINECTA": null, "tiger:PCICBSA": null, "tiger:NAMELSAD": null, "tiger:NAME": null, "tiger:MTFCC": null, "tiger:LSAD": null, "tiger:FUNCSTAT": null, "tiger:CPI": null, "is_in:state": null, "is_in:iso_3166_2": null, "gnis:feature_id": null, "border_type": null, "admin_level": null, "source:url": null, "boundary": null, "tiger:name_direction_suffix": null, "tiger:name_type_1": null, "tiger:name_base_1": null, "name_1": null, "lane_markings": null, "maxspeed": null, "tiger:name_direction_prefix": null, "smoothness": null, "ref:usfs": null, "wikipedia": null, "oneway": null, "motorcar": null, "motor_vehicle": null, "foot": null, "covered": null, "tiger:name_type": null, "tiger:name_base": null, "surface": null, "name": null, "service": null, "access": null, "tiger:reviewed": null, "tiger:county": null, "tiger:cfcc": null, "highway": null }, "geometry": { "type": "LineString", "coordinates": [ [ -104.854007, 38.7698375 ], [ -104.8539024, 38.7698407 ], [ -104.8538074, 38.7698493 ], [ -104.8537174, 38.7698574 ], [ -104.8532066, 38.7699014 ] ] } },
{ "type": "Feature", "properties": { "full_id": "w548892214", "osm_id": "548892214", "osm_type": "way", "horse": null, "playground:theme": null, "playground": null, "colour": null, "backrest": null, "amenity": null, "power": null, "incline": null, "handrail:right": null, "handrail:left": null, "rockfall_barrier": null, "bridge:structure": null, "fence_type": null, "material": null, "ladder": null, "dog": null, "segregated": null, "mtb:scale:imba": null, "mtb:scale": null, "par": null, "source:hgv": null, "hgv": null, "attraction": null, "content": null, "footway": null, "crossing": null, "handrail": null, "bridge": null, "aerialway": null, "barrier": "fence", "tunnel": null, "condition": null, "man_made": null, "golf_cart": null, "golf": null, "bicycle": null, "intermittent": null, "waterway": null, "layer": null, "lanes": null, "ford": null, "natural": null, "attribution": null, "operator": null, "ref": null, "railway": null, "old_railway_operator": null, "alt_name": null, "tiger:CLASSFP": null, "wikidata": null, "tiger:STATEFP": null, "tiger:PLCIDFP": null, "tiger:PLACEFP": null, "tiger:PCINECTA": null, "tiger:PCICBSA": null, "tiger:NAMELSAD": null, "tiger:NAME": null, "tiger:MTFCC": null, "tiger:LSAD": null, "tiger:FUNCSTAT": null, "tiger:CPI": null, "is_in:state": null, "is_in:iso_3166_2": null, "gnis:feature_id": null, "border_type": null, "admin_level": null, "source:url": null, "boundary": null, "tiger:name_direction_suffix": null, "tiger:name_type_1": null, "tiger:name_base_1": null, "name_1": null, "lane_markings": null, "maxspeed": null, "tiger:name_direction_prefix": null, "smoothness": null, "ref:usfs": null, "wikipedia": null, "oneway": null, "motorcar": null, "motor_vehicle": null, "foot": null, "covered": null, "tiger:name_type": null, "tiger:name_base": null, "surface": null, "name": null, "service": null, "access": null, "tiger:reviewed": null, "tiger:county": null, "tiger:cfcc": null, "highway": null }, "geometry": { "type": "LineString", "coordinates": [ [ -104.8543459, 38.7708138 ], [ -104.8542844, 38.7707772 ] ] } },
{ "type": "Feature", "properties": { "full_id": "w548892213", "osm_id": "548892213", "osm_type": "way", "horse": null, "playground:theme": null, "playground": null, "colour": null, "backrest": null, "amenity": null, "power": null, "incline": null, "handrail:right": null, "handrail:left": null, "rockfall_barrier": null, "bridge:structure": null, "fence_type": null, "material": null, "ladder": null, "dog": null, "segregated": null, "mtb:scale:imba": null, "mtb:scale": null, "par": null, "source:hgv": null, "hgv": null, "attraction": null, "content": null, "footway": null, "crossing": null, "handrail": null, "bridge": null, "aerialway": null, "barrier": "fence", "tunnel": null, "condition": null, "man_made": null, "golf_cart": null, "golf": null, "bicycle": null, "intermittent": null, "waterway": null, "layer": null, "lanes": null, "ford": null, "natural": null, "attribution": null, "operator": null, "ref": null, "railway": null, "old_railway_operator": null, "alt_name": null, "tiger:CLASSFP": null, "wikidata": null, "tiger:STATEFP": null, "tiger:PLCIDFP": null, "tiger:PLACEFP": null, "tiger:PCINECTA": null, "tiger:PCICBSA": null, "tiger:NAMELSAD": null, "tiger:NAME": null, "tiger:MTFCC": null, "tiger:LSAD": null, "tiger:FUNCSTAT": null, "tiger:CPI": null, "is_in:state": null, "is_in:iso_3166_2": null, "gnis:feature_id": null, "border_type": null, "admin_level": null, "source:url": null, "boundary": null, "tiger:name_direction_suffix": null, "tiger:name_type_1": null, "tiger:name_base_1": null, "name_1": null, "lane_markings": null, "maxspeed": null, "tiger:name_direction_prefix": null, "smoothness": null, "ref:usfs": null, "wikipedia": null, "oneway": null, "motorcar": null, "motor_vehicle": null, "foot": null, "covered": null, "tiger:name_type": null, "tiger:name_base": null, "surface": null, "name": null, "service": null, "access": null, "tiger:reviewed": null, "tiger:county": null, "tiger:cfcc": null, "highway": null }, "geometry": { "type": "LineString", "coordinates": [ [ -104.8543729, 38.7707959 ], [ -104.8543253, 38.7707495 ] ] } },
{ "type": "Feature", "properties": { "full_id": "w548892204", "osm_id": "548892204", "osm_type": "way", "horse": null, "playground:theme": null, "playground": null, "colour": null, "backrest": null, "amenity": null, "power": null, "incline": null, "handrail:right": null, "handrail:left": null, "rockfall_barrier": null, "bridge:structure": null, "fence_type": null, "material": null, "ladder": null, "dog": null, "segregated": null, "mtb:scale:imba": null, "mtb:scale": null, "par": null, "source:hgv": null, "hgv": null, "attraction": null, "content": null, "footway": null, "crossing": null, "handrail": null, "bridge": "yes", "aerialway": null, "barrier": null, "tunnel": null, "condition": null, "man_made": null, "golf_cart": null, "golf": null, "bicycle": null, "intermittent": null, "waterway": null, "layer": "1", "lanes": null, "ford": null, "natural": null, "attribution": null, "operator": null, "ref": null, "railway": null, "old_railway_operator": null, "alt_name": null, "tiger:CLASSFP": null, "wikidata": null, "tiger:STATEFP": null, "tiger:PLCIDFP": null, "tiger:PLACEFP": null, "tiger:PCINECTA": null, "tiger:PCICBSA": null, "tiger:NAMELSAD": null, "tiger:NAME": null, "tiger:MTFCC": null, "tiger:LSAD": null, "tiger:FUNCSTAT": null, "tiger:CPI": null, "is_in:state": null, "is_in:iso_3166_2": null, "gnis:feature_id": null, "border_type": null, "admin_level": null, "source:url": null, "boundary": null, "tiger:name_direction_suffix": null, "tiger:name_type_1": null, "tiger:name_base_1": null, "name_1": null, "lane_markings": null, "maxspeed": null, "tiger:name_direction_prefix": null, "smoothness": null, "ref:usfs": null, "wikipedia": null, "oneway": null, "motorcar": null, "motor_vehicle": null, "foot": null, "covered": null, "tiger:name_type": null, "tiger:name_base": null, "surface": "wood", "name": null, "service": null, "access": null, "tiger:reviewed": null, "tiger:county": null, "tiger:cfcc": null, "highway": "footway" }, "geometry": { "type": "LineString", "coordinates": [ [ -104.8540344, 38.7705634 ], [ -104.8541261, 38.7705958 ] ] } },
{ "type": "Feature", "properties": { "full_id": "w548892202", "osm_id": "548892202", "osm_type": "way", "horse": null, "playground:theme": null, "playground": null, "colour": null, "backrest": null, "amenity": null, "power": null, "incline": null, "handrail:right": null, "handrail:left": null, "rockfall_barrier": null, "bridge:structure": null, "fence_type": null, "material": null, "ladder": null, "dog": null, "segregated": null, "mtb:scale:imba": null, "mtb:scale": null, "par": null, "source:hgv": null, "hgv": null, "attraction": null, "content": null, "footway": null, "crossing": null, "handrail": null, "bridge": "yes", "aerialway": null, "barrier": null, "tunnel": null, "condition": null, "man_made": null, "golf_cart": null, "golf": null, "bicycle": null, "intermittent": null, "waterway": null, "layer": "1", "lanes": null, "ford": null, "natural": null, "attribution": null, "operator": null, "ref": null, "railway": null, "old_railway_operator": null, "alt_name": null, "tiger:CLASSFP": null, "wikidata": null, "tiger:STATEFP": null, "tiger:PLCIDFP": null, "tiger:PLACEFP": null, "tiger:PCINECTA": null, "tiger:PCICBSA": null, "tiger:NAMELSAD": null, "tiger:NAME": null, "tiger:MTFCC": null, "tiger:LSAD": null, "tiger:FUNCSTAT": null, "tiger:CPI": null, "is_in:state": null, "is_in:iso_3166_2": null, "gnis:feature_id": null, "border_type": null, "admin_level": null, "source:url": null, "boundary": null, "tiger:name_direction_suffix": null, "tiger:name_type_1": null, "tiger:name_base_1": null, "name_1": null, "lane_markings": null, "maxspeed": null, "tiger:name_direction_prefix": null, "smoothness": null, "ref:usfs": null, "wikipedia": null, "oneway": null, "motorcar": null, "motor_vehicle": null, "foot": null, "covered": null, "tiger:name_type": null, "tiger:name_base": null, "surface": "wood", "name": null, "service": null, "access": null, "tiger:reviewed": null, "tiger:county": null, "tiger:cfcc": null, "highway": "footway" }, "geometry": { "type": "LineString", "coordinates": [ [ -104.8540939, 38.7706564 ], [ -104.8540175, 38.770635 ], [ -104.8539609, 38.7706524 ] ] } },
{ "type": "Feature", "properties": { "full_id": "w548895309", "osm_id": "548895309", "osm_type": "way", "horse": null, "playground:theme": null, "playground": null, "colour": null, "backrest": null, "amenity": null, "power": null, "incline": null, "handrail:right": null, "handrail:left": null, "rockfall_barrier": null, "bridge:structure": null, "fence_type": null, "material": null, "ladder": null, "dog": null, "segregated": null, "mtb:scale:imba": null, "mtb:scale": null, "par": null, "source:hgv": null, "hgv": null, "attraction": null, "content": null, "footway": null, "crossing": null, "handrail": null, "bridge": null, "aerialway": null, "barrier": "fence", "tunnel": null, "condition": null, "man_made": null, "golf_cart": null, "golf": null, "bicycle": null, "intermittent": null, "waterway": null, "layer": null, "lanes": null, "ford": null, "natural": null, "attribution": null, "operator": null, "ref": null, "railway": null, "old_railway_operator": null, "alt_name": null, "tiger:CLASSFP": null, "wikidata": null, "tiger:STATEFP": null, "tiger:PLCIDFP": null, "tiger:PLACEFP": null, "tiger:PCINECTA": null, "tiger:PCICBSA": null, "tiger:NAMELSAD": null, "tiger:NAME": null, "tiger:MTFCC": null, "tiger:LSAD": null, "tiger:FUNCSTAT": null, "tiger:CPI": null, "is_in:state": null, "is_in:iso_3166_2": null, "gnis:feature_id": null, "border_type": null, "admin_level": null, "source:url": null, "boundary": null, "tiger:name_direction_suffix": null, "tiger:name_type_1": null, "tiger:name_base_1": null, "name_1": null, "lane_markings": null, "maxspeed": null, "tiger:name_direction_prefix": null, "smoothness": null, "ref:usfs": null, "wikipedia": null, "oneway": null, "motorcar": null, "motor_vehicle": null, "foot": null, "covered": null, "tiger:name_type": null, "tiger:name_base": null, "surface": null, "name": null, "service": null, "access": null, "tiger:reviewed": null, "tiger:county": null, "tiger:cfcc": null, "highway": null }, "geometry": { "type": "LineString", "coordinates": [ [ -104.8542154, 38.7699648 ], [ -104.8539556, 38.7700173 ], [ -104.8538854, 38.7700691 ], [ -104.8538795, 38.7701327 ], [ -104.8538623, 38.7701423 ], [ -104.8537961, 38.770105 ], [ -104.8537259, 38.7700783 ], [ -104.8537036, 38.7700528 ], [ -104.8537056, 38.7700192 ], [ -104.8537157, 38.7699956 ], [ -104.8537251, 38.7699832 ], [ -104.8537482, 38.7699754 ], [ -104.8537873, 38.7699682 ], [ -104.8538543, 38.769957 ], [ -104.8538702, 38.7699322 ], [ -104.8538734, 38.7699011 ], [ -104.8538401, 38.7697861 ], [ -104.8538885, 38.7696374 ], [ -104.8539302, 38.7695672 ], [ -104.8539796, 38.7695184 ], [ -104.8540526, 38.769508 ], [ -104.8541256, 38.7695494 ], [ -104.8541465, 38.7696271 ], [ -104.8541453, 38.7696735 ], [ -104.8541444, 38.7697109 ], [ -104.8540742, 38.7697148 ], [ -104.8540805, 38.7697848 ], [ -104.8541527, 38.7697802 ], [ -104.8541844, 38.7698186 ], [ -104.8542071, 38.7698858 ], [ -104.8542154, 38.7699648 ] ] } },
{ "type": "Feature", "properties": { "full_id": "w548894993", "osm_id": "548894993", "osm_type": "way", "horse": null, "playground:theme": null, "playground": null, "colour": null, "backrest": null, "amenity": null, "power": null, "incline": null, "handrail:right": null, "handrail:left": null, "rockfall_barrier": null, "bridge:structure": null, "fence_type": null, "material": null, "ladder": null, "dog": null, "segregated": null, "mtb:scale:imba": null, "mtb:scale": null, "par": null, "source:hgv": null, "hgv": null, "attraction": null, "content": null, "footway": null, "crossing": null, "handrail": null, "bridge": "yes", "aerialway": null, "barrier": null, "tunnel": null, "condition": null, "man_made": null, "golf_cart": null, "golf": null, "bicycle": null, "intermittent": null, "waterway": null, "layer": "1", "lanes": null, "ford": null, "natural": null, "attribution": null, "operator": null, "ref": null, "railway": null, "old_railway_operator": null, "alt_name": null, "tiger:CLASSFP": null, "wikidata": null, "tiger:STATEFP": null, "tiger:PLCIDFP": null, "tiger:PLACEFP": null, "tiger:PCINECTA": null, "tiger:PCICBSA": null, "tiger:NAMELSAD": null, "tiger:NAME": null, "tiger:MTFCC": null, "tiger:LSAD": null, "tiger:FUNCSTAT": null, "tiger:CPI": null, "is_in:state": null, "is_in:iso_3166_2": null, "gnis:feature_id": null, "border_type": null, "admin_level": null, "source:url": null, "boundary": null, "tiger:name_direction_suffix": null, "tiger:name_type_1": null, "tiger:name_base_1": null, "name_1": null, "lane_markings": null, "maxspeed": null, "tiger:name_direction_prefix": null, "smoothness": null, "ref:usfs": null, "wikipedia": null, "oneway": null, "motorcar": null, "motor_vehicle": null, "foot": null, "covered": null, "tiger:name_type": null, "tiger:name_base": null, "surface": null, "name": null, "service": null, "access": null, "tiger:reviewed": null, "tiger:county": null, "tiger:cfcc": null, "highway": "footway" }, "geometry": { "type": "LineString", "coordinates": [ [ -104.8537458, 38.7702465 ], [ -104.8537669, 38.7702157 ] ] } },
{ "type": "Feature", "properties": { "full_id": "w548894991", "osm_id": "548894991", "osm_type": "way", "horse": null, "playground:theme": null, "playground": null, "colour": null, "backrest": null, "amenity": null, "power": null, "incline": null, "handrail:right": null, "handrail:left": null, "rockfall_barrier": null, "bridge:structure": null, "fence_type": null, "material": null, "ladder": null, "dog": null, "segregated": null, "mtb:scale:imba": null, "mtb:scale": null, "par": null, "source:hgv": null, "hgv": null, "attraction": null, "content": null, "footway": null, "crossing": null, "handrail": null, "bridge": null, "aerialway": null, "barrier": "wall", "tunnel": null, "condition": null, "man_made": null, "golf_cart": null, "golf": null, "bicycle": null, "intermittent": null, "waterway": null, "layer": null, "lanes": null, "ford": null, "natural": null, "attribution": null, "operator": null, "ref": null, "railway": null, "old_railway_operator": null, "alt_name": null, "tiger:CLASSFP": null, "wikidata": null, "tiger:STATEFP": null, "tiger:PLCIDFP": null, "tiger:PLACEFP": null, "tiger:PCINECTA": null, "tiger:PCICBSA": null, "tiger:NAMELSAD": null, "tiger:NAME": null, "tiger:MTFCC": null, "tiger:LSAD": null, "tiger:FUNCSTAT": null, "tiger:CPI": null, "is_in:state": null, "is_in:iso_3166_2": null, "gnis:feature_id": null, "border_type": null, "admin_level": null, "source:url": null, "boundary": null, "tiger:name_direction_suffix": null, "tiger:name_type_1": null, "tiger:name_base_1": null, "name_1": null, "lane_markings": null, "maxspeed": null, "tiger:name_direction_prefix": null, "smoothness": null, "ref:usfs": null, "wikipedia": null, "oneway": null, "motorcar": null, "motor_vehicle": null, "foot": null, "covered": null, "tiger:name_type": null, "tiger:name_base": null, "surface": null, "name": null, "service": null, "access": null, "tiger:reviewed": null, "tiger:county": null, "tiger:cfcc": null, "highway": null }, "geometry": { "type": "LineString", "coordinates": [ [ -104.8538459, 38.7701763 ], [ -104.8538176, 38.7701528 ], [ -104.8537758, 38.7701302 ], [ -104.8536932, 38.7700913 ], [ -104.8536664, 38.7700658 ], [ -104.8536632, 38.7700378 ], [ -104.8536632, 38.7699986 ], [ -104.8536862, 38.7699605 ], [ -104.8537218, 38.7699454 ] ] } },
{ "type": "Feature", "properties": { "full_id": "w548894990", "osm_id": "548894990", "osm_type": "way", "horse": null, "playground:theme": null, "playground": null, "colour": null, "backrest": null, "amenity": null, "power": null, "incline": null, "handrail:right": null, "handrail:left": null, "rockfall_barrier": null, "bridge:structure": null, "fence_type": null, "material": null, "ladder": null, "dog": null, "segregated": null, "mtb:scale:imba": null, "mtb:scale": null, "par": null, "source:hgv": null, "hgv": null, "attraction": "animal", "content": null, "footway": null, "crossing": null, "handrail": null, "bridge": null, "aerialway": null, "barrier": null, "tunnel": null, "condition": null, "man_made": null, "golf_cart": null, "golf": null, "bicycle": null, "intermittent": null, "waterway": null, "layer": null, "lanes": null, "ford": null, "natural": null, "attribution": null, "operator": null, "ref": null, "railway": null, "old_railway_operator": null, "alt_name": null, "tiger:CLASSFP": null, "wikidata": null, "tiger:STATEFP": null, "tiger:PLCIDFP": null, "tiger:PLACEFP": null, "tiger:PCINECTA": null, "tiger:PCICBSA": null, "tiger:NAMELSAD": null, "tiger:NAME": null, "tiger:MTFCC": null, "tiger:LSAD": null, "tiger:FUNCSTAT": null, "tiger:CPI": null, "is_in:state": null, "is_in:iso_3166_2": null, "gnis:feature_id": null, "border_type": null, "admin_level": null, "source:url": null, "boundary": null, "tiger:name_direction_suffix": null, "tiger:name_type_1": null, "tiger:name_base_1": null, "name_1": null, "lane_markings": null, "maxspeed": null, "tiger:name_direction_prefix": null, "smoothness": null, "ref:usfs": null, "wikipedia": null, "oneway": null, "motorcar": null, "motor_vehicle": null, "foot": null, "covered": null, "tiger:name_type": null, "tiger:name_base": null, "surface": null, "name": "Bever", "service": null, "access": null, "tiger:reviewed": null, "tiger:county": null, "tiger:cfcc": null, "highway": null }, "geometry": { "type": "LineString", "coordinates": [ [ -104.8535667, 38.7701707 ], [ -104.8534994, 38.7702669 ], [ -104.8534852, 38.7702579 ], [ -104.853466, 38.7702324 ], [ -104.8534558, 38.7702016 ], [ -104.8535187, 38.7701476 ], [ -104.8535409, 38.7701416 ], [ -104.8536074, 38.7701463 ], [ -104.8535858, 38.7701778 ], [ -104.8535667, 38.7701707 ] ] } },
{ "type": "Feature", "properties": { "full_id": "w580916516", "osm_id": "580916516", "osm_type": "way", "horse": null, "playground:theme": null, "playground": null, "colour": null, "backrest": null, "amenity": null, "power": null, "incline": null, "handrail:right": null, "handrail:left": null, "rockfall_barrier": null, "bridge:structure": null, "fence_type": null, "material": null, "ladder": null, "dog": null, "segregated": null, "mtb:scale:imba": null, "mtb:scale": null, "par": null, "source:hgv": null, "hgv": null, "attraction": null, "content": null, "footway": null, "crossing": null, "handrail": null, "bridge": null, "aerialway": null, "barrier": null, "tunnel": null, "condition": null, "man_made": null, "golf_cart": null, "golf": null, "bicycle": null, "intermittent": null, "waterway": null, "layer": null, "lanes": null, "ford": null, "natural": null, "attribution": null, "operator": null, "ref": null, "railway": null, "old_railway_operator": null, "alt_name": null, "tiger:CLASSFP": null, "wikidata": null, "tiger:STATEFP": null, "tiger:PLCIDFP": null, "tiger:PLACEFP": null, "tiger:PCINECTA": null, "tiger:PCICBSA": null, "tiger:NAMELSAD": null, "tiger:NAME": null, "tiger:MTFCC": null, "tiger:LSAD": null, "tiger:FUNCSTAT": null, "tiger:CPI": null, "is_in:state": null, "is_in:iso_3166_2": null, "gnis:feature_id": null, "border_type": null, "admin_level": null, "source:url": null, "boundary": null, "tiger:name_direction_suffix": null, "tiger:name_type_1": null, "tiger:name_base_1": null, "name_1": null, "lane_markings": null, "maxspeed": null, "tiger:name_direction_prefix": null, "smoothness": null, "ref:usfs": null, "wikipedia": null, "oneway": "no", "motorcar": null, "motor_vehicle": null, "foot": null, "covered": null, "tiger:name_type": null, "tiger:name_base": null, "surface": null, "name": "Old Cheyenne Mountain Highway", "service": null, "access": null, "tiger:reviewed": null, "tiger:county": null, "tiger:cfcc": null, "highway": "service" }, "geometry": { "type": "LineString", "coordinates": [ [ -104.8522823, 38.770405 ], [ -104.8522595, 38.7703733 ], [ -104.852233, 38.7703287 ] ] } },
{ "type": "Feature", "properties": { "full_id": "w580916515", "osm_id": "580916515", "osm_type": "way", "horse": null, "playground:theme": null, "playground": null, "colour": null, "backrest": null, "amenity": null, "power": null, "incline": null, "handrail:right": null, "handrail:left": null, "rockfall_barrier": null, "bridge:structure": null, "fence_type": null, "material": null, "ladder": null, "dog": null, "segregated": null, "mtb:scale:imba": null, "mtb:scale": null, "par": null, "source:hgv": null, "hgv": null, "attraction": null, "content": null, "footway": "crossing", "crossing": "zebra", "handrail": null, "bridge": null, "aerialway": null, "barrier": null, "tunnel": null, "condition": null, "man_made": null, "golf_cart": null, "golf": null, "bicycle": null, "intermittent": null, "waterway": null, "layer": null, "lanes": null, "ford": null, "natural": null, "attribution": null, "operator": null, "ref": null, "railway": null, "old_railway_operator": null, "alt_name": null, "tiger:CLASSFP": null, "wikidata": null, "tiger:STATEFP": null, "tiger:PLCIDFP": null, "tiger:PLACEFP": null, "tiger:PCINECTA": null, "tiger:PCICBSA": null, "tiger:NAMELSAD": null, "tiger:NAME": null, "tiger:MTFCC": null, "tiger:LSAD": null, "tiger:FUNCSTAT": null, "tiger:CPI": null, "is_in:state": null, "is_in:iso_3166_2": null, "gnis:feature_id": null, "border_type": null, "admin_level": null, "source:url": null, "boundary": null, "tiger:name_direction_suffix": null, "tiger:name_type_1": null, "tiger:name_base_1": null, "name_1": null, "lane_markings": null, "maxspeed": null, "tiger:name_direction_prefix": null, "smoothness": null, "ref:usfs": null, "wikipedia": null, "oneway": null, "motorcar": null, "motor_vehicle": null, "foot": null, "covered": null, "tiger:name_type": null, "tiger:name_base": null, "surface": "asphalt", "name": null, "service": null, "access": null, "tiger:reviewed": null, "tiger:county": null, "tiger:cfcc": null, "highway": "footway" }, "geometry": { "type": "LineString", "coordinates": [ [ -104.8522912, 38.7703251 ], [ -104.8522595, 38.7703733 ], [ -104.8522061, 38.770438 ] ] } }
]
}
