{
"type": "FeatureCollection",
"name": "cheyennezoo",
"crs": { "type": "name", "properties": { "name": "urn:ogc:def:crs:OGC:1.3:CRS84" } },
"features": [
{ "type": "Feature", "properties": { "full_id": "w548643794", "osm_id": "548643794", "osm_type": "way", "power": null, "year_of_construction": null, "building:levels": null, "disused:landuse": null, "contact:website": null, "leaf_type": null, "salt": null, "intermittent": null, "theatre:type": null, "motor_vehicle": null, "horse": null, "bicycle": null, "lit": null, "species:wikipedia": null, "species:wikidata": null, "bridge": null, "cuisine": null, "aerialway:summer:access": null, "aerialway:access": null, "aerialway": null, "shelter_type": null, "layer": null, "water": null, "sorting_name": null, "heritage": null, "alt_name": null, "opening_hours": null, "contact:facebook": null, "charge": null, "leisure": null, "website": null, "tourism": null, "start_date": null, "phone": null, "historic": null, "ele": null, "shop": null, "fee": null, "addr:street": null, "addr:state": null, "addr:postcode": null, "addr:housenumber": null, "addr:city": null, "animal": null, "building": null, "access": null, "surface": null, "parking": null, "amenity": null, "landuse": null, "golf": null, "natural": "wood", "barrier": null, "attraction": null, "highway": null, "wikipedia": null, "ref:US:USFS:proclaimed_forest_number": null, "protection_title": null, "protected_area": null, "protected": null, "protect_class": null, "ownership": null, "operator:wikipedia": null, "operator:wikidata": null, "operator:type": null, "operator:short": null, "operator": null, "gnis:feature_id": null, "wikidata": null, "type": null, "place": null, "name": null, "boundary": null, "admin_level": null }, "geometry": { "type": "MultiPolygon", "coordinates": [ [ [ [ -104.8526202, 38.7707776 ], [ -104.8526474, 38.770763 ], [ -104.8527241, 38.7707364 ], [ -104.8527102, 38.770712 ], [ -104.8527458, 38.7706997 ], [ -104.8527623, 38.7706956 ], [ -104.8527933, 38.7706846 ], [ -104.8528273, 38.770701 ], [ -104.85279, 38.7707084 ], [ -104.8528092, 38.7707688 ], [ -104.8528409, 38.7708564 ], [ -104.8528169, 38.7708597 ], [ -104.8528037, 38.7708687 ], [ -104.8527948, 38.7709038 ], [ -104.8527948, 38.7709349 ], [ -104.852809, 38.7709583 ], [ -104.8527657, 38.7709315 ], [ -104.8526823, 38.7708383 ], [ -104.8526202, 38.7707776 ] ] ] ] } },
{ "type": "Feature", "properties": { "full_id": "w548641914", "osm_id": "548641914", "osm_type": "way", "power": null, "year_of_construction": null, "building:levels": null, "disused:landuse": null, "contact:website": null, "leaf_type": null, "salt": null, "intermittent": null, "theatre:type": null, "motor_vehicle": null, "horse": null, "bicycle": null, "lit": null, "species:wikipedia": null, "species:wikidata": null, "bridge": null, "cuisine": null, "aerialway:summer:access": null, "aerialway:access": null, "aerialway": null, "shelter_type": null, "layer": null, "water": null, "sorting_name": null, "heritage": null, "alt_name": null, "opening_hours": null, "contact:facebook": null, "charge": null, "leisure": null, "website": null, "tourism": null, "start_date": null, "phone": null, "historic": null, "ele": null, "shop": null, "fee": null, "addr:street": null, "addr:state": null, "addr:postcode": null, "addr:housenumber": null, "addr:city": null, "animal": null, "building": "yes", "access": null, "surface": null, "parking": null, "amenity": null, "landuse": null, "golf": null, "natural": null, "barrier": null, "attraction": null, "highway": null, "wikipedia": null, "ref:US:USFS:proclaimed_forest_number": null, "protection_title": null, "protected_area": null, "protected": null, "protect_class": null, "ownership": null, "operator:wikipedia": null, "operator:wikidata": null, "operator:type": null, "operator:short": null, "operator": null, "gnis:feature_id": null, "wikidata": null, "type": null, "place": null, "name": null, "boundary": null, "admin_level": null }, "geometry": { "type": "MultiPolygon", "coordinates": [ [ [ [ -104.8537581, 38.7715794 ], [ -104.8537252, 38.7715696 ], [ -104.8537027, 38.7715731 ], [ -104.8536863, 38.7715857 ], [ -104.8536838, 38.7716 ], [ -104.8536927, 38.7716107 ], [ -104.8537259, 38.7716209 ], [ -104.8537432, 38.7715968 ], [ -104.8537581, 38.7715794 ] ] ] ] } },
{ "type": "Feature", "properties": { "full_id": "w548627448", "osm_id": "548627448", "osm_type": "way", "power": null, "year_of_construction": null, "building:levels": null, "disused:landuse": null, "contact:website": null, "leaf_type": null, "salt": null, "intermittent": null, "theatre:type": null, "motor_vehicle": null, "horse": null, "bicycle": null, "lit": null, "species:wikipedia": null, "species:wikidata": null, "bridge": null, "cuisine": null, "aerialway:summer:access": null, "aerialway:access": null, "aerialway": null, "shelter_type": null, "layer": null, "water": null, "sorting_name": null, "heritage": null, "alt_name": null, "opening_hours": null, "contact:facebook": null, "charge": null, "leisure": null, "website": null, "tourism": null, "start_date": null, "phone": null, "historic": null, "ele": null, "shop": null, "fee": null, "addr:street": null, "addr:state": null, "addr:postcode": null, "addr:housenumber": null, "addr:city": null, "animal": null, "building": "yes", "access": null, "surface": null, "parking": null, "amenity": null, "landuse": null, "golf": null, "natural": null, "barrier": null, "attraction": null, "highway": null, "wikipedia": null, "ref:US:USFS:proclaimed_forest_number": null, "protection_title": null, "protected_area": null, "protected": null, "protect_class": null, "ownership": null, "operator:wikipedia": null, "operator:wikidata": null, "operator:type": null, "operator:short": null, "operator": null, "gnis:feature_id": null, "wikidata": null, "type": null, "place": null, "name": null, "boundary": null, "admin_level": null }, "geometry": { "type": "MultiPolygon", "coordinates": [ [ [ [ -104.8532839, 38.7701656 ], [ -104.8533137, 38.7701587 ], [ -104.8533019, 38.7701279 ], [ -104.8532721, 38.7701349 ], [ -104.8532839, 38.7701656 ] ] ] ] } },
{ "type": "Feature", "properties": { "full_id": "w548627447", "osm_id": "548627447", "osm_type": "way", "power": null, "year_of_construction": null, "building:levels": null, "disused:landuse": null, "contact:website": null, "leaf_type": null, "salt": null, "intermittent": null, "theatre:type": null, "motor_vehicle": null, "horse": null, "bicycle": null, "lit": null, "species:wikipedia": null, "species:wikidata": null, "bridge": null, "cuisine": null, "aerialway:summer:access": null, "aerialway:access": null, "aerialway": null, "shelter_type": null, "layer": null, "water": null, "sorting_name": null, "heritage": null, "alt_name": null, "opening_hours": null, "contact:facebook": null, "charge": null, "leisure": null, "website": null, "tourism": "attraction", "start_date": null, "phone": null, "historic": null, "ele": null, "shop": null, "fee": null, "addr:street": null, "addr:state": null, "addr:postcode": null, "addr:housenumber": null, "addr:city": null, "animal": null, "building": null, "access": null, "surface": null, "parking": null, "amenity": null, "landuse": null, "golf": null, "natural": "sand", "barrier": "fence", "attraction": "animal", "highway": null, "wikipedia": null, "ref:US:USFS:proclaimed_forest_number": null, "protection_title": null, "protected_area": null, "protected": null, "protect_class": null, "ownership": null, "operator:wikipedia": null, "operator:wikidata": null, "operator:type": null, "operator:short": null, "operator": null, "gnis:feature_id": null, "wikidata": null, "type": null, "place": null, "name": "Domestic Goats", "boundary": null, "admin_level": null }, "geometry": { "type": "MultiPolygon", "coordinates": [ [ [ [ -104.8534984, 38.7700189 ], [ -104.8535084, 38.7700377 ], [ -104.8535296, 38.7700785 ], [ -104.8534526, 38.7701103 ], [ -104.8534002, 38.7701482 ], [ -104.8533712, 38.7701685 ], [ -104.8532975, 38.7701982 ], [ -104.8532839, 38.7701656 ], [ -104.8532721, 38.7701349 ], [ -104.8532523, 38.7700881 ], [ -104.8532785, 38.7700629 ], [ -104.8533848, 38.7700377 ], [ -104.8534984, 38.7700189 ] ] ] ] } },
{ "type": "Feature", "properties": { "full_id": "w548625609", "osm_id": "548625609", "osm_type": "way", "power": null, "year_of_construction": null, "building:levels": null, "disused:landuse": null, "contact:website": null, "leaf_type": null, "salt": null, "intermittent": null, "theatre:type": null, "motor_vehicle": null, "horse": null, "bicycle": null, "lit": null, "species:wikipedia": null, "species:wikidata": null, "bridge": null, "cuisine": "barbecue", "aerialway:summer:access": null, "aerialway:access": null, "aerialway": null, "shelter_type": null, "layer": null, "water": null, "sorting_name": null, "heritage": null, "alt_name": null, "opening_hours": null, "contact:facebook": null, "charge": null, "leisure": null, "website": null, "tourism": null, "start_date": null, "phone": null, "historic": null, "ele": null, "shop": null, "fee": null, "addr:street": "Cheyenne Mountain Zoo Road", "addr:state": "CO", "addr:postcode": "80906", "addr:housenumber": "4250", "addr:city": "Colorado Springs", "animal": null, "building": "yes", "access": null, "surface": null, "parking": null, "amenity": "restaurant", "landuse": null, "golf": null, "natural": null, "barrier": null, "attraction": null, "highway": null, "wikipedia": null, "ref:US:USFS:proclaimed_forest_number": null, "protection_title": null, "protected_area": null, "protected": null, "protect_class": null, "ownership": null, "operator:wikipedia": null, "operator:wikidata": null, "operator:type": null, "operator:short": null, "operator": null, "gnis:feature_id": null, "wikidata": null, "type": null, "place": null, "name": "Rocky Mountain Wild Barbeque Co.", "boundary": null, "admin_level": null }, "geometry": { "type": "MultiPolygon", "coordinates": [ [ [ [ -104.8533657, 38.7703981 ], [ -104.8532494, 38.7704556 ], [ -104.853203, 38.7703985 ], [ -104.8533192, 38.770341 ], [ -104.8533657, 38.7703981 ] ] ] ] } },
{ "type": "Feature", "properties": { "full_id": "w548624796", "osm_id": "548624796", "osm_type": "way", "power": null, "year_of_construction": null, "building:levels": null, "disused:landuse": null, "contact:website": null, "leaf_type": null, "salt": null, "intermittent": null, "theatre:type": null, "motor_vehicle": null, "horse": null, "bicycle": null, "lit": null, "species:wikipedia": null, "species:wikidata": null, "bridge": null, "cuisine": null, "aerialway:summer:access": null, "aerialway:access": null, "aerialway": null, "shelter_type": null, "layer": null, "water": null, "sorting_name": null, "heritage": null, "alt_name": null, "opening_hours": null, "contact:facebook": null, "charge": null, "leisure": null, "website": null, "tourism": null, "start_date": null, "phone": null, "historic": null, "ele": null, "shop": null, "fee": null, "addr:street": null, "addr:state": null, "addr:postcode": null, "addr:housenumber": null, "addr:city": null, "animal": null, "building": null, "access": null, "surface": null, "parking": null, "amenity": null, "landuse": "grass", "golf": null, "natural": null, "barrier": null, "attraction": null, "highway": null, "wikipedia": null, "ref:US:USFS:proclaimed_forest_number": null, "protection_title": null, "protected_area": null, "protected": null, "protect_class": null, "ownership": null, "operator:wikipedia": null, "operator:wikidata": null, "operator:type": null, "operator:short": null, "operator": null, "gnis:feature_id": null, "wikidata": null, "type": null, "place": null, "name": null, "boundary": null, "admin_level": null }, "geometry": { "type": "MultiPolygon", "coordinates": [ [ [ [ -104.8529348, 38.7709935 ], [ -104.8529461, 38.7709935 ], [ -104.8530098, 38.7709528 ], [ -104.8530567, 38.7709211 ], [ -104.853062, 38.77091 ], [ -104.8530549, 38.770888 ], [ -104.8530452, 38.7708604 ], [ -104.8530251, 38.7708505 ], [ -104.8529815, 38.7708632 ], [ -104.8529298, 38.7708763 ], [ -104.8528987, 38.7708811 ], [ -104.8529231, 38.7709572 ], [ -104.8529348, 38.7709935 ] ] ] ] } },
{ "type": "Feature", "properties": { "full_id": "w548627452", "osm_id": "548627452", "osm_type": "way", "power": null, "year_of_construction": null, "building:levels": null, "disused:landuse": null, "contact:website": null, "leaf_type": null, "salt": null, "intermittent": null, "theatre:type": null, "motor_vehicle": null, "horse": null, "bicycle": null, "lit": null, "species:wikipedia": null, "species:wikidata": null, "bridge": null, "cuisine": null, "aerialway:summer:access": null, "aerialway:access": null, "aerialway": null, "shelter_type": null, "layer": null, "water": null, "sorting_name": null, "heritage": null, "alt_name": null, "opening_hours": null, "contact:facebook": null, "charge": null, "leisure": null, "website": null, "tourism": null, "start_date": null, "phone": null, "historic": null, "ele": null, "shop": null, "fee": null, "addr:street": null, "addr:state": null, "addr:postcode": null, "addr:housenumber": null, "addr:city": null, "animal": null, "building": "yes", "access": null, "surface": null, "parking": null, "amenity": null, "landuse": null, "golf": null, "natural": null, "barrier": null, "attraction": null, "highway": null, "wikipedia": null, "ref:US:USFS:proclaimed_forest_number": null, "protection_title": null, "protected_area": null, "protected": null, "protect_class": null, "ownership": null, "operator:wikipedia": null, "operator:wikidata": null, "operator:type": null, "operator:short": null, "operator": null, "gnis:feature_id": null, "wikidata": null, "type": null, "place": null, "name": "Mountain Goat Activity Yard", "boundary": null, "admin_level": null }, "geometry": { "type": "MultiPolygon", "coordinates": [ [ [ [ -104.8532601, 38.7706428 ], [ -104.8533224, 38.770742 ], [ -104.8532219, 38.7707803 ], [ -104.8531597, 38.7706811 ], [ -104.8531941, 38.770668 ], [ -104.8532601, 38.7706428 ] ] ] ] } },
{ "type": "Feature", "properties": { "full_id": "w548627451", "osm_id": "548627451", "osm_type": "way", "power": null, "year_of_construction": null, "building:levels": null, "disused:landuse": null, "contact:website": null, "leaf_type": null, "salt": null, "intermittent": null, "theatre:type": null, "motor_vehicle": null, "horse": null, "bicycle": null, "lit": null, "species:wikipedia": null, "species:wikidata": null, "bridge": null, "cuisine": null, "aerialway:summer:access": null, "aerialway:access": null, "aerialway": null, "shelter_type": null, "layer": null, "water": null, "sorting_name": null, "heritage": null, "alt_name": null, "opening_hours": null, "contact:facebook": null, "charge": null, "leisure": null, "website": null, "tourism": null, "start_date": null, "phone": null, "historic": null, "ele": null, "shop": null, "fee": null, "addr:street": null, "addr:state": null, "addr:postcode": null, "addr:housenumber": null, "addr:city": null, "animal": null, "building": null, "access": null, "surface": "paved", "parking": null, "amenity": null, "landuse": null, "golf": null, "natural": null, "barrier": null, "attraction": null, "highway": "pedestrian", "wikipedia": null, "ref:US:USFS:proclaimed_forest_number": null, "protection_title": null, "protected_area": null, "protected": null, "protect_class": null, "ownership": null, "operator:wikipedia": null, "operator:wikidata": null, "operator:type": null, "operator:short": null, "operator": null, "gnis:feature_id": null, "wikidata": null, "type": null, "place": null, "name": null, "boundary": null, "admin_level": null }, "geometry": { "type": "MultiPolygon", "coordinates": [ [ [ [ -104.8531739, 38.7705027 ], [ -104.8532088, 38.7705686 ], [ -104.8532601, 38.7706428 ], [ -104.8531941, 38.770668 ], [ -104.8531533, 38.7705875 ], [ -104.8531481, 38.7705542 ], [ -104.8531426, 38.7705198 ], [ -104.8531335, 38.7704718 ], [ -104.853134, 38.7704451 ], [ -104.8531739, 38.7705027 ] ] ] ] } },
{ "type": "Feature", "properties": { "full_id": "w548627450", "osm_id": "548627450", "osm_type": "way", "power": null, "year_of_construction": null, "building:levels": null, "disused:landuse": null, "contact:website": null, "leaf_type": null, "salt": null, "intermittent": null, "theatre:type": null, "motor_vehicle": null, "horse": null, "bicycle": null, "lit": null, "species:wikipedia": null, "species:wikidata": null, "bridge": null, "cuisine": null, "aerialway:summer:access": null, "aerialway:access": null, "aerialway": null, "shelter_type": null, "layer": null, "water": null, "sorting_name": null, "heritage": null, "alt_name": null, "opening_hours": null, "contact:facebook": null, "charge": null, "leisure": null, "website": null, "tourism": null, "start_date": null, "phone": null, "historic": null, "ele": null, "shop": null, "fee": null, "addr:street": null, "addr:state": null, "addr:postcode": null, "addr:housenumber": null, "addr:city": null, "animal": null, "building": null, "access": null, "surface": null, "parking": null, "amenity": null, "landuse": "forest", "golf": null, "natural": null, "barrier": null, "attraction": null, "highway": null, "wikipedia": null, "ref:US:USFS:proclaimed_forest_number": null, "protection_title": null, "protected_area": null, "protected": null, "protect_class": null, "ownership": null, "operator:wikipedia": null, "operator:wikidata": null, "operator:type": null, "operator:short": null, "operator": null, "gnis:feature_id": null, "wikidata": null, "type": null, "place": null, "name": null, "boundary": null, "admin_level": null }, "geometry": { "type": "MultiPolygon", "coordinates": [ [ [ [ -104.8533192, 38.770341 ], [ -104.8533224, 38.7703242 ], [ -104.8533112, 38.7702973 ], [ -104.8533417, 38.7702894 ], [ -104.8533203, 38.7702355 ], [ -104.8533346, 38.7702133 ], [ -104.8533712, 38.7701685 ], [ -104.8532975, 38.7701982 ], [ -104.8532523, 38.7700881 ], [ -104.8532785, 38.7700629 ], [ -104.8533848, 38.7700377 ], [ -104.8534984, 38.7700189 ], [ -104.8535084, 38.7700377 ], [ -104.8535296, 38.7700785 ], [ -104.8535403, 38.77008 ], [ -104.8535632, 38.7700781 ], [ -104.8536061, 38.7700684 ], [ -104.8536313, 38.7700596 ], [ -104.8536354, 38.7700112 ], [ -104.8536862, 38.7699605 ], [ -104.8537218, 38.7699454 ], [ -104.8538183, 38.7699274 ], [ -104.8538257, 38.7699177 ], [ -104.8538243, 38.7699083 ], [ -104.8538074, 38.7698493 ], [ -104.8537174, 38.7698574 ], [ -104.8532066, 38.7699014 ], [ -104.853128, 38.7699202 ], [ -104.8531103, 38.7699735 ], [ -104.8530923, 38.7700279 ], [ -104.8530764, 38.770077 ], [ -104.853051, 38.770138 ], [ -104.853052, 38.7701673 ], [ -104.8531272, 38.7703123 ], [ -104.8531719, 38.7703892 ], [ -104.8531811, 38.7704027 ], [ -104.853203, 38.7703985 ], [ -104.8533192, 38.770341 ] ] ] ] } },
{ "type": "Feature", "properties": { "full_id": "w548627449", "osm_id": "548627449", "osm_type": "way", "power": null, "year_of_construction": null, "building:levels": null, "disused:landuse": null, "contact:website": null, "leaf_type": null, "salt": null, "intermittent": null, "theatre:type": null, "motor_vehicle": null, "horse": null, "bicycle": null, "lit": null, "species:wikipedia": null, "species:wikidata": null, "bridge": null, "cuisine": null, "aerialway:summer:access": null, "aerialway:access": null, "aerialway": null, "shelter_type": null, "layer": null, "water": null, "sorting_name": null, "heritage": null, "alt_name": null, "opening_hours": null, "contact:facebook": null, "charge": null, "leisure": null, "website": null, "tourism": null, "start_date": null, "phone": null, "historic": null, "ele": null, "shop": null, "fee": null, "addr:street": null, "addr:state": null, "addr:postcode": null, "addr:housenumber": null, "addr:city": null, "animal": null, "building": "yes", "access": null, "surface": null, "parking": null, "amenity": null, "landuse": null, "golf": null, "natural": null, "barrier": null, "attraction": null, "highway": null, "wikipedia": null, "ref:US:USFS:proclaimed_forest_number": null, "protection_title": null, "protected_area": null, "protected": null, "protect_class": null, "ownership": null, "operator:wikipedia": null, "operator:wikidata": null, "operator:type": null, "operator:short": null, "operator": null, "gnis:feature_id": null, "wikidata": null, "type": null, "place": null, "name": null, "boundary": null, "admin_level": null }, "geometry": { "type": "MultiPolygon", "coordinates": [ [ [ [ -104.8533545, 38.7700698 ], [ -104.8533129, 38.7700803 ], [ -104.8533461, 38.7701604 ], [ -104.8533878, 38.7701499 ], [ -104.8533545, 38.7700698 ] ] ] ] } },
{ "type": "Feature", "properties": { "full_id": "w548638949", "osm_id": "548638949", "osm_type": "way", "power": null, "year_of_construction": null, "building:levels": null, "disused:landuse": null, "contact:website": null, "leaf_type": null, "salt": null, "intermittent": null, "theatre:type": null, "motor_vehicle": null, "horse": null, "bicycle": null, "lit": null, "species:wikipedia": null, "species:wikidata": null, "bridge": "yes", "cuisine": null, "aerialway:summer:access": null, "aerialway:access": null, "aerialway": null, "shelter_type": null, "layer": "1", "water": null, "sorting_name": null, "heritage": null, "alt_name": null, "opening_hours": null, "contact:facebook": null, "charge": null, "leisure": null, "website": null, "tourism": null, "start_date": null, "phone": null, "historic": null, "ele": null, "shop": null, "fee": null, "addr:street": null, "addr:state": null, "addr:postcode": null, "addr:housenumber": null, "addr:city": null, "animal": null, "building": null, "access": null, "surface": "wood", "parking": null, "amenity": null, "landuse": null, "golf": null, "natural": null, "barrier": null, "attraction": null, "highway": "pedestrian", "wikipedia": null, "ref:US:USFS:proclaimed_forest_number": null, "protection_title": null, "protected_area": null, "protected": null, "protect_class": null, "ownership": null, "operator:wikipedia": null, "operator:wikidata": null, "operator:type": null, "operator:short": null, "operator": null, "gnis:feature_id": null, "wikidata": null, "type": null, "place": null, "name": null, "boundary": null, "admin_level": null }, "geometry": { "type": "MultiPolygon", "coordinates": [ [ [ [ -104.8527759, 38.7712084 ], [ -104.8527734, 38.7713105 ], [ -104.8528501, 38.7713905 ], [ -104.8528952, 38.7713941 ], [ -104.8529216, 38.771376 ], [ -104.852955, 38.7713782 ], [ -104.8529956, 38.7714011 ], [ -104.8530046, 38.7714266 ], [ -104.8530062, 38.7714416 ], [ -104.8529756, 38.7714647 ], [ -104.8529701, 38.7715018 ], [ -104.8530285, 38.7715638 ], [ -104.8530639, 38.7715716 ], [ -104.853091, 38.7715427 ], [ -104.8531213, 38.7715253 ], [ -104.8531739, 38.7715178 ], [ -104.8532194, 38.7715253 ], [ -104.8532529, 38.7715374 ], [ -104.8532823, 38.7715536 ], [ -104.8532993, 38.7715936 ], [ -104.8533031, 38.7716217 ], [ -104.8532772, 38.7716144 ], [ -104.8532513, 38.7716072 ], [ -104.8532474, 38.771594 ], [ -104.8532366, 38.7715799 ], [ -104.8532149, 38.7715672 ], [ -104.8531894, 38.7715625 ], [ -104.8531585, 38.7715654 ], [ -104.8531445, 38.7715696 ], [ -104.8531194, 38.7715859 ], [ -104.8531118, 38.7716017 ], [ -104.8531097, 38.7716148 ], [ -104.8531118, 38.7716299 ], [ -104.853118, 38.7716412 ], [ -104.8531292, 38.7716511 ], [ -104.8531082, 38.7716726 ], [ -104.8530936, 38.7716878 ], [ -104.8530732, 38.7716682 ], [ -104.853059, 38.7716471 ], [ -104.8530527, 38.7716239 ], [ -104.8530512, 38.7716074 ], [ -104.8529942, 38.7715904 ], [ -104.852927, 38.7715166 ], [ -104.8529318, 38.7714749 ], [ -104.8529081, 38.7714694 ], [ -104.8528813, 38.7714482 ], [ -104.8528742, 38.7714281 ], [ -104.8528299, 38.7714289 ], [ -104.8527222, 38.7713148 ], [ -104.8527247, 38.77121 ], [ -104.8527759, 38.7712084 ] ] ] ] } },
{ "type": "Feature", "properties": { "full_id": "w548630474", "osm_id": "548630474", "osm_type": "way", "power": null, "year_of_construction": null, "building:levels": null, "disused:landuse": null, "contact:website": null, "leaf_type": null, "salt": null, "intermittent": null, "theatre:type": null, "motor_vehicle": null, "horse": null, "bicycle": null, "lit": null, "species:wikipedia": null, "species:wikidata": null, "bridge": null, "cuisine": null, "aerialway:summer:access": null, "aerialway:access": null, "aerialway": null, "shelter_type": null, "layer": null, "water": null, "sorting_name": null, "heritage": null, "alt_name": null, "opening_hours": null, "contact:facebook": null, "charge": null, "leisure": null, "website": null, "tourism": null, "start_date": null, "phone": null, "historic": null, "ele": null, "shop": null, "fee": null, "addr:street": null, "addr:state": null, "addr:postcode": null, "addr:housenumber": null, "addr:city": null, "animal": null, "building": "yes", "access": null, "surface": null, "parking": null, "amenity": null, "landuse": null, "golf": null, "natural": null, "barrier": null, "attraction": null, "highway": null, "wikipedia": null, "ref:US:USFS:proclaimed_forest_number": null, "protection_title": null, "protected_area": null, "protected": null, "protect_class": null, "ownership": null, "operator:wikipedia": null, "operator:wikidata": null, "operator:type": null, "operator:short": null, "operator": null, "gnis:feature_id": null, "wikidata": null, "type": null, "place": null, "name": null, "boundary": null, "admin_level": null }, "geometry": { "type": "MultiPolygon", "coordinates": [ [ [ [ -104.8535084, 38.7700377 ], [ -104.8535171, 38.7700349 ], [ -104.8535256, 38.7700322 ], [ -104.8535156, 38.7700134 ], [ -104.8534984, 38.7700189 ], [ -104.8535084, 38.7700377 ] ] ] ] } },
{ "type": "Feature", "properties": { "full_id": "w548628920", "osm_id": "548628920", "osm_type": "way", "power": null, "year_of_construction": null, "building:levels": null, "disused:landuse": null, "contact:website": null, "leaf_type": null, "salt": null, "intermittent": null, "theatre:type": null, "motor_vehicle": null, "horse": null, "bicycle": null, "lit": null, "species:wikipedia": null, "species:wikidata": null, "bridge": null, "cuisine": null, "aerialway:summer:access": null, "aerialway:access": null, "aerialway": null, "shelter_type": null, "layer": null, "water": null, "sorting_name": null, "heritage": null, "alt_name": null, "opening_hours": null, "contact:facebook": null, "charge": null, "leisure": null, "website": null, "tourism": null, "start_date": null, "phone": null, "historic": null, "ele": null, "shop": null, "fee": null, "addr:street": null, "addr:state": null, "addr:postcode": null, "addr:housenumber": null, "addr:city": null, "animal": null, "building": null, "access": null, "surface": null, "parking": null, "amenity": null, "landuse": null, "golf": null, "natural": "wood", "barrier": null, "attraction": null, "highway": null, "wikipedia": null, "ref:US:USFS:proclaimed_forest_number": null, "protection_title": null, "protected_area": null, "protected": null, "protect_class": null, "ownership": null, "operator:wikipedia": null, "operator:wikidata": null, "operator:type": null, "operator:short": null, "operator": null, "gnis:feature_id": null, "wikidata": null, "type": null, "place": null, "name": null, "boundary": null, "admin_level": null }, "geometry": { "type": "MultiPolygon", "coordinates": [ [ [ [ -104.853134, 38.7704451 ], [ -104.8530376, 38.7703217 ], [ -104.8529729, 38.7702917 ], [ -104.8529206, 38.7702929 ], [ -104.8529036, 38.7703121 ], [ -104.8529036, 38.7703349 ], [ -104.8530392, 38.7706051 ], [ -104.8531147, 38.7707877 ], [ -104.8531393, 38.7708381 ], [ -104.85318, 38.7708314 ], [ -104.8532219, 38.7707803 ], [ -104.8531597, 38.7706811 ], [ -104.8531941, 38.770668 ], [ -104.8531533, 38.7705875 ], [ -104.8531481, 38.7705542 ], [ -104.8531426, 38.7705198 ], [ -104.8531335, 38.7704718 ], [ -104.853134, 38.7704451 ] ] ] ] } },
{ "type": "Feature", "properties": { "full_id": "w548627982", "osm_id": "548627982", "osm_type": "way", "power": null, "year_of_construction": null, "building:levels": null, "disused:landuse": null, "contact:website": null, "leaf_type": null, "salt": null, "intermittent": null, "theatre:type": null, "motor_vehicle": null, "horse": null, "bicycle": null, "lit": null, "species:wikipedia": null, "species:wikidata": null, "bridge": null, "cuisine": null, "aerialway:summer:access": null, "aerialway:access": null, "aerialway": null, "shelter_type": null, "layer": null, "water": null, "sorting_name": null, "heritage": null, "alt_name": null, "opening_hours": null, "contact:facebook": null, "charge": null, "leisure": null, "website": null, "tourism": null, "start_date": null, "phone": null, "historic": null, "ele": null, "shop": null, "fee": null, "addr:street": null, "addr:state": null, "addr:postcode": null, "addr:housenumber": null, "addr:city": null, "animal": null, "building": null, "access": null, "surface": null, "parking": null, "amenity": null, "landuse": null, "golf": null, "natural": "rock", "barrier": "fence", "attraction": "animal", "highway": null, "wikipedia": null, "ref:US:USFS:proclaimed_forest_number": null, "protection_title": null, "protected_area": null, "protected": null, "protect_class": null, "ownership": null, "operator:wikipedia": null, "operator:wikidata": null, "operator:type": null, "operator:short": null, "operator": null, "gnis:feature_id": null, "wikidata": null, "type": null, "place": null, "name": "Mountain Goat", "boundary": null, "admin_level": null }, "geometry": { "type": "MultiPolygon", "coordinates": [ [ [ [ -104.8534016, 38.771066 ], [ -104.8534524, 38.7710343 ], [ -104.8534707, 38.7709764 ], [ -104.8534554, 38.770894 ], [ -104.8534006, 38.770814 ], [ -104.8533609, 38.7707759 ], [ -104.8533224, 38.770742 ], [ -104.8532219, 38.7707803 ], [ -104.85318, 38.7708314 ], [ -104.8532379, 38.7708718 ], [ -104.8532532, 38.7709725 ], [ -104.8532623, 38.771005 ], [ -104.8532776, 38.7710264 ], [ -104.8533365, 38.7710517 ], [ -104.8534016, 38.771066 ] ] ] ] } },
{ "type": "Feature", "properties": { "full_id": "w548638954", "osm_id": "548638954", "osm_type": "way", "power": null, "year_of_construction": null, "building:levels": null, "disused:landuse": null, "contact:website": null, "leaf_type": null, "salt": null, "intermittent": null, "theatre:type": null, "motor_vehicle": null, "horse": null, "bicycle": null, "lit": null, "species:wikipedia": null, "species:wikidata": null, "bridge": null, "cuisine": null, "aerialway:summer:access": null, "aerialway:access": null, "aerialway": null, "shelter_type": null, "layer": null, "water": null, "sorting_name": null, "heritage": null, "alt_name": null, "opening_hours": null, "contact:facebook": null, "charge": null, "leisure": null, "website": null, "tourism": null, "start_date": null, "phone": null, "historic": null, "ele": null, "shop": null, "fee": null, "addr:street": null, "addr:state": null, "addr:postcode": null, "addr:housenumber": null, "addr:city": null, "animal": null, "building": null, "access": null, "surface": null, "parking": null, "amenity": null, "landuse": null, "golf": null, "natural": "sand", "barrier": null, "attraction": "animal", "highway": null, "wikipedia": null, "ref:US:USFS:proclaimed_forest_number": null, "protection_title": null, "protected_area": null, "protected": null, "protect_class": null, "ownership": null, "operator:wikipedia": null, "operator:wikidata": null, "operator:type": null, "operator:short": null, "operator": null, "gnis:feature_id": null, "wikidata": null, "type": null, "place": null, "name": "Reticulated Giraffe", "boundary": null, "admin_level": null }, "geometry": { "type": "MultiPolygon", "coordinates": [ [ [ [ -104.8532513, 38.7716072 ], [ -104.8532474, 38.771594 ], [ -104.8532366, 38.7715799 ], [ -104.8532149, 38.7715672 ], [ -104.8531894, 38.7715625 ], [ -104.8531585, 38.7715654 ], [ -104.8531445, 38.7715696 ], [ -104.8531194, 38.7715859 ], [ -104.8531118, 38.7716017 ], [ -104.8531097, 38.7716148 ], [ -104.8531118, 38.7716299 ], [ -104.853118, 38.7716412 ], [ -104.8531292, 38.7716511 ], [ -104.8531477, 38.7716351 ], [ -104.8531877, 38.7716646 ], [ -104.8532479, 38.7716135 ], [ -104.8532513, 38.7716072 ] ] ] ] } },
{ "type": "Feature", "properties": { "full_id": "w548638952", "osm_id": "548638952", "osm_type": "way", "power": null, "year_of_construction": null, "building:levels": null, "disused:landuse": null, "contact:website": null, "leaf_type": null, "salt": null, "intermittent": null, "theatre:type": null, "motor_vehicle": null, "horse": null, "bicycle": null, "lit": null, "species:wikipedia": null, "species:wikidata": null, "bridge": null, "cuisine": null, "aerialway:summer:access": null, "aerialway:access": null, "aerialway": null, "shelter_type": null, "layer": null, "water": null, "sorting_name": null, "heritage": null, "alt_name": null, "opening_hours": null, "contact:facebook": null, "charge": null, "leisure": null, "website": null, "tourism": null, "start_date": null, "phone": null, "historic": null, "ele": null, "shop": null, "fee": null, "addr:street": null, "addr:state": null, "addr:postcode": null, "addr:housenumber": null, "addr:city": null, "animal": null, "building": null, "access": null, "surface": null, "parking": null, "amenity": null, "landuse": null, "golf": null, "natural": "wood", "barrier": "fence", "attraction": "animal", "highway": null, "wikipedia": null, "ref:US:USFS:proclaimed_forest_number": null, "protection_title": null, "protected_area": null, "protected": null, "protect_class": null, "ownership": null, "operator:wikipedia": null, "operator:wikidata": null, "operator:type": null, "operator:short": null, "operator": null, "gnis:feature_id": null, "wikidata": null, "type": null, "place": null, "name": "Red River Hog", "boundary": null, "admin_level": null }, "geometry": { "type": "MultiPolygon", "coordinates": [ [ [ [ -104.8532194, 38.7715253 ], [ -104.8532529, 38.7715374 ], [ -104.8532823, 38.7715536 ], [ -104.8532993, 38.7715936 ], [ -104.8533031, 38.7716217 ], [ -104.8533937, 38.7716836 ], [ -104.8534089, 38.7716734 ], [ -104.853431, 38.7716919 ], [ -104.8534439, 38.771693 ], [ -104.8534672, 38.7716801 ], [ -104.8534966, 38.7716345 ], [ -104.8533406, 38.7715215 ], [ -104.8533247, 38.7715023 ], [ -104.8532736, 38.7714668 ], [ -104.8532082, 38.7714612 ], [ -104.8531843, 38.7714836 ], [ -104.8532186, 38.7715116 ], [ -104.8532194, 38.7715253 ] ] ] ] } },
{ "type": "Feature", "properties": { "full_id": "w548638951", "osm_id": "548638951", "osm_type": "way", "power": null, "year_of_construction": null, "building:levels": null, "disused:landuse": null, "contact:website": null, "leaf_type": null, "salt": null, "intermittent": null, "theatre:type": null, "motor_vehicle": null, "horse": null, "bicycle": null, "lit": null, "species:wikipedia": null, "species:wikidata": null, "bridge": null, "cuisine": null, "aerialway:summer:access": null, "aerialway:access": null, "aerialway": null, "shelter_type": null, "layer": null, "water": null, "sorting_name": null, "heritage": null, "alt_name": null, "opening_hours": null, "contact:facebook": null, "charge": null, "leisure": null, "website": null, "tourism": null, "start_date": null, "phone": null, "historic": null, "ele": null, "shop": null, "fee": null, "addr:street": null, "addr:state": null, "addr:postcode": null, "addr:housenumber": null, "addr:city": null, "animal": null, "building": null, "access": null, "surface": null, "parking": null, "amenity": null, "landuse": null, "golf": null, "natural": "grassland", "barrier": null, "attraction": "animal", "highway": null, "wikipedia": null, "ref:US:USFS:proclaimed_forest_number": null, "protection_title": null, "protected_area": null, "protected": null, "protect_class": null, "ownership": null, "operator:wikipedia": null, "operator:wikidata": null, "operator:type": null, "operator:short": null, "operator": null, "gnis:feature_id": null, "wikidata": null, "type": null, "place": null, "name": "Cattle Egret", "boundary": null, "admin_level": null }, "geometry": { "type": "MultiPolygon", "coordinates": [ [ [ [ -104.8529579, 38.771196 ], [ -104.8529703, 38.7712357 ], [ -104.8529172, 38.7712637 ], [ -104.8528947, 38.7712781 ], [ -104.8528501, 38.7713905 ], [ -104.8527734, 38.7713105 ], [ -104.8527759, 38.7712084 ], [ -104.8527908, 38.7712074 ], [ -104.8528033, 38.7712029 ], [ -104.8528196, 38.771183 ], [ -104.8528338, 38.7711648 ], [ -104.8528511, 38.7711537 ], [ -104.8528694, 38.7711545 ], [ -104.8528999, 38.7711609 ], [ -104.8529395, 38.771187 ], [ -104.8529579, 38.771196 ] ] ] ] } },
{ "type": "Feature", "properties": { "full_id": "w548638950", "osm_id": "548638950", "osm_type": "way", "power": null, "year_of_construction": null, "building:levels": null, "disused:landuse": null, "contact:website": null, "leaf_type": null, "salt": null, "intermittent": null, "theatre:type": null, "motor_vehicle": null, "horse": null, "bicycle": null, "lit": null, "species:wikipedia": "en:Reticulated giraffe", "species:wikidata": "Q27497311", "bridge": null, "cuisine": null, "aerialway:summer:access": null, "aerialway:access": null, "aerialway": null, "shelter_type": null, "layer": null, "water": null, "sorting_name": null, "heritage": null, "alt_name": null, "opening_hours": null, "contact:facebook": null, "charge": null, "leisure": null, "website": null, "tourism": null, "start_date": null, "phone": null, "historic": null, "ele": null, "shop": null, "fee": null, "addr:street": null, "addr:state": null, "addr:postcode": null, "addr:housenumber": null, "addr:city": null, "animal": null, "building": null, "access": null, "surface": null, "parking": null, "amenity": null, "landuse": null, "golf": null, "natural": "scrub", "barrier": "fence", "attraction": "animal", "highway": null, "wikipedia": null, "ref:US:USFS:proclaimed_forest_number": null, "protection_title": null, "protected_area": null, "protected": null, "protect_class": null, "ownership": null, "operator:wikipedia": null, "operator:wikidata": null, "operator:type": null, "operator:short": null, "operator": null, "gnis:feature_id": null, "wikidata": null, "type": null, "place": null, "name": "Reticulated Giraffe", "boundary": null, "admin_level": null }, "geometry": { "type": "MultiPolygon", "coordinates": [ [ [ [ -104.8530509, 38.7711983 ], [ -104.85303, 38.7711712 ], [ -104.8530259, 38.7711854 ], [ -104.8530086, 38.7711965 ], [ -104.852972, 38.7712029 ], [ -104.8529579, 38.771196 ], [ -104.8529703, 38.7712357 ], [ -104.8529172, 38.7712637 ], [ -104.8528947, 38.7712781 ], [ -104.8528501, 38.7713905 ], [ -104.8528952, 38.7713941 ], [ -104.8529216, 38.771376 ], [ -104.852955, 38.7713782 ], [ -104.8529956, 38.7714011 ], [ -104.8530046, 38.7714266 ], [ -104.8530062, 38.7714416 ], [ -104.8529756, 38.7714647 ], [ -104.8529701, 38.7715018 ], [ -104.8530285, 38.7715638 ], [ -104.8530639, 38.7715716 ], [ -104.853091, 38.7715427 ], [ -104.8531213, 38.7715253 ], [ -104.8531739, 38.7715178 ], [ -104.8532194, 38.7715253 ], [ -104.8532186, 38.7715116 ], [ -104.8531843, 38.7714836 ], [ -104.8532082, 38.7714612 ], [ -104.8532736, 38.7714668 ], [ -104.8533247, 38.7715023 ], [ -104.8533406, 38.7715215 ], [ -104.8534966, 38.7716345 ], [ -104.8535669, 38.7715291 ], [ -104.8535312, 38.771511 ], [ -104.8534929, 38.7714743 ], [ -104.8534403, 38.7714047 ], [ -104.8533749, 38.7713574 ], [ -104.8533103, 38.771404 ], [ -104.8532306, 38.7713487 ], [ -104.8532656, 38.7713089 ], [ -104.8532784, 38.7712797 ], [ -104.8531069, 38.77122 ], [ -104.8530509, 38.7711983 ] ] ] ] } },
{ "type": "Feature", "properties": { "full_id": "w548615234", "osm_id": "548615234", "osm_type": "way", "power": null, "year_of_construction": null, "building:levels": null, "disused:landuse": null, "contact:website": null, "leaf_type": null, "salt": null, "intermittent": null, "theatre:type": null, "motor_vehicle": null, "horse": null, "bicycle": null, "lit": null, "species:wikipedia": null, "species:wikidata": null, "bridge": null, "cuisine": null, "aerialway:summer:access": null, "aerialway:access": null, "aerialway": null, "shelter_type": null, "layer": null, "water": null, "sorting_name": null, "heritage": null, "alt_name": null, "opening_hours": null, "contact:facebook": null, "charge": null, "leisure": "garden", "website": null, "tourism": null, "start_date": null, "phone": null, "historic": null, "ele": null, "shop": null, "fee": null, "addr:street": null, "addr:state": null, "addr:postcode": null, "addr:housenumber": null, "addr:city": null, "animal": null, "building": null, "access": null, "surface": null, "parking": null, "amenity": null, "landuse": null, "golf": null, "natural": null, "barrier": null, "attraction": null, "highway": null, "wikipedia": null, "ref:US:USFS:proclaimed_forest_number": null, "protection_title": null, "protected_area": null, "protected": null, "protect_class": null, "ownership": null, "operator:wikipedia": null, "operator:wikidata": null, "operator:type": null, "operator:short": null, "operator": null, "gnis:feature_id": null, "wikidata": null, "type": null, "place": null, "name": null, "boundary": null, "admin_level": null }, "geometry": { "type": "MultiPolygon", "coordinates": [ [ [ [ -104.852412, 38.7706843 ], [ -104.8523855, 38.7706383 ], [ -104.8523327, 38.770655 ], [ -104.8523225, 38.7706732 ], [ -104.8522768, 38.7707025 ], [ -104.8522402, 38.7707001 ], [ -104.8522097, 38.7706883 ], [ -104.8521894, 38.7706898 ], [ -104.8521833, 38.7707089 ], [ -104.8522005, 38.770735 ], [ -104.8522183, 38.7707399 ], [ -104.8522337, 38.7707144 ], [ -104.8522704, 38.7707271 ], [ -104.8522991, 38.7707136 ], [ -104.8523723, 38.7706875 ], [ -104.852412, 38.7706843 ] ] ] ] } },
{ "type": "Feature", "properties": { "full_id": "w548615233", "osm_id": "548615233", "osm_type": "way", "power": null, "year_of_construction": null, "building:levels": null, "disused:landuse": null, "contact:website": null, "leaf_type": null, "salt": null, "intermittent": null, "theatre:type": null, "motor_vehicle": null, "horse": null, "bicycle": null, "lit": null, "species:wikipedia": null, "species:wikidata": null, "bridge": null, "cuisine": null, "aerialway:summer:access": null, "aerialway:access": null, "aerialway": null, "shelter_type": null, "layer": null, "water": null, "sorting_name": null, "heritage": null, "alt_name": null, "opening_hours": null, "contact:facebook": null, "charge": null, "leisure": "garden", "website": null, "tourism": null, "start_date": null, "phone": null, "historic": null, "ele": null, "shop": null, "fee": null, "addr:street": null, "addr:state": null, "addr:postcode": null, "addr:housenumber": null, "addr:city": null, "animal": null, "building": null, "access": null, "surface": null, "parking": null, "amenity": null, "landuse": null, "golf": null, "natural": null, "barrier": null, "attraction": null, "highway": null, "wikipedia": null, "ref:US:USFS:proclaimed_forest_number": null, "protection_title": null, "protected_area": null, "protected": null, "protect_class": null, "ownership": null, "operator:wikipedia": null, "operator:wikidata": null, "operator:type": null, "operator:short": null, "operator": null, "gnis:feature_id": null, "wikidata": null, "type": null, "place": null, "name": null, "boundary": null, "admin_level": null }, "geometry": { "type": "MultiPolygon", "coordinates": [ [ [ [ -104.8523611, 38.7706058 ], [ -104.8523317, 38.7706233 ], [ -104.8522971, 38.7705765 ], [ -104.8523009, 38.7705287 ], [ -104.8523611, 38.7706058 ] ] ] ] } },
{ "type": "Feature", "properties": { "full_id": "w548615232", "osm_id": "548615232", "osm_type": "way", "power": null, "year_of_construction": null, "building:levels": null, "disused:landuse": null, "contact:website": null, "leaf_type": null, "salt": null, "intermittent": null, "theatre:type": null, "motor_vehicle": null, "horse": null, "bicycle": null, "lit": null, "species:wikipedia": null, "species:wikidata": null, "bridge": null, "cuisine": null, "aerialway:summer:access": null, "aerialway:access": null, "aerialway": null, "shelter_type": null, "layer": null, "water": null, "sorting_name": null, "heritage": null, "alt_name": null, "opening_hours": null, "contact:facebook": null, "charge": null, "leisure": null, "website": null, "tourism": null, "start_date": null, "phone": null, "historic": null, "ele": null, "shop": null, "fee": null, "addr:street": null, "addr:state": null, "addr:postcode": null, "addr:housenumber": null, "addr:city": null, "animal": null, "building": null, "access": null, "surface": "paved", "parking": null, "amenity": null, "landuse": null, "golf": null, "natural": null, "barrier": null, "attraction": null, "highway": "pedestrian", "wikipedia": null, "ref:US:USFS:proclaimed_forest_number": null, "protection_title": null, "protected_area": null, "protected": null, "protect_class": null, "ownership": null, "operator:wikipedia": null, "operator:wikidata": null, "operator:type": null, "operator:short": null, "operator": null, "gnis:feature_id": null, "wikidata": null, "type": null, "place": null, "name": null, "boundary": null, "admin_level": null }, "geometry": { "type": "MultiPolygon", "coordinates": [ [ [ [ -104.852074, 38.7706719 ], [ -104.8520521, 38.7706758 ], [ -104.8520544, 38.770689 ], [ -104.8520683, 38.7707094 ], [ -104.8520888, 38.7707257 ], [ -104.8520446, 38.7707434 ], [ -104.8520151, 38.770698 ], [ -104.8519959, 38.7706308 ], [ -104.8519966, 38.7705695 ], [ -104.852012, 38.7705311 ], [ -104.8520767, 38.77048 ], [ -104.8521461, 38.770444 ], [ -104.8522061, 38.770438 ], [ -104.8522393, 38.7704464 ], [ -104.8522796, 38.7705031 ], [ -104.8522109, 38.7705492 ], [ -104.8521951, 38.7705432 ], [ -104.8521719, 38.770563 ], [ -104.8521492, 38.7705824 ], [ -104.8521278, 38.7706007 ], [ -104.8521102, 38.7706157 ], [ -104.8521095, 38.7706262 ], [ -104.852074, 38.7706719 ] ] ] ] } },
{ "type": "Feature", "properties": { "full_id": "w1344663081", "osm_id": "1344663081", "osm_type": "way", "power": null, "year_of_construction": null, "building:levels": null, "disused:landuse": null, "contact:website": null, "leaf_type": null, "salt": null, "intermittent": null, "theatre:type": null, "motor_vehicle": null, "horse": null, "bicycle": null, "lit": null, "species:wikipedia": null, "species:wikidata": null, "bridge": null, "cuisine": null, "aerialway:summer:access": null, "aerialway:access": null, "aerialway": null, "shelter_type": null, "layer": null, "water": null, "sorting_name": null, "heritage": null, "alt_name": null, "opening_hours": null, "contact:facebook": null, "charge": null, "leisure": null, "website": null, "tourism": null, "start_date": null, "phone": null, "historic": null, "ele": null, "shop": null, "fee": null, "addr:street": null, "addr:state": null, "addr:postcode": null, "addr:housenumber": null, "addr:city": null, "animal": null, "building": null, "access": null, "surface": null, "parking": null, "amenity": null, "landuse": "grass", "golf": null, "natural": null, "barrier": null, "attraction": null, "highway": null, "wikipedia": null, "ref:US:USFS:proclaimed_forest_number": null, "protection_title": null, "protected_area": null, "protected": null, "protect_class": null, "ownership": null, "operator:wikipedia": null, "operator:wikidata": null, "operator:type": null, "operator:short": null, "operator": null, "gnis:feature_id": null, "wikidata": null, "type": null, "place": null, "name": null, "boundary": null, "admin_level": null }, "geometry": { "type": "MultiPolygon", "coordinates": [ [ [ [ -104.8542462, 38.7715973 ], [ -104.8540349, 38.7712895 ], [ -104.8539754, 38.7712255 ], [ -104.8538728, 38.7711283 ], [ -104.853877, 38.7710803 ], [ -104.853875, 38.7709804 ], [ -104.8539036, 38.7709964 ], [ -104.8539574, 38.7710949 ], [ -104.853985, 38.7710858 ], [ -104.8540049, 38.7711222 ], [ -104.854029, 38.7711561 ], [ -104.8540892, 38.7712096 ], [ -104.8541058, 38.7712028 ], [ -104.8541196, 38.7712295 ], [ -104.8541444, 38.7712565 ], [ -104.8542187, 38.7712515 ], [ -104.8542669, 38.7712339 ], [ -104.8542527, 38.7712262 ], [ -104.854289, 38.7712022 ], [ -104.8542908, 38.7712105 ], [ -104.8542855, 38.7712626 ], [ -104.8542798, 38.7713077 ], [ -104.8542545, 38.7715256 ], [ -104.8542462, 38.7715973 ] ] ] ] } },
{ "type": "Feature", "properties": { "full_id": "w548615231", "osm_id": "548615231", "osm_type": "way", "power": null, "year_of_construction": null, "building:levels": null, "disused:landuse": null, "contact:website": null, "leaf_type": null, "salt": null, "intermittent": null, "theatre:type": null, "motor_vehicle": null, "horse": null, "bicycle": null, "lit": null, "species:wikipedia": null, "species:wikidata": null, "bridge": null, "cuisine": null, "aerialway:summer:access": null, "aerialway:access": null, "aerialway": null, "shelter_type": null, "layer": null, "water": null, "sorting_name": null, "heritage": null, "alt_name": null, "opening_hours": null, "contact:facebook": null, "charge": null, "leisure": null, "website": null, "tourism": null, "start_date": null, "phone": null, "historic": null, "ele": null, "shop": null, "fee": null, "addr:street": null, "addr:state": null, "addr:postcode": null, "addr:housenumber": null, "addr:city": null, "animal": null, "building": null, "access": null, "surface": "paved", "parking": null, "amenity": null, "landuse": null, "golf": null, "natural": null, "barrier": null, "attraction": null, "highway": "pedestrian", "wikipedia": null, "ref:US:USFS:proclaimed_forest_number": null, "protection_title": null, "protected_area": null, "protected": null, "protect_class": null, "ownership": null, "operator:wikipedia": null, "operator:wikidata": null, "operator:type": null, "operator:short": null, "operator": null, "gnis:feature_id": null, "wikidata": null, "type": null, "place": null, "name": null, "boundary": null, "admin_level": null }, "geometry": { "type": "MultiPolygon", "coordinates": [ [ [ [ -104.8523009, 38.7705287 ], [ -104.8522971, 38.7705765 ], [ -104.8523317, 38.7706233 ], [ -104.8523611, 38.7706058 ], [ -104.8523855, 38.7706383 ], [ -104.8523327, 38.770655 ], [ -104.8523225, 38.7706732 ], [ -104.8522768, 38.7707025 ], [ -104.8522402, 38.7707001 ], [ -104.8522097, 38.7706883 ], [ -104.8521894, 38.7706898 ], [ -104.8521833, 38.7707089 ], [ -104.8522005, 38.770735 ], [ -104.8522183, 38.7707399 ], [ -104.8522542, 38.770752 ], [ -104.8522704, 38.7707271 ], [ -104.8522991, 38.7707136 ], [ -104.8523723, 38.7706875 ], [ -104.852412, 38.7706843 ], [ -104.8524392, 38.7707419 ], [ -104.852423, 38.770736 ], [ -104.8523754, 38.7707341 ], [ -104.8523347, 38.7707527 ], [ -104.8523043, 38.7707803 ], [ -104.852283, 38.770815 ], [ -104.8521955, 38.7707723 ], [ -104.8521579, 38.7707437 ], [ -104.8521274, 38.7707033 ], [ -104.8521101, 38.7706872 ], [ -104.852136, 38.7706472 ], [ -104.8521597, 38.7706634 ], [ -104.8522596, 38.7705846 ], [ -104.852238, 38.7705663 ], [ -104.8523009, 38.7705287 ] ] ] ] } },
{ "type": "Feature", "properties": { "full_id": "w1344663080", "osm_id": "1344663080", "osm_type": "way", "power": null, "year_of_construction": null, "building:levels": null, "disused:landuse": null, "contact:website": null, "leaf_type": null, "salt": null, "intermittent": null, "theatre:type": null, "motor_vehicle": null, "horse": null, "bicycle": null, "lit": null, "species:wikipedia": null, "species:wikidata": null, "bridge": null, "cuisine": null, "aerialway:summer:access": null, "aerialway:access": null, "aerialway": null, "shelter_type": null, "layer": null, "water": null, "sorting_name": null, "heritage": null, "alt_name": null, "opening_hours": null, "contact:facebook": null, "charge": null, "leisure": null, "website": null, "tourism": "picnic_site", "start_date": null, "phone": null, "historic": null, "ele": null, "shop": null, "fee": null, "addr:street": null, "addr:state": null, "addr:postcode": null, "addr:housenumber": null, "addr:city": null, "animal": null, "building": null, "access": null, "surface": null, "parking": null, "amenity": null, "landuse": null, "golf": null, "natural": null, "barrier": null, "attraction": null, "highway": null, "wikipedia": null, "ref:US:USFS:proclaimed_forest_number": null, "protection_title": null, "protected_area": null, "protected": null, "protect_class": null, "ownership": null, "operator:wikipedia": null, "operator:wikidata": null, "operator:type": null, "operator:short": null, "operator": null, "gnis:feature_id": null, "wikidata": null, "type": null, "place": null, "name": null, "boundary": null, "admin_level": null }, "geometry": { "type": "MultiPolygon", "coordinates": [ [ [ [ -104.853977, 38.7710094 ], [ -104.8540313, 38.7711134 ], [ -104.8540049, 38.7711222 ], [ -104.854029, 38.7711561 ], [ -104.8540892, 38.7712096 ], [ -104.8541058, 38.7712028 ], [ -104.8540984, 38.7711886 ], [ -104.8541076, 38.7711571 ], [ -104.8540944, 38.771143 ], [ -104.8540119, 38.7709892 ], [ -104.853977, 38.7710094 ] ] ] ] } },
{ "type": "Feature", "properties": { "full_id": "w548620303", "osm_id": "548620303", "osm_type": "way", "power": null, "year_of_construction": null, "building:levels": null, "disused:landuse": null, "contact:website": null, "leaf_type": null, "salt": null, "intermittent": null, "theatre:type": null, "motor_vehicle": null, "horse": null, "bicycle": null, "lit": null, "species:wikipedia": null, "species:wikidata": null, "bridge": null, "cuisine": null, "aerialway:summer:access": null, "aerialway:access": null, "aerialway": null, "shelter_type": null, "layer": null, "water": null, "sorting_name": null, "heritage": null, "alt_name": null, "opening_hours": null, "contact:facebook": null, "charge": null, "leisure": null, "website": null, "tourism": null, "start_date": null, "phone": null, "historic": null, "ele": null, "shop": null, "fee": null, "addr:street": null, "addr:state": null, "addr:postcode": null, "addr:housenumber": null, "addr:city": null, "animal": null, "building": "yes", "access": null, "surface": null, "parking": null, "amenity": null, "landuse": null, "golf": null, "natural": null, "barrier": null, "attraction": null, "highway": null, "wikipedia": null, "ref:US:USFS:proclaimed_forest_number": null, "protection_title": null, "protected_area": null, "protected": null, "protect_class": null, "ownership": null, "operator:wikipedia": null, "operator:wikidata": null, "operator:type": null, "operator:short": null, "operator": null, "gnis:feature_id": null, "wikidata": null, "type": null, "place": null, "name": null, "boundary": null, "admin_level": null }, "geometry": { "type": "MultiPolygon", "coordinates": [ [ [ [ -104.8526775, 38.7705677 ], [ -104.8526654, 38.7705971 ], [ -104.8526224, 38.7705864 ], [ -104.8526345, 38.7705569 ], [ -104.8526775, 38.7705677 ] ] ] ] } },
{ "type": "Feature", "properties": { "full_id": "w1344663078", "osm_id": "1344663078", "osm_type": "way", "power": null, "year_of_construction": null, "building:levels": null, "disused:landuse": null, "contact:website": null, "leaf_type": null, "salt": null, "intermittent": null, "theatre:type": null, "motor_vehicle": null, "horse": null, "bicycle": null, "lit": null, "species:wikipedia": null, "species:wikidata": null, "bridge": null, "cuisine": null, "aerialway:summer:access": null, "aerialway:access": null, "aerialway": null, "shelter_type": null, "layer": null, "water": null, "sorting_name": null, "heritage": null, "alt_name": null, "opening_hours": null, "contact:facebook": null, "charge": null, "leisure": null, "website": null, "tourism": null, "start_date": null, "phone": null, "historic": null, "ele": null, "shop": null, "fee": null, "addr:street": null, "addr:state": null, "addr:postcode": null, "addr:housenumber": null, "addr:city": null, "animal": null, "building": null, "access": null, "surface": "artificial_turf", "parking": null, "amenity": null, "landuse": "recreation_ground", "golf": null, "natural": null, "barrier": null, "attraction": null, "highway": null, "wikipedia": null, "ref:US:USFS:proclaimed_forest_number": null, "protection_title": null, "protected_area": null, "protected": null, "protect_class": null, "ownership": null, "operator:wikipedia": null, "operator:wikidata": null, "operator:type": null, "operator:short": null, "operator": null, "gnis:feature_id": null, "wikidata": null, "type": null, "place": null, "name": "Play Hills", "boundary": null, "admin_level": null }, "geometry": { "type": "MultiPolygon", "coordinates": [ [ [ [ -104.8542849, 38.7711026 ], [ -104.8542361, 38.7711113 ], [ -104.854181, 38.7711091 ], [ -104.8541452, 38.7711266 ], [ -104.8541076, 38.7711571 ], [ -104.8540944, 38.771143 ], [ -104.8540119, 38.7709892 ], [ -104.8540298, 38.770984 ], [ -104.8540532, 38.7709535 ], [ -104.8540752, 38.7709149 ], [ -104.8541687, 38.7708774 ], [ -104.8542267, 38.7708874 ], [ -104.8542663, 38.7709293 ], [ -104.8542849, 38.7711026 ] ] ] ] } },
{ "type": "Feature", "properties": { "full_id": "w548620302", "osm_id": "548620302", "osm_type": "way", "power": null, "year_of_construction": null, "building:levels": null, "disused:landuse": null, "contact:website": null, "leaf_type": null, "salt": null, "intermittent": null, "theatre:type": null, "motor_vehicle": null, "horse": null, "bicycle": null, "lit": null, "species:wikipedia": null, "species:wikidata": null, "bridge": null, "cuisine": null, "aerialway:summer:access": null, "aerialway:access": null, "aerialway": null, "shelter_type": null, "layer": null, "water": null, "sorting_name": null, "heritage": null, "alt_name": null, "opening_hours": null, "contact:facebook": null, "charge": null, "leisure": null, "website": null, "tourism": null, "start_date": null, "phone": null, "historic": null, "ele": null, "shop": null, "fee": null, "addr:street": null, "addr:state": null, "addr:postcode": null, "addr:housenumber": null, "addr:city": null, "animal": null, "building": "yes", "access": null, "surface": null, "parking": null, "amenity": null, "landuse": null, "golf": null, "natural": null, "barrier": null, "attraction": null, "highway": null, "wikipedia": null, "ref:US:USFS:proclaimed_forest_number": null, "protection_title": null, "protected_area": null, "protected": null, "protect_class": null, "ownership": null, "operator:wikipedia": null, "operator:wikidata": null, "operator:type": null, "operator:short": null, "operator": null, "gnis:feature_id": null, "wikidata": null, "type": null, "place": null, "name": "Gatehouse", "boundary": null, "admin_level": null }, "geometry": { "type": "MultiPolygon", "coordinates": [ [ [ [ -104.8523824, 38.7705256 ], [ -104.8523637, 38.7705339 ], [ -104.8523457, 38.7705091 ], [ -104.8523644, 38.7705008 ], [ -104.8523824, 38.7705256 ] ] ] ] } },
{ "type": "Feature", "properties": { "full_id": "w1344663077", "osm_id": "1344663077", "osm_type": "way", "power": null, "year_of_construction": null, "building:levels": "1", "disused:landuse": null, "contact:website": null, "leaf_type": null, "salt": null, "intermittent": null, "theatre:type": null, "motor_vehicle": null, "horse": null, "bicycle": null, "lit": null, "species:wikipedia": null, "species:wikidata": null, "bridge": null, "cuisine": null, "aerialway:summer:access": null, "aerialway:access": null, "aerialway": null, "shelter_type": null, "layer": null, "water": null, "sorting_name": null, "heritage": null, "alt_name": null, "opening_hours": null, "contact:facebook": null, "charge": null, "leisure": "garden", "website": null, "tourism": null, "start_date": null, "phone": null, "historic": null, "ele": null, "shop": null, "fee": null, "addr:street": null, "addr:state": null, "addr:postcode": null, "addr:housenumber": null, "addr:city": null, "animal": null, "building": "yes", "access": null, "surface": null, "parking": null, "amenity": null, "landuse": null, "golf": null, "natural": null, "barrier": null, "attraction": null, "highway": null, "wikipedia": null, "ref:US:USFS:proclaimed_forest_number": null, "protection_title": null, "protected_area": null, "protected": null, "protect_class": null, "ownership": null, "operator:wikipedia": null, "operator:wikidata": null, "operator:type": null, "operator:short": null, "operator": null, "gnis:feature_id": null, "wikidata": null, "type": null, "place": null, "name": "Shipping Container Farm", "boundary": null, "admin_level": null }, "geometry": { "type": "MultiPolygon", "coordinates": [ [ [ [ -104.8540313, 38.7711134 ], [ -104.8540049, 38.7711222 ], [ -104.853985, 38.7710858 ], [ -104.8539574, 38.7710949 ], [ -104.8539036, 38.7709964 ], [ -104.8539382, 38.7709849 ], [ -104.8539568, 38.7710175 ], [ -104.8539752, 38.7710109 ], [ -104.8540313, 38.7711134 ] ] ] ] } },
{ "type": "Feature", "properties": { "full_id": "w548620301", "osm_id": "548620301", "osm_type": "way", "power": null, "year_of_construction": null, "building:levels": null, "disused:landuse": null, "contact:website": null, "leaf_type": null, "salt": null, "intermittent": null, "theatre:type": null, "motor_vehicle": null, "horse": null, "bicycle": null, "lit": null, "species:wikipedia": null, "species:wikidata": null, "bridge": null, "cuisine": null, "aerialway:summer:access": null, "aerialway:access": null, "aerialway": null, "shelter_type": null, "layer": null, "water": null, "sorting_name": null, "heritage": null, "alt_name": null, "opening_hours": null, "contact:facebook": null, "charge": null, "leisure": null, "website": null, "tourism": null, "start_date": null, "phone": null, "historic": null, "ele": null, "shop": null, "fee": null, "addr:street": null, "addr:state": null, "addr:postcode": null, "addr:housenumber": null, "addr:city": null, "animal": null, "building": "yes", "access": null, "surface": null, "parking": null, "amenity": null, "landuse": null, "golf": null, "natural": null, "barrier": null, "attraction": null, "highway": null, "wikipedia": null, "ref:US:USFS:proclaimed_forest_number": null, "protection_title": null, "protected_area": null, "protected": null, "protect_class": null, "ownership": null, "operator:wikipedia": null, "operator:wikidata": null, "operator:type": null, "operator:short": null, "operator": null, "gnis:feature_id": null, "wikidata": null, "type": null, "place": null, "name": "Stroller Hut", "boundary": null, "admin_level": null }, "geometry": { "type": "MultiPolygon", "coordinates": [ [ [ [ -104.8526346, 38.7710446 ], [ -104.8525322, 38.7711019 ], [ -104.8524761, 38.771041 ], [ -104.8524377, 38.7710339 ], [ -104.8524449, 38.77101 ], [ -104.8525147, 38.7710227 ], [ -104.8525786, 38.7709856 ], [ -104.8526252, 38.7710344 ], [ -104.8526346, 38.7710446 ] ] ] ] } },
{ "type": "Feature", "properties": { "full_id": "w548615235", "osm_id": "548615235", "osm_type": "way", "power": null, "year_of_construction": null, "building:levels": null, "disused:landuse": null, "contact:website": null, "leaf_type": null, "salt": null, "intermittent": null, "theatre:type": null, "motor_vehicle": null, "horse": null, "bicycle": null, "lit": null, "species:wikipedia": null, "species:wikidata": null, "bridge": null, "cuisine": null, "aerialway:summer:access": null, "aerialway:access": null, "aerialway": null, "shelter_type": null, "layer": null, "water": null, "sorting_name": null, "heritage": null, "alt_name": null, "opening_hours": null, "contact:facebook": null, "charge": null, "leisure": null, "website": null, "tourism": null, "start_date": null, "phone": null, "historic": null, "ele": null, "shop": null, "fee": null, "addr:street": null, "addr:state": null, "addr:postcode": null, "addr:housenumber": null, "addr:city": null, "animal": null, "building": "yes", "access": null, "surface": null, "parking": null, "amenity": null, "landuse": null, "golf": null, "natural": null, "barrier": null, "attraction": null, "highway": null, "wikipedia": null, "ref:US:USFS:proclaimed_forest_number": null, "protection_title": null, "protected_area": null, "protected": null, "protect_class": null, "ownership": null, "operator:wikipedia": null, "operator:wikidata": null, "operator:type": null, "operator:short": null, "operator": null, "gnis:feature_id": null, "wikidata": null, "type": null, "place": null, "name": null, "boundary": null, "admin_level": null }, "geometry": { "type": "MultiPolygon", "coordinates": [ [ [ [ -104.8522704, 38.7707271 ], [ -104.8522542, 38.770752 ], [ -104.8522183, 38.7707399 ], [ -104.8522337, 38.7707144 ], [ -104.8522704, 38.7707271 ] ] ] ] } },
{ "type": "Feature", "properties": { "full_id": "w548621552", "osm_id": "548621552", "osm_type": "way", "power": null, "year_of_construction": null, "building:levels": null, "disused:landuse": null, "contact:website": null, "leaf_type": null, "salt": null, "intermittent": null, "theatre:type": null, "motor_vehicle": null, "horse": null, "bicycle": null, "lit": null, "species:wikipedia": null, "species:wikidata": null, "bridge": null, "cuisine": null, "aerialway:summer:access": null, "aerialway:access": null, "aerialway": null, "shelter_type": null, "layer": null, "water": null, "sorting_name": null, "heritage": null, "alt_name": null, "opening_hours": null, "contact:facebook": null, "charge": null, "leisure": "garden", "website": null, "tourism": null, "start_date": null, "phone": null, "historic": null, "ele": null, "shop": null, "fee": null, "addr:street": null, "addr:state": null, "addr:postcode": null, "addr:housenumber": null, "addr:city": null, "animal": null, "building": null, "access": null, "surface": null, "parking": null, "amenity": null, "landuse": null, "golf": null, "natural": null, "barrier": null, "attraction": null, "highway": null, "wikipedia": null, "ref:US:USFS:proclaimed_forest_number": null, "protection_title": null, "protected_area": null, "protected": null, "protect_class": null, "ownership": null, "operator:wikipedia": null, "operator:wikidata": null, "operator:type": null, "operator:short": null, "operator": null, "gnis:feature_id": null, "wikidata": null, "type": null, "place": null, "name": null, "boundary": null, "admin_level": null }, "geometry": { "type": "MultiPolygon", "coordinates": [ [ [ [ -104.852703, 38.7709966 ], [ -104.852737, 38.7710322 ], [ -104.8527866, 38.7710583 ], [ -104.8528671, 38.7710751 ], [ -104.8530083, 38.7710904 ], [ -104.8530038, 38.7711083 ], [ -104.8529773, 38.7711235 ], [ -104.8529357, 38.7711311 ], [ -104.8528986, 38.7711311 ], [ -104.8528649, 38.7711228 ], [ -104.8528287, 38.7710966 ], [ -104.8528065, 38.7710828 ], [ -104.8527765, 38.7710766 ], [ -104.8527393, 38.7710621 ], [ -104.8527004, 38.7710373 ], [ -104.8526889, 38.7710207 ], [ -104.8526889, 38.7710097 ], [ -104.852703, 38.7709966 ] ] ] ] } },
{ "type": "Feature", "properties": { "full_id": "w548620306", "osm_id": "548620306", "osm_type": "way", "power": null, "year_of_construction": null, "building:levels": null, "disused:landuse": null, "contact:website": null, "leaf_type": null, "salt": null, "intermittent": null, "theatre:type": null, "motor_vehicle": null, "horse": null, "bicycle": null, "lit": null, "species:wikipedia": null, "species:wikidata": null, "bridge": null, "cuisine": null, "aerialway:summer:access": null, "aerialway:access": null, "aerialway": null, "shelter_type": null, "layer": null, "water": null, "sorting_name": null, "heritage": null, "alt_name": null, "opening_hours": null, "contact:facebook": null, "charge": null, "leisure": null, "website": null, "tourism": null, "start_date": null, "phone": null, "historic": null, "ele": null, "shop": null, "fee": null, "addr:street": null, "addr:state": null, "addr:postcode": null, "addr:housenumber": null, "addr:city": null, "animal": null, "building": null, "access": null, "surface": "paved", "parking": null, "amenity": null, "landuse": null, "golf": null, "natural": null, "barrier": null, "attraction": null, "highway": "pedestrian", "wikipedia": null, "ref:US:USFS:proclaimed_forest_number": null, "protection_title": null, "protected_area": null, "protected": null, "protect_class": null, "ownership": null, "operator:wikipedia": null, "operator:wikidata": null, "operator:type": null, "operator:short": null, "operator": null, "gnis:feature_id": null, "wikidata": null, "type": null, "place": null, "name": null, "boundary": null, "admin_level": null }, "geometry": { "type": "MultiPolygon", "coordinates": [ [ [ [ -104.8525634, 38.7709218 ], [ -104.8525919, 38.7709572 ], [ -104.8525786, 38.7709856 ], [ -104.8526346, 38.7710446 ], [ -104.8526564, 38.7711205 ], [ -104.8526556, 38.7711442 ], [ -104.8526574, 38.7711649 ], [ -104.8526642, 38.7711877 ], [ -104.8526908, 38.7712069 ], [ -104.8527247, 38.77121 ], [ -104.8527759, 38.7712084 ], [ -104.8527908, 38.7712074 ], [ -104.8528033, 38.7712029 ], [ -104.8528196, 38.771183 ], [ -104.8528338, 38.7711648 ], [ -104.8528511, 38.7711537 ], [ -104.8528694, 38.7711545 ], [ -104.8528999, 38.7711609 ], [ -104.8529395, 38.771187 ], [ -104.8529579, 38.771196 ], [ -104.852972, 38.7712029 ], [ -104.8530086, 38.7711965 ], [ -104.8530259, 38.7711854 ], [ -104.85303, 38.7711712 ], [ -104.85303, 38.7711577 ], [ -104.853026, 38.7711394 ], [ -104.8530428, 38.7710973 ], [ -104.8530257, 38.7710939 ], [ -104.8530083, 38.7710904 ], [ -104.8530038, 38.7711083 ], [ -104.8529773, 38.7711235 ], [ -104.8529357, 38.7711311 ], [ -104.8528986, 38.7711311 ], [ -104.8528649, 38.7711228 ], [ -104.8528287, 38.7710966 ], [ -104.8528065, 38.7710828 ], [ -104.8527765, 38.7710766 ], [ -104.8527393, 38.7710621 ], [ -104.8527004, 38.7710373 ], [ -104.8526889, 38.7710207 ], [ -104.8526889, 38.7710097 ], [ -104.852703, 38.7709966 ], [ -104.8527216, 38.7709848 ], [ -104.8525573, 38.770836 ], [ -104.8525575, 38.7708725 ], [ -104.8525822, 38.77089 ], [ -104.8525476, 38.7709089 ], [ -104.8525634, 38.7709218 ] ] ] ] } },
{ "type": "Feature", "properties": { "full_id": "w1344663082", "osm_id": "1344663082", "osm_type": "way", "power": null, "year_of_construction": "1925", "building:levels": null, "disused:landuse": null, "contact:website": null, "leaf_type": null, "salt": null, "intermittent": null, "theatre:type": null, "motor_vehicle": null, "horse": null, "bicycle": null, "lit": null, "species:wikipedia": null, "species:wikidata": null, "bridge": null, "cuisine": null, "aerialway:summer:access": null, "aerialway:access": null, "aerialway": null, "shelter_type": null, "layer": "1", "water": null, "sorting_name": null, "heritage": null, "alt_name": null, "opening_hours": null, "contact:facebook": null, "charge": "2 USD", "leisure": null, "website": "https://www.cmzoo.org/visit/carousel/", "tourism": null, "start_date": null, "phone": null, "historic": null, "ele": null, "shop": null, "fee": "yes", "addr:street": null, "addr:state": null, "addr:postcode": null, "addr:housenumber": null, "addr:city": null, "animal": null, "building": "yes", "access": null, "surface": null, "parking": null, "amenity": null, "landuse": null, "golf": null, "natural": null, "barrier": null, "attraction": "carousel", "highway": null, "wikipedia": null, "ref:US:USFS:proclaimed_forest_number": null, "protection_title": null, "protected_area": null, "protected": null, "protect_class": null, "ownership": null, "operator:wikipedia": null, "operator:wikidata": null, "operator:type": null, "operator:short": null, "operator": "Cheyenne Mountain Zoo", "gnis:feature_id": null, "wikidata": null, "type": null, "place": null, "name": "ALLAN HERSCHELL CAROUSEL", "boundary": null, "admin_level": null }, "geometry": { "type": "MultiPolygon", "coordinates": [ [ [ [ -104.8538801, 38.7704967 ], [ -104.8538668, 38.7705178 ], [ -104.8538451, 38.7705343 ], [ -104.8538178, 38.7705442 ], [ -104.8537877, 38.7705465 ], [ -104.8537595, 38.7705413 ], [ -104.8537349, 38.7705294 ], [ -104.8537165, 38.7705119 ], [ -104.8537062, 38.7704908 ], [ -104.853705, 38.7704682 ], [ -104.8537131, 38.7704466 ], [ -104.8537296, 38.770428 ], [ -104.8537529, 38.7704145 ], [ -104.8537804, 38.7704075 ], [ -104.8538094, 38.7704077 ], [ -104.8538379, 38.7704156 ], [ -104.8538614, 38.7704304 ], [ -104.8538773, 38.7704504 ], [ -104.8538838, 38.7704734 ], [ -104.8538801, 38.7704967 ] ] ] ] } },
{ "type": "Feature", "properties": { "full_id": "w548620305", "osm_id": "548620305", "osm_type": "way", "power": null, "year_of_construction": null, "building:levels": null, "disused:landuse": null, "contact:website": null, "leaf_type": null, "salt": null, "intermittent": null, "theatre:type": null, "motor_vehicle": null, "horse": null, "bicycle": null, "lit": null, "species:wikipedia": null, "species:wikidata": null, "bridge": null, "cuisine": null, "aerialway:summer:access": null, "aerialway:access": null, "aerialway": null, "shelter_type": null, "layer": null, "water": null, "sorting_name": null, "heritage": null, "alt_name": null, "opening_hours": null, "contact:facebook": null, "charge": null, "leisure": null, "website": null, "tourism": null, "start_date": null, "phone": null, "historic": null, "ele": null, "shop": null, "fee": null, "addr:street": null, "addr:state": null, "addr:postcode": null, "addr:housenumber": null, "addr:city": null, "animal": null, "building": "yes", "access": null, "surface": null, "parking": null, "amenity": null, "landuse": null, "golf": null, "natural": null, "barrier": null, "attraction": null, "highway": null, "wikipedia": null, "ref:US:USFS:proclaimed_forest_number": null, "protection_title": null, "protected_area": null, "protected": null, "protect_class": null, "ownership": null, "operator:wikipedia": null, "operator:wikidata": null, "operator:type": null, "operator:short": null, "operator": null, "gnis:feature_id": null, "wikidata": null, "type": null, "place": null, "name": null, "boundary": null, "admin_level": null }, "geometry": { "type": "MultiPolygon", "coordinates": [ [ [ [ -104.8527933, 38.7706846 ], [ -104.8527623, 38.7706956 ], [ -104.8527501, 38.7706747 ], [ -104.8527811, 38.7706637 ], [ -104.8527933, 38.7706846 ] ] ] ] } },
{ "type": "Feature", "properties": { "full_id": "w548620304", "osm_id": "548620304", "osm_type": "way", "power": null, "year_of_construction": null, "building:levels": null, "disused:landuse": null, "contact:website": null, "leaf_type": null, "salt": null, "intermittent": null, "theatre:type": null, "motor_vehicle": null, "horse": null, "bicycle": null, "lit": null, "species:wikipedia": null, "species:wikidata": null, "bridge": null, "cuisine": null, "aerialway:summer:access": null, "aerialway:access": null, "aerialway": null, "shelter_type": "sun_shelter", "layer": null, "water": null, "sorting_name": null, "heritage": null, "alt_name": null, "opening_hours": null, "contact:facebook": null, "charge": null, "leisure": null, "website": null, "tourism": null, "start_date": null, "phone": null, "historic": null, "ele": null, "shop": null, "fee": null, "addr:street": null, "addr:state": null, "addr:postcode": null, "addr:housenumber": null, "addr:city": null, "animal": null, "building": null, "access": null, "surface": null, "parking": null, "amenity": "shelter", "landuse": null, "golf": null, "natural": null, "barrier": null, "attraction": null, "highway": null, "wikipedia": null, "ref:US:USFS:proclaimed_forest_number": null, "protection_title": null, "protected_area": null, "protected": null, "protect_class": null, "ownership": null, "operator:wikipedia": null, "operator:wikidata": null, "operator:type": null, "operator:short": null, "operator": null, "gnis:feature_id": null, "wikidata": null, "type": null, "place": null, "name": null, "boundary": null, "admin_level": null }, "geometry": { "type": "MultiPolygon", "coordinates": [ [ [ [ -104.8527896, 38.7706483 ], [ -104.8527441, 38.7706641 ], [ -104.8527252, 38.7706309 ], [ -104.8527707, 38.7706152 ], [ -104.8527896, 38.7706483 ] ] ] ] } },
{ "type": "Feature", "properties": { "full_id": "w548624794", "osm_id": "548624794", "osm_type": "way", "power": null, "year_of_construction": null, "building:levels": null, "disused:landuse": null, "contact:website": null, "leaf_type": null, "salt": null, "intermittent": null, "theatre:type": null, "motor_vehicle": null, "horse": null, "bicycle": null, "lit": null, "species:wikipedia": null, "species:wikidata": null, "bridge": null, "cuisine": null, "aerialway:summer:access": null, "aerialway:access": null, "aerialway": null, "shelter_type": null, "layer": null, "water": null, "sorting_name": null, "heritage": null, "alt_name": null, "opening_hours": null, "contact:facebook": null, "charge": null, "leisure": null, "website": null, "tourism": null, "start_date": null, "phone": null, "historic": null, "ele": null, "shop": null, "fee": null, "addr:street": null, "addr:state": null, "addr:postcode": null, "addr:housenumber": null, "addr:city": null, "animal": null, "building": null, "access": null, "surface": null, "parking": null, "amenity": null, "landuse": null, "golf": null, "natural": null, "barrier": null, "attraction": null, "highway": "pedestrian", "wikipedia": null, "ref:US:USFS:proclaimed_forest_number": null, "protection_title": null, "protected_area": null, "protected": null, "protect_class": null, "ownership": null, "operator:wikipedia": null, "operator:wikidata": null, "operator:type": null, "operator:short": null, "operator": null, "gnis:feature_id": null, "wikidata": null, "type": null, "place": null, "name": null, "boundary": null, "admin_level": null }, "geometry": { "type": "MultiPolygon", "coordinates": [ [ [ [ -104.8529348, 38.7709935 ], [ -104.8528957, 38.7709935 ], [ -104.8528461, 38.7709818 ], [ -104.852809, 38.7709583 ], [ -104.8527948, 38.7709349 ], [ -104.8527948, 38.7709038 ], [ -104.8528037, 38.7708687 ], [ -104.8528169, 38.7708597 ], [ -104.8528409, 38.7708564 ], [ -104.8529421, 38.7708487 ], [ -104.8530653, 38.7708189 ], [ -104.8530251, 38.7708505 ], [ -104.8529815, 38.7708632 ], [ -104.8529298, 38.7708763 ], [ -104.8528987, 38.7708811 ], [ -104.8529231, 38.7709572 ], [ -104.8529348, 38.7709935 ] ] ] ] } },
{ "type": "Feature", "properties": { "full_id": "w548623791", "osm_id": "548623791", "osm_type": "way", "power": null, "year_of_construction": null, "building:levels": null, "disused:landuse": null, "contact:website": null, "leaf_type": null, "salt": null, "intermittent": null, "theatre:type": null, "motor_vehicle": null, "horse": null, "bicycle": null, "lit": null, "species:wikipedia": null, "species:wikidata": null, "bridge": null, "cuisine": null, "aerialway:summer:access": null, "aerialway:access": null, "aerialway": null, "shelter_type": null, "layer": null, "water": null, "sorting_name": null, "heritage": null, "alt_name": null, "opening_hours": null, "contact:facebook": null, "charge": null, "leisure": null, "website": null, "tourism": null, "start_date": null, "phone": null, "historic": null, "ele": null, "shop": null, "fee": null, "addr:street": null, "addr:state": null, "addr:postcode": null, "addr:housenumber": null, "addr:city": null, "animal": null, "building": null, "access": null, "surface": "paved", "parking": null, "amenity": null, "landuse": null, "golf": null, "natural": null, "barrier": null, "attraction": null, "highway": "pedestrian", "wikipedia": null, "ref:US:USFS:proclaimed_forest_number": null, "protection_title": null, "protected_area": null, "protected": null, "protect_class": null, "ownership": null, "operator:wikipedia": null, "operator:wikidata": null, "operator:type": null, "operator:short": null, "operator": null, "gnis:feature_id": null, "wikidata": null, "type": null, "place": null, "name": null, "boundary": null, "admin_level": null }, "geometry": { "type": "MultiPolygon", "coordinates": [ [ [ [ -104.8527505, 38.7705097 ], [ -104.8528102, 38.7705192 ], [ -104.8528487, 38.7705672 ], [ -104.8528705, 38.770594 ], [ -104.8529293, 38.7706211 ], [ -104.8529966, 38.7706537 ], [ -104.8529735, 38.7705972 ], [ -104.8529106, 38.7705809 ], [ -104.8528764, 38.7705504 ], [ -104.8528302, 38.7704759 ], [ -104.852824, 38.7704291 ], [ -104.8527505, 38.7705097 ] ] ] ] } },
{ "type": "Feature", "properties": { "full_id": "w548621562", "osm_id": "548621562", "osm_type": "way", "power": null, "year_of_construction": null, "building:levels": null, "disused:landuse": null, "contact:website": null, "leaf_type": null, "salt": null, "intermittent": null, "theatre:type": null, "motor_vehicle": null, "horse": null, "bicycle": null, "lit": null, "species:wikipedia": null, "species:wikidata": null, "bridge": null, "cuisine": null, "aerialway:summer:access": "both", "aerialway:access": "both", "aerialway": "station", "shelter_type": null, "layer": null, "water": null, "sorting_name": null, "heritage": null, "alt_name": null, "opening_hours": null, "contact:facebook": null, "charge": null, "leisure": null, "website": null, "tourism": null, "start_date": null, "phone": null, "historic": null, "ele": null, "shop": null, "fee": null, "addr:street": null, "addr:state": null, "addr:postcode": null, "addr:housenumber": null, "addr:city": null, "animal": null, "building": "yes", "access": null, "surface": null, "parking": null, "amenity": null, "landuse": null, "golf": null, "natural": null, "barrier": null, "attraction": null, "highway": null, "wikipedia": null, "ref:US:USFS:proclaimed_forest_number": null, "protection_title": null, "protected_area": null, "protected": null, "protect_class": null, "ownership": null, "operator:wikipedia": null, "operator:wikidata": null, "operator:type": null, "operator:short": null, "operator": "Cheyenne Mountain Zoo", "gnis:feature_id": null, "wikidata": null, "type": null, "place": null, "name": "Mountaineer Sky Ride", "boundary": null, "admin_level": null }, "geometry": { "type": "MultiPolygon", "coordinates": [ [ [ [ -104.8529108, 38.7709348 ], [ -104.8528474, 38.7709507 ], [ -104.8528377, 38.770927 ], [ -104.852901, 38.7709112 ], [ -104.8529058, 38.7709227 ], [ -104.8529108, 38.7709348 ] ] ] ] } },
{ "type": "Feature", "properties": { "full_id": "w548621559", "osm_id": "548621559", "osm_type": "way", "power": null, "year_of_construction": null, "building:levels": null, "disused:landuse": null, "contact:website": null, "leaf_type": null, "salt": null, "intermittent": null, "theatre:type": null, "motor_vehicle": null, "horse": null, "bicycle": null, "lit": null, "species:wikipedia": null, "species:wikidata": null, "bridge": null, "cuisine": null, "aerialway:summer:access": null, "aerialway:access": null, "aerialway": null, "shelter_type": null, "layer": null, "water": null, "sorting_name": null, "heritage": null, "alt_name": null, "opening_hours": null, "contact:facebook": null, "charge": null, "leisure": null, "website": null, "tourism": null, "start_date": null, "phone": null, "historic": null, "ele": null, "shop": null, "fee": null, "addr:street": null, "addr:state": null, "addr:postcode": null, "addr:housenumber": null, "addr:city": null, "animal": null, "building": "yes", "access": null, "surface": null, "parking": null, "amenity": null, "landuse": null, "golf": null, "natural": null, "barrier": null, "attraction": null, "highway": null, "wikipedia": null, "ref:US:USFS:proclaimed_forest_number": null, "protection_title": null, "protected_area": null, "protected": null, "protect_class": null, "ownership": null, "operator:wikipedia": null, "operator:wikidata": null, "operator:type": null, "operator:short": null, "operator": null, "gnis:feature_id": null, "wikidata": null, "type": null, "place": null, "name": null, "boundary": null, "admin_level": null }, "geometry": { "type": "MultiPolygon", "coordinates": [ [ [ [ -104.8528809, 38.7708866 ], [ -104.8528453, 38.7708967 ], [ -104.8528365, 38.770878 ], [ -104.8528722, 38.7708679 ], [ -104.8528809, 38.7708866 ] ] ] ] } },
{ "type": "Feature", "properties": { "full_id": "w488775199", "osm_id": "488775199", "osm_type": "way", "power": null, "year_of_construction": null, "building:levels": null, "disused:landuse": null, "contact:website": null, "leaf_type": null, "salt": null, "intermittent": null, "theatre:type": null, "motor_vehicle": null, "horse": null, "bicycle": null, "lit": null, "species:wikipedia": null, "species:wikidata": null, "bridge": null, "cuisine": null, "aerialway:summer:access": null, "aerialway:access": null, "aerialway": null, "shelter_type": null, "layer": null, "water": null, "sorting_name": null, "heritage": null, "alt_name": null, "opening_hours": null, "contact:facebook": null, "charge": null, "leisure": null, "website": null, "tourism": null, "start_date": null, "phone": null, "historic": null, "ele": null, "shop": null, "fee": null, "addr:street": null, "addr:state": null, "addr:postcode": null, "addr:housenumber": null, "addr:city": null, "animal": null, "building": "yes", "access": null, "surface": null, "parking": null, "amenity": null, "landuse": null, "golf": null, "natural": null, "barrier": null, "attraction": null, "highway": null, "wikipedia": null, "ref:US:USFS:proclaimed_forest_number": null, "protection_title": null, "protected_area": null, "protected": null, "protect_class": null, "ownership": null, "operator:wikipedia": null, "operator:wikidata": null, "operator:type": null, "operator:short": null, "operator": null, "gnis:feature_id": null, "wikidata": null, "type": null, "place": null, "name": null, "boundary": null, "admin_level": null }, "geometry": { "type": "MultiPolygon", "coordinates": [ [ [ [ -104.8572137, 38.7717457 ], [ -104.8569447, 38.7716074 ], [ -104.856845, 38.7717253 ], [ -104.857114, 38.7718636 ], [ -104.8572137, 38.7717457 ] ] ] ] } },
{ "type": "Feature", "properties": { "full_id": "w488775198", "osm_id": "488775198", "osm_type": "way", "power": null, "year_of_construction": null, "building:levels": null, "disused:landuse": null, "contact:website": null, "leaf_type": null, "salt": null, "intermittent": null, "theatre:type": null, "motor_vehicle": null, "horse": null, "bicycle": null, "lit": null, "species:wikipedia": null, "species:wikidata": null, "bridge": null, "cuisine": null, "aerialway:summer:access": null, "aerialway:access": null, "aerialway": null, "shelter_type": null, "layer": null, "water": null, "sorting_name": null, "heritage": null, "alt_name": null, "opening_hours": null, "contact:facebook": null, "charge": null, "leisure": null, "website": null, "tourism": null, "start_date": null, "phone": null, "historic": null, "ele": null, "shop": null, "fee": null, "addr:street": null, "addr:state": null, "addr:postcode": null, "addr:housenumber": null, "addr:city": null, "animal": null, "building": "yes", "access": null, "surface": null, "parking": null, "amenity": null, "landuse": null, "golf": null, "natural": null, "barrier": null, "attraction": null, "highway": null, "wikipedia": null, "ref:US:USFS:proclaimed_forest_number": null, "protection_title": null, "protected_area": null, "protected": null, "protect_class": null, "ownership": null, "operator:wikipedia": null, "operator:wikidata": null, "operator:type": null, "operator:short": null, "operator": null, "gnis:feature_id": null, "wikidata": null, "type": null, "place": null, "name": null, "boundary": null, "admin_level": null }, "geometry": { "type": "MultiPolygon", "coordinates": [ [ [ [ -104.8570722, 38.7715382 ], [ -104.8571755, 38.7714098 ], [ -104.856894, 38.7712721 ], [ -104.8567907, 38.7714005 ], [ -104.8570722, 38.7715382 ] ] ] ] } },
{ "type": "Feature", "properties": { "full_id": "w488775197", "osm_id": "488775197", "osm_type": "way", "power": null, "year_of_construction": null, "building:levels": null, "disused:landuse": null, "contact:website": null, "leaf_type": null, "salt": null, "intermittent": null, "theatre:type": null, "motor_vehicle": null, "horse": null, "bicycle": null, "lit": null, "species:wikipedia": null, "species:wikidata": null, "bridge": null, "cuisine": null, "aerialway:summer:access": null, "aerialway:access": null, "aerialway": null, "shelter_type": null, "layer": null, "water": null, "sorting_name": null, "heritage": null, "alt_name": null, "opening_hours": null, "contact:facebook": null, "charge": null, "leisure": null, "website": null, "tourism": null, "start_date": null, "phone": null, "historic": null, "ele": null, "shop": null, "fee": null, "addr:street": null, "addr:state": null, "addr:postcode": null, "addr:housenumber": null, "addr:city": null, "animal": null, "building": "yes", "access": null, "surface": null, "parking": null, "amenity": null, "landuse": null, "golf": null, "natural": null, "barrier": null, "attraction": null, "highway": null, "wikipedia": null, "ref:US:USFS:proclaimed_forest_number": null, "protection_title": null, "protected_area": null, "protected": null, "protect_class": null, "ownership": null, "operator:wikipedia": null, "operator:wikidata": null, "operator:type": null, "operator:short": null, "operator": null, "gnis:feature_id": null, "wikidata": null, "type": null, "place": null, "name": null, "boundary": null, "admin_level": null }, "geometry": { "type": "MultiPolygon", "coordinates": [ [ [ [ -104.8563031, 38.7717143 ], [ -104.8565482, 38.7714397 ], [ -104.856427, 38.771374 ], [ -104.8561819, 38.7716485 ], [ -104.8563031, 38.7717143 ] ] ] ] } },
{ "type": "Feature", "properties": { "full_id": "w488775195", "osm_id": "488775195", "osm_type": "way", "power": null, "year_of_construction": null, "building:levels": null, "disused:landuse": null, "contact:website": null, "leaf_type": null, "salt": null, "intermittent": null, "theatre:type": null, "motor_vehicle": null, "horse": null, "bicycle": null, "lit": null, "species:wikipedia": null, "species:wikidata": null, "bridge": null, "cuisine": null, "aerialway:summer:access": null, "aerialway:access": null, "aerialway": null, "shelter_type": null, "layer": null, "water": null, "sorting_name": null, "heritage": null, "alt_name": null, "opening_hours": null, "contact:facebook": null, "charge": null, "leisure": null, "website": null, "tourism": null, "start_date": null, "phone": null, "historic": null, "ele": null, "shop": null, "fee": null, "addr:street": null, "addr:state": null, "addr:postcode": null, "addr:housenumber": null, "addr:city": null, "animal": null, "building": null, "access": null, "surface": "asphalt", "parking": "surface", "amenity": "parking", "landuse": null, "golf": null, "natural": null, "barrier": null, "attraction": null, "highway": null, "wikipedia": null, "ref:US:USFS:proclaimed_forest_number": null, "protection_title": null, "protected_area": null, "protected": null, "protect_class": null, "ownership": null, "operator:wikipedia": null, "operator:wikidata": null, "operator:type": null, "operator:short": null, "operator": null, "gnis:feature_id": null, "wikidata": null, "type": null, "place": null, "name": null, "boundary": null, "admin_level": null }, "geometry": { "type": "MultiPolygon", "coordinates": [ [ [ [ -104.8555836, 38.7724066 ], [ -104.8554966, 38.7724982 ], [ -104.8554961, 38.7724459 ], [ -104.8555101, 38.7723961 ], [ -104.8558572, 38.7719118 ], [ -104.8558584, 38.7719697 ], [ -104.8558388, 38.7720463 ], [ -104.8558136, 38.7721205 ], [ -104.855779, 38.7721754 ], [ -104.8556572, 38.7723278 ], [ -104.8555836, 38.7724066 ] ] ] ] } },
{ "type": "Feature", "properties": { "full_id": "w488775203", "osm_id": "488775203", "osm_type": "way", "power": null, "year_of_construction": null, "building:levels": null, "disused:landuse": null, "contact:website": null, "leaf_type": null, "salt": null, "intermittent": null, "theatre:type": null, "motor_vehicle": null, "horse": null, "bicycle": null, "lit": null, "species:wikipedia": null, "species:wikidata": null, "bridge": null, "cuisine": null, "aerialway:summer:access": null, "aerialway:access": null, "aerialway": null, "shelter_type": null, "layer": null, "water": null, "sorting_name": null, "heritage": null, "alt_name": null, "opening_hours": null, "contact:facebook": null, "charge": null, "leisure": null, "website": null, "tourism": null, "start_date": null, "phone": null, "historic": null, "ele": null, "shop": null, "fee": null, "addr:street": null, "addr:state": null, "addr:postcode": null, "addr:housenumber": null, "addr:city": null, "animal": null, "building": "yes", "access": null, "surface": null, "parking": null, "amenity": null, "landuse": null, "golf": null, "natural": null, "barrier": null, "attraction": null, "highway": null, "wikipedia": null, "ref:US:USFS:proclaimed_forest_number": null, "protection_title": null, "protected_area": null, "protected": null, "protect_class": null, "ownership": null, "operator:wikipedia": null, "operator:wikidata": null, "operator:type": null, "operator:short": null, "operator": null, "gnis:feature_id": null, "wikidata": null, "type": null, "place": null, "name": "River Otter", "boundary": null, "admin_level": null }, "geometry": { "type": "MultiPolygon", "coordinates": [ [ [ [ -104.8543389, 38.7703909 ], [ -104.8544329, 38.7703581 ], [ -104.8543834, 38.7702721 ], [ -104.8543399, 38.7702873 ], [ -104.8542894, 38.7703049 ], [ -104.8543389, 38.7703909 ] ] ] ] } },
{ "type": "Feature", "properties": { "full_id": "w488775202", "osm_id": "488775202", "osm_type": "way", "power": null, "year_of_construction": null, "building:levels": null, "disused:landuse": null, "contact:website": null, "leaf_type": null, "salt": null, "intermittent": null, "theatre:type": null, "motor_vehicle": null, "horse": null, "bicycle": null, "lit": null, "species:wikipedia": null, "species:wikidata": null, "bridge": null, "cuisine": null, "aerialway:summer:access": null, "aerialway:access": null, "aerialway": null, "shelter_type": null, "layer": null, "water": null, "sorting_name": null, "heritage": null, "alt_name": null, "opening_hours": null, "contact:facebook": null, "charge": null, "leisure": null, "website": null, "tourism": null, "start_date": null, "phone": null, "historic": null, "ele": null, "shop": null, "fee": null, "addr:street": null, "addr:state": null, "addr:postcode": null, "addr:housenumber": null, "addr:city": null, "animal": null, "building": "yes", "access": null, "surface": null, "parking": null, "amenity": null, "landuse": null, "golf": null, "natural": null, "barrier": null, "attraction": null, "highway": null, "wikipedia": null, "ref:US:USFS:proclaimed_forest_number": null, "protection_title": null, "protected_area": null, "protected": null, "protect_class": null, "ownership": null, "operator:wikipedia": null, "operator:wikidata": null, "operator:type": null, "operator:short": null, "operator": null, "gnis:feature_id": null, "wikidata": null, "type": null, "place": null, "name": null, "boundary": null, "admin_level": null }, "geometry": { "type": "MultiPolygon", "coordinates": [ [ [ [ -104.8544351, 38.770247 ], [ -104.8544869, 38.7702299 ], [ -104.8544826, 38.7702219 ], [ -104.8545314, 38.7702058 ], [ -104.8544962, 38.7701412 ], [ -104.8544591, 38.7701535 ], [ -104.8544496, 38.770136 ], [ -104.8543861, 38.770157 ], [ -104.8544351, 38.770247 ] ] ] ] } },
{ "type": "Feature", "properties": { "full_id": "w488775201", "osm_id": "488775201", "osm_type": "way", "power": null, "year_of_construction": null, "building:levels": null, "disused:landuse": null, "contact:website": null, "leaf_type": null, "salt": null, "intermittent": null, "theatre:type": null, "motor_vehicle": null, "horse": null, "bicycle": null, "lit": null, "species:wikipedia": null, "species:wikidata": null, "bridge": null, "cuisine": null, "aerialway:summer:access": null, "aerialway:access": null, "aerialway": null, "shelter_type": null, "layer": null, "water": null, "sorting_name": null, "heritage": null, "alt_name": null, "opening_hours": null, "contact:facebook": null, "charge": null, "leisure": null, "website": null, "tourism": null, "start_date": null, "phone": null, "historic": null, "ele": null, "shop": null, "fee": null, "addr:street": null, "addr:state": null, "addr:postcode": null, "addr:housenumber": null, "addr:city": null, "animal": null, "building": "yes", "access": null, "surface": null, "parking": null, "amenity": null, "landuse": null, "golf": null, "natural": null, "barrier": null, "attraction": null, "highway": null, "wikipedia": null, "ref:US:USFS:proclaimed_forest_number": null, "protection_title": null, "protected_area": null, "protected": null, "protect_class": null, "ownership": null, "operator:wikipedia": null, "operator:wikidata": null, "operator:type": null, "operator:short": null, "operator": null, "gnis:feature_id": null, "wikidata": null, "type": null, "place": null, "name": null, "boundary": null, "admin_level": null }, "geometry": { "type": "MultiPolygon", "coordinates": [ [ [ [ -104.8566554, 38.7719551 ], [ -104.8567292, 38.7718766 ], [ -104.856603, 38.7718045 ], [ -104.8565292, 38.771883 ], [ -104.8566554, 38.7719551 ] ] ] ] } },
{ "type": "Feature", "properties": { "full_id": "w488775200", "osm_id": "488775200", "osm_type": "way", "power": null, "year_of_construction": null, "building:levels": null, "disused:landuse": null, "contact:website": null, "leaf_type": null, "salt": null, "intermittent": null, "theatre:type": null, "motor_vehicle": null, "horse": null, "bicycle": null, "lit": null, "species:wikipedia": null, "species:wikidata": null, "bridge": null, "cuisine": null, "aerialway:summer:access": null, "aerialway:access": null, "aerialway": null, "shelter_type": null, "layer": null, "water": null, "sorting_name": null, "heritage": null, "alt_name": null, "opening_hours": null, "contact:facebook": null, "charge": null, "leisure": null, "website": null, "tourism": null, "start_date": null, "phone": null, "historic": null, "ele": null, "shop": null, "fee": null, "addr:street": null, "addr:state": null, "addr:postcode": null, "addr:housenumber": null, "addr:city": null, "animal": null, "building": "yes", "access": null, "surface": null, "parking": null, "amenity": null, "landuse": null, "golf": null, "natural": null, "barrier": null, "attraction": null, "highway": null, "wikipedia": null, "ref:US:USFS:proclaimed_forest_number": null, "protection_title": null, "protected_area": null, "protected": null, "protect_class": null, "ownership": null, "operator:wikipedia": null, "operator:wikidata": null, "operator:type": null, "operator:short": null, "operator": null, "gnis:feature_id": null, "wikidata": null, "type": null, "place": null, "name": null, "boundary": null, "admin_level": null }, "geometry": { "type": "MultiPolygon", "coordinates": [ [ [ [ -104.856676, 38.7722158 ], [ -104.8566959, 38.7721091 ], [ -104.856465, 38.7720829 ], [ -104.8564451, 38.7721897 ], [ -104.856676, 38.7722158 ] ] ] ] } },
{ "type": "Feature", "properties": { "full_id": "w488775207", "osm_id": "488775207", "osm_type": "way", "power": null, "year_of_construction": null, "building:levels": null, "disused:landuse": null, "contact:website": null, "leaf_type": null, "salt": null, "intermittent": null, "theatre:type": null, "motor_vehicle": null, "horse": null, "bicycle": null, "lit": null, "species:wikipedia": null, "species:wikidata": null, "bridge": null, "cuisine": null, "aerialway:summer:access": null, "aerialway:access": null, "aerialway": null, "shelter_type": null, "layer": null, "water": null, "sorting_name": null, "heritage": null, "alt_name": null, "opening_hours": null, "contact:facebook": null, "charge": null, "leisure": null, "website": null, "tourism": null, "start_date": null, "phone": null, "historic": null, "ele": null, "shop": null, "fee": null, "addr:street": null, "addr:state": null, "addr:postcode": null, "addr:housenumber": null, "addr:city": null, "animal": null, "building": "yes", "access": null, "surface": null, "parking": null, "amenity": null, "landuse": null, "golf": null, "natural": null, "barrier": null, "attraction": null, "highway": null, "wikipedia": null, "ref:US:USFS:proclaimed_forest_number": null, "protection_title": null, "protected_area": null, "protected": null, "protect_class": null, "ownership": null, "operator:wikipedia": null, "operator:wikidata": null, "operator:type": null, "operator:short": null, "operator": null, "gnis:feature_id": null, "wikidata": null, "type": null, "place": null, "name": null, "boundary": null, "admin_level": null }, "geometry": { "type": "MultiPolygon", "coordinates": [ [ [ [ -104.8561427, 38.7706417 ], [ -104.8560733, 38.7705505 ], [ -104.8559985, 38.7705852 ], [ -104.8560678, 38.7706763 ], [ -104.8561427, 38.7706417 ] ] ] ] } },
{ "type": "Feature", "properties": { "full_id": "w488775206", "osm_id": "488775206", "osm_type": "way", "power": null, "year_of_construction": null, "building:levels": null, "disused:landuse": null, "contact:website": null, "leaf_type": null, "salt": null, "intermittent": null, "theatre:type": null, "motor_vehicle": null, "horse": null, "bicycle": null, "lit": null, "species:wikipedia": null, "species:wikidata": null, "bridge": null, "cuisine": null, "aerialway:summer:access": null, "aerialway:access": null, "aerialway": null, "shelter_type": null, "layer": null, "water": null, "sorting_name": null, "heritage": null, "alt_name": null, "opening_hours": null, "contact:facebook": null, "charge": null, "leisure": null, "website": null, "tourism": null, "start_date": null, "phone": null, "historic": null, "ele": null, "shop": null, "fee": null, "addr:street": null, "addr:state": null, "addr:postcode": null, "addr:housenumber": null, "addr:city": null, "animal": null, "building": "yes", "access": null, "surface": null, "parking": null, "amenity": null, "landuse": null, "golf": null, "natural": null, "barrier": null, "attraction": null, "highway": null, "wikipedia": null, "ref:US:USFS:proclaimed_forest_number": null, "protection_title": null, "protected_area": null, "protected": null, "protect_class": null, "ownership": null, "operator:wikipedia": null, "operator:wikidata": null, "operator:type": null, "operator:short": null, "operator": null, "gnis:feature_id": null, "wikidata": null, "type": null, "place": null, "name": null, "boundary": null, "admin_level": null }, "geometry": { "type": "MultiPolygon", "coordinates": [ [ [ [ -104.8551437, 38.771268 ], [ -104.8550502, 38.771281 ], [ -104.8550209, 38.7711527 ], [ -104.8551144, 38.7711397 ], [ -104.8551437, 38.771268 ] ] ] ] } },
{ "type": "Feature", "properties": { "full_id": "w488775205", "osm_id": "488775205", "osm_type": "way", "power": null, "year_of_construction": null, "building:levels": null, "disused:landuse": null, "contact:website": null, "leaf_type": null, "salt": null, "intermittent": null, "theatre:type": null, "motor_vehicle": null, "horse": null, "bicycle": null, "lit": null, "species:wikipedia": null, "species:wikidata": null, "bridge": null, "cuisine": null, "aerialway:summer:access": null, "aerialway:access": null, "aerialway": null, "shelter_type": null, "layer": null, "water": null, "sorting_name": null, "heritage": null, "alt_name": null, "opening_hours": null, "contact:facebook": null, "charge": null, "leisure": null, "website": null, "tourism": null, "start_date": null, "phone": null, "historic": null, "ele": null, "shop": null, "fee": null, "addr:street": null, "addr:state": null, "addr:postcode": null, "addr:housenumber": null, "addr:city": null, "animal": null, "building": "yes", "access": null, "surface": null, "parking": null, "amenity": null, "landuse": null, "golf": null, "natural": null, "barrier": null, "attraction": null, "highway": null, "wikipedia": null, "ref:US:USFS:proclaimed_forest_number": null, "protection_title": null, "protected_area": null, "protected": null, "protect_class": null, "ownership": null, "operator:wikipedia": null, "operator:wikidata": null, "operator:type": null, "operator:short": null, "operator": null, "gnis:feature_id": null, "wikidata": null, "type": null, "place": null, "name": "African Lion House", "boundary": null, "admin_level": null }, "geometry": { "type": "MultiPolygon", "coordinates": [ [ [ [ -104.853994, 38.7723082 ], [ -104.8539047, 38.7721467 ], [ -104.8538942, 38.77215 ], [ -104.8538818, 38.7721292 ], [ -104.8538778, 38.7721215 ], [ -104.8538738, 38.7721138 ], [ -104.853859, 38.7721187 ], [ -104.8537642, 38.7721485 ], [ -104.8537846, 38.7721866 ], [ -104.8537783, 38.7721918 ], [ -104.8537791, 38.7721989 ], [ -104.8537971, 38.772237 ], [ -104.8538349, 38.7723012 ], [ -104.8538539, 38.7723346 ], [ -104.8538925, 38.7723481 ], [ -104.8539194, 38.7723375 ], [ -104.8539395, 38.7723296 ], [ -104.853948, 38.7723263 ], [ -104.853994, 38.7723082 ] ] ] ] } },
{ "type": "Feature", "properties": { "full_id": "w1155599477", "osm_id": "1155599477", "osm_type": "way", "power": null, "year_of_construction": null, "building:levels": null, "disused:landuse": null, "contact:website": null, "leaf_type": null, "salt": null, "intermittent": null, "theatre:type": null, "motor_vehicle": null, "horse": null, "bicycle": null, "lit": null, "species:wikipedia": null, "species:wikidata": null, "bridge": null, "cuisine": null, "aerialway:summer:access": null, "aerialway:access": null, "aerialway": null, "shelter_type": null, "layer": null, "water": null, "sorting_name": null, "heritage": null, "alt_name": null, "opening_hours": null, "contact:facebook": null, "charge": null, "leisure": null, "website": null, "tourism": null, "start_date": null, "phone": null, "historic": null, "ele": null, "shop": null, "fee": null, "addr:street": null, "addr:state": null, "addr:postcode": null, "addr:housenumber": null, "addr:city": null, "animal": null, "building": "yes", "access": null, "surface": null, "parking": null, "amenity": null, "landuse": null, "golf": null, "natural": null, "barrier": null, "attraction": null, "highway": null, "wikipedia": null, "ref:US:USFS:proclaimed_forest_number": null, "protection_title": null, "protected_area": null, "protected": null, "protect_class": null, "ownership": null, "operator:wikipedia": null, "operator:wikidata": null, "operator:type": null, "operator:short": null, "operator": null, "gnis:feature_id": null, "wikidata": null, "type": null, "place": null, "name": null, "boundary": null, "admin_level": null }, "geometry": { "type": "MultiPolygon", "coordinates": [ [ [ [ -104.8568844, 38.7715457 ], [ -104.8567732, 38.7714863 ], [ -104.8567504, 38.7715123 ], [ -104.8568297, 38.7715547 ], [ -104.8567952, 38.7715939 ], [ -104.856827, 38.7716109 ], [ -104.8568844, 38.7715457 ] ] ] ] } },
{ "type": "Feature", "properties": { "full_id": "w488775204", "osm_id": "488775204", "osm_type": "way", "power": null, "year_of_construction": null, "building:levels": null, "disused:landuse": null, "contact:website": null, "leaf_type": null, "salt": null, "intermittent": null, "theatre:type": null, "motor_vehicle": null, "horse": null, "bicycle": null, "lit": null, "species:wikipedia": null, "species:wikidata": null, "bridge": null, "cuisine": null, "aerialway:summer:access": null, "aerialway:access": null, "aerialway": null, "shelter_type": null, "layer": null, "water": null, "sorting_name": null, "heritage": null, "alt_name": null, "opening_hours": null, "contact:facebook": null, "charge": null, "leisure": null, "website": null, "tourism": null, "start_date": null, "phone": null, "historic": null, "ele": null, "shop": null, "fee": null, "addr:street": null, "addr:state": null, "addr:postcode": null, "addr:housenumber": null, "addr:city": null, "animal": null, "building": "yes", "access": null, "surface": null, "parking": null, "amenity": null, "landuse": null, "golf": null, "natural": null, "barrier": null, "attraction": null, "highway": null, "wikipedia": null, "ref:US:USFS:proclaimed_forest_number": null, "protection_title": null, "protected_area": null, "protected": null, "protect_class": null, "ownership": null, "operator:wikipedia": null, "operator:wikidata": null, "operator:type": null, "operator:short": null, "operator": null, "gnis:feature_id": null, "wikidata": null, "type": null, "place": null, "name": null, "boundary": null, "admin_level": null }, "geometry": { "type": "MultiPolygon", "coordinates": [ [ [ [ -104.8541527, 38.7697802 ], [ -104.8540805, 38.7697848 ], [ -104.8540742, 38.7697148 ], [ -104.8541444, 38.7697109 ], [ -104.8541527, 38.7697802 ] ] ] ] } },
{ "type": "Feature", "properties": { "full_id": "w548613694", "osm_id": "548613694", "osm_type": "way", "power": null, "year_of_construction": null, "building:levels": null, "disused:landuse": null, "contact:website": null, "leaf_type": null, "salt": null, "intermittent": null, "theatre:type": null, "motor_vehicle": null, "horse": null, "bicycle": null, "lit": null, "species:wikipedia": null, "species:wikidata": null, "bridge": null, "cuisine": null, "aerialway:summer:access": null, "aerialway:access": null, "aerialway": null, "shelter_type": null, "layer": null, "water": null, "sorting_name": null, "heritage": null, "alt_name": null, "opening_hours": null, "contact:facebook": null, "charge": null, "leisure": null, "website": null, "tourism": null, "start_date": null, "phone": null, "historic": null, "ele": null, "shop": null, "fee": null, "addr:street": null, "addr:state": null, "addr:postcode": null, "addr:housenumber": null, "addr:city": null, "animal": null, "building": null, "access": null, "surface": "asphalt", "parking": "lane", "amenity": "parking", "landuse": null, "golf": null, "natural": null, "barrier": null, "attraction": null, "highway": null, "wikipedia": null, "ref:US:USFS:proclaimed_forest_number": null, "protection_title": null, "protected_area": null, "protected": null, "protect_class": null, "ownership": null, "operator:wikipedia": null, "operator:wikidata": null, "operator:type": null, "operator:short": null, "operator": "Cheyenne Mountain Zoo", "gnis:feature_id": null, "wikidata": null, "type": null, "place": null, "name": null, "boundary": null, "admin_level": null }, "geometry": { "type": "MultiPolygon", "coordinates": [ [ [ [ -104.8515807, 38.7710628 ], [ -104.8516666, 38.7710197 ], [ -104.8515803, 38.7707363 ], [ -104.8515618, 38.7706426 ], [ -104.8515587, 38.7705201 ], [ -104.8515941, 38.7704048 ], [ -104.8516511, 38.7703339 ], [ -104.8517775, 38.770227 ], [ -104.8517226, 38.770178 ], [ -104.8516932, 38.7701984 ], [ -104.8516327, 38.7702525 ], [ -104.8515689, 38.7703114 ], [ -104.8515165, 38.7703918 ], [ -104.8514806, 38.7704698 ], [ -104.8514762, 38.7706409 ], [ -104.8515233, 38.7708669 ], [ -104.8515807, 38.7710628 ] ] ] ] } },
{ "type": "Feature", "properties": { "full_id": "w548613693", "osm_id": "548613693", "osm_type": "way", "power": null, "year_of_construction": null, "building:levels": null, "disused:landuse": null, "contact:website": null, "leaf_type": null, "salt": null, "intermittent": null, "theatre:type": null, "motor_vehicle": null, "horse": null, "bicycle": null, "lit": null, "species:wikipedia": null, "species:wikidata": null, "bridge": null, "cuisine": null, "aerialway:summer:access": null, "aerialway:access": null, "aerialway": null, "shelter_type": null, "layer": null, "water": null, "sorting_name": null, "heritage": null, "alt_name": null, "opening_hours": null, "contact:facebook": null, "charge": null, "leisure": null, "website": null, "tourism": null, "start_date": null, "phone": null, "historic": null, "ele": null, "shop": null, "fee": null, "addr:street": null, "addr:state": null, "addr:postcode": null, "addr:housenumber": null, "addr:city": null, "animal": null, "building": null, "access": null, "surface": "asphalt", "parking": "surface", "amenity": "parking", "landuse": null, "golf": null, "natural": null, "barrier": null, "attraction": null, "highway": null, "wikipedia": null, "ref:US:USFS:proclaimed_forest_number": null, "protection_title": null, "protected_area": null, "protected": null, "protect_class": null, "ownership": null, "operator:wikipedia": null, "operator:wikidata": null, "operator:type": null, "operator:short": null, "operator": null, "gnis:feature_id": null, "wikidata": null, "type": null, "place": null, "name": null, "boundary": null, "admin_level": null }, "geometry": { "type": "MultiPolygon", "coordinates": [ [ [ [ -104.8524842, 38.771674 ], [ -104.8525007, 38.7715975 ], [ -104.8521772, 38.7715134 ], [ -104.852037, 38.7714666 ], [ -104.8519184, 38.7713969 ], [ -104.8518491, 38.7713164 ], [ -104.8517073, 38.7710618 ], [ -104.851598, 38.7710962 ], [ -104.8516996, 38.77128 ], [ -104.8517672, 38.7713772 ], [ -104.8518234, 38.771434 ], [ -104.8518805, 38.7714937 ], [ -104.8519637, 38.7715416 ], [ -104.8520516, 38.7715778 ], [ -104.8521664, 38.7716093 ], [ -104.8523905, 38.7716559 ], [ -104.8524842, 38.771674 ] ] ] ] } },
{ "type": "Feature", "properties": { "full_id": "w488775209", "osm_id": "488775209", "osm_type": "way", "power": null, "year_of_construction": null, "building:levels": null, "disused:landuse": null, "contact:website": null, "leaf_type": null, "salt": null, "intermittent": null, "theatre:type": null, "motor_vehicle": null, "horse": null, "bicycle": null, "lit": null, "species:wikipedia": null, "species:wikidata": null, "bridge": null, "cuisine": null, "aerialway:summer:access": null, "aerialway:access": null, "aerialway": null, "shelter_type": null, "layer": null, "water": null, "sorting_name": null, "heritage": null, "alt_name": null, "opening_hours": null, "contact:facebook": null, "charge": null, "leisure": null, "website": null, "tourism": null, "start_date": null, "phone": null, "historic": null, "ele": null, "shop": null, "fee": null, "addr:street": null, "addr:state": null, "addr:postcode": null, "addr:housenumber": null, "addr:city": null, "animal": null, "building": "yes", "access": null, "surface": null, "parking": null, "amenity": null, "landuse": null, "golf": null, "natural": null, "barrier": null, "attraction": null, "highway": null, "wikipedia": null, "ref:US:USFS:proclaimed_forest_number": null, "protection_title": null, "protected_area": null, "protected": null, "protect_class": null, "ownership": null, "operator:wikipedia": null, "operator:wikidata": null, "operator:type": null, "operator:short": null, "operator": null, "gnis:feature_id": null, "wikidata": null, "type": null, "place": null, "name": null, "boundary": null, "admin_level": null }, "geometry": { "type": "MultiPolygon", "coordinates": [ [ [ [ -104.8560114, 38.7707642 ], [ -104.8560265, 38.7707719 ], [ -104.856044, 38.7707754 ], [ -104.856062, 38.7707745 ], [ -104.8560794, 38.7707688 ], [ -104.8560934, 38.7707589 ], [ -104.8561024, 38.7707459 ], [ -104.8561054, 38.7707314 ], [ -104.856102, 38.7707169 ], [ -104.8560927, 38.7707041 ], [ -104.8560784, 38.7706945 ], [ -104.8560609, 38.770689 ], [ -104.8560421, 38.7706884 ], [ -104.856024, 38.7706927 ], [ -104.8560094, 38.770701 ], [ -104.8559989, 38.7707124 ], [ -104.8559936, 38.7707259 ], [ -104.855994, 38.7707399 ], [ -104.8560002, 38.7707532 ], [ -104.8560114, 38.7707642 ] ] ] ] } },
{ "type": "Feature", "properties": { "full_id": "w488775208", "osm_id": "488775208", "osm_type": "way", "power": null, "year_of_construction": null, "building:levels": null, "disused:landuse": null, "contact:website": null, "leaf_type": null, "salt": null, "intermittent": null, "theatre:type": null, "motor_vehicle": null, "horse": null, "bicycle": null, "lit": null, "species:wikipedia": null, "species:wikidata": null, "bridge": null, "cuisine": null, "aerialway:summer:access": null, "aerialway:access": null, "aerialway": null, "shelter_type": null, "layer": null, "water": null, "sorting_name": null, "heritage": null, "alt_name": null, "opening_hours": null, "contact:facebook": null, "charge": null, "leisure": null, "website": null, "tourism": null, "start_date": null, "phone": null, "historic": null, "ele": null, "shop": null, "fee": null, "addr:street": null, "addr:state": null, "addr:postcode": null, "addr:housenumber": null, "addr:city": null, "animal": null, "building": "yes", "access": null, "surface": null, "parking": null, "amenity": null, "landuse": null, "golf": null, "natural": null, "barrier": null, "attraction": null, "highway": null, "wikipedia": null, "ref:US:USFS:proclaimed_forest_number": null, "protection_title": null, "protected_area": null, "protected": null, "protect_class": null, "ownership": null, "operator:wikipedia": null, "operator:wikidata": null, "operator:type": null, "operator:short": null, "operator": null, "gnis:feature_id": null, "wikidata": null, "type": null, "place": null, "name": null, "boundary": null, "admin_level": null }, "geometry": { "type": "MultiPolygon", "coordinates": [ [ [ [ -104.8557791, 38.7706267 ], [ -104.8557714, 38.7706395 ], [ -104.8557694, 38.7706536 ], [ -104.8557718, 38.7706621 ], [ -104.8557733, 38.7706674 ], [ -104.8557826, 38.7706796 ], [ -104.8557965, 38.7706887 ], [ -104.8558133, 38.770694 ], [ -104.8558323, 38.7706947 ], [ -104.8558504, 38.7706904 ], [ -104.8558657, 38.7706817 ], [ -104.8558764, 38.7706695 ], [ -104.8558813, 38.7706552 ], [ -104.8558797, 38.7706405 ], [ -104.855872, 38.770627 ], [ -104.8558596, 38.7706166 ], [ -104.8558436, 38.7706099 ], [ -104.8558256, 38.7706076 ], [ -104.8558077, 38.7706098 ], [ -104.8557916, 38.7706164 ], [ -104.8557791, 38.7706267 ] ] ] ] } },
{ "type": "Feature", "properties": { "full_id": "w959907167", "osm_id": "959907167", "osm_type": "way", "power": null, "year_of_construction": null, "building:levels": null, "disused:landuse": null, "contact:website": null, "leaf_type": null, "salt": null, "intermittent": null, "theatre:type": null, "motor_vehicle": null, "horse": null, "bicycle": null, "lit": null, "species:wikipedia": null, "species:wikidata": null, "bridge": null, "cuisine": null, "aerialway:summer:access": null, "aerialway:access": null, "aerialway": null, "shelter_type": null, "layer": null, "water": null, "sorting_name": null, "heritage": null, "alt_name": null, "opening_hours": null, "contact:facebook": null, "charge": null, "leisure": null, "website": null, "tourism": null, "start_date": null, "phone": null, "historic": null, "ele": null, "shop": null, "fee": null, "addr:street": null, "addr:state": null, "addr:postcode": null, "addr:housenumber": null, "addr:city": null, "animal": null, "building": null, "access": null, "surface": null, "parking": null, "amenity": null, "landuse": null, "golf": null, "natural": "water", "barrier": null, "attraction": null, "highway": null, "wikipedia": null, "ref:US:USFS:proclaimed_forest_number": null, "protection_title": null, "protected_area": null, "protected": null, "protect_class": null, "ownership": null, "operator:wikipedia": null, "operator:wikidata": null, "operator:type": null, "operator:short": null, "operator": null, "gnis:feature_id": null, "wikidata": null, "type": null, "place": null, "name": null, "boundary": null, "admin_level": null }, "geometry": { "type": "MultiPolygon", "coordinates": [ [ [ [ -104.8531603, 38.7692352 ], [ -104.8531278, 38.7692559 ], [ -104.8531179, 38.7692987 ], [ -104.8531013, 38.7693009 ], [ -104.8530754, 38.7693297 ], [ -104.8530491, 38.7693305 ], [ -104.853053, 38.7694163 ], [ -104.8530989, 38.7694152 ], [ -104.8531225, 38.7694268 ], [ -104.8531144, 38.7694887 ], [ -104.8530734, 38.7695576 ], [ -104.8530767, 38.7696027 ], [ -104.8532248, 38.7695627 ], [ -104.8532393, 38.7694862 ], [ -104.8532181, 38.7694526 ], [ -104.8532359, 38.7694132 ], [ -104.8531778, 38.7693556 ], [ -104.8531603, 38.7692352 ] ] ] ] } },
{ "type": "Feature", "properties": { "full_id": "w959907164", "osm_id": "959907164", "osm_type": "way", "power": null, "year_of_construction": null, "building:levels": null, "disused:landuse": null, "contact:website": null, "leaf_type": null, "salt": null, "intermittent": null, "theatre:type": null, "motor_vehicle": null, "horse": null, "bicycle": null, "lit": null, "species:wikipedia": null, "species:wikidata": null, "bridge": null, "cuisine": null, "aerialway:summer:access": null, "aerialway:access": null, "aerialway": null, "shelter_type": null, "layer": null, "water": null, "sorting_name": null, "heritage": null, "alt_name": null, "opening_hours": null, "contact:facebook": null, "charge": null, "leisure": null, "website": null, "tourism": null, "start_date": null, "phone": null, "historic": null, "ele": null, "shop": null, "fee": null, "addr:street": null, "addr:state": null, "addr:postcode": null, "addr:housenumber": null, "addr:city": null, "animal": null, "building": "yes", "access": null, "surface": null, "parking": null, "amenity": null, "landuse": null, "golf": null, "natural": null, "barrier": null, "attraction": "animal", "highway": null, "wikipedia": null, "ref:US:USFS:proclaimed_forest_number": null, "protection_title": null, "protected_area": null, "protected": null, "protect_class": null, "ownership": null, "operator:wikipedia": null, "operator:wikidata": null, "operator:type": null, "operator:short": null, "operator": null, "gnis:feature_id": null, "wikidata": null, "type": null, "place": null, "name": "Hippopotamus", "boundary": null, "admin_level": null }, "geometry": { "type": "MultiPolygon", "coordinates": [ [ [ [ -104.8530361, 38.7692489 ], [ -104.8528129, 38.7692559 ], [ -104.8527835, 38.7692568 ], [ -104.8527827, 38.769623 ], [ -104.8528495, 38.7697336 ], [ -104.8528502, 38.7698303 ], [ -104.8528988, 38.7698224 ], [ -104.8529781, 38.7698097 ], [ -104.8530081, 38.7698049 ], [ -104.8530085, 38.769705 ], [ -104.8530531, 38.7697019 ], [ -104.8530361, 38.7692489 ] ] ] ] } },
{ "type": "Feature", "properties": { "full_id": "w232961291", "osm_id": "232961291", "osm_type": "way", "power": null, "year_of_construction": null, "building:levels": null, "disused:landuse": null, "contact:website": null, "leaf_type": null, "salt": null, "intermittent": null, "theatre:type": null, "motor_vehicle": null, "horse": null, "bicycle": null, "lit": null, "species:wikipedia": null, "species:wikidata": null, "bridge": null, "cuisine": null, "aerialway:summer:access": null, "aerialway:access": null, "aerialway": null, "shelter_type": null, "layer": null, "water": "reservoir", "sorting_name": null, "heritage": null, "alt_name": null, "opening_hours": null, "contact:facebook": null, "charge": null, "leisure": null, "website": null, "tourism": null, "start_date": null, "phone": null, "historic": null, "ele": "2008", "shop": null, "fee": null, "addr:street": null, "addr:state": null, "addr:postcode": null, "addr:housenumber": null, "addr:city": null, "animal": null, "building": null, "access": null, "surface": null, "parking": null, "amenity": null, "landuse": null, "golf": null, "natural": "water", "barrier": null, "attraction": null, "highway": null, "wikipedia": null, "ref:US:USFS:proclaimed_forest_number": null, "protection_title": null, "protected_area": null, "protected": null, "protect_class": null, "ownership": null, "operator:wikipedia": null, "operator:wikidata": null, "operator:type": null, "operator:short": null, "operator": null, "gnis:feature_id": "198975", "wikidata": null, "type": null, "place": null, "name": "Penrose Reservoir", "boundary": null, "admin_level": null }, "geometry": { "type": "MultiPolygon", "coordinates": [ [ [ [ -104.850466, 38.7740792 ], [ -104.8507911, 38.774437 ], [ -104.8508308, 38.7744494 ], [ -104.8508528, 38.7744726 ], [ -104.8508393, 38.7744998 ], [ -104.8512385, 38.775014 ], [ -104.8513645, 38.7750181 ], [ -104.8514584, 38.7749742 ], [ -104.851526, 38.7749264 ], [ -104.8515898, 38.7748383 ], [ -104.8516923, 38.7746963 ], [ -104.8517883, 38.7745184 ], [ -104.8518393, 38.7743929 ], [ -104.8518527, 38.7743114 ], [ -104.8518527, 38.7742716 ], [ -104.8518098, 38.7742152 ], [ -104.8515228, 38.7739203 ], [ -104.851386, 38.7738325 ], [ -104.8512551, 38.7737658 ], [ -104.8511719, 38.7737365 ], [ -104.8510561, 38.7737217 ], [ -104.8507213, 38.7737365 ], [ -104.8506248, 38.7737616 ], [ -104.850555, 38.7737909 ], [ -104.8504901, 38.7738346 ], [ -104.8504692, 38.7738913 ], [ -104.8504451, 38.7739833 ], [ -104.850466, 38.7740792 ] ] ] ] } },
{ "type": "Feature", "properties": { "full_id": "w488775193", "osm_id": "488775193", "osm_type": "way", "power": null, "year_of_construction": null, "building:levels": null, "disused:landuse": null, "contact:website": null, "leaf_type": null, "salt": null, "intermittent": null, "theatre:type": null, "motor_vehicle": null, "horse": null, "bicycle": null, "lit": null, "species:wikipedia": null, "species:wikidata": null, "bridge": null, "cuisine": null, "aerialway:summer:access": null, "aerialway:access": null, "aerialway": null, "shelter_type": null, "layer": null, "water": null, "sorting_name": null, "heritage": null, "alt_name": null, "opening_hours": null, "contact:facebook": null, "charge": null, "leisure": null, "website": null, "tourism": null, "start_date": null, "phone": null, "historic": null, "ele": null, "shop": null, "fee": null, "addr:street": null, "addr:state": null, "addr:postcode": null, "addr:housenumber": null, "addr:city": null, "animal": null, "building": null, "access": null, "surface": null, "parking": null, "amenity": "parking", "landuse": null, "golf": null, "natural": null, "barrier": null, "attraction": null, "highway": null, "wikipedia": null, "ref:US:USFS:proclaimed_forest_number": null, "protection_title": null, "protected_area": null, "protected": null, "protect_class": null, "ownership": null, "operator:wikipedia": null, "operator:wikidata": null, "operator:type": null, "operator:short": null, "operator": null, "gnis:feature_id": null, "wikidata": null, "type": null, "place": null, "name": null, "boundary": null, "admin_level": null }, "geometry": { "type": "MultiPolygon", "coordinates": [ [ [ [ -104.8565455, 38.7725224 ], [ -104.8566026, 38.7725781 ], [ -104.8564336, 38.7726857 ], [ -104.8561098, 38.7727656 ], [ -104.8556527, 38.7728008 ], [ -104.8556456, 38.7727247 ], [ -104.8559503, 38.772721 ], [ -104.8562098, 38.7726857 ], [ -104.8564193, 38.7726152 ], [ -104.8565455, 38.7725224 ] ] ] ] } },
{ "type": "Feature", "properties": { "full_id": "w488775192", "osm_id": "488775192", "osm_type": "way", "power": null, "year_of_construction": null, "building:levels": null, "disused:landuse": null, "contact:website": null, "leaf_type": null, "salt": null, "intermittent": null, "theatre:type": null, "motor_vehicle": null, "horse": null, "bicycle": null, "lit": null, "species:wikipedia": null, "species:wikidata": null, "bridge": null, "cuisine": null, "aerialway:summer:access": null, "aerialway:access": null, "aerialway": null, "shelter_type": null, "layer": null, "water": null, "sorting_name": null, "heritage": null, "alt_name": null, "opening_hours": null, "contact:facebook": null, "charge": null, "leisure": null, "website": null, "tourism": null, "start_date": null, "phone": null, "historic": null, "ele": null, "shop": null, "fee": null, "addr:street": null, "addr:state": null, "addr:postcode": null, "addr:housenumber": null, "addr:city": null, "animal": null, "building": "yes", "access": null, "surface": null, "parking": null, "amenity": null, "landuse": null, "golf": null, "natural": null, "barrier": null, "attraction": null, "highway": null, "wikipedia": null, "ref:US:USFS:proclaimed_forest_number": null, "protection_title": null, "protected_area": null, "protected": null, "protect_class": null, "ownership": null, "operator:wikipedia": null, "operator:wikidata": null, "operator:type": null, "operator:short": null, "operator": null, "gnis:feature_id": null, "wikidata": null, "type": null, "place": null, "name": "Animal Pens", "boundary": null, "admin_level": null }, "geometry": { "type": "MultiPolygon", "coordinates": [ [ [ [ -104.85504, 38.7733116 ], [ -104.8557117, 38.7733373 ], [ -104.8557272, 38.7730913 ], [ -104.8555581, 38.7730849 ], [ -104.8555622, 38.773021 ], [ -104.8553779, 38.773014 ], [ -104.8553758, 38.7730474 ], [ -104.8550574, 38.7730353 ], [ -104.8550569, 38.7730439 ], [ -104.8550551, 38.7730711 ], [ -104.85504, 38.7733116 ] ] ] ] } },
{ "type": "Feature", "properties": { "full_id": "w218012408", "osm_id": "218012408", "osm_type": "way", "power": null, "year_of_construction": null, "building:levels": null, "disused:landuse": null, "contact:website": null, "leaf_type": null, "salt": null, "intermittent": null, "theatre:type": null, "motor_vehicle": null, "horse": null, "bicycle": null, "lit": null, "species:wikipedia": null, "species:wikidata": null, "bridge": null, "cuisine": null, "aerialway:summer:access": null, "aerialway:access": null, "aerialway": null, "shelter_type": null, "layer": null, "water": null, "sorting_name": null, "heritage": null, "alt_name": null, "opening_hours": null, "contact:facebook": null, "charge": null, "leisure": null, "website": null, "tourism": null, "start_date": null, "phone": null, "historic": null, "ele": null, "shop": null, "fee": null, "addr:street": null, "addr:state": null, "addr:postcode": null, "addr:housenumber": null, "addr:city": null, "animal": null, "building": "roof", "access": null, "surface": null, "parking": null, "amenity": null, "landuse": null, "golf": null, "natural": null, "barrier": null, "attraction": null, "highway": null, "wikipedia": null, "ref:US:USFS:proclaimed_forest_number": null, "protection_title": null, "protected_area": null, "protected": null, "protect_class": null, "ownership": null, "operator:wikipedia": null, "operator:wikidata": null, "operator:type": null, "operator:short": null, "operator": null, "gnis:feature_id": null, "wikidata": null, "type": null, "place": null, "name": "Giraffe Feeding & Viewing Station", "boundary": null, "admin_level": null }, "geometry": { "type": "MultiPolygon", "coordinates": [ [ [ [ -104.8530846, 38.7714441 ], [ -104.8530467, 38.7713548 ], [ -104.8529447, 38.7713215 ], [ -104.8529434, 38.7713907 ], [ -104.8529201, 38.7713987 ], [ -104.8529071, 38.77142 ], [ -104.8529178, 38.7714384 ], [ -104.8529353, 38.7714486 ], [ -104.852965, 38.7714484 ], [ -104.8529825, 38.7714332 ], [ -104.8530846, 38.7714441 ] ] ] ] } },
{ "type": "Feature", "properties": { "full_id": "w218012407", "osm_id": "218012407", "osm_type": "way", "power": null, "year_of_construction": null, "building:levels": null, "disused:landuse": null, "contact:website": null, "leaf_type": null, "salt": null, "intermittent": null, "theatre:type": null, "motor_vehicle": null, "horse": null, "bicycle": null, "lit": null, "species:wikipedia": null, "species:wikidata": null, "bridge": null, "cuisine": null, "aerialway:summer:access": null, "aerialway:access": null, "aerialway": null, "shelter_type": null, "layer": null, "water": null, "sorting_name": null, "heritage": null, "alt_name": null, "opening_hours": null, "contact:facebook": null, "charge": null, "leisure": null, "website": null, "tourism": null, "start_date": null, "phone": null, "historic": null, "ele": null, "shop": "ticket", "fee": null, "addr:street": null, "addr:state": null, "addr:postcode": null, "addr:housenumber": null, "addr:city": null, "animal": null, "building": "yes", "access": null, "surface": null, "parking": null, "amenity": null, "landuse": null, "golf": null, "natural": null, "barrier": null, "attraction": null, "highway": null, "wikipedia": null, "ref:US:USFS:proclaimed_forest_number": null, "protection_title": null, "protected_area": null, "protected": null, "protect_class": null, "ownership": null, "operator:wikipedia": null, "operator:wikidata": null, "operator:type": null, "operator:short": null, "operator": null, "gnis:feature_id": null, "wikidata": null, "type": null, "place": null, "name": "Entrance Gates", "boundary": null, "admin_level": null }, "geometry": { "type": "MultiPolygon", "coordinates": [ [ [ [ -104.8522796, 38.7705031 ], [ -104.8522109, 38.7705492 ], [ -104.8521951, 38.7705432 ], [ -104.8521719, 38.770563 ], [ -104.8521492, 38.7705824 ], [ -104.8521278, 38.7706007 ], [ -104.8521102, 38.7706157 ], [ -104.8521095, 38.7706262 ], [ -104.852074, 38.7706719 ], [ -104.8521101, 38.7706872 ], [ -104.852136, 38.7706472 ], [ -104.8521597, 38.7706634 ], [ -104.8522596, 38.7705846 ], [ -104.852238, 38.7705663 ], [ -104.8523009, 38.7705287 ], [ -104.8522796, 38.7705031 ] ] ] ] } },
{ "type": "Feature", "properties": { "full_id": "w218012406", "osm_id": "218012406", "osm_type": "way", "power": null, "year_of_construction": null, "building:levels": null, "disused:landuse": null, "contact:website": null, "leaf_type": null, "salt": null, "intermittent": null, "theatre:type": null, "motor_vehicle": null, "horse": null, "bicycle": null, "lit": null, "species:wikipedia": null, "species:wikidata": null, "bridge": null, "cuisine": null, "aerialway:summer:access": null, "aerialway:access": null, "aerialway": null, "shelter_type": null, "layer": null, "water": null, "sorting_name": null, "heritage": null, "alt_name": null, "opening_hours": null, "contact:facebook": null, "charge": null, "leisure": null, "website": null, "tourism": null, "start_date": null, "phone": null, "historic": null, "ele": null, "shop": null, "fee": null, "addr:street": null, "addr:state": null, "addr:postcode": null, "addr:housenumber": null, "addr:city": null, "animal": null, "building": "yes", "access": null, "surface": null, "parking": null, "amenity": null, "landuse": null, "golf": null, "natural": null, "barrier": null, "attraction": null, "highway": null, "wikipedia": null, "ref:US:USFS:proclaimed_forest_number": null, "protection_title": null, "protected_area": null, "protected": null, "protect_class": null, "ownership": null, "operator:wikipedia": null, "operator:wikidata": null, "operator:type": null, "operator:short": null, "operator": null, "gnis:feature_id": null, "wikidata": null, "type": null, "place": null, "name": "Education Office", "boundary": null, "admin_level": null }, "geometry": { "type": "MultiPolygon", "coordinates": [ [ [ [ -104.8527151, 38.7706459 ], [ -104.8527458, 38.7706997 ], [ -104.8527102, 38.770712 ], [ -104.8527241, 38.7707364 ], [ -104.8526474, 38.770763 ], [ -104.8526028, 38.7706848 ], [ -104.8527151, 38.7706459 ] ] ] ] } },
{ "type": "Feature", "properties": { "full_id": "w218012399", "osm_id": "218012399", "osm_type": "way", "power": null, "year_of_construction": null, "building:levels": null, "disused:landuse": null, "contact:website": null, "leaf_type": null, "salt": null, "intermittent": null, "theatre:type": null, "motor_vehicle": null, "horse": null, "bicycle": null, "lit": null, "species:wikipedia": null, "species:wikidata": null, "bridge": null, "cuisine": null, "aerialway:summer:access": null, "aerialway:access": null, "aerialway": null, "shelter_type": null, "layer": null, "water": null, "sorting_name": null, "heritage": null, "alt_name": null, "opening_hours": null, "contact:facebook": null, "charge": null, "leisure": null, "website": null, "tourism": null, "start_date": null, "phone": null, "historic": null, "ele": null, "shop": null, "fee": null, "addr:street": null, "addr:state": null, "addr:postcode": null, "addr:housenumber": null, "addr:city": null, "animal": null, "building": "yes", "access": null, "surface": null, "parking": null, "amenity": null, "landuse": null, "golf": null, "natural": null, "barrier": null, "attraction": null, "highway": null, "wikipedia": null, "ref:US:USFS:proclaimed_forest_number": null, "protection_title": null, "protected_area": null, "protected": null, "protect_class": null, "ownership": null, "operator:wikipedia": null, "operator:wikidata": null, "operator:type": null, "operator:short": null, "operator": null, "gnis:feature_id": null, "wikidata": null, "type": null, "place": null, "name": "Budgie Buddies", "boundary": null, "admin_level": null }, "geometry": { "type": "MultiPolygon", "coordinates": [ [ [ [ -104.8555251, 38.7720587 ], [ -104.8554535, 38.7721302 ], [ -104.8553587, 38.7720725 ], [ -104.8554303, 38.772001 ], [ -104.8555251, 38.7720587 ] ] ] ] } },
{ "type": "Feature", "properties": { "full_id": "w218012416", "osm_id": "218012416", "osm_type": "way", "power": null, "year_of_construction": null, "building:levels": null, "disused:landuse": null, "contact:website": null, "leaf_type": null, "salt": null, "intermittent": null, "theatre:type": null, "motor_vehicle": null, "horse": null, "bicycle": null, "lit": null, "species:wikipedia": null, "species:wikidata": null, "bridge": null, "cuisine": null, "aerialway:summer:access": null, "aerialway:access": null, "aerialway": null, "shelter_type": null, "layer": null, "water": null, "sorting_name": null, "heritage": null, "alt_name": null, "opening_hours": null, "contact:facebook": null, "charge": null, "leisure": null, "website": null, "tourism": null, "start_date": null, "phone": null, "historic": null, "ele": null, "shop": null, "fee": null, "addr:street": null, "addr:state": null, "addr:postcode": null, "addr:housenumber": null, "addr:city": null, "animal": null, "building": "yes", "access": null, "surface": null, "parking": null, "amenity": null, "landuse": null, "golf": null, "natural": null, "barrier": null, "attraction": null, "highway": null, "wikipedia": null, "ref:US:USFS:proclaimed_forest_number": null, "protection_title": null, "protected_area": null, "protected": null, "protect_class": null, "ownership": null, "operator:wikipedia": null, "operator:wikidata": null, "operator:type": null, "operator:short": null, "operator": null, "gnis:feature_id": null, "wikidata": null, "type": null, "place": null, "name": "Safari Lodge", "boundary": null, "admin_level": null }, "geometry": { "type": "MultiPolygon", "coordinates": [ [ [ [ -104.8539228, 38.7718534 ], [ -104.8538477, 38.7718318 ], [ -104.8538223, 38.7718245 ], [ -104.8537973, 38.7718248 ], [ -104.8537529, 38.7718254 ], [ -104.8537374, 38.7718342 ], [ -104.8537096, 38.7718501 ], [ -104.853705, 38.7718562 ], [ -104.8537392, 38.771874 ], [ -104.8537242, 38.7718951 ], [ -104.8537254, 38.7719128 ], [ -104.8537095, 38.7719195 ], [ -104.8537042, 38.7719256 ], [ -104.8536947, 38.7719365 ], [ -104.8536999, 38.7719586 ], [ -104.8537421, 38.7719637 ], [ -104.8537529, 38.7719555 ], [ -104.8537727, 38.7719606 ], [ -104.8537789, 38.7719798 ], [ -104.8538019, 38.7719957 ], [ -104.8538214, 38.7719941 ], [ -104.8538356, 38.7719929 ], [ -104.85386, 38.771977 ], [ -104.8538641, 38.7719609 ], [ -104.8538628, 38.771949 ], [ -104.8538523, 38.7719377 ], [ -104.8538607, 38.7719206 ], [ -104.8538829, 38.7719271 ], [ -104.8539228, 38.7718534 ] ] ] ] } },
{ "type": "Feature", "properties": { "full_id": "w218012415", "osm_id": "218012415", "osm_type": "way", "power": null, "year_of_construction": null, "building:levels": null, "disused:landuse": null, "contact:website": null, "leaf_type": null, "salt": null, "intermittent": null, "theatre:type": null, "motor_vehicle": null, "horse": null, "bicycle": null, "lit": null, "species:wikipedia": null, "species:wikidata": null, "bridge": null, "cuisine": null, "aerialway:summer:access": null, "aerialway:access": null, "aerialway": null, "shelter_type": null, "layer": null, "water": null, "sorting_name": null, "heritage": null, "alt_name": null, "opening_hours": null, "contact:facebook": null, "charge": null, "leisure": null, "website": null, "tourism": null, "start_date": null, "phone": null, "historic": null, "ele": null, "shop": null, "fee": null, "addr:street": null, "addr:state": null, "addr:postcode": null, "addr:housenumber": null, "addr:city": null, "animal": null, "building": "yes", "access": null, "surface": null, "parking": null, "amenity": null, "landuse": null, "golf": null, "natural": null, "barrier": null, "attraction": null, "highway": null, "wikipedia": null, "ref:US:USFS:proclaimed_forest_number": null, "protection_title": null, "protected_area": null, "protected": null, "protect_class": null, "ownership": null, "operator:wikipedia": null, "operator:wikidata": null, "operator:type": null, "operator:short": null, "operator": null, "gnis:feature_id": null, "wikidata": null, "type": null, "place": null, "name": "Safari Cabin", "boundary": null, "admin_level": null }, "geometry": { "type": "MultiPolygon", "coordinates": [ [ [ [ -104.8527505, 38.7705097 ], [ -104.852824, 38.7704291 ], [ -104.8526948, 38.7703574 ], [ -104.8526212, 38.7704381 ], [ -104.8527505, 38.7705097 ] ] ] ] } },
{ "type": "Feature", "properties": { "full_id": "w218012414", "osm_id": "218012414", "osm_type": "way", "power": null, "year_of_construction": null, "building:levels": null, "disused:landuse": null, "contact:website": null, "leaf_type": null, "salt": null, "intermittent": null, "theatre:type": null, "motor_vehicle": null, "horse": null, "bicycle": null, "lit": null, "species:wikipedia": null, "species:wikidata": null, "bridge": null, "cuisine": null, "aerialway:summer:access": null, "aerialway:access": null, "aerialway": null, "shelter_type": null, "layer": null, "water": null, "sorting_name": null, "heritage": null, "alt_name": null, "opening_hours": null, "contact:facebook": null, "charge": null, "leisure": null, "website": null, "tourism": null, "start_date": null, "phone": null, "historic": null, "ele": null, "shop": null, "fee": null, "addr:street": null, "addr:state": null, "addr:postcode": null, "addr:housenumber": null, "addr:city": null, "animal": "ape", "building": "yes", "access": null, "surface": null, "parking": null, "amenity": null, "landuse": null, "golf": null, "natural": null, "barrier": null, "attraction": "animal", "highway": null, "wikipedia": null, "ref:US:USFS:proclaimed_forest_number": null, "protection_title": null, "protected_area": null, "protected": null, "protect_class": null, "ownership": null, "operator:wikipedia": null, "operator:wikidata": null, "operator:type": null, "operator:short": null, "operator": null, "gnis:feature_id": null, "wikidata": null, "type": null, "place": null, "name": "Primate World", "boundary": null, "admin_level": null }, "geometry": { "type": "MultiPolygon", "coordinates": [ [ [ [ -104.852884, 38.7688132 ], [ -104.852904, 38.7688712 ], [ -104.8528703, 38.7688746 ], [ -104.852833, 38.7689284 ], [ -104.8527961, 38.7689295 ], [ -104.8527367, 38.7690179 ], [ -104.8526988, 38.7690003 ], [ -104.8526579, 38.7689814 ], [ -104.8526397, 38.7690059 ], [ -104.8524917, 38.7689391 ], [ -104.8524284, 38.7689105 ], [ -104.8523079, 38.7689299 ], [ -104.8522404, 38.7689043 ], [ -104.8522149, 38.7688164 ], [ -104.8521619, 38.7687941 ], [ -104.8521389, 38.7687847 ], [ -104.852277, 38.7685962 ], [ -104.8523655, 38.7686361 ], [ -104.8524596, 38.7686075 ], [ -104.8525018, 38.768621 ], [ -104.8525358, 38.768693 ], [ -104.852564, 38.7687066 ], [ -104.8525659, 38.7687266 ], [ -104.852748, 38.7688019 ], [ -104.8528271, 38.7687903 ], [ -104.852884, 38.7688132 ] ] ] ] } },
{ "type": "Feature", "properties": { "full_id": "w218012410", "osm_id": "218012410", "osm_type": "way", "power": null, "year_of_construction": null, "building:levels": null, "disused:landuse": null, "contact:website": null, "leaf_type": null, "salt": null, "intermittent": null, "theatre:type": null, "motor_vehicle": null, "horse": null, "bicycle": null, "lit": null, "species:wikipedia": null, "species:wikidata": null, "bridge": null, "cuisine": null, "aerialway:summer:access": null, "aerialway:access": null, "aerialway": null, "shelter_type": null, "layer": null, "water": null, "sorting_name": null, "heritage": null, "alt_name": null, "opening_hours": null, "contact:facebook": null, "charge": null, "leisure": null, "website": null, "tourism": null, "start_date": null, "phone": null, "historic": null, "ele": null, "shop": null, "fee": null, "addr:street": null, "addr:state": null, "addr:postcode": null, "addr:housenumber": null, "addr:city": null, "animal": null, "building": "yes", "access": null, "surface": null, "parking": null, "amenity": null, "landuse": null, "golf": null, "natural": null, "barrier": null, "attraction": null, "highway": null, "wikipedia": null, "ref:US:USFS:proclaimed_forest_number": null, "protection_title": null, "protected_area": null, "protected": null, "protect_class": null, "ownership": null, "operator:wikipedia": null, "operator:wikidata": null, "operator:type": null, "operator:short": null, "operator": null, "gnis:feature_id": null, "wikidata": null, "type": null, "place": null, "name": null, "boundary": null, "admin_level": null }, "geometry": { "type": "MultiPolygon", "coordinates": [ [ [ [ -104.8539568, 38.7694371 ], [ -104.8539783, 38.7694172 ], [ -104.8539743, 38.7693941 ], [ -104.8539407, 38.7693689 ], [ -104.8539097, 38.7693647 ], [ -104.8538815, 38.7693931 ], [ -104.8539568, 38.7694371 ] ] ] ] } },
{ "type": "Feature", "properties": { "full_id": "w218012419", "osm_id": "218012419", "osm_type": "way", "power": null, "year_of_construction": null, "building:levels": null, "disused:landuse": null, "contact:website": null, "leaf_type": null, "salt": null, "intermittent": null, "theatre:type": null, "motor_vehicle": null, "horse": null, "bicycle": null, "lit": null, "species:wikipedia": null, "species:wikidata": null, "bridge": null, "cuisine": null, "aerialway:summer:access": null, "aerialway:access": null, "aerialway": null, "shelter_type": null, "layer": null, "water": null, "sorting_name": null, "heritage": null, "alt_name": null, "opening_hours": null, "contact:facebook": null, "charge": null, "leisure": null, "website": null, "tourism": null, "start_date": null, "phone": null, "historic": null, "ele": null, "shop": null, "fee": null, "addr:street": null, "addr:state": null, "addr:postcode": null, "addr:housenumber": null, "addr:city": null, "animal": null, "building": "yes", "access": null, "surface": null, "parking": null, "amenity": null, "landuse": null, "golf": null, "natural": null, "barrier": null, "attraction": null, "highway": null, "wikipedia": null, "ref:US:USFS:proclaimed_forest_number": null, "protection_title": null, "protected_area": null, "protected": null, "protect_class": null, "ownership": null, "operator:wikipedia": null, "operator:wikidata": null, "operator:type": null, "operator:short": null, "operator": null, "gnis:feature_id": null, "wikidata": null, "type": null, "place": null, "name": null, "boundary": null, "admin_level": null }, "geometry": { "type": "MultiPolygon", "coordinates": [ [ [ [ -104.8549747, 38.7714883 ], [ -104.8550863, 38.7716359 ], [ -104.8550563, 38.7716502 ], [ -104.8550718, 38.77167 ], [ -104.8550543, 38.7716781 ], [ -104.8550137, 38.7716968 ], [ -104.8549785, 38.771713 ], [ -104.8549651, 38.7716952 ], [ -104.8549471, 38.7717039 ], [ -104.8548264, 38.7715518 ], [ -104.8548148, 38.7715343 ], [ -104.8548414, 38.7715182 ], [ -104.8548182, 38.771489 ], [ -104.8548126, 38.7714744 ], [ -104.8548143, 38.771456 ], [ -104.8548343, 38.7714268 ], [ -104.8548462, 38.7714207 ], [ -104.8548614, 38.7714129 ], [ -104.8548754, 38.7714336 ], [ -104.8548931, 38.7714598 ], [ -104.8549031, 38.7714549 ], [ -104.8549389, 38.7715006 ], [ -104.8549747, 38.7714883 ] ] ] ] } },
{ "type": "Feature", "properties": { "full_id": "w218012417", "osm_id": "218012417", "osm_type": "way", "power": null, "year_of_construction": null, "building:levels": null, "disused:landuse": null, "contact:website": null, "leaf_type": null, "salt": null, "intermittent": null, "theatre:type": null, "motor_vehicle": null, "horse": null, "bicycle": null, "lit": null, "species:wikipedia": null, "species:wikidata": null, "bridge": null, "cuisine": null, "aerialway:summer:access": null, "aerialway:access": null, "aerialway": null, "shelter_type": null, "layer": null, "water": null, "sorting_name": null, "heritage": null, "alt_name": null, "opening_hours": null, "contact:facebook": null, "charge": null, "leisure": null, "website": null, "tourism": null, "start_date": null, "phone": null, "historic": null, "ele": null, "shop": "gift", "fee": null, "addr:street": null, "addr:state": null, "addr:postcode": null, "addr:housenumber": null, "addr:city": null, "animal": null, "building": "yes", "access": null, "surface": null, "parking": null, "amenity": null, "landuse": null, "golf": null, "natural": null, "barrier": null, "attraction": null, "highway": null, "wikipedia": null, "ref:US:USFS:proclaimed_forest_number": null, "protection_title": null, "protected_area": null, "protected": null, "protect_class": null, "ownership": null, "operator:wikipedia": null, "operator:wikidata": null, "operator:type": null, "operator:short": null, "operator": null, "gnis:feature_id": null, "wikidata": null, "type": null, "place": null, "name": "Thundergod Gift Shop", "boundary": null, "admin_level": null }, "geometry": { "type": "MultiPolygon", "coordinates": [ [ [ [ -104.8525573, 38.770836 ], [ -104.8524692, 38.7707529 ], [ -104.8524392, 38.7707419 ], [ -104.852423, 38.770736 ], [ -104.8523754, 38.7707341 ], [ -104.8523347, 38.7707527 ], [ -104.8523043, 38.7707803 ], [ -104.852283, 38.770815 ], [ -104.8522795, 38.7708332 ], [ -104.8523341, 38.7708765 ], [ -104.852367, 38.770888 ], [ -104.8523895, 38.7708873 ], [ -104.8524049, 38.7709032 ], [ -104.8523753, 38.7709195 ], [ -104.8524564, 38.7710011 ], [ -104.8525015, 38.7709869 ], [ -104.8525325, 38.7709827 ], [ -104.852558, 38.770968 ], [ -104.8525702, 38.7709481 ], [ -104.8525634, 38.7709218 ], [ -104.8525476, 38.7709089 ], [ -104.8525822, 38.77089 ], [ -104.8525575, 38.7708725 ], [ -104.8525573, 38.770836 ] ] ] ] } },
{ "type": "Feature", "properties": { "full_id": "w218133033", "osm_id": "218133033", "osm_type": "way", "power": null, "year_of_construction": null, "building:levels": null, "disused:landuse": null, "contact:website": null, "leaf_type": null, "salt": null, "intermittent": null, "theatre:type": null, "motor_vehicle": null, "horse": null, "bicycle": null, "lit": null, "species:wikipedia": null, "species:wikidata": null, "bridge": null, "cuisine": null, "aerialway:summer:access": null, "aerialway:access": null, "aerialway": null, "shelter_type": null, "layer": null, "water": null, "sorting_name": null, "heritage": null, "alt_name": null, "opening_hours": null, "contact:facebook": null, "charge": null, "leisure": null, "website": null, "tourism": null, "start_date": null, "phone": null, "historic": null, "ele": null, "shop": null, "fee": null, "addr:street": null, "addr:state": null, "addr:postcode": null, "addr:housenumber": null, "addr:city": null, "animal": null, "building": "yes", "access": null, "surface": null, "parking": null, "amenity": null, "landuse": null, "golf": null, "natural": null, "barrier": null, "attraction": null, "highway": null, "wikipedia": null, "ref:US:USFS:proclaimed_forest_number": null, "protection_title": null, "protected_area": null, "protected": null, "protect_class": null, "ownership": null, "operator:wikipedia": null, "operator:wikidata": null, "operator:type": null, "operator:short": null, "operator": null, "gnis:feature_id": null, "wikidata": null, "type": null, "place": null, "name": null, "boundary": null, "admin_level": null }, "geometry": { "type": "MultiPolygon", "coordinates": [ [ [ [ -104.8539778, 38.7706763 ], [ -104.8539609, 38.7706524 ], [ -104.8539498, 38.7706366 ], [ -104.853889, 38.7706628 ], [ -104.853917, 38.7707024 ], [ -104.8539778, 38.7706763 ] ] ] ] } },
{ "type": "Feature", "properties": { "full_id": "w218012433", "osm_id": "218012433", "osm_type": "way", "power": null, "year_of_construction": null, "building:levels": null, "disused:landuse": null, "contact:website": null, "leaf_type": null, "salt": null, "intermittent": null, "theatre:type": null, "motor_vehicle": null, "horse": null, "bicycle": null, "lit": null, "species:wikipedia": null, "species:wikidata": null, "bridge": null, "cuisine": null, "aerialway:summer:access": null, "aerialway:access": null, "aerialway": null, "shelter_type": null, "layer": null, "water": null, "sorting_name": null, "heritage": null, "alt_name": null, "opening_hours": null, "contact:facebook": null, "charge": null, "leisure": "playground", "website": null, "tourism": null, "start_date": null, "phone": null, "historic": null, "ele": null, "shop": null, "fee": null, "addr:street": null, "addr:state": null, "addr:postcode": null, "addr:housenumber": null, "addr:city": null, "animal": null, "building": null, "access": null, "surface": null, "parking": null, "amenity": null, "landuse": null, "golf": null, "natural": null, "barrier": null, "attraction": null, "highway": null, "wikipedia": null, "ref:US:USFS:proclaimed_forest_number": null, "protection_title": null, "protected_area": null, "protected": null, "protect_class": null, "ownership": null, "operator:wikipedia": null, "operator:wikidata": null, "operator:type": null, "operator:short": null, "operator": null, "gnis:feature_id": null, "wikidata": null, "type": null, "place": null, "name": null, "boundary": null, "admin_level": null }, "geometry": { "type": "MultiPolygon", "coordinates": [ [ [ [ -104.8538106, 38.772092 ], [ -104.8538589, 38.7720789 ], [ -104.8538644, 38.7720925 ], [ -104.8538738, 38.7721138 ], [ -104.853859, 38.7721187 ], [ -104.8537642, 38.7721485 ], [ -104.8537299, 38.7721292 ], [ -104.8537209, 38.7721031 ], [ -104.8537614, 38.7721021 ], [ -104.8538106, 38.772092 ] ] ] ] } },
{ "type": "Feature", "properties": { "full_id": "w37295098", "osm_id": "37295098", "osm_type": "way", "power": null, "year_of_construction": null, "building:levels": null, "disused:landuse": null, "contact:website": null, "leaf_type": null, "salt": null, "intermittent": null, "theatre:type": null, "motor_vehicle": null, "horse": null, "bicycle": null, "lit": null, "species:wikipedia": null, "species:wikidata": null, "bridge": null, "cuisine": null, "aerialway:summer:access": null, "aerialway:access": null, "aerialway": null, "shelter_type": null, "layer": null, "water": null, "sorting_name": null, "heritage": null, "alt_name": null, "opening_hours": null, "contact:facebook": null, "charge": null, "leisure": null, "website": null, "tourism": null, "start_date": null, "phone": null, "historic": null, "ele": null, "shop": null, "fee": null, "addr:street": null, "addr:state": null, "addr:postcode": null, "addr:housenumber": null, "addr:city": null, "animal": null, "building": "yes", "access": null, "surface": null, "parking": null, "amenity": null, "landuse": null, "golf": null, "natural": null, "barrier": null, "attraction": null, "highway": null, "wikipedia": null, "ref:US:USFS:proclaimed_forest_number": null, "protection_title": null, "protected_area": null, "protected": null, "protect_class": null, "ownership": null, "operator:wikipedia": null, "operator:wikidata": null, "operator:type": null, "operator:short": null, "operator": null, "gnis:feature_id": null, "wikidata": null, "type": null, "place": null, "name": "Giraffe House", "boundary": null, "admin_level": null }, "geometry": { "type": "MultiPolygon", "coordinates": [ [ [ [ -104.853597, 38.7718783 ], [ -104.8535772, 38.7718952 ], [ -104.8535079, 38.7719544 ], [ -104.8534662, 38.7719902 ], [ -104.8533905, 38.7719333 ], [ -104.8533746, 38.7719492 ], [ -104.8531687, 38.7718063 ], [ -104.8531869, 38.771789 ], [ -104.8531057, 38.7717317 ], [ -104.8531455, 38.7716984 ], [ -104.8531082, 38.7716726 ], [ -104.8531292, 38.7716511 ], [ -104.8531477, 38.7716351 ], [ -104.8531877, 38.7716646 ], [ -104.8532479, 38.7716135 ], [ -104.8532607, 38.7716228 ], [ -104.8533107, 38.771659 ], [ -104.8533023, 38.7716651 ], [ -104.8533826, 38.7717217 ], [ -104.8534008, 38.7717053 ], [ -104.8534887, 38.771767 ], [ -104.8534666, 38.7717832 ], [ -104.853597, 38.7718783 ] ] ] ] } },
{ "type": "Feature", "properties": { "full_id": "w37294934", "osm_id": "37294934", "osm_type": "way", "power": null, "year_of_construction": null, "building:levels": null, "disused:landuse": null, "contact:website": null, "leaf_type": null, "salt": null, "intermittent": null, "theatre:type": null, "motor_vehicle": null, "horse": null, "bicycle": null, "lit": null, "species:wikipedia": null, "species:wikidata": null, "bridge": null, "cuisine": null, "aerialway:summer:access": null, "aerialway:access": null, "aerialway": null, "shelter_type": null, "layer": null, "water": null, "sorting_name": null, "heritage": null, "alt_name": null, "opening_hours": null, "contact:facebook": null, "charge": null, "leisure": null, "website": null, "tourism": null, "start_date": null, "phone": null, "historic": null, "ele": null, "shop": null, "fee": null, "addr:street": null, "addr:state": null, "addr:postcode": null, "addr:housenumber": null, "addr:city": null, "animal": null, "building": null, "access": null, "surface": null, "parking": null, "amenity": "parking", "landuse": null, "golf": null, "natural": null, "barrier": null, "attraction": null, "highway": null, "wikipedia": null, "ref:US:USFS:proclaimed_forest_number": null, "protection_title": null, "protected_area": null, "protected": null, "protect_class": null, "ownership": null, "operator:wikipedia": null, "operator:wikidata": null, "operator:type": null, "operator:short": null, "operator": null, "gnis:feature_id": null, "wikidata": null, "type": null, "place": null, "name": null, "boundary": null, "admin_level": null }, "geometry": { "type": "MultiPolygon", "coordinates": [ [ [ [ -104.8525814, 38.7698727 ], [ -104.8525332, 38.7698874 ], [ -104.8524841, 38.7699222 ], [ -104.8524828, 38.7699489 ], [ -104.8525057, 38.7699646 ], [ -104.8525684, 38.7699684 ], [ -104.852561, 38.7700918 ], [ -104.8525401, 38.7701918 ], [ -104.852428, 38.7701755 ], [ -104.8522317, 38.7701469 ], [ -104.8521321, 38.7701324 ], [ -104.8520279, 38.7701029 ], [ -104.851864, 38.77005 ], [ -104.8518582, 38.7699387 ], [ -104.8518334, 38.7698611 ], [ -104.8517886, 38.7698849 ], [ -104.8517249, 38.7699117 ], [ -104.8514232, 38.7698067 ], [ -104.8511545, 38.7692869 ], [ -104.8510938, 38.7691835 ], [ -104.851035, 38.7691417 ], [ -104.8508366, 38.7690212 ], [ -104.8506989, 38.7689666 ], [ -104.8505676, 38.7689422 ], [ -104.8505123, 38.7687964 ], [ -104.8508823, 38.7687175 ], [ -104.8509117, 38.7686791 ], [ -104.8511433, 38.7687951 ], [ -104.8516052, 38.7689466 ], [ -104.8516001, 38.7689999 ], [ -104.8516694, 38.7691141 ], [ -104.8517426, 38.7690913 ], [ -104.8517547, 38.769087 ], [ -104.8517795, 38.7690804 ], [ -104.8518527, 38.7690668 ], [ -104.8518672, 38.7691029 ], [ -104.851875, 38.7691069 ], [ -104.8518864, 38.7691073 ], [ -104.8518995, 38.7690979 ], [ -104.8519263, 38.769057 ], [ -104.8521361, 38.7691491 ], [ -104.852232, 38.7692177 ], [ -104.8523027, 38.7693102 ], [ -104.8524707, 38.7696273 ], [ -104.8525814, 38.7698727 ] ] ] ] } },
{ "type": "Feature", "properties": { "full_id": "w37294778", "osm_id": "37294778", "osm_type": "way", "power": null, "year_of_construction": null, "building:levels": null, "disused:landuse": null, "contact:website": null, "leaf_type": null, "salt": null, "intermittent": null, "theatre:type": null, "motor_vehicle": null, "horse": null, "bicycle": null, "lit": null, "species:wikipedia": null, "species:wikidata": null, "bridge": null, "cuisine": null, "aerialway:summer:access": null, "aerialway:access": null, "aerialway": null, "shelter_type": null, "layer": null, "water": null, "sorting_name": null, "heritage": null, "alt_name": null, "opening_hours": null, "contact:facebook": null, "charge": null, "leisure": null, "website": null, "tourism": null, "start_date": null, "phone": null, "historic": null, "ele": null, "shop": null, "fee": "no", "addr:street": "Cheyenne Mountain Zoo Road", "addr:state": "CO", "addr:postcode": "80906", "addr:housenumber": "4250", "addr:city": "Colorado Springs", "animal": null, "building": null, "access": null, "surface": "asphalt", "parking": "surface", "amenity": "parking", "landuse": null, "golf": null, "natural": null, "barrier": null, "attraction": null, "highway": null, "wikipedia": null, "ref:US:USFS:proclaimed_forest_number": null, "protection_title": null, "protected_area": null, "protected": null, "protect_class": null, "ownership": null, "operator:wikipedia": null, "operator:wikidata": null, "operator:type": "private", "operator:short": null, "operator": "Cheyenne Mountain Zoo", "gnis:feature_id": null, "wikidata": null, "type": null, "place": null, "name": null, "boundary": null, "admin_level": null }, "geometry": { "type": "MultiPolygon", "coordinates": [ [ [ [ -104.8527893, 38.7715853 ], [ -104.8527276, 38.7716093 ], [ -104.8526688, 38.7716525 ], [ -104.8525153, 38.771562 ], [ -104.8522313, 38.7714355 ], [ -104.8520165, 38.7713471 ], [ -104.8518984, 38.7711917 ], [ -104.8518188, 38.7710723 ], [ -104.8517836, 38.7710165 ], [ -104.8517665, 38.770916 ], [ -104.8517202, 38.7708029 ], [ -104.8516791, 38.7707152 ], [ -104.8516631, 38.7706675 ], [ -104.8516541, 38.7706088 ], [ -104.8516474, 38.770512 ], [ -104.8516633, 38.7704223 ], [ -104.8516917, 38.7703572 ], [ -104.8517406, 38.770307 ], [ -104.8517833, 38.7702659 ], [ -104.8518823, 38.770183 ], [ -104.8520669, 38.770243 ], [ -104.8521759, 38.7703713 ], [ -104.852013, 38.7704666 ], [ -104.8519797, 38.7705068 ], [ -104.8519464, 38.7705639 ], [ -104.8519533, 38.7706509 ], [ -104.8520026, 38.7707598 ], [ -104.8520446, 38.7707434 ], [ -104.8520888, 38.7707257 ], [ -104.8521415, 38.7707792 ], [ -104.8523268, 38.7709077 ], [ -104.8524377, 38.7710339 ], [ -104.8524935, 38.7711138 ], [ -104.8528236, 38.7715731 ], [ -104.8527893, 38.7715853 ] ] ] ] } },
{ "type": "Feature", "properties": { "full_id": "w37296756", "osm_id": "37296756", "osm_type": "way", "power": null, "year_of_construction": null, "building:levels": null, "disused:landuse": null, "contact:website": null, "leaf_type": null, "salt": null, "intermittent": null, "theatre:type": null, "motor_vehicle": null, "horse": null, "bicycle": null, "lit": null, "species:wikipedia": null, "species:wikidata": null, "bridge": null, "cuisine": null, "aerialway:summer:access": null, "aerialway:access": null, "aerialway": null, "shelter_type": null, "layer": null, "water": null, "sorting_name": null, "heritage": null, "alt_name": null, "opening_hours": null, "contact:facebook": null, "charge": null, "leisure": null, "website": null, "tourism": null, "start_date": null, "phone": null, "historic": null, "ele": null, "shop": null, "fee": null, "addr:street": null, "addr:state": null, "addr:postcode": null, "addr:housenumber": null, "addr:city": null, "animal": null, "building": "yes", "access": null, "surface": null, "parking": null, "amenity": "fast_food", "landuse": null, "golf": null, "natural": null, "barrier": null, "attraction": null, "highway": null, "wikipedia": null, "ref:US:USFS:proclaimed_forest_number": null, "protection_title": null, "protected_area": null, "protected": null, "protect_class": null, "ownership": null, "operator:wikipedia": null, "operator:wikidata": null, "operator:type": null, "operator:short": null, "operator": null, "gnis:feature_id": null, "wikidata": null, "type": null, "place": null, "name": "Grizzly Grill", "boundary": null, "admin_level": null }, "geometry": { "type": "MultiPolygon", "coordinates": [ [ [ [ -104.8539836, 38.7708226 ], [ -104.8539633, 38.7708304 ], [ -104.8538088, 38.7708894 ], [ -104.8537397, 38.7707879 ], [ -104.8537083, 38.770746 ], [ -104.8536877, 38.7707543 ], [ -104.8536126, 38.7706522 ], [ -104.8536762, 38.7706266 ], [ -104.853799, 38.7705772 ], [ -104.8538081, 38.7705892 ], [ -104.8538996, 38.7707109 ], [ -104.8539836, 38.7708226 ] ] ] ] } },
{ "type": "Feature", "properties": { "full_id": "w37296487", "osm_id": "37296487", "osm_type": "way", "power": null, "year_of_construction": null, "building:levels": null, "disused:landuse": null, "contact:website": null, "leaf_type": null, "salt": null, "intermittent": null, "theatre:type": null, "motor_vehicle": null, "horse": null, "bicycle": null, "lit": null, "species:wikipedia": null, "species:wikidata": null, "bridge": null, "cuisine": null, "aerialway:summer:access": null, "aerialway:access": null, "aerialway": null, "shelter_type": null, "layer": null, "water": null, "sorting_name": null, "heritage": null, "alt_name": null, "opening_hours": null, "contact:facebook": null, "charge": null, "leisure": null, "website": null, "tourism": null, "start_date": null, "phone": null, "historic": null, "ele": null, "shop": null, "fee": null, "addr:street": null, "addr:state": null, "addr:postcode": null, "addr:housenumber": null, "addr:city": null, "animal": null, "building": "yes", "access": null, "surface": null, "parking": null, "amenity": "restaurant", "landuse": null, "golf": null, "natural": null, "barrier": null, "attraction": null, "highway": null, "wikipedia": null, "ref:US:USFS:proclaimed_forest_number": null, "protection_title": null, "protected_area": null, "protected": null, "protect_class": null, "ownership": null, "operator:wikipedia": null, "operator:wikidata": null, "operator:type": null, "operator:short": null, "operator": null, "gnis:feature_id": null, "wikidata": null, "type": null, "place": null, "name": "The Lodge at Moose Lake", "boundary": null, "admin_level": null }, "geometry": { "type": "MultiPolygon", "coordinates": [ [ [ [ -104.8536823, 38.7704499 ], [ -104.8534427, 38.770348 ], [ -104.8534994, 38.7702669 ], [ -104.8535667, 38.7701707 ], [ -104.8535858, 38.7701778 ], [ -104.8536074, 38.7701463 ], [ -104.8537106, 38.7701878 ], [ -104.8536865, 38.7702216 ], [ -104.8537458, 38.7702465 ], [ -104.8538063, 38.7702725 ], [ -104.8537992, 38.7702826 ], [ -104.8536909, 38.7704376 ], [ -104.8536823, 38.7704499 ] ] ] ] } },
{ "type": "Feature", "properties": { "full_id": "w37296085", "osm_id": "37296085", "osm_type": "way", "power": null, "year_of_construction": null, "building:levels": null, "disused:landuse": null, "contact:website": null, "leaf_type": null, "salt": null, "intermittent": null, "theatre:type": null, "motor_vehicle": null, "horse": null, "bicycle": null, "lit": null, "species:wikipedia": null, "species:wikidata": null, "bridge": null, "cuisine": null, "aerialway:summer:access": null, "aerialway:access": null, "aerialway": null, "shelter_type": null, "layer": null, "water": null, "sorting_name": null, "heritage": null, "alt_name": null, "opening_hours": null, "contact:facebook": null, "charge": null, "leisure": null, "website": null, "tourism": null, "start_date": null, "phone": null, "historic": null, "ele": null, "shop": null, "fee": null, "addr:street": null, "addr:state": null, "addr:postcode": null, "addr:housenumber": null, "addr:city": null, "animal": null, "building": "yes", "access": null, "surface": null, "parking": null, "amenity": null, "landuse": null, "golf": null, "natural": null, "barrier": null, "attraction": null, "highway": null, "wikipedia": null, "ref:US:USFS:proclaimed_forest_number": null, "protection_title": null, "protected_area": null, "protected": null, "protect_class": null, "ownership": null, "operator:wikipedia": null, "operator:wikidata": null, "operator:type": null, "operator:short": null, "operator": null, "gnis:feature_id": null, "wikidata": null, "type": null, "place": null, "name": "Membership and Development Office", "boundary": null, "admin_level": null }, "geometry": { "type": "MultiPolygon", "coordinates": [ [ [ [ -104.8554203, 38.7717295 ], [ -104.8552744, 38.7716693 ], [ -104.8553001, 38.7716358 ], [ -104.855446, 38.771696 ], [ -104.8554203, 38.7717295 ] ] ] ] } },
{ "type": "Feature", "properties": { "full_id": "w37296003", "osm_id": "37296003", "osm_type": "way", "power": null, "year_of_construction": null, "building:levels": null, "disused:landuse": null, "contact:website": null, "leaf_type": null, "salt": null, "intermittent": null, "theatre:type": null, "motor_vehicle": null, "horse": null, "bicycle": null, "lit": null, "species:wikipedia": null, "species:wikidata": null, "bridge": null, "cuisine": null, "aerialway:summer:access": null, "aerialway:access": null, "aerialway": null, "shelter_type": null, "layer": null, "water": null, "sorting_name": null, "heritage": null, "alt_name": null, "opening_hours": null, "contact:facebook": null, "charge": null, "leisure": null, "website": null, "tourism": null, "start_date": null, "phone": null, "historic": null, "ele": null, "shop": null, "fee": null, "addr:street": null, "addr:state": null, "addr:postcode": null, "addr:housenumber": null, "addr:city": null, "animal": null, "building": "yes", "access": null, "surface": null, "parking": null, "amenity": null, "landuse": null, "golf": null, "natural": null, "barrier": null, "attraction": null, "highway": null, "wikipedia": null, "ref:US:USFS:proclaimed_forest_number": null, "protection_title": null, "protected_area": null, "protected": null, "protect_class": null, "ownership": null, "operator:wikipedia": null, "operator:wikidata": null, "operator:type": null, "operator:short": null, "operator": null, "gnis:feature_id": null, "wikidata": null, "type": null, "place": null, "name": "Administration Building", "boundary": null, "admin_level": null }, "geometry": { "type": "MultiPolygon", "coordinates": [ [ [ [ -104.8548526, 38.7718768 ], [ -104.8547829, 38.7718611 ], [ -104.8547794, 38.7718706 ], [ -104.8547674, 38.7719032 ], [ -104.8545889, 38.771863 ], [ -104.8546049, 38.77182 ], [ -104.8545283, 38.7718027 ], [ -104.8545461, 38.7717545 ], [ -104.8545741, 38.7716789 ], [ -104.854692, 38.7717054 ], [ -104.8548813, 38.771748 ], [ -104.8548989, 38.7717519 ], [ -104.8548917, 38.7717712 ], [ -104.854884, 38.771792 ], [ -104.8548754, 38.7718152 ], [ -104.8548708, 38.7718275 ], [ -104.8548526, 38.7718768 ] ] ] ] } },
{ "type": "Feature", "properties": { "full_id": "r15338738", "osm_id": "15338738", "osm_type": "relation", "power": null, "year_of_construction": null, "building:levels": null, "disused:landuse": null, "contact:website": null, "leaf_type": null, "salt": null, "intermittent": null, "theatre:type": null, "motor_vehicle": null, "horse": null, "bicycle": null, "lit": null, "species:wikipedia": null, "species:wikidata": null, "bridge": null, "cuisine": null, "aerialway:summer:access": null, "aerialway:access": null, "aerialway": null, "shelter_type": null, "layer": null, "water": null, "sorting_name": null, "heritage": null, "alt_name": null, "opening_hours": null, "contact:facebook": null, "charge": null, "leisure": null, "website": null, "tourism": null, "start_date": null, "phone": null, "historic": null, "ele": null, "shop": null, "fee": null, "addr:street": null, "addr:state": null, "addr:postcode": null, "addr:housenumber": null, "addr:city": null, "animal": null, "building": "yes", "access": null, "surface": null, "parking": null, "amenity": null, "landuse": null, "golf": null, "natural": null, "barrier": null, "attraction": null, "highway": null, "wikipedia": null, "ref:US:USFS:proclaimed_forest_number": null, "protection_title": null, "protected_area": null, "protected": null, "protect_class": null, "ownership": null, "operator:wikipedia": null, "operator:wikidata": null, "operator:type": null, "operator:short": null, "operator": null, "gnis:feature_id": null, "wikidata": null, "type": "multipolygon", "place": null, "name": null, "boundary": null, "admin_level": null }, "geometry": { "type": "MultiPolygon", "coordinates": [ [ [ [ -104.8549897, 38.7719974 ], [ -104.8551444, 38.7721137 ], [ -104.8552183, 38.772054 ], [ -104.8551117, 38.7719738 ], [ -104.8550636, 38.7719377 ], [ -104.8549897, 38.7719974 ] ] ] ] } },
{ "type": "Feature", "properties": { "full_id": "r15338737", "osm_id": "15338737", "osm_type": "relation", "power": null, "year_of_construction": null, "building:levels": null, "disused:landuse": null, "contact:website": null, "leaf_type": null, "salt": null, "intermittent": null, "theatre:type": null, "motor_vehicle": null, "horse": null, "bicycle": null, "lit": null, "species:wikipedia": null, "species:wikidata": null, "bridge": null, "cuisine": null, "aerialway:summer:access": null, "aerialway:access": null, "aerialway": null, "shelter_type": null, "layer": null, "water": null, "sorting_name": null, "heritage": null, "alt_name": null, "opening_hours": null, "contact:facebook": null, "charge": null, "leisure": null, "website": null, "tourism": null, "start_date": null, "phone": null, "historic": null, "ele": null, "shop": null, "fee": null, "addr:street": null, "addr:state": null, "addr:postcode": null, "addr:housenumber": null, "addr:city": null, "animal": null, "building": null, "access": "private", "surface": null, "parking": null, "amenity": null, "landuse": null, "golf": null, "natural": null, "barrier": null, "attraction": null, "highway": "service", "wikipedia": null, "ref:US:USFS:proclaimed_forest_number": null, "protection_title": null, "protected_area": null, "protected": null, "protect_class": null, "ownership": null, "operator:wikipedia": null, "operator:wikidata": null, "operator:type": null, "operator:short": null, "operator": null, "gnis:feature_id": null, "wikidata": null, "type": "multipolygon", "place": null, "name": null, "boundary": null, "admin_level": null }, "geometry": { "type": "MultiPolygon", "coordinates": [ [ [ [ -104.8545461, 38.7717545 ], [ -104.8544856, 38.7717419 ], [ -104.8544037, 38.7717571 ], [ -104.8544411, 38.7717933 ], [ -104.8545112, 38.7718326 ], [ -104.8545889, 38.771863 ], [ -104.8547674, 38.7719032 ], [ -104.8548876, 38.7719533 ], [ -104.8549239, 38.7719818 ], [ -104.8549897, 38.7719974 ], [ -104.8549749, 38.7719604 ], [ -104.8549275, 38.7719249 ], [ -104.8547794, 38.7718706 ], [ -104.8546049, 38.77182 ], [ -104.8545283, 38.7718027 ], [ -104.8545461, 38.7717545 ] ] ] ] } },
{ "type": "Feature", "properties": { "full_id": "r15338736", "osm_id": "15338736", "osm_type": "relation", "power": null, "year_of_construction": null, "building:levels": null, "disused:landuse": null, "contact:website": null, "leaf_type": null, "salt": null, "intermittent": null, "theatre:type": null, "motor_vehicle": null, "horse": null, "bicycle": null, "lit": null, "species:wikipedia": null, "species:wikidata": null, "bridge": null, "cuisine": null, "aerialway:summer:access": null, "aerialway:access": null, "aerialway": null, "shelter_type": null, "layer": null, "water": null, "sorting_name": null, "heritage": null, "alt_name": null, "opening_hours": null, "contact:facebook": null, "charge": null, "leisure": null, "website": null, "tourism": null, "start_date": null, "phone": null, "historic": null, "ele": null, "shop": null, "fee": null, "addr:street": null, "addr:state": null, "addr:postcode": null, "addr:housenumber": null, "addr:city": null, "animal": null, "building": null, "access": null, "surface": "paved", "parking": null, "amenity": null, "landuse": null, "golf": null, "natural": null, "barrier": null, "attraction": null, "highway": "pedestrian", "wikipedia": null, "ref:US:USFS:proclaimed_forest_number": null, "protection_title": null, "protected_area": null, "protected": null, "protect_class": null, "ownership": null, "operator:wikipedia": null, "operator:wikidata": null, "operator:type": null, "operator:short": null, "operator": null, "gnis:feature_id": null, "wikidata": null, "type": "multipolygon", "place": null, "name": null, "boundary": null, "admin_level": null }, "geometry": { "type": "MultiPolygon", "coordinates": [ [ [ [ -104.8551717, 38.7722053 ], [ -104.855214, 38.7721756 ], [ -104.8552341, 38.7721603 ], [ -104.8552618, 38.7721372 ], [ -104.8553189, 38.7721009 ], [ -104.8553587, 38.7720725 ], [ -104.8554303, 38.772001 ], [ -104.8554172, 38.7719815 ], [ -104.8553812, 38.7719754 ], [ -104.8553272, 38.7719912 ], [ -104.8552959, 38.7720077 ], [ -104.8552733, 38.7720219 ], [ -104.8552472, 38.7720236 ], [ -104.855222, 38.7720127 ], [ -104.8551877, 38.771988 ], [ -104.8551474, 38.7719526 ], [ -104.8551204, 38.7719374 ], [ -104.8550929, 38.7719082 ], [ -104.8550563, 38.7718741 ], [ -104.855033, 38.7718522 ], [ -104.8550104, 38.7718431 ], [ -104.8549799, 38.7718296 ], [ -104.854884, 38.771792 ], [ -104.8548708, 38.7718275 ], [ -104.8549702, 38.7718641 ], [ -104.8550106, 38.7718843 ], [ -104.8550329, 38.7719061 ], [ -104.8550636, 38.7719377 ], [ -104.8551117, 38.7719738 ], [ -104.8552183, 38.772054 ], [ -104.8552437, 38.7720572 ], [ -104.8552753, 38.7720501 ], [ -104.8553666, 38.7720051 ], [ -104.8553839, 38.7720104 ], [ -104.8552981, 38.7720742 ], [ -104.8552092, 38.7721241 ], [ -104.8551573, 38.7721706 ], [ -104.8551717, 38.7722053 ] ] ] ] } },
{ "type": "Feature", "properties": { "full_id": "r15338735", "osm_id": "15338735", "osm_type": "relation", "power": null, "year_of_construction": null, "building:levels": null, "disused:landuse": null, "contact:website": null, "leaf_type": null, "salt": null, "intermittent": null, "theatre:type": null, "motor_vehicle": null, "horse": null, "bicycle": null, "lit": null, "species:wikipedia": null, "species:wikidata": null, "bridge": null, "cuisine": null, "aerialway:summer:access": null, "aerialway:access": null, "aerialway": null, "shelter_type": null, "layer": null, "water": null, "sorting_name": null, "heritage": null, "alt_name": null, "opening_hours": null, "contact:facebook": null, "charge": null, "leisure": null, "website": null, "tourism": null, "start_date": null, "phone": null, "historic": null, "ele": null, "shop": null, "fee": null, "addr:street": null, "addr:state": null, "addr:postcode": null, "addr:housenumber": null, "addr:city": null, "animal": null, "building": null, "access": null, "surface": "asphalt", "parking": "surface", "amenity": "parking", "landuse": null, "golf": null, "natural": null, "barrier": null, "attraction": null, "highway": null, "wikipedia": null, "ref:US:USFS:proclaimed_forest_number": null, "protection_title": null, "protected_area": null, "protected": null, "protect_class": null, "ownership": null, "operator:wikipedia": null, "operator:wikidata": null, "operator:type": null, "operator:short": null, "operator": null, "gnis:feature_id": null, "wikidata": null, "type": "multipolygon", "place": null, "name": null, "boundary": null, "admin_level": null }, "geometry": { "type": "MultiPolygon", "coordinates": [ [ [ [ -104.8552142, 38.7723504 ], [ -104.8551807, 38.7722269 ], [ -104.8552374, 38.7722175 ], [ -104.8552709, 38.7723411 ], [ -104.8552142, 38.7723504 ] ] ] ] } },
{ "type": "Feature", "properties": { "full_id": "r15338742", "osm_id": "15338742", "osm_type": "relation", "power": null, "year_of_construction": null, "building:levels": null, "disused:landuse": null, "contact:website": null, "leaf_type": null, "salt": null, "intermittent": null, "theatre:type": null, "motor_vehicle": null, "horse": null, "bicycle": null, "lit": null, "species:wikipedia": null, "species:wikidata": null, "bridge": null, "cuisine": null, "aerialway:summer:access": null, "aerialway:access": null, "aerialway": null, "shelter_type": null, "layer": null, "water": null, "sorting_name": null, "heritage": null, "alt_name": null, "opening_hours": null, "contact:facebook": null, "charge": null, "leisure": null, "website": null, "tourism": null, "start_date": null, "phone": null, "historic": null, "ele": null, "shop": null, "fee": null, "addr:street": null, "addr:state": null, "addr:postcode": null, "addr:housenumber": null, "addr:city": null, "animal": null, "building": null, "access": null, "surface": "asphalt", "parking": "surface", "amenity": "parking", "landuse": null, "golf": null, "natural": null, "barrier": null, "attraction": null, "highway": null, "wikipedia": null, "ref:US:USFS:proclaimed_forest_number": null, "protection_title": null, "protected_area": null, "protected": null, "protect_class": null, "ownership": null, "operator:wikipedia": null, "operator:wikidata": null, "operator:type": null, "operator:short": null, "operator": null, "gnis:feature_id": null, "wikidata": null, "type": "multipolygon", "place": null, "name": null, "boundary": null, "admin_level": null }, "geometry": { "type": "MultiPolygon", "coordinates": [ [ [ [ -104.8553868, 38.772792 ], [ -104.8554388, 38.7727781 ], [ -104.8554706, 38.7727254 ], [ -104.8553666, 38.7727234 ], [ -104.8552974, 38.772699 ], [ -104.8552498, 38.7726472 ], [ -104.8552062, 38.7725773 ], [ -104.8551691, 38.7726112 ], [ -104.855207, 38.7727175 ], [ -104.8552394, 38.7727535 ], [ -104.8552944, 38.77278 ], [ -104.8553347, 38.7727914 ], [ -104.8553868, 38.772792 ] ] ] ] } },
{ "type": "Feature", "properties": { "full_id": "r15338741", "osm_id": "15338741", "osm_type": "relation", "power": null, "year_of_construction": null, "building:levels": null, "disused:landuse": null, "contact:website": null, "leaf_type": null, "salt": null, "intermittent": null, "theatre:type": null, "motor_vehicle": null, "horse": null, "bicycle": null, "lit": null, "species:wikipedia": null, "species:wikidata": null, "bridge": null, "cuisine": null, "aerialway:summer:access": null, "aerialway:access": null, "aerialway": null, "shelter_type": null, "layer": null, "water": null, "sorting_name": null, "heritage": null, "alt_name": null, "opening_hours": null, "contact:facebook": null, "charge": null, "leisure": null, "website": null, "tourism": null, "start_date": null, "phone": null, "historic": null, "ele": null, "shop": null, "fee": null, "addr:street": null, "addr:state": null, "addr:postcode": null, "addr:housenumber": null, "addr:city": null, "animal": null, "building": null, "access": null, "surface": null, "parking": null, "amenity": null, "landuse": null, "golf": null, "natural": "wood", "barrier": null, "attraction": null, "highway": null, "wikipedia": null, "ref:US:USFS:proclaimed_forest_number": null, "protection_title": null, "protected_area": null, "protected": null, "protect_class": null, "ownership": null, "operator:wikipedia": null, "operator:wikidata": null, "operator:type": null, "operator:short": null, "operator": null, "gnis:feature_id": null, "wikidata": null, "type": "multipolygon", "place": null, "name": null, "boundary": null, "admin_level": null }, "geometry": { "type": "MultiPolygon", "coordinates": [ [ [ [ -104.8531651, 38.771039 ], [ -104.8532011, 38.7710485 ], [ -104.853287, 38.771082 ], [ -104.8533513, 38.7711123 ], [ -104.8534801, 38.7711949 ], [ -104.8536303, 38.7712932 ], [ -104.8537832, 38.7713684 ], [ -104.8539468, 38.771426 ], [ -104.8540192, 38.7714646 ], [ -104.8541724, 38.7715586 ], [ -104.8539345, 38.7712476 ], [ -104.8537991, 38.7711684 ], [ -104.8537721, 38.7711851 ], [ -104.85363, 38.7710559 ], [ -104.8536589, 38.7710348 ], [ -104.8535845, 38.7709835 ], [ -104.8535514, 38.7709101 ], [ -104.8534609, 38.7708163 ], [ -104.853329, 38.7706606 ], [ -104.8531739, 38.7705027 ], [ -104.8532088, 38.7705686 ], [ -104.8532601, 38.7706428 ], [ -104.8533224, 38.770742 ], [ -104.8533609, 38.7707759 ], [ -104.8534006, 38.770814 ], [ -104.8534554, 38.770894 ], [ -104.8534707, 38.7709764 ], [ -104.8534524, 38.7710343 ], [ -104.8534016, 38.771066 ], [ -104.8533365, 38.7710517 ], [ -104.8532776, 38.7710264 ], [ -104.8532623, 38.771005 ], [ -104.8532532, 38.7709725 ], [ -104.8531662, 38.7709792 ], [ -104.8531651, 38.771039 ] ] ] ] } },
{ "type": "Feature", "properties": { "full_id": "r15338740", "osm_id": "15338740", "osm_type": "relation", "power": null, "year_of_construction": null, "building:levels": null, "disused:landuse": null, "contact:website": null, "leaf_type": null, "salt": null, "intermittent": null, "theatre:type": null, "motor_vehicle": null, "horse": null, "bicycle": null, "lit": null, "species:wikipedia": null, "species:wikidata": null, "bridge": null, "cuisine": null, "aerialway:summer:access": null, "aerialway:access": null, "aerialway": null, "shelter_type": null, "layer": null, "water": null, "sorting_name": null, "heritage": null, "alt_name": null, "opening_hours": null, "contact:facebook": null, "charge": null, "leisure": null, "website": null, "tourism": null, "start_date": null, "phone": null, "historic": null, "ele": null, "shop": null, "fee": null, "addr:street": null, "addr:state": null, "addr:postcode": null, "addr:housenumber": null, "addr:city": null, "animal": null, "building": null, "access": null, "surface": "asphalt", "parking": null, "amenity": null, "landuse": null, "golf": null, "natural": null, "barrier": null, "attraction": null, "highway": "living_street", "wikipedia": null, "ref:US:USFS:proclaimed_forest_number": null, "protection_title": null, "protected_area": null, "protected": null, "protect_class": null, "ownership": null, "operator:wikipedia": null, "operator:wikidata": null, "operator:type": null, "operator:short": null, "operator": null, "gnis:feature_id": null, "wikidata": null, "type": "multipolygon", "place": null, "name": null, "boundary": null, "admin_level": null }, "geometry": { "type": "MultiPolygon", "coordinates": [ [ [ [ -104.8535988, 38.7708593 ], [ -104.8536271, 38.7708745 ], [ -104.8536483, 38.7708689 ], [ -104.8536642, 38.7708427 ], [ -104.8536625, 38.7708151 ], [ -104.8536412, 38.770782 ], [ -104.8535289, 38.7706369 ], [ -104.8535128, 38.7706126 ], [ -104.8534455, 38.7705238 ], [ -104.8534098, 38.7704508 ], [ -104.85339, 38.7704103 ], [ -104.8533854, 38.7703988 ], [ -104.8533667, 38.770352 ], [ -104.8533417, 38.7702894 ], [ -104.8533203, 38.7702355 ], [ -104.8533346, 38.7702133 ], [ -104.8533712, 38.7701685 ], [ -104.8534002, 38.7701482 ], [ -104.8534526, 38.7701103 ], [ -104.8535296, 38.7700785 ], [ -104.8535403, 38.77008 ], [ -104.8535632, 38.7700781 ], [ -104.8536061, 38.7700684 ], [ -104.8536313, 38.7700596 ], [ -104.8536354, 38.7700112 ], [ -104.8536862, 38.7699605 ], [ -104.8536632, 38.7699986 ], [ -104.8536632, 38.7700378 ], [ -104.8536664, 38.7700658 ], [ -104.8536932, 38.7700913 ], [ -104.8537758, 38.7701302 ], [ -104.8538176, 38.7701528 ], [ -104.8538459, 38.7701763 ], [ -104.8539122, 38.7702061 ], [ -104.8539584, 38.7702392 ], [ -104.8540337, 38.7703168 ], [ -104.8541881, 38.7705376 ], [ -104.8542581, 38.7706148 ], [ -104.8543997, 38.7707323 ], [ -104.8545108, 38.7708362 ], [ -104.8546657, 38.7709828 ], [ -104.8548142, 38.7711201 ], [ -104.8548221, 38.7711296 ], [ -104.8548898, 38.7712089 ], [ -104.8549151, 38.7712445 ], [ -104.8549918, 38.7714002 ], [ -104.8550393, 38.77148 ], [ -104.8550838, 38.771538 ], [ -104.8551427, 38.7716035 ], [ -104.8552744, 38.7716693 ], [ -104.8554203, 38.7717295 ], [ -104.855671, 38.7718365 ], [ -104.8556757, 38.7718701 ], [ -104.8555923, 38.7718646 ], [ -104.8554752, 38.7718024 ], [ -104.8554288, 38.7717833 ], [ -104.8553601, 38.7717551 ], [ -104.8553531, 38.7717522 ], [ -104.8551574, 38.7716754 ], [ -104.8551187, 38.7716539 ], [ -104.8550863, 38.7716359 ], [ -104.8549747, 38.7714883 ], [ -104.8549464, 38.7714242 ], [ -104.8549399, 38.77141 ], [ -104.8549114, 38.7713487 ], [ -104.8548941, 38.7713115 ], [ -104.8548893, 38.7713052 ], [ -104.8547811, 38.7711627 ], [ -104.8547481, 38.771127 ], [ -104.8546072, 38.771035 ], [ -104.8545869, 38.7710312 ], [ -104.8545602, 38.7710325 ], [ -104.8545211, 38.770989 ], [ -104.8544844, 38.7709766 ], [ -104.8544826, 38.770934 ], [ -104.8544736, 38.7709182 ], [ -104.8543946, 38.7708158 ], [ -104.8543729, 38.7707959 ], [ -104.8543253, 38.7707495 ], [ -104.8542455, 38.7706857 ], [ -104.854163, 38.7705811 ], [ -104.8539955, 38.770371 ], [ -104.8539314, 38.7703117 ], [ -104.8538765, 38.77027 ], [ -104.8537669, 38.7702157 ], [ -104.8537106, 38.7701878 ], [ -104.8536074, 38.7701463 ], [ -104.8535409, 38.7701416 ], [ -104.8535187, 38.7701476 ], [ -104.8534558, 38.7702016 ], [ -104.853431, 38.7702486 ], [ -104.853422, 38.7702882 ], [ -104.8534305, 38.7703335 ], [ -104.8534671, 38.77041 ], [ -104.853484, 38.7704544 ], [ -104.8535058, 38.7704978 ], [ -104.8535219, 38.7705239 ], [ -104.8535439, 38.7705597 ], [ -104.8535561, 38.7705796 ], [ -104.8535884, 38.7706211 ], [ -104.8536126, 38.7706522 ], [ -104.8536877, 38.7707543 ], [ -104.8537451, 38.7708366 ], [ -104.853735, 38.7708968 ], [ -104.8537112, 38.7709191 ], [ -104.8536765, 38.7709325 ], [ -104.8536472, 38.7709352 ], [ -104.8536148, 38.7709381 ], [ -104.8535437, 38.77089 ], [ -104.8534609, 38.7708163 ], [ -104.853329, 38.7706606 ], [ -104.8531739, 38.7705027 ], [ -104.853134, 38.7704451 ], [ -104.8530376, 38.7703217 ], [ -104.8529729, 38.7702917 ], [ -104.8529206, 38.7702929 ], [ -104.8529036, 38.7703121 ], [ -104.8529036, 38.7703349 ], [ -104.8530392, 38.7706051 ], [ -104.8531147, 38.7707877 ], [ -104.8531393, 38.7708381 ], [ -104.8531667, 38.7709556 ], [ -104.8531662, 38.7709792 ], [ -104.8531651, 38.771039 ], [ -104.8531253, 38.7710314 ], [ -104.8530605, 38.771019 ], [ -104.853037, 38.7710146 ], [ -104.8530721, 38.7709483 ], [ -104.853062, 38.77091 ], [ -104.8530549, 38.770888 ], [ -104.8530452, 38.7708604 ], [ -104.8530251, 38.7708505 ], [ -104.8530653, 38.7708189 ], [ -104.8530539, 38.7707699 ], [ -104.8530159, 38.7706898 ], [ -104.8529966, 38.7706537 ], [ -104.8529735, 38.7705972 ], [ -104.8528764, 38.7704111 ], [ -104.8528194, 38.7703258 ], [ -104.8528009, 38.7702549 ], [ -104.8527963, 38.7701875 ], [ -104.8528854, 38.7701861 ], [ -104.8529232, 38.7701916 ], [ -104.8529464, 38.7701882 ], [ -104.8529535, 38.7701872 ], [ -104.8529846, 38.7701463 ], [ -104.8530152, 38.7701558 ], [ -104.853052, 38.7701673 ], [ -104.8531272, 38.7703123 ], [ -104.8531719, 38.7703892 ], [ -104.8531811, 38.7704027 ], [ -104.8533156, 38.7705709 ], [ -104.8534572, 38.770713 ], [ -104.8535988, 38.7708593 ] ] ] ] } },
{ "type": "Feature", "properties": { "full_id": "r15338739", "osm_id": "15338739", "osm_type": "relation", "power": null, "year_of_construction": null, "building:levels": null, "disused:landuse": null, "contact:website": null, "leaf_type": null, "salt": null, "intermittent": null, "theatre:type": null, "motor_vehicle": null, "horse": null, "bicycle": null, "lit": null, "species:wikipedia": null, "species:wikidata": null, "bridge": null, "cuisine": null, "aerialway:summer:access": null, "aerialway:access": null, "aerialway": null, "shelter_type": null, "layer": null, "water": null, "sorting_name": null, "heritage": null, "alt_name": null, "opening_hours": null, "contact:facebook": null, "charge": null, "leisure": null, "website": null, "tourism": null, "start_date": null, "phone": null, "historic": null, "ele": null, "shop": null, "fee": null, "addr:street": null, "addr:state": null, "addr:postcode": null, "addr:housenumber": null, "addr:city": null, "animal": null, "building": null, "access": "private", "surface": null, "parking": null, "amenity": "parking", "landuse": null, "golf": null, "natural": null, "barrier": null, "attraction": null, "highway": null, "wikipedia": null, "ref:US:USFS:proclaimed_forest_number": null, "protection_title": null, "protected_area": null, "protected": null, "protect_class": null, "ownership": null, "operator:wikipedia": null, "operator:wikidata": null, "operator:type": null, "operator:short": null, "operator": null, "gnis:feature_id": null, "wikidata": null, "type": "multipolygon", "place": null, "name": null, "boundary": null, "admin_level": null }, "geometry": { "type": "MultiPolygon", "coordinates": [ [ [ [ -104.8547674, 38.7719032 ], [ -104.8545889, 38.771863 ], [ -104.8545112, 38.7718326 ], [ -104.8545351, 38.7718727 ], [ -104.8547138, 38.7719271 ], [ -104.8547919, 38.7719511 ], [ -104.8549239, 38.7719818 ], [ -104.8548876, 38.7719533 ], [ -104.8547674, 38.7719032 ] ] ] ] } },
{ "type": "Feature", "properties": { "full_id": "r16799165", "osm_id": "16799165", "osm_type": "relation", "power": null, "year_of_construction": null, "building:levels": null, "disused:landuse": null, "contact:website": null, "leaf_type": null, "salt": null, "intermittent": null, "theatre:type": null, "motor_vehicle": null, "horse": null, "bicycle": null, "lit": null, "species:wikipedia": null, "species:wikidata": null, "bridge": null, "cuisine": null, "aerialway:summer:access": null, "aerialway:access": null, "aerialway": null, "shelter_type": null, "layer": null, "water": null, "sorting_name": null, "heritage": null, "alt_name": null, "opening_hours": null, "contact:facebook": null, "charge": null, "leisure": null, "website": null, "tourism": null, "start_date": null, "phone": null, "historic": null, "ele": null, "shop": null, "fee": null, "addr:street": null, "addr:state": null, "addr:postcode": null, "addr:housenumber": null, "addr:city": null, "animal": "moose", "building": null, "access": null, "surface": null, "parking": null, "amenity": null, "landuse": null, "golf": null, "natural": "wetland", "barrier": null, "attraction": "animal", "highway": null, "wikipedia": null, "ref:US:USFS:proclaimed_forest_number": null, "protection_title": null, "protected_area": null, "protected": null, "protect_class": null, "ownership": null, "operator:wikipedia": null, "operator:wikidata": null, "operator:type": null, "operator:short": null, "operator": null, "gnis:feature_id": null, "wikidata": null, "type": "multipolygon", "place": null, "name": "Moose", "boundary": null, "admin_level": null }, "geometry": { "type": "MultiPolygon", "coordinates": [ [ [ [ -104.8542154, 38.7699648 ], [ -104.8539556, 38.7700173 ], [ -104.8538854, 38.7700691 ], [ -104.8538795, 38.7701327 ], [ -104.8538623, 38.7701423 ], [ -104.8537961, 38.770105 ], [ -104.8537259, 38.7700783 ], [ -104.8537036, 38.7700528 ], [ -104.8537056, 38.7700192 ], [ -104.8537157, 38.7699956 ], [ -104.8537251, 38.7699832 ], [ -104.8537482, 38.7699754 ], [ -104.8537873, 38.7699682 ], [ -104.8538543, 38.769957 ], [ -104.8538702, 38.7699322 ], [ -104.8538734, 38.7699011 ], [ -104.8538401, 38.7697861 ], [ -104.8538885, 38.7696374 ], [ -104.8539302, 38.7695672 ], [ -104.8539796, 38.7695184 ], [ -104.8540526, 38.769508 ], [ -104.8541256, 38.7695494 ], [ -104.8541465, 38.7696271 ], [ -104.8541453, 38.7696735 ], [ -104.8541444, 38.7697109 ], [ -104.8540742, 38.7697148 ], [ -104.8540805, 38.7697848 ], [ -104.8541527, 38.7697802 ], [ -104.8541844, 38.7698186 ], [ -104.8542071, 38.7698858 ], [ -104.8542154, 38.7699648 ] ], [ [ -104.8538359, 38.7699699 ], [ -104.8537544, 38.7699869 ], [ -104.8537278, 38.7700047 ], [ -104.853724, 38.770038 ], [ -104.8537392, 38.7700631 ], [ -104.853798, 38.7700897 ], [ -104.8538246, 38.7700956 ], [ -104.8538445, 38.7700868 ], [ -104.853854, 38.7700498 ], [ -104.8538843, 38.7700158 ], [ -104.8538957, 38.7699958 ], [ -104.8538881, 38.7699781 ], [ -104.8538691, 38.769967 ], [ -104.8538359, 38.7699699 ] ] ] ] } },
{ "type": "Feature", "properties": { "full_id": "r7835714", "osm_id": "7835714", "osm_type": "relation", "power": null, "year_of_construction": null, "building:levels": null, "disused:landuse": null, "contact:website": null, "leaf_type": null, "salt": null, "intermittent": null, "theatre:type": null, "motor_vehicle": null, "horse": null, "bicycle": null, "lit": null, "species:wikipedia": null, "species:wikidata": null, "bridge": null, "cuisine": null, "aerialway:summer:access": null, "aerialway:access": null, "aerialway": null, "shelter_type": null, "layer": null, "water": null, "sorting_name": null, "heritage": null, "alt_name": null, "opening_hours": null, "contact:facebook": null, "charge": null, "leisure": null, "website": null, "tourism": null, "start_date": null, "phone": null, "historic": null, "ele": null, "shop": null, "fee": null, "addr:street": null, "addr:state": null, "addr:postcode": null, "addr:housenumber": null, "addr:city": null, "animal": null, "building": null, "access": null, "surface": null, "parking": null, "amenity": null, "landuse": null, "golf": null, "natural": null, "barrier": null, "attraction": null, "highway": "pedestrian", "wikipedia": null, "ref:US:USFS:proclaimed_forest_number": null, "protection_title": null, "protected_area": null, "protected": null, "protect_class": null, "ownership": null, "operator:wikipedia": null, "operator:wikidata": null, "operator:type": null, "operator:short": null, "operator": null, "gnis:feature_id": null, "wikidata": null, "type": "multipolygon", "place": null, "name": null, "boundary": null, "admin_level": null }, "geometry": { "type": "MultiPolygon", "coordinates": [ [ [ [ -104.8542462, 38.7715973 ], [ -104.8542545, 38.7715256 ], [ -104.8542798, 38.7713077 ], [ -104.8542855, 38.7712626 ], [ -104.8542908, 38.7712105 ], [ -104.854289, 38.7712022 ], [ -104.8542849, 38.7711026 ], [ -104.8543043, 38.7710889 ], [ -104.8543291, 38.7712153 ], [ -104.8543158, 38.7712959 ], [ -104.8543263, 38.7713824 ], [ -104.854331, 38.7714083 ], [ -104.8543633, 38.7714245 ], [ -104.8544069, 38.7714208 ], [ -104.8544239, 38.771429 ], [ -104.8544277, 38.7714526 ], [ -104.8543443, 38.7714682 ], [ -104.8543215, 38.7714755 ], [ -104.8543111, 38.7714896 ], [ -104.8543149, 38.7715221 ], [ -104.8543301, 38.771534 ], [ -104.8543471, 38.7715347 ], [ -104.8543329, 38.7715643 ], [ -104.8543111, 38.771568 ], [ -104.8542988, 38.7715931 ], [ -104.8543015, 38.771627 ], [ -104.8542883, 38.7716199 ], [ -104.8542462, 38.7715973 ] ] ] ] } },
{ "type": "Feature", "properties": { "full_id": "r9123921", "osm_id": "9123921", "osm_type": "relation", "power": null, "year_of_construction": null, "building:levels": null, "disused:landuse": null, "contact:website": null, "leaf_type": null, "salt": null, "intermittent": null, "theatre:type": null, "motor_vehicle": null, "horse": null, "bicycle": null, "lit": null, "species:wikipedia": null, "species:wikidata": null, "bridge": null, "cuisine": null, "aerialway:summer:access": null, "aerialway:access": null, "aerialway": null, "shelter_type": null, "layer": null, "water": null, "sorting_name": null, "heritage": null, "alt_name": null, "opening_hours": null, "contact:facebook": null, "charge": null, "leisure": null, "website": null, "tourism": null, "start_date": null, "phone": null, "historic": null, "ele": null, "shop": null, "fee": null, "addr:street": null, "addr:state": null, "addr:postcode": null, "addr:housenumber": null, "addr:city": null, "animal": null, "building": null, "access": null, "surface": null, "parking": null, "amenity": null, "landuse": null, "golf": null, "natural": "sand", "barrier": "fence", "attraction": "animal", "highway": null, "wikipedia": null, "ref:US:USFS:proclaimed_forest_number": null, "protection_title": null, "protected_area": null, "protected": null, "protect_class": null, "ownership": null, "operator:wikipedia": null, "operator:wikidata": null, "operator:type": null, "operator:short": null, "operator": null, "gnis:feature_id": null, "wikidata": null, "type": "multipolygon", "place": null, "name": "African Elephant", "boundary": null, "admin_level": null }, "geometry": { "type": "MultiPolygon", "coordinates": [ [ [ [ -104.8548838, 38.7728241 ], [ -104.8548581, 38.7728389 ], [ -104.8547241, 38.7726884 ], [ -104.8545902, 38.7725902 ], [ -104.8544897, 38.7725442 ], [ -104.8543637, 38.7725467 ], [ -104.8541213, 38.7724594 ], [ -104.854151, 38.7724231 ], [ -104.85417, 38.7723999 ], [ -104.8542137, 38.7723821 ], [ -104.8542499, 38.7723753 ], [ -104.8543005, 38.7723804 ], [ -104.8543127, 38.7723925 ], [ -104.8543683, 38.772395 ], [ -104.8544027, 38.7723965 ], [ -104.8544801, 38.7724 ], [ -104.8545417, 38.7724155 ], [ -104.854573, 38.7724083 ], [ -104.8545211, 38.7723617 ], [ -104.8545294, 38.7723249 ], [ -104.8545316, 38.7723102 ], [ -104.8544551, 38.7722685 ], [ -104.854438, 38.7722579 ], [ -104.854424, 38.7722289 ], [ -104.8544165, 38.7722198 ], [ -104.8544317, 38.772201 ], [ -104.8544439, 38.7721723 ], [ -104.8544728, 38.7721357 ], [ -104.8545999, 38.7721464 ], [ -104.8547161, 38.7721844 ], [ -104.854769, 38.7721674 ], [ -104.8548239, 38.7722184 ], [ -104.8549251, 38.7723689 ], [ -104.8549633, 38.7724335 ], [ -104.8549123, 38.7724833 ], [ -104.8549187, 38.7725765 ], [ -104.854941, 38.7726797 ], [ -104.8549857, 38.7727655 ], [ -104.854955, 38.7727832 ], [ -104.8548838, 38.7728241 ] ] ] ] } },
{ "type": "Feature", "properties": { "full_id": "r7839058", "osm_id": "7839058", "osm_type": "relation", "power": null, "year_of_construction": null, "building:levels": null, "disused:landuse": null, "contact:website": null, "leaf_type": null, "salt": null, "intermittent": null, "theatre:type": null, "motor_vehicle": null, "horse": null, "bicycle": null, "lit": null, "species:wikipedia": null, "species:wikidata": null, "bridge": null, "cuisine": null, "aerialway:summer:access": null, "aerialway:access": null, "aerialway": null, "shelter_type": null, "layer": null, "water": null, "sorting_name": null, "heritage": null, "alt_name": null, "opening_hours": null, "contact:facebook": null, "charge": null, "leisure": null, "website": null, "tourism": null, "start_date": null, "phone": null, "historic": null, "ele": null, "shop": null, "fee": null, "addr:street": null, "addr:state": null, "addr:postcode": null, "addr:housenumber": null, "addr:city": null, "animal": null, "building": null, "access": null, "surface": null, "parking": null, "amenity": null, "landuse": null, "golf": null, "natural": null, "barrier": null, "attraction": "animal", "highway": null, "wikipedia": null, "ref:US:USFS:proclaimed_forest_number": null, "protection_title": null, "protected_area": null, "protected": null, "protect_class": null, "ownership": null, "operator:wikipedia": null, "operator:wikidata": null, "operator:type": null, "operator:short": null, "operator": null, "gnis:feature_id": null, "wikidata": null, "type": "multipolygon", "place": null, "name": null, "boundary": null, "admin_level": null }, "geometry": { "type": "MultiPolygon", "coordinates": [ [ [ [ -104.8549521, 38.7717103 ], [ -104.8549471, 38.7717039 ], [ -104.8548264, 38.7715518 ], [ -104.8547869, 38.7715699 ], [ -104.8547751, 38.771575 ], [ -104.8547255, 38.7716078 ], [ -104.854703, 38.7716342 ], [ -104.854703, 38.7716675 ], [ -104.8547296, 38.771697 ], [ -104.8549133, 38.7717489 ], [ -104.8549521, 38.7717103 ] ], [ [ -104.8547656, 38.7716778 ], [ -104.8547846, 38.7716845 ], [ -104.8548016, 38.7716786 ], [ -104.8548054, 38.7716682 ], [ -104.8547922, 38.7716571 ], [ -104.8547732, 38.7716482 ], [ -104.8547542, 38.7716475 ], [ -104.8547457, 38.7716542 ], [ -104.8547457, 38.7716667 ], [ -104.8547656, 38.7716778 ] ] ] ] } },
{ "type": "Feature", "properties": { "full_id": "r15338734", "osm_id": "15338734", "osm_type": "relation", "power": null, "year_of_construction": null, "building:levels": null, "disused:landuse": null, "contact:website": null, "leaf_type": null, "salt": null, "intermittent": null, "theatre:type": null, "motor_vehicle": null, "horse": null, "bicycle": null, "lit": null, "species:wikipedia": null, "species:wikidata": null, "bridge": null, "cuisine": null, "aerialway:summer:access": null, "aerialway:access": null, "aerialway": null, "shelter_type": null, "layer": null, "water": null, "sorting_name": null, "heritage": null, "alt_name": null, "opening_hours": null, "contact:facebook": null, "charge": null, "leisure": null, "website": null, "tourism": null, "start_date": null, "phone": null, "historic": null, "ele": null, "shop": null, "fee": null, "addr:street": null, "addr:state": null, "addr:postcode": null, "addr:housenumber": null, "addr:city": null, "animal": null, "building": null, "access": null, "surface": "asphalt", "parking": "surface", "amenity": "parking", "landuse": null, "golf": null, "natural": null, "barrier": null, "attraction": null, "highway": null, "wikipedia": null, "ref:US:USFS:proclaimed_forest_number": null, "protection_title": null, "protected_area": null, "protected": null, "protect_class": null, "ownership": null, "operator:wikipedia": null, "operator:wikidata": null, "operator:type": null, "operator:short": null, "operator": null, "gnis:feature_id": null, "wikidata": null, "type": "multipolygon", "place": null, "name": null, "boundary": null, "admin_level": null }, "geometry": { "type": "MultiPolygon", "coordinates": [ [ [ [ -104.8555426, 38.7720946 ], [ -104.8554638, 38.772201 ], [ -104.8554103, 38.7722877 ], [ -104.8553969, 38.7723425 ], [ -104.8553942, 38.7724656 ], [ -104.8554037, 38.7724996 ], [ -104.8554723, 38.7723166 ], [ -104.8556853, 38.7720407 ], [ -104.8556995, 38.7720017 ], [ -104.8556503, 38.7719835 ], [ -104.8555426, 38.7720946 ] ] ] ] } },
{ "type": "Feature", "properties": { "full_id": "w766539760", "osm_id": "766539760", "osm_type": "way", "power": null, "year_of_construction": null, "building:levels": null, "disused:landuse": null, "contact:website": null, "leaf_type": null, "salt": null, "intermittent": null, "theatre:type": null, "motor_vehicle": null, "horse": null, "bicycle": null, "lit": null, "species:wikipedia": null, "species:wikidata": null, "bridge": null, "cuisine": null, "aerialway:summer:access": null, "aerialway:access": null, "aerialway": null, "shelter_type": null, "layer": null, "water": null, "sorting_name": null, "heritage": null, "alt_name": null, "opening_hours": null, "contact:facebook": null, "charge": null, "leisure": null, "website": null, "tourism": null, "start_date": null, "phone": null, "historic": null, "ele": null, "shop": null, "fee": null, "addr:street": null, "addr:state": null, "addr:postcode": null, "addr:housenumber": null, "addr:city": null, "animal": null, "building": null, "access": null, "surface": null, "parking": null, "amenity": null, "landuse": null, "golf": null, "natural": "scrub", "barrier": "wall", "attraction": "animal", "highway": null, "wikipedia": null, "ref:US:USFS:proclaimed_forest_number": null, "protection_title": null, "protected_area": null, "protected": null, "protect_class": null, "ownership": null, "operator:wikipedia": null, "operator:wikidata": null, "operator:type": null, "operator:short": null, "operator": null, "gnis:feature_id": null, "wikidata": null, "type": null, "place": null, "name": "Black Rhinocerous", "boundary": null, "admin_level": null }, "geometry": { "type": "MultiPolygon", "coordinates": [ [ [ [ -104.8544179, 38.7720003 ], [ -104.8545804, 38.7720533 ], [ -104.8546074, 38.7720682 ], [ -104.8546416, 38.7720745 ], [ -104.8546812, 38.7720721 ], [ -104.8547077, 38.7720754 ], [ -104.854744, 38.7720833 ], [ -104.85488, 38.7721005 ], [ -104.8549029, 38.7721057 ], [ -104.8549662, 38.7721729 ], [ -104.8549679, 38.7722157 ], [ -104.8549873, 38.7722678 ], [ -104.8550085, 38.7723376 ], [ -104.8550127, 38.7723975 ], [ -104.8550017, 38.7724206 ], [ -104.854989, 38.7724265 ], [ -104.8549633, 38.7724335 ], [ -104.8549251, 38.7723689 ], [ -104.8548239, 38.7722184 ], [ -104.854769, 38.7721674 ], [ -104.8547161, 38.7721844 ], [ -104.8545999, 38.7721464 ], [ -104.8544728, 38.7721357 ], [ -104.8544516, 38.7721343 ], [ -104.8544121, 38.7721214 ], [ -104.8544044, 38.7721136 ], [ -104.8544061, 38.7721005 ], [ -104.8544255, 38.7720708 ], [ -104.8544264, 38.7720524 ], [ -104.8544162, 38.7720267 ], [ -104.8544027, 38.7720188 ], [ -104.8544179, 38.7720003 ] ] ] ] } },
{ "type": "Feature", "properties": { "full_id": "w781846159", "osm_id": "781846159", "osm_type": "way", "power": null, "year_of_construction": null, "building:levels": null, "disused:landuse": null, "contact:website": null, "leaf_type": null, "salt": null, "intermittent": null, "theatre:type": null, "motor_vehicle": null, "horse": null, "bicycle": null, "lit": null, "species:wikipedia": null, "species:wikidata": null, "bridge": null, "cuisine": null, "aerialway:summer:access": null, "aerialway:access": null, "aerialway": null, "shelter_type": null, "layer": null, "water": null, "sorting_name": null, "heritage": null, "alt_name": null, "opening_hours": null, "contact:facebook": null, "charge": null, "leisure": null, "website": null, "tourism": null, "start_date": null, "phone": null, "historic": null, "ele": null, "shop": null, "fee": null, "addr:street": null, "addr:state": null, "addr:postcode": null, "addr:housenumber": null, "addr:city": null, "animal": null, "building": "yes", "access": null, "surface": null, "parking": null, "amenity": null, "landuse": null, "golf": null, "natural": null, "barrier": null, "attraction": null, "highway": null, "wikipedia": null, "ref:US:USFS:proclaimed_forest_number": null, "protection_title": null, "protected_area": null, "protected": null, "protect_class": null, "ownership": null, "operator:wikipedia": null, "operator:wikidata": null, "operator:type": null, "operator:short": null, "operator": null, "gnis:feature_id": null, "wikidata": null, "type": null, "place": null, "name": null, "boundary": null, "admin_level": null }, "geometry": { "type": "MultiPolygon", "coordinates": [ [ [ [ -104.8563819, 38.7719047 ], [ -104.8563582, 38.7719575 ], [ -104.8562194, 38.7719152 ], [ -104.8562464, 38.7718624 ], [ -104.8563819, 38.7719047 ] ] ] ] } },
{ "type": "Feature", "properties": { "full_id": "w781846158", "osm_id": "781846158", "osm_type": "way", "power": null, "year_of_construction": null, "building:levels": null, "disused:landuse": null, "contact:website": null, "leaf_type": null, "salt": null, "intermittent": null, "theatre:type": null, "motor_vehicle": null, "horse": null, "bicycle": null, "lit": null, "species:wikipedia": null, "species:wikidata": null, "bridge": null, "cuisine": null, "aerialway:summer:access": null, "aerialway:access": null, "aerialway": null, "shelter_type": null, "layer": null, "water": null, "sorting_name": null, "heritage": null, "alt_name": null, "opening_hours": null, "contact:facebook": null, "charge": null, "leisure": null, "website": null, "tourism": null, "start_date": null, "phone": null, "historic": null, "ele": null, "shop": null, "fee": null, "addr:street": null, "addr:state": null, "addr:postcode": null, "addr:housenumber": null, "addr:city": null, "animal": null, "building": "yes", "access": null, "surface": null, "parking": null, "amenity": null, "landuse": null, "golf": null, "natural": null, "barrier": null, "attraction": null, "highway": null, "wikipedia": null, "ref:US:USFS:proclaimed_forest_number": null, "protection_title": null, "protected_area": null, "protected": null, "protect_class": null, "ownership": null, "operator:wikipedia": null, "operator:wikidata": null, "operator:type": null, "operator:short": null, "operator": null, "gnis:feature_id": null, "wikidata": null, "type": null, "place": null, "name": null, "boundary": null, "admin_level": null }, "geometry": { "type": "MultiPolygon", "coordinates": [ [ [ [ -104.8550818, 38.7709333 ], [ -104.8549701, 38.7709307 ], [ -104.8549735, 38.7707538 ], [ -104.8550852, 38.7707565 ], [ -104.8550818, 38.7709333 ] ] ] ] } },
{ "type": "Feature", "properties": { "full_id": "w766539762", "osm_id": "766539762", "osm_type": "way", "power": null, "year_of_construction": null, "building:levels": null, "disused:landuse": null, "contact:website": null, "leaf_type": null, "salt": null, "intermittent": null, "theatre:type": null, "motor_vehicle": null, "horse": null, "bicycle": null, "lit": null, "species:wikipedia": null, "species:wikidata": null, "bridge": null, "cuisine": null, "aerialway:summer:access": null, "aerialway:access": null, "aerialway": null, "shelter_type": null, "layer": null, "water": null, "sorting_name": null, "heritage": null, "alt_name": null, "opening_hours": null, "contact:facebook": null, "charge": null, "leisure": null, "website": null, "tourism": null, "start_date": null, "phone": null, "historic": null, "ele": null, "shop": null, "fee": null, "addr:street": null, "addr:state": null, "addr:postcode": null, "addr:housenumber": null, "addr:city": null, "animal": null, "building": null, "access": null, "surface": null, "parking": null, "amenity": null, "landuse": null, "golf": null, "natural": "scrub", "barrier": null, "attraction": null, "highway": null, "wikipedia": null, "ref:US:USFS:proclaimed_forest_number": null, "protection_title": null, "protected_area": null, "protected": null, "protect_class": null, "ownership": null, "operator:wikipedia": null, "operator:wikidata": null, "operator:type": null, "operator:short": null, "operator": null, "gnis:feature_id": null, "wikidata": null, "type": null, "place": null, "name": null, "boundary": null, "admin_level": null }, "geometry": { "type": "MultiPolygon", "coordinates": [ [ [ [ -104.8545316, 38.7723102 ], [ -104.8544876, 38.7723052 ], [ -104.8544376, 38.7722966 ], [ -104.8544, 38.7722713 ], [ -104.8543759, 38.7722263 ], [ -104.8543869, 38.7721945 ], [ -104.8543809, 38.7721799 ], [ -104.854387, 38.7721687 ], [ -104.8544092, 38.7721606 ], [ -104.8544134, 38.77215 ], [ -104.8544005, 38.7721358 ], [ -104.8543907, 38.7721225 ], [ -104.8543894, 38.7721041 ], [ -104.854399, 38.7720883 ], [ -104.854415, 38.7720669 ], [ -104.8544136, 38.7720459 ], [ -104.8544027, 38.7720287 ], [ -104.8543977, 38.7720248 ], [ -104.8544027, 38.7720188 ], [ -104.8544162, 38.7720267 ], [ -104.8544264, 38.7720524 ], [ -104.8544255, 38.7720708 ], [ -104.8544061, 38.7721005 ], [ -104.8544044, 38.7721136 ], [ -104.8544121, 38.7721214 ], [ -104.8544516, 38.7721343 ], [ -104.8544728, 38.7721357 ], [ -104.8544439, 38.7721723 ], [ -104.8544317, 38.772201 ], [ -104.8544165, 38.7722198 ], [ -104.854424, 38.7722289 ], [ -104.854438, 38.7722579 ], [ -104.8544551, 38.7722685 ], [ -104.8545316, 38.7723102 ] ] ] ] } },
{ "type": "Feature", "properties": { "full_id": "w766539761", "osm_id": "766539761", "osm_type": "way", "power": null, "year_of_construction": null, "building:levels": null, "disused:landuse": null, "contact:website": null, "leaf_type": null, "salt": "no", "intermittent": "no", "theatre:type": null, "motor_vehicle": null, "horse": null, "bicycle": null, "lit": null, "species:wikipedia": null, "species:wikidata": null, "bridge": null, "cuisine": null, "aerialway:summer:access": null, "aerialway:access": null, "aerialway": null, "shelter_type": null, "layer": null, "water": "pond", "sorting_name": null, "heritage": null, "alt_name": null, "opening_hours": null, "contact:facebook": null, "charge": null, "leisure": null, "website": null, "tourism": null, "start_date": null, "phone": null, "historic": null, "ele": null, "shop": null, "fee": null, "addr:street": null, "addr:state": null, "addr:postcode": null, "addr:housenumber": null, "addr:city": null, "animal": null, "building": null, "access": null, "surface": null, "parking": null, "amenity": null, "landuse": null, "golf": null, "natural": "water", "barrier": null, "attraction": null, "highway": null, "wikipedia": null, "ref:US:USFS:proclaimed_forest_number": null, "protection_title": null, "protected_area": null, "protected": null, "protect_class": null, "ownership": null, "operator:wikipedia": null, "operator:wikidata": null, "operator:type": null, "operator:short": null, "operator": null, "gnis:feature_id": null, "wikidata": null, "type": null, "place": null, "name": null, "boundary": null, "admin_level": null }, "geometry": { "type": "MultiPolygon", "coordinates": [ [ [ [ -104.8545294, 38.7723249 ], [ -104.8545452, 38.7723253 ], [ -104.8545547, 38.7723205 ], [ -104.8545684, 38.7723079 ], [ -104.8545751, 38.7723009 ], [ -104.8545708, 38.7722672 ], [ -104.8545594, 38.7722539 ], [ -104.8545656, 38.7722414 ], [ -104.8545793, 38.7722373 ], [ -104.8545997, 38.7722439 ], [ -104.8546163, 38.7722443 ], [ -104.8546391, 38.7722362 ], [ -104.8546424, 38.7722288 ], [ -104.8546377, 38.7722221 ], [ -104.854623, 38.7722129 ], [ -104.854604, 38.7721918 ], [ -104.8545959, 38.7721611 ], [ -104.8545999, 38.7721464 ], [ -104.8544728, 38.7721357 ], [ -104.8544439, 38.7721723 ], [ -104.8544317, 38.772201 ], [ -104.8544165, 38.7722198 ], [ -104.854424, 38.7722289 ], [ -104.854438, 38.7722579 ], [ -104.8544551, 38.7722685 ], [ -104.8545316, 38.7723102 ], [ -104.8545294, 38.7723249 ] ] ] ] } },
{ "type": "Feature", "properties": { "full_id": "w781846160", "osm_id": "781846160", "osm_type": "way", "power": null, "year_of_construction": null, "building:levels": null, "disused:landuse": null, "contact:website": null, "leaf_type": null, "salt": null, "intermittent": null, "theatre:type": null, "motor_vehicle": null, "horse": null, "bicycle": null, "lit": null, "species:wikipedia": null, "species:wikidata": null, "bridge": null, "cuisine": null, "aerialway:summer:access": null, "aerialway:access": null, "aerialway": null, "shelter_type": null, "layer": null, "water": null, "sorting_name": null, "heritage": null, "alt_name": null, "opening_hours": null, "contact:facebook": null, "charge": null, "leisure": null, "website": null, "tourism": null, "start_date": null, "phone": null, "historic": null, "ele": null, "shop": null, "fee": null, "addr:street": null, "addr:state": null, "addr:postcode": null, "addr:housenumber": null, "addr:city": null, "animal": null, "building": "yes", "access": null, "surface": null, "parking": null, "amenity": null, "landuse": null, "golf": null, "natural": null, "barrier": null, "attraction": null, "highway": null, "wikipedia": null, "ref:US:USFS:proclaimed_forest_number": null, "protection_title": null, "protected_area": null, "protected": null, "protect_class": null, "ownership": null, "operator:wikipedia": null, "operator:wikidata": null, "operator:type": null, "operator:short": null, "operator": null, "gnis:feature_id": null, "wikidata": null, "type": null, "place": null, "name": null, "boundary": null, "admin_level": null }, "geometry": { "type": "MultiPolygon", "coordinates": [ [ [ [ -104.856392, 38.7722821 ], [ -104.8563853, 38.7723455 ], [ -104.8563175, 38.7723851 ], [ -104.8562397, 38.7723851 ], [ -104.8561821, 38.7723323 ], [ -104.8561923, 38.7722584 ], [ -104.8561618, 38.7721713 ], [ -104.8562126, 38.772137 ], [ -104.8562972, 38.7722082 ], [ -104.8562972, 38.772232 ], [ -104.8563412, 38.772232 ], [ -104.856392, 38.7722821 ] ] ] ] } },
{ "type": "Feature", "properties": { "full_id": "w766357225", "osm_id": "766357225", "osm_type": "way", "power": null, "year_of_construction": null, "building:levels": null, "disused:landuse": null, "contact:website": null, "leaf_type": null, "salt": null, "intermittent": null, "theatre:type": null, "motor_vehicle": null, "horse": null, "bicycle": null, "lit": null, "species:wikipedia": null, "species:wikidata": null, "bridge": null, "cuisine": null, "aerialway:summer:access": null, "aerialway:access": null, "aerialway": null, "shelter_type": null, "layer": null, "water": null, "sorting_name": null, "heritage": null, "alt_name": null, "opening_hours": null, "contact:facebook": null, "charge": null, "leisure": null, "website": null, "tourism": null, "start_date": null, "phone": null, "historic": null, "ele": null, "shop": null, "fee": null, "addr:street": null, "addr:state": null, "addr:postcode": null, "addr:housenumber": null, "addr:city": null, "animal": null, "building": null, "access": null, "surface": null, "parking": null, "amenity": null, "landuse": null, "golf": null, "natural": "wood", "barrier": null, "attraction": null, "highway": null, "wikipedia": null, "ref:US:USFS:proclaimed_forest_number": null, "protection_title": null, "protected_area": null, "protected": null, "protect_class": null, "ownership": null, "operator:wikipedia": null, "operator:wikidata": null, "operator:type": null, "operator:short": null, "operator": null, "gnis:feature_id": null, "wikidata": null, "type": null, "place": null, "name": null, "boundary": null, "admin_level": null }, "geometry": { "type": "MultiPolygon", "coordinates": [ [ [ [ -104.8543261, 38.7722478 ], [ -104.8543516, 38.7722894 ], [ -104.8543732, 38.7723165 ], [ -104.8543615, 38.7723496 ], [ -104.8543046, 38.7723517 ], [ -104.8542743, 38.772345 ], [ -104.8542686, 38.7723266 ], [ -104.8542634, 38.772294 ], [ -104.8542662, 38.772277 ], [ -104.8542497, 38.77227 ], [ -104.8543146, 38.7722737 ], [ -104.8543261, 38.7722478 ] ] ] ] } },
{ "type": "Feature", "properties": { "full_id": "w766357224", "osm_id": "766357224", "osm_type": "way", "power": null, "year_of_construction": null, "building:levels": null, "disused:landuse": null, "contact:website": null, "leaf_type": null, "salt": null, "intermittent": null, "theatre:type": null, "motor_vehicle": null, "horse": null, "bicycle": null, "lit": null, "species:wikipedia": null, "species:wikidata": null, "bridge": null, "cuisine": null, "aerialway:summer:access": null, "aerialway:access": null, "aerialway": null, "shelter_type": null, "layer": null, "water": null, "sorting_name": null, "heritage": null, "alt_name": null, "opening_hours": null, "contact:facebook": null, "charge": null, "leisure": null, "website": null, "tourism": null, "start_date": null, "phone": null, "historic": null, "ele": null, "shop": null, "fee": null, "addr:street": null, "addr:state": null, "addr:postcode": null, "addr:housenumber": null, "addr:city": null, "animal": null, "building": "yes", "access": null, "surface": null, "parking": null, "amenity": null, "landuse": null, "golf": null, "natural": null, "barrier": null, "attraction": null, "highway": null, "wikipedia": null, "ref:US:USFS:proclaimed_forest_number": null, "protection_title": null, "protected_area": null, "protected": null, "protect_class": null, "ownership": null, "operator:wikipedia": null, "operator:wikidata": null, "operator:type": null, "operator:short": null, "operator": null, "gnis:feature_id": null, "wikidata": null, "type": null, "place": null, "name": null, "boundary": null, "admin_level": null }, "geometry": { "type": "MultiPolygon", "coordinates": [ [ [ [ -104.8542497, 38.77227 ], [ -104.8542495, 38.7722486 ], [ -104.8542492, 38.7722186 ], [ -104.8542534, 38.7722053 ], [ -104.8542658, 38.7722005 ], [ -104.8543131, 38.7722018 ], [ -104.8543155, 38.772218 ], [ -104.8543198, 38.7722376 ], [ -104.8543261, 38.7722478 ], [ -104.8543146, 38.7722737 ], [ -104.8542497, 38.77227 ] ] ] ] } },
{ "type": "Feature", "properties": { "full_id": "w766357223", "osm_id": "766357223", "osm_type": "way", "power": null, "year_of_construction": null, "building:levels": null, "disused:landuse": null, "contact:website": null, "leaf_type": null, "salt": null, "intermittent": null, "theatre:type": null, "motor_vehicle": null, "horse": null, "bicycle": null, "lit": null, "species:wikipedia": null, "species:wikidata": null, "bridge": null, "cuisine": null, "aerialway:summer:access": null, "aerialway:access": null, "aerialway": null, "shelter_type": null, "layer": null, "water": null, "sorting_name": null, "heritage": null, "alt_name": null, "opening_hours": null, "contact:facebook": null, "charge": null, "leisure": null, "website": null, "tourism": null, "start_date": null, "phone": null, "historic": null, "ele": null, "shop": null, "fee": null, "addr:street": null, "addr:state": null, "addr:postcode": null, "addr:housenumber": null, "addr:city": null, "animal": null, "building": null, "access": null, "surface": null, "parking": null, "amenity": null, "landuse": null, "golf": null, "natural": "wood", "barrier": null, "attraction": null, "highway": null, "wikipedia": null, "ref:US:USFS:proclaimed_forest_number": null, "protection_title": null, "protected_area": null, "protected": null, "protect_class": null, "ownership": null, "operator:wikipedia": null, "operator:wikidata": null, "operator:type": null, "operator:short": null, "operator": null, "gnis:feature_id": null, "wikidata": null, "type": null, "place": null, "name": null, "boundary": null, "admin_level": null }, "geometry": { "type": "MultiPolygon", "coordinates": [ [ [ [ -104.854088, 38.7723964 ], [ -104.8541119, 38.7724067 ], [ -104.8541316, 38.7723872 ], [ -104.854116, 38.7723754 ], [ -104.8541542, 38.77234 ], [ -104.8541311, 38.7722985 ], [ -104.8541378, 38.77227 ], [ -104.8541579, 38.772251 ], [ -104.8541383, 38.7722124 ], [ -104.8541354, 38.7721843 ], [ -104.8541501, 38.7721584 ], [ -104.8541738, 38.7721495 ], [ -104.8542027, 38.7721464 ], [ -104.8542025, 38.7721085 ], [ -104.8541535, 38.7721096 ], [ -104.8540852, 38.7720734 ], [ -104.8540462, 38.7721128 ], [ -104.8541053, 38.7722326 ], [ -104.8540817, 38.7722747 ], [ -104.8540448, 38.7722965 ], [ -104.853994, 38.7723082 ], [ -104.853948, 38.7723263 ], [ -104.8539395, 38.7723296 ], [ -104.8539434, 38.7723354 ], [ -104.8540591, 38.7722992 ], [ -104.8540923, 38.7723938 ], [ -104.854088, 38.7723964 ] ] ] ] } },
{ "type": "Feature", "properties": { "full_id": "w766357219", "osm_id": "766357219", "osm_type": "way", "power": null, "year_of_construction": null, "building:levels": null, "disused:landuse": null, "contact:website": null, "leaf_type": null, "salt": null, "intermittent": null, "theatre:type": null, "motor_vehicle": null, "horse": null, "bicycle": null, "lit": null, "species:wikipedia": null, "species:wikidata": null, "bridge": null, "cuisine": null, "aerialway:summer:access": null, "aerialway:access": null, "aerialway": null, "shelter_type": null, "layer": null, "water": null, "sorting_name": null, "heritage": null, "alt_name": null, "opening_hours": null, "contact:facebook": null, "charge": null, "leisure": null, "website": null, "tourism": null, "start_date": null, "phone": null, "historic": null, "ele": null, "shop": null, "fee": null, "addr:street": null, "addr:state": null, "addr:postcode": null, "addr:housenumber": null, "addr:city": null, "animal": null, "building": null, "access": null, "surface": "unpaved", "parking": null, "amenity": null, "landuse": null, "golf": null, "natural": null, "barrier": null, "attraction": null, "highway": "pedestrian", "wikipedia": null, "ref:US:USFS:proclaimed_forest_number": null, "protection_title": null, "protected_area": null, "protected": null, "protect_class": null, "ownership": null, "operator:wikipedia": null, "operator:wikidata": null, "operator:type": null, "operator:short": null, "operator": null, "gnis:feature_id": null, "wikidata": null, "type": null, "place": null, "name": null, "boundary": null, "admin_level": null }, "geometry": { "type": "MultiPolygon", "coordinates": [ [ [ [ -104.8542155, 38.7722397 ], [ -104.8541928, 38.7722249 ], [ -104.8541757, 38.7721846 ], [ -104.8541809, 38.7721761 ], [ -104.8541909, 38.7721754 ], [ -104.8542658, 38.7722005 ], [ -104.8543131, 38.7722018 ], [ -104.8543113, 38.7721902 ], [ -104.8543095, 38.7721784 ], [ -104.854269, 38.7721783 ], [ -104.8542027, 38.7721464 ], [ -104.8541738, 38.7721495 ], [ -104.8541501, 38.7721584 ], [ -104.8541354, 38.7721843 ], [ -104.8541383, 38.7722124 ], [ -104.8541579, 38.772251 ], [ -104.8541809, 38.7722471 ], [ -104.8542155, 38.7722397 ] ] ] ] } },
{ "type": "Feature", "properties": { "full_id": "w766360280", "osm_id": "766360280", "osm_type": "way", "power": null, "year_of_construction": null, "building:levels": null, "disused:landuse": null, "contact:website": null, "leaf_type": null, "salt": null, "intermittent": null, "theatre:type": null, "motor_vehicle": null, "horse": null, "bicycle": null, "lit": null, "species:wikipedia": null, "species:wikidata": null, "bridge": null, "cuisine": null, "aerialway:summer:access": null, "aerialway:access": null, "aerialway": null, "shelter_type": null, "layer": null, "water": null, "sorting_name": null, "heritage": null, "alt_name": null, "opening_hours": null, "contact:facebook": null, "charge": null, "leisure": null, "website": null, "tourism": null, "start_date": null, "phone": null, "historic": null, "ele": null, "shop": null, "fee": null, "addr:street": null, "addr:state": null, "addr:postcode": null, "addr:housenumber": null, "addr:city": null, "animal": null, "building": null, "access": null, "surface": "paved", "parking": null, "amenity": null, "landuse": null, "golf": null, "natural": null, "barrier": null, "attraction": null, "highway": "pedestrian", "wikipedia": null, "ref:US:USFS:proclaimed_forest_number": null, "protection_title": null, "protected_area": null, "protected": null, "protect_class": null, "ownership": null, "operator:wikipedia": null, "operator:wikidata": null, "operator:type": null, "operator:short": null, "operator": null, "gnis:feature_id": null, "wikidata": null, "type": null, "place": null, "name": null, "boundary": null, "admin_level": null }, "geometry": { "type": "MultiPolygon", "coordinates": [ [ [ [ -104.8533854, 38.7703988 ], [ -104.8533657, 38.7703981 ], [ -104.8533192, 38.770341 ], [ -104.8533224, 38.7703242 ], [ -104.8533112, 38.7702973 ], [ -104.8533417, 38.7702894 ], [ -104.8533667, 38.770352 ], [ -104.8533854, 38.7703988 ] ] ] ] } },
{ "type": "Feature", "properties": { "full_id": "w766360279", "osm_id": "766360279", "osm_type": "way", "power": null, "year_of_construction": null, "building:levels": null, "disused:landuse": null, "contact:website": null, "leaf_type": null, "salt": null, "intermittent": null, "theatre:type": null, "motor_vehicle": null, "horse": null, "bicycle": null, "lit": null, "species:wikipedia": null, "species:wikidata": null, "bridge": null, "cuisine": null, "aerialway:summer:access": null, "aerialway:access": null, "aerialway": null, "shelter_type": null, "layer": null, "water": null, "sorting_name": null, "heritage": null, "alt_name": null, "opening_hours": null, "contact:facebook": null, "charge": null, "leisure": null, "website": null, "tourism": null, "start_date": null, "phone": null, "historic": null, "ele": null, "shop": null, "fee": null, "addr:street": null, "addr:state": null, "addr:postcode": null, "addr:housenumber": null, "addr:city": null, "animal": null, "building": "yes", "access": null, "surface": null, "parking": null, "amenity": "restaurant", "landuse": null, "golf": null, "natural": null, "barrier": null, "attraction": null, "highway": null, "wikipedia": null, "ref:US:USFS:proclaimed_forest_number": null, "protection_title": null, "protected_area": null, "protected": null, "protect_class": null, "ownership": null, "operator:wikipedia": null, "operator:wikidata": null, "operator:type": null, "operator:short": null, "operator": null, "gnis:feature_id": null, "wikidata": null, "type": null, "place": null, "name": "Cozy Goat", "boundary": null, "admin_level": null }, "geometry": { "type": "MultiPolygon", "coordinates": [ [ [ [ -104.8535062, 38.7706236 ], [ -104.8534183, 38.770667 ], [ -104.8533113, 38.7705397 ], [ -104.8533499, 38.7705185 ], [ -104.8533334, 38.7705007 ], [ -104.8533891, 38.7704731 ], [ -104.8535062, 38.7706236 ] ] ] ] } },
{ "type": "Feature", "properties": { "full_id": "w580916518", "osm_id": "580916518", "osm_type": "way", "power": null, "year_of_construction": null, "building:levels": null, "disused:landuse": null, "contact:website": null, "leaf_type": null, "salt": null, "intermittent": null, "theatre:type": null, "motor_vehicle": null, "horse": null, "bicycle": null, "lit": null, "species:wikipedia": null, "species:wikidata": null, "bridge": null, "cuisine": null, "aerialway:summer:access": null, "aerialway:access": null, "aerialway": null, "shelter_type": null, "layer": null, "water": null, "sorting_name": null, "heritage": null, "alt_name": null, "opening_hours": null, "contact:facebook": null, "charge": null, "leisure": null, "website": null, "tourism": "picnic_site", "start_date": null, "phone": null, "historic": null, "ele": null, "shop": null, "fee": null, "addr:street": null, "addr:state": null, "addr:postcode": null, "addr:housenumber": null, "addr:city": null, "animal": null, "building": null, "access": null, "surface": null, "parking": null, "amenity": null, "landuse": null, "golf": null, "natural": null, "barrier": null, "attraction": null, "highway": null, "wikipedia": null, "ref:US:USFS:proclaimed_forest_number": null, "protection_title": null, "protected_area": null, "protected": null, "protect_class": null, "ownership": null, "operator:wikipedia": null, "operator:wikidata": null, "operator:type": null, "operator:short": null, "operator": null, "gnis:feature_id": null, "wikidata": null, "type": null, "place": null, "name": null, "boundary": null, "admin_level": null }, "geometry": { "type": "MultiPolygon", "coordinates": [ [ [ [ -104.8558455, 38.7707391 ], [ -104.8558777, 38.7707495 ], [ -104.8558291, 38.7708405 ], [ -104.8556677, 38.7707882 ], [ -104.8557163, 38.7706971 ], [ -104.8558455, 38.7707391 ] ] ] ] } },
{ "type": "Feature", "properties": { "full_id": "w575386322", "osm_id": "575386322", "osm_type": "way", "power": null, "year_of_construction": null, "building:levels": null, "disused:landuse": null, "contact:website": null, "leaf_type": null, "salt": null, "intermittent": null, "theatre:type": null, "motor_vehicle": null, "horse": null, "bicycle": null, "lit": null, "species:wikipedia": null, "species:wikidata": null, "bridge": null, "cuisine": null, "aerialway:summer:access": null, "aerialway:access": null, "aerialway": null, "shelter_type": null, "layer": null, "water": null, "sorting_name": null, "heritage": null, "alt_name": null, "opening_hours": null, "contact:facebook": null, "charge": null, "leisure": null, "website": null, "tourism": null, "start_date": null, "phone": null, "historic": null, "ele": null, "shop": null, "fee": null, "addr:street": null, "addr:state": null, "addr:postcode": null, "addr:housenumber": null, "addr:city": null, "animal": null, "building": "yes", "access": null, "surface": null, "parking": null, "amenity": "shelter", "landuse": null, "golf": null, "natural": null, "barrier": null, "attraction": null, "highway": null, "wikipedia": null, "ref:US:USFS:proclaimed_forest_number": null, "protection_title": null, "protected_area": null, "protected": null, "protect_class": null, "ownership": null, "operator:wikipedia": null, "operator:wikidata": null, "operator:type": null, "operator:short": null, "operator": null, "gnis:feature_id": null, "wikidata": null, "type": null, "place": null, "name": null, "boundary": null, "admin_level": null }, "geometry": { "type": "MultiPolygon", "coordinates": [ [ [ [ -104.854642, 38.7700288 ], [ -104.8546005, 38.7700725 ], [ -104.8546583, 38.7700978 ], [ -104.8547144, 38.7700513 ], [ -104.8547198, 38.7700086 ], [ -104.854642, 38.7700288 ] ] ] ] } },
{ "type": "Feature", "properties": { "full_id": "w575386321", "osm_id": "575386321", "osm_type": "way", "power": null, "year_of_construction": null, "building:levels": null, "disused:landuse": null, "contact:website": null, "leaf_type": null, "salt": null, "intermittent": null, "theatre:type": null, "motor_vehicle": null, "horse": null, "bicycle": null, "lit": null, "species:wikipedia": null, "species:wikidata": null, "bridge": null, "cuisine": null, "aerialway:summer:access": null, "aerialway:access": null, "aerialway": null, "shelter_type": null, "layer": null, "water": null, "sorting_name": null, "heritage": null, "alt_name": null, "opening_hours": null, "contact:facebook": null, "charge": null, "leisure": null, "website": null, "tourism": null, "start_date": null, "phone": null, "historic": null, "ele": null, "shop": null, "fee": null, "addr:street": null, "addr:state": null, "addr:postcode": null, "addr:housenumber": null, "addr:city": null, "animal": null, "building": null, "access": null, "surface": null, "parking": null, "amenity": null, "landuse": "forest", "golf": null, "natural": null, "barrier": "fence", "attraction": "animal", "highway": null, "wikipedia": null, "ref:US:USFS:proclaimed_forest_number": null, "protection_title": null, "protected_area": null, "protected": null, "protect_class": null, "ownership": null, "operator:wikipedia": null, "operator:wikidata": null, "operator:type": null, "operator:short": null, "operator": null, "gnis:feature_id": null, "wikidata": null, "type": null, "place": null, "name": "Grizzly Bear", "boundary": null, "admin_level": null }, "geometry": { "type": "MultiPolygon", "coordinates": [ [ [ [ -104.8545292, 38.7704034 ], [ -104.8546462, 38.7704398 ], [ -104.8548747, 38.7702968 ], [ -104.8549714, 38.7701943 ], [ -104.8550255, 38.7701448 ], [ -104.8550463, 38.7700513 ], [ -104.8549928, 38.7699512 ], [ -104.8549151, 38.7699244 ], [ -104.8547234, 38.7699808 ], [ -104.8547198, 38.7700086 ], [ -104.8547144, 38.7700513 ], [ -104.8546583, 38.7700978 ], [ -104.8546005, 38.7700725 ], [ -104.8545671, 38.7700578 ], [ -104.8545191, 38.7701218 ], [ -104.8545552, 38.770236 ], [ -104.8545466, 38.7703219 ], [ -104.8545413, 38.7703675 ], [ -104.8545292, 38.7704034 ] ] ] ] } },
{ "type": "Feature", "properties": { "full_id": "w575386320", "osm_id": "575386320", "osm_type": "way", "power": null, "year_of_construction": null, "building:levels": null, "disused:landuse": null, "contact:website": null, "leaf_type": null, "salt": null, "intermittent": null, "theatre:type": null, "motor_vehicle": null, "horse": null, "bicycle": null, "lit": null, "species:wikipedia": null, "species:wikidata": null, "bridge": null, "cuisine": null, "aerialway:summer:access": null, "aerialway:access": null, "aerialway": null, "shelter_type": null, "layer": null, "water": null, "sorting_name": null, "heritage": null, "alt_name": null, "opening_hours": null, "contact:facebook": null, "charge": null, "leisure": null, "website": null, "tourism": null, "start_date": null, "phone": null, "historic": null, "ele": null, "shop": null, "fee": null, "addr:street": null, "addr:state": null, "addr:postcode": null, "addr:housenumber": null, "addr:city": null, "animal": null, "building": null, "access": null, "surface": null, "parking": null, "amenity": null, "landuse": null, "golf": null, "natural": "wetland", "barrier": "fence", "attraction": "animal", "highway": null, "wikipedia": null, "ref:US:USFS:proclaimed_forest_number": null, "protection_title": null, "protected_area": null, "protected": null, "protect_class": null, "ownership": null, "operator:wikipedia": null, "operator:wikidata": null, "operator:type": null, "operator:short": null, "operator": null, "gnis:feature_id": null, "wikidata": null, "type": null, "place": null, "name": "River Otter", "boundary": null, "admin_level": null }, "geometry": { "type": "MultiPolygon", "coordinates": [ [ [ [ -104.8543944, 38.7704499 ], [ -104.8544919, 38.7704108 ], [ -104.8545191, 38.770291 ], [ -104.8545118, 38.7702431 ], [ -104.8543834, 38.7702721 ], [ -104.8544329, 38.7703581 ], [ -104.8543389, 38.7703909 ], [ -104.8543858, 38.7704312 ], [ -104.8543944, 38.7704499 ] ] ] ] } },
{ "type": "Feature", "properties": { "full_id": "w766357202", "osm_id": "766357202", "osm_type": "way", "power": null, "year_of_construction": null, "building:levels": null, "disused:landuse": null, "contact:website": null, "leaf_type": null, "salt": null, "intermittent": null, "theatre:type": null, "motor_vehicle": null, "horse": null, "bicycle": null, "lit": null, "species:wikipedia": null, "species:wikidata": null, "bridge": null, "cuisine": null, "aerialway:summer:access": null, "aerialway:access": null, "aerialway": null, "shelter_type": null, "layer": null, "water": null, "sorting_name": null, "heritage": null, "alt_name": null, "opening_hours": null, "contact:facebook": null, "charge": null, "leisure": null, "website": null, "tourism": null, "start_date": null, "phone": null, "historic": null, "ele": null, "shop": null, "fee": null, "addr:street": null, "addr:state": null, "addr:postcode": null, "addr:housenumber": null, "addr:city": null, "animal": null, "building": null, "access": null, "surface": null, "parking": null, "amenity": null, "landuse": null, "golf": null, "natural": "wood", "barrier": null, "attraction": null, "highway": null, "wikipedia": null, "ref:US:USFS:proclaimed_forest_number": null, "protection_title": null, "protected_area": null, "protected": null, "protect_class": null, "ownership": null, "operator:wikipedia": null, "operator:wikidata": null, "operator:type": null, "operator:short": null, "operator": null, "gnis:feature_id": null, "wikidata": null, "type": null, "place": null, "name": null, "boundary": null, "admin_level": null }, "geometry": { "type": "MultiPolygon", "coordinates": [ [ [ [ -104.8529735, 38.7705972 ], [ -104.8529106, 38.7705809 ], [ -104.8528764, 38.7705504 ], [ -104.8528302, 38.7704759 ], [ -104.852824, 38.7704291 ], [ -104.8526948, 38.7703574 ], [ -104.8526212, 38.7704381 ], [ -104.8527505, 38.7705097 ], [ -104.8528102, 38.7705192 ], [ -104.8528487, 38.7705672 ], [ -104.8528705, 38.770594 ], [ -104.8528335, 38.7706098 ], [ -104.8527997, 38.7705768 ], [ -104.8527388, 38.770538 ], [ -104.852705, 38.7705235 ], [ -104.8526349, 38.7704919 ], [ -104.8525394, 38.7704609 ], [ -104.85252, 38.7704471 ], [ -104.8524955, 38.7704122 ], [ -104.8524862, 38.7703806 ], [ -104.8524727, 38.7703114 ], [ -104.8524761, 38.7702706 ], [ -104.8524312, 38.7702021 ], [ -104.8524805, 38.7702213 ], [ -104.8525401, 38.7701918 ], [ -104.852561, 38.7700918 ], [ -104.8525684, 38.7699684 ], [ -104.8526679, 38.7699755 ], [ -104.8527642, 38.7699623 ], [ -104.8528039, 38.7699478 ], [ -104.8528132, 38.7700453 ], [ -104.8527963, 38.7701875 ], [ -104.8528009, 38.7702549 ], [ -104.8528194, 38.7703258 ], [ -104.8528764, 38.7704111 ], [ -104.8529735, 38.7705972 ] ] ] ] } },
{ "type": "Feature", "properties": { "full_id": "w580916519", "osm_id": "580916519", "osm_type": "way", "power": null, "year_of_construction": null, "building:levels": null, "disused:landuse": null, "contact:website": null, "leaf_type": null, "salt": null, "intermittent": null, "theatre:type": null, "motor_vehicle": null, "horse": null, "bicycle": null, "lit": null, "species:wikipedia": null, "species:wikidata": null, "bridge": null, "cuisine": null, "aerialway:summer:access": null, "aerialway:access": null, "aerialway": null, "shelter_type": null, "layer": null, "water": null, "sorting_name": null, "heritage": null, "alt_name": null, "opening_hours": null, "contact:facebook": null, "charge": null, "leisure": "playground", "website": null, "tourism": null, "start_date": null, "phone": null, "historic": null, "ele": null, "shop": null, "fee": null, "addr:street": null, "addr:state": null, "addr:postcode": null, "addr:housenumber": null, "addr:city": null, "animal": null, "building": null, "access": null, "surface": null, "parking": null, "amenity": null, "landuse": null, "golf": null, "natural": null, "barrier": null, "attraction": null, "highway": null, "wikipedia": null, "ref:US:USFS:proclaimed_forest_number": null, "protection_title": null, "protected_area": null, "protected": null, "protect_class": null, "ownership": null, "operator:wikipedia": null, "operator:wikidata": null, "operator:type": null, "operator:short": null, "operator": null, "gnis:feature_id": null, "wikidata": null, "type": null, "place": null, "name": null, "boundary": null, "admin_level": null }, "geometry": { "type": "MultiPolygon", "coordinates": [ [ [ [ -104.8559695, 38.7705834 ], [ -104.8559092, 38.7705328 ], [ -104.8558756, 38.7705328 ], [ -104.8558512, 38.7705463 ], [ -104.8558421, 38.7705677 ], [ -104.8558421, 38.7705859 ], [ -104.8558563, 38.7705954 ], [ -104.8558928, 38.7706169 ], [ -104.8559391, 38.7706072 ], [ -104.8559695, 38.7705834 ] ] ] ] } },
{ "type": "Feature", "properties": { "full_id": "w766357213", "osm_id": "766357213", "osm_type": "way", "power": null, "year_of_construction": null, "building:levels": null, "disused:landuse": null, "contact:website": null, "leaf_type": null, "salt": null, "intermittent": null, "theatre:type": null, "motor_vehicle": null, "horse": null, "bicycle": null, "lit": null, "species:wikipedia": null, "species:wikidata": null, "bridge": null, "cuisine": null, "aerialway:summer:access": null, "aerialway:access": null, "aerialway": null, "shelter_type": null, "layer": null, "water": null, "sorting_name": null, "heritage": null, "alt_name": null, "opening_hours": null, "contact:facebook": null, "charge": null, "leisure": null, "website": null, "tourism": null, "start_date": null, "phone": null, "historic": null, "ele": null, "shop": null, "fee": null, "addr:street": null, "addr:state": null, "addr:postcode": null, "addr:housenumber": null, "addr:city": null, "animal": null, "building": null, "access": null, "surface": null, "parking": null, "amenity": null, "landuse": "grass", "golf": null, "natural": null, "barrier": null, "attraction": null, "highway": null, "wikipedia": null, "ref:US:USFS:proclaimed_forest_number": null, "protection_title": null, "protected_area": null, "protected": null, "protect_class": null, "ownership": null, "operator:wikipedia": null, "operator:wikidata": null, "operator:type": null, "operator:short": null, "operator": null, "gnis:feature_id": null, "wikidata": null, "type": null, "place": null, "name": null, "boundary": null, "admin_level": null }, "geometry": { "type": "MultiPolygon", "coordinates": [ [ [ [ -104.8541776, 38.7719788 ], [ -104.8542395, 38.7720155 ], [ -104.8543114, 38.7720539 ], [ -104.8542606, 38.7719858 ], [ -104.8542455, 38.7719656 ], [ -104.8542011, 38.7719564 ], [ -104.8541776, 38.7719788 ] ] ] ] } },
{ "type": "Feature", "properties": { "full_id": "w766357208", "osm_id": "766357208", "osm_type": "way", "power": null, "year_of_construction": null, "building:levels": null, "disused:landuse": null, "contact:website": null, "leaf_type": null, "salt": null, "intermittent": null, "theatre:type": null, "motor_vehicle": null, "horse": null, "bicycle": null, "lit": null, "species:wikipedia": null, "species:wikidata": null, "bridge": null, "cuisine": null, "aerialway:summer:access": null, "aerialway:access": null, "aerialway": null, "shelter_type": null, "layer": null, "water": null, "sorting_name": null, "heritage": null, "alt_name": null, "opening_hours": null, "contact:facebook": null, "charge": null, "leisure": null, "website": null, "tourism": null, "start_date": null, "phone": null, "historic": null, "ele": null, "shop": null, "fee": null, "addr:street": null, "addr:state": null, "addr:postcode": null, "addr:housenumber": null, "addr:city": null, "animal": null, "building": null, "access": null, "surface": null, "parking": null, "amenity": null, "landuse": "grass", "golf": null, "natural": null, "barrier": null, "attraction": null, "highway": null, "wikipedia": null, "ref:US:USFS:proclaimed_forest_number": null, "protection_title": null, "protected_area": null, "protected": null, "protect_class": null, "ownership": null, "operator:wikipedia": null, "operator:wikidata": null, "operator:type": null, "operator:short": null, "operator": null, "gnis:feature_id": null, "wikidata": null, "type": null, "place": null, "name": null, "boundary": null, "admin_level": null }, "geometry": { "type": "MultiPolygon", "coordinates": [ [ [ [ -104.8544574, 38.7719175 ], [ -104.8544255, 38.7719201 ], [ -104.8544066, 38.7719126 ], [ -104.8543832, 38.7719136 ], [ -104.8543829, 38.7719 ], [ -104.8543975, 38.7718756 ], [ -104.8544403, 38.7719059 ], [ -104.8544574, 38.7719175 ] ] ] ] } },
{ "type": "Feature", "properties": { "full_id": "w766357207", "osm_id": "766357207", "osm_type": "way", "power": null, "year_of_construction": null, "building:levels": null, "disused:landuse": null, "contact:website": null, "leaf_type": null, "salt": null, "intermittent": null, "theatre:type": null, "motor_vehicle": null, "horse": null, "bicycle": null, "lit": null, "species:wikipedia": null, "species:wikidata": null, "bridge": null, "cuisine": null, "aerialway:summer:access": null, "aerialway:access": null, "aerialway": null, "shelter_type": null, "layer": null, "water": null, "sorting_name": null, "heritage": null, "alt_name": null, "opening_hours": null, "contact:facebook": null, "charge": null, "leisure": null, "website": null, "tourism": null, "start_date": null, "phone": null, "historic": null, "ele": null, "shop": null, "fee": null, "addr:street": null, "addr:state": null, "addr:postcode": null, "addr:housenumber": null, "addr:city": null, "animal": null, "building": null, "access": null, "surface": null, "parking": null, "amenity": null, "landuse": "construction", "golf": null, "natural": null, "barrier": null, "attraction": null, "highway": null, "wikipedia": null, "ref:US:USFS:proclaimed_forest_number": null, "protection_title": null, "protected_area": null, "protected": null, "protect_class": null, "ownership": null, "operator:wikipedia": null, "operator:wikidata": null, "operator:type": null, "operator:short": null, "operator": null, "gnis:feature_id": null, "wikidata": null, "type": null, "place": null, "name": "Construction", "boundary": null, "admin_level": null }, "geometry": { "type": "MultiPolygon", "coordinates": [ [ [ [ -104.8529966, 38.7706537 ], [ -104.8530539, 38.7707699 ], [ -104.8530653, 38.7708189 ], [ -104.8529421, 38.7708487 ], [ -104.8528409, 38.7708564 ], [ -104.85279, 38.7707084 ], [ -104.8528273, 38.770701 ], [ -104.8528063, 38.770621 ], [ -104.8528335, 38.7706098 ], [ -104.8528705, 38.770594 ], [ -104.8529966, 38.7706537 ] ] ] ] } },
{ "type": "Feature", "properties": { "full_id": "w766357203", "osm_id": "766357203", "osm_type": "way", "power": null, "year_of_construction": null, "building:levels": null, "disused:landuse": null, "contact:website": null, "leaf_type": null, "salt": null, "intermittent": null, "theatre:type": null, "motor_vehicle": null, "horse": null, "bicycle": null, "lit": null, "species:wikipedia": null, "species:wikidata": null, "bridge": null, "cuisine": null, "aerialway:summer:access": null, "aerialway:access": null, "aerialway": null, "shelter_type": null, "layer": null, "water": null, "sorting_name": null, "heritage": null, "alt_name": null, "opening_hours": null, "contact:facebook": null, "charge": null, "leisure": null, "website": null, "tourism": null, "start_date": null, "phone": null, "historic": null, "ele": null, "shop": null, "fee": null, "addr:street": null, "addr:state": null, "addr:postcode": null, "addr:housenumber": null, "addr:city": null, "animal": null, "building": null, "access": null, "surface": null, "parking": null, "amenity": null, "landuse": null, "golf": null, "natural": "wood", "barrier": null, "attraction": null, "highway": null, "wikipedia": null, "ref:US:USFS:proclaimed_forest_number": null, "protection_title": null, "protected_area": null, "protected": null, "protect_class": null, "ownership": null, "operator:wikipedia": null, "operator:wikidata": null, "operator:type": null, "operator:short": null, "operator": null, "gnis:feature_id": null, "wikidata": null, "type": null, "place": null, "name": null, "boundary": null, "admin_level": null }, "geometry": { "type": "MultiPolygon", "coordinates": [ [ [ [ -104.852383, 38.770198 ], [ -104.852311, 38.7702237 ], [ -104.8523533, 38.7702705 ], [ -104.8523773, 38.7703438 ], [ -104.8523721, 38.770414 ], [ -104.8523711, 38.7704279 ], [ -104.8524075, 38.7704959 ], [ -104.8524851, 38.770596 ], [ -104.8525052, 38.7705996 ], [ -104.8525283, 38.7706213 ], [ -104.8525563, 38.7706489 ], [ -104.8526043, 38.7706092 ], [ -104.8526086, 38.770594 ], [ -104.8525951, 38.770565 ], [ -104.8526111, 38.7705459 ], [ -104.8526288, 38.7705433 ], [ -104.8526497, 38.770523 ], [ -104.8525603, 38.7705003 ], [ -104.8525187, 38.7704851 ], [ -104.8524887, 38.770463 ], [ -104.8524719, 38.7704506 ], [ -104.8524472, 38.770407 ], [ -104.8524269, 38.7703292 ], [ -104.8524286, 38.7702667 ], [ -104.8524227, 38.7702508 ], [ -104.852383, 38.770198 ] ] ] ] } },
{ "type": "Feature", "properties": { "full_id": "w766357217", "osm_id": "766357217", "osm_type": "way", "power": null, "year_of_construction": null, "building:levels": null, "disused:landuse": null, "contact:website": null, "leaf_type": null, "salt": null, "intermittent": null, "theatre:type": null, "motor_vehicle": null, "horse": null, "bicycle": null, "lit": null, "species:wikipedia": null, "species:wikidata": null, "bridge": null, "cuisine": null, "aerialway:summer:access": null, "aerialway:access": null, "aerialway": null, "shelter_type": null, "layer": null, "water": null, "sorting_name": null, "heritage": null, "alt_name": null, "opening_hours": null, "contact:facebook": null, "charge": null, "leisure": null, "website": null, "tourism": null, "start_date": null, "phone": null, "historic": null, "ele": null, "shop": null, "fee": null, "addr:street": null, "addr:state": null, "addr:postcode": null, "addr:housenumber": null, "addr:city": null, "animal": null, "building": null, "access": null, "surface": null, "parking": null, "amenity": null, "landuse": "grass", "golf": null, "natural": null, "barrier": null, "attraction": null, "highway": null, "wikipedia": null, "ref:US:USFS:proclaimed_forest_number": null, "protection_title": null, "protected_area": null, "protected": null, "protect_class": null, "ownership": null, "operator:wikipedia": null, "operator:wikidata": null, "operator:type": null, "operator:short": null, "operator": null, "gnis:feature_id": null, "wikidata": null, "type": null, "place": null, "name": null, "boundary": null, "admin_level": null }, "geometry": { "type": "MultiPolygon", "coordinates": [ [ [ [ -104.8542743, 38.772345 ], [ -104.8542686, 38.7723266 ], [ -104.8542236, 38.7723295 ], [ -104.8541784, 38.7723382 ], [ -104.8541596, 38.7723499 ], [ -104.854133, 38.7723742 ], [ -104.8541424, 38.7723789 ], [ -104.8541494, 38.7723735 ], [ -104.8541547, 38.7723698 ], [ -104.8541672, 38.7723606 ], [ -104.8541876, 38.7723513 ], [ -104.8542155, 38.7723443 ], [ -104.8542395, 38.7723426 ], [ -104.8542743, 38.772345 ] ] ] ] } },
{ "type": "Feature", "properties": { "full_id": "w766357216", "osm_id": "766357216", "osm_type": "way", "power": null, "year_of_construction": null, "building:levels": null, "disused:landuse": null, "contact:website": null, "leaf_type": null, "salt": null, "intermittent": null, "theatre:type": "amphi", "motor_vehicle": null, "horse": null, "bicycle": null, "lit": "yes", "species:wikipedia": null, "species:wikidata": null, "bridge": null, "cuisine": null, "aerialway:summer:access": null, "aerialway:access": null, "aerialway": null, "shelter_type": null, "layer": null, "water": null, "sorting_name": null, "heritage": null, "alt_name": null, "opening_hours": null, "contact:facebook": null, "charge": null, "leisure": null, "website": null, "tourism": null, "start_date": null, "phone": null, "historic": null, "ele": null, "shop": null, "fee": null, "addr:street": null, "addr:state": null, "addr:postcode": null, "addr:housenumber": null, "addr:city": null, "animal": null, "building": null, "access": null, "surface": null, "parking": null, "amenity": "theatre", "landuse": null, "golf": null, "natural": null, "barrier": null, "attraction": null, "highway": null, "wikipedia": null, "ref:US:USFS:proclaimed_forest_number": null, "protection_title": null, "protected_area": null, "protected": null, "protect_class": null, "ownership": null, "operator:wikipedia": null, "operator:wikidata": null, "operator:type": null, "operator:short": null, "operator": null, "gnis:feature_id": null, "wikidata": null, "type": null, "place": null, "name": "Elephant Demo Viewing Area", "boundary": null, "admin_level": null }, "geometry": { "type": "MultiPolygon", "coordinates": [ [ [ [ -104.8542236, 38.7723295 ], [ -104.8542686, 38.7723266 ], [ -104.8542634, 38.772294 ], [ -104.8542662, 38.772277 ], [ -104.8542497, 38.77227 ], [ -104.8542495, 38.7722486 ], [ -104.8542155, 38.7722397 ], [ -104.8541809, 38.7722471 ], [ -104.8541579, 38.772251 ], [ -104.8541378, 38.77227 ], [ -104.8541311, 38.7722985 ], [ -104.8541542, 38.77234 ], [ -104.8541596, 38.7723499 ], [ -104.8541784, 38.7723382 ], [ -104.8542236, 38.7723295 ] ] ] ] } },
{ "type": "Feature", "properties": { "full_id": "w766357215", "osm_id": "766357215", "osm_type": "way", "power": null, "year_of_construction": null, "building:levels": null, "disused:landuse": null, "contact:website": null, "leaf_type": null, "salt": null, "intermittent": null, "theatre:type": null, "motor_vehicle": "no", "horse": "no", "bicycle": "no", "lit": null, "species:wikipedia": null, "species:wikidata": null, "bridge": null, "cuisine": null, "aerialway:summer:access": null, "aerialway:access": null, "aerialway": null, "shelter_type": null, "layer": null, "water": null, "sorting_name": null, "heritage": null, "alt_name": null, "opening_hours": null, "contact:facebook": null, "charge": null, "leisure": null, "website": null, "tourism": null, "start_date": null, "phone": null, "historic": null, "ele": null, "shop": null, "fee": null, "addr:street": null, "addr:state": null, "addr:postcode": null, "addr:housenumber": null, "addr:city": null, "animal": null, "building": null, "access": "permit", "surface": "paved", "parking": null, "amenity": null, "landuse": null, "golf": null, "natural": null, "barrier": null, "attraction": null, "highway": "pedestrian", "wikipedia": null, "ref:US:USFS:proclaimed_forest_number": null, "protection_title": null, "protected_area": null, "protected": null, "protect_class": null, "ownership": null, "operator:wikipedia": null, "operator:wikidata": null, "operator:type": null, "operator:short": null, "operator": null, "gnis:feature_id": null, "wikidata": null, "type": null, "place": null, "name": null, "boundary": null, "admin_level": null }, "geometry": { "type": "MultiPolygon", "coordinates": [ [ [ [ -104.8543005, 38.7723804 ], [ -104.8543046, 38.7723517 ], [ -104.8542743, 38.772345 ], [ -104.8542395, 38.7723426 ], [ -104.8542155, 38.7723443 ], [ -104.8541876, 38.7723513 ], [ -104.8541672, 38.7723606 ], [ -104.8541547, 38.7723698 ], [ -104.8541494, 38.7723735 ], [ -104.8541424, 38.7723789 ], [ -104.8541316, 38.7723872 ], [ -104.8541119, 38.7724067 ], [ -104.854098, 38.7724204 ], [ -104.854151, 38.7724231 ], [ -104.85417, 38.7723999 ], [ -104.8542137, 38.7723821 ], [ -104.8542499, 38.7723753 ], [ -104.8543005, 38.7723804 ] ] ] ] } },
{ "type": "Feature", "properties": { "full_id": "w766357214", "osm_id": "766357214", "osm_type": "way", "power": null, "year_of_construction": null, "building:levels": null, "disused:landuse": null, "contact:website": null, "leaf_type": null, "salt": null, "intermittent": null, "theatre:type": null, "motor_vehicle": null, "horse": null, "bicycle": null, "lit": null, "species:wikipedia": null, "species:wikidata": null, "bridge": null, "cuisine": null, "aerialway:summer:access": null, "aerialway:access": null, "aerialway": null, "shelter_type": null, "layer": null, "water": null, "sorting_name": null, "heritage": null, "alt_name": null, "opening_hours": null, "contact:facebook": null, "charge": null, "leisure": null, "website": null, "tourism": null, "start_date": null, "phone": null, "historic": null, "ele": null, "shop": null, "fee": null, "addr:street": null, "addr:state": null, "addr:postcode": null, "addr:housenumber": null, "addr:city": null, "animal": null, "building": null, "access": null, "surface": null, "parking": null, "amenity": null, "landuse": null, "golf": null, "natural": "scrub", "barrier": "wall", "attraction": "animal", "highway": null, "wikipedia": null, "ref:US:USFS:proclaimed_forest_number": null, "protection_title": null, "protected_area": null, "protected": null, "protect_class": null, "ownership": null, "operator:wikipedia": null, "operator:wikidata": null, "operator:type": null, "operator:short": null, "operator": null, "gnis:feature_id": null, "wikidata": null, "type": null, "place": null, "name": "Meerkat", "boundary": null, "admin_level": null }, "geometry": { "type": "MultiPolygon", "coordinates": [ [ [ [ -104.85432, 38.77217 ], [ -104.8543095, 38.7721784 ], [ -104.854269, 38.7721783 ], [ -104.8542027, 38.7721464 ], [ -104.8542025, 38.7721085 ], [ -104.8543075, 38.7720984 ], [ -104.8543243, 38.7721137 ], [ -104.85432, 38.77217 ] ] ] ] } },
{ "type": "Feature", "properties": { "full_id": "w548999256", "osm_id": "548999256", "osm_type": "way", "power": null, "year_of_construction": null, "building:levels": null, "disused:landuse": null, "contact:website": null, "leaf_type": null, "salt": null, "intermittent": null, "theatre:type": null, "motor_vehicle": null, "horse": null, "bicycle": null, "lit": null, "species:wikipedia": null, "species:wikidata": null, "bridge": null, "cuisine": null, "aerialway:summer:access": null, "aerialway:access": null, "aerialway": null, "shelter_type": null, "layer": null, "water": "pond", "sorting_name": null, "heritage": null, "alt_name": null, "opening_hours": null, "contact:facebook": null, "charge": null, "leisure": null, "website": null, "tourism": null, "start_date": null, "phone": null, "historic": null, "ele": null, "shop": null, "fee": null, "addr:street": null, "addr:state": null, "addr:postcode": null, "addr:housenumber": null, "addr:city": null, "animal": null, "building": null, "access": null, "surface": null, "parking": null, "amenity": null, "landuse": null, "golf": null, "natural": "water", "barrier": null, "attraction": null, "highway": null, "wikipedia": null, "ref:US:USFS:proclaimed_forest_number": null, "protection_title": null, "protected_area": null, "protected": null, "protect_class": null, "ownership": null, "operator:wikipedia": null, "operator:wikidata": null, "operator:type": null, "operator:short": null, "operator": null, "gnis:feature_id": null, "wikidata": null, "type": null, "place": null, "name": null, "boundary": null, "admin_level": null }, "geometry": { "type": "MultiPolygon", "coordinates": [ [ [ [ -104.8547656, 38.7716778 ], [ -104.8547846, 38.7716845 ], [ -104.8548016, 38.7716786 ], [ -104.8548054, 38.7716682 ], [ -104.8547922, 38.7716571 ], [ -104.8547732, 38.7716482 ], [ -104.8547542, 38.7716475 ], [ -104.8547457, 38.7716542 ], [ -104.8547457, 38.7716667 ], [ -104.8547656, 38.7716778 ] ] ] ] } },
{ "type": "Feature", "properties": { "full_id": "w548999254", "osm_id": "548999254", "osm_type": "way", "power": null, "year_of_construction": null, "building:levels": null, "disused:landuse": null, "contact:website": null, "leaf_type": null, "salt": null, "intermittent": null, "theatre:type": null, "motor_vehicle": null, "horse": null, "bicycle": null, "lit": null, "species:wikipedia": null, "species:wikidata": null, "bridge": null, "cuisine": null, "aerialway:summer:access": null, "aerialway:access": null, "aerialway": null, "shelter_type": null, "layer": null, "water": null, "sorting_name": null, "heritage": null, "alt_name": null, "opening_hours": null, "contact:facebook": null, "charge": null, "leisure": null, "website": null, "tourism": null, "start_date": null, "phone": null, "historic": null, "ele": null, "shop": null, "fee": null, "addr:street": null, "addr:state": null, "addr:postcode": null, "addr:housenumber": null, "addr:city": null, "animal": null, "building": "yes", "access": null, "surface": null, "parking": null, "amenity": null, "landuse": null, "golf": null, "natural": null, "barrier": null, "attraction": null, "highway": null, "wikipedia": null, "ref:US:USFS:proclaimed_forest_number": null, "protection_title": null, "protected_area": null, "protected": null, "protect_class": null, "ownership": null, "operator:wikipedia": null, "operator:wikidata": null, "operator:type": null, "operator:short": null, "operator": null, "gnis:feature_id": null, "wikidata": null, "type": null, "place": null, "name": null, "boundary": null, "admin_level": null }, "geometry": { "type": "MultiPolygon", "coordinates": [ [ [ [ -104.8547869, 38.7715699 ], [ -104.8547255, 38.7716078 ], [ -104.8546844, 38.7715672 ], [ -104.8547459, 38.7715294 ], [ -104.8547869, 38.7715699 ] ] ] ] } },
{ "type": "Feature", "properties": { "full_id": "w548926683", "osm_id": "548926683", "osm_type": "way", "power": null, "year_of_construction": null, "building:levels": null, "disused:landuse": null, "contact:website": null, "leaf_type": null, "salt": null, "intermittent": null, "theatre:type": null, "motor_vehicle": null, "horse": null, "bicycle": null, "lit": null, "species:wikipedia": null, "species:wikidata": null, "bridge": null, "cuisine": null, "aerialway:summer:access": null, "aerialway:access": null, "aerialway": null, "shelter_type": null, "layer": null, "water": null, "sorting_name": null, "heritage": null, "alt_name": null, "opening_hours": null, "contact:facebook": null, "charge": null, "leisure": null, "website": null, "tourism": null, "start_date": null, "phone": null, "historic": null, "ele": null, "shop": null, "fee": null, "addr:street": null, "addr:state": null, "addr:postcode": null, "addr:housenumber": null, "addr:city": null, "animal": null, "building": null, "access": null, "surface": null, "parking": null, "amenity": null, "landuse": null, "golf": null, "natural": "wood", "barrier": null, "attraction": null, "highway": null, "wikipedia": null, "ref:US:USFS:proclaimed_forest_number": null, "protection_title": null, "protected_area": null, "protected": null, "protect_class": null, "ownership": null, "operator:wikipedia": null, "operator:wikidata": null, "operator:type": null, "operator:short": null, "operator": null, "gnis:feature_id": null, "wikidata": null, "type": null, "place": null, "name": null, "boundary": null, "admin_level": null }, "geometry": { "type": "MultiPolygon", "coordinates": [ [ [ [ -104.8551187, 38.7716539 ], [ -104.8550718, 38.77167 ], [ -104.8550563, 38.7716502 ], [ -104.8550863, 38.7716359 ], [ -104.8551187, 38.7716539 ] ] ] ] } },
{ "type": "Feature", "properties": { "full_id": "w548926681", "osm_id": "548926681", "osm_type": "way", "power": null, "year_of_construction": null, "building:levels": null, "disused:landuse": null, "contact:website": null, "leaf_type": null, "salt": null, "intermittent": null, "theatre:type": null, "motor_vehicle": null, "horse": null, "bicycle": null, "lit": null, "species:wikipedia": null, "species:wikidata": null, "bridge": null, "cuisine": null, "aerialway:summer:access": null, "aerialway:access": null, "aerialway": null, "shelter_type": null, "layer": null, "water": null, "sorting_name": null, "heritage": null, "alt_name": null, "opening_hours": null, "contact:facebook": null, "charge": null, "leisure": null, "website": null, "tourism": null, "start_date": null, "phone": null, "historic": null, "ele": null, "shop": null, "fee": null, "addr:street": null, "addr:state": null, "addr:postcode": null, "addr:housenumber": null, "addr:city": null, "animal": null, "building": null, "access": null, "surface": null, "parking": null, "amenity": null, "landuse": null, "golf": null, "natural": "wood", "barrier": null, "attraction": null, "highway": null, "wikipedia": null, "ref:US:USFS:proclaimed_forest_number": null, "protection_title": null, "protected_area": null, "protected": null, "protect_class": null, "ownership": null, "operator:wikipedia": null, "operator:wikidata": null, "operator:type": null, "operator:short": null, "operator": null, "gnis:feature_id": null, "wikidata": null, "type": null, "place": null, "name": null, "boundary": null, "admin_level": null }, "geometry": { "type": "MultiPolygon", "coordinates": [ [ [ [ -104.855248, 38.7719204 ], [ -104.8551706, 38.7719204 ], [ -104.8550929, 38.7719082 ], [ -104.8550563, 38.7718741 ], [ -104.855033, 38.7718522 ], [ -104.8550104, 38.7718431 ], [ -104.8549799, 38.7718296 ], [ -104.854884, 38.771792 ], [ -104.8548917, 38.7717712 ], [ -104.8548989, 38.7717519 ], [ -104.8549133, 38.7717489 ], [ -104.8550989, 38.7718564 ], [ -104.8551977, 38.7719099 ], [ -104.855248, 38.7719204 ] ] ] ] } },
{ "type": "Feature", "properties": { "full_id": "w556328078", "osm_id": "556328078", "osm_type": "way", "power": null, "year_of_construction": null, "building:levels": null, "disused:landuse": null, "contact:website": null, "leaf_type": null, "salt": null, "intermittent": null, "theatre:type": null, "motor_vehicle": null, "horse": null, "bicycle": null, "lit": null, "species:wikipedia": null, "species:wikidata": null, "bridge": null, "cuisine": null, "aerialway:summer:access": null, "aerialway:access": null, "aerialway": null, "shelter_type": null, "layer": null, "water": null, "sorting_name": null, "heritage": null, "alt_name": null, "opening_hours": null, "contact:facebook": null, "charge": null, "leisure": null, "website": null, "tourism": null, "start_date": null, "phone": null, "historic": null, "ele": null, "shop": null, "fee": null, "addr:street": null, "addr:state": null, "addr:postcode": null, "addr:housenumber": null, "addr:city": null, "animal": null, "building": null, "access": null, "surface": "paved", "parking": null, "amenity": null, "landuse": null, "golf": null, "natural": null, "barrier": null, "attraction": null, "highway": "pedestrian", "wikipedia": null, "ref:US:USFS:proclaimed_forest_number": null, "protection_title": null, "protected_area": null, "protected": null, "protect_class": null, "ownership": null, "operator:wikipedia": null, "operator:wikidata": null, "operator:type": null, "operator:short": null, "operator": null, "gnis:feature_id": null, "wikidata": null, "type": null, "place": null, "name": null, "boundary": null, "admin_level": null }, "geometry": { "type": "MultiPolygon", "coordinates": [ [ [ [ -104.8543829, 38.7719 ], [ -104.8543832, 38.7719136 ], [ -104.8544066, 38.7719126 ], [ -104.8544255, 38.7719201 ], [ -104.8544574, 38.7719175 ], [ -104.8544874, 38.771935 ], [ -104.854457, 38.771935 ], [ -104.8544313, 38.771943 ], [ -104.8544179, 38.7719401 ], [ -104.8543874, 38.771931 ], [ -104.8543629, 38.7719402 ], [ -104.8543504, 38.7719576 ], [ -104.8543506, 38.7719766 ], [ -104.8543649, 38.7719995 ], [ -104.8543977, 38.7720248 ], [ -104.8544027, 38.7720287 ], [ -104.8544136, 38.7720459 ], [ -104.854415, 38.7720669 ], [ -104.854399, 38.7720883 ], [ -104.8543894, 38.7721041 ], [ -104.8543907, 38.7721225 ], [ -104.8544005, 38.7721358 ], [ -104.8544134, 38.77215 ], [ -104.8544092, 38.7721606 ], [ -104.854387, 38.7721687 ], [ -104.8543809, 38.7721799 ], [ -104.8543869, 38.7721945 ], [ -104.8543759, 38.7722263 ], [ -104.8544, 38.7722713 ], [ -104.8544376, 38.7722966 ], [ -104.8544876, 38.7723052 ], [ -104.8545316, 38.7723102 ], [ -104.8545294, 38.7723249 ], [ -104.8545211, 38.7723617 ], [ -104.8544605, 38.7723389 ], [ -104.8544203, 38.7723537 ], [ -104.8544167, 38.7723641 ], [ -104.8544027, 38.7723811 ], [ -104.8544027, 38.7723965 ], [ -104.8543683, 38.772395 ], [ -104.8543516, 38.7723777 ], [ -104.8543615, 38.7723496 ], [ -104.8543732, 38.7723165 ], [ -104.8543516, 38.7722894 ], [ -104.8543261, 38.7722478 ], [ -104.8543198, 38.7722376 ], [ -104.8543155, 38.772218 ], [ -104.8543131, 38.7722018 ], [ -104.8543113, 38.7721902 ], [ -104.8543095, 38.7721784 ], [ -104.85432, 38.77217 ], [ -104.8543243, 38.7721137 ], [ -104.8543075, 38.7720984 ], [ -104.8542025, 38.7721085 ], [ -104.8541535, 38.7721096 ], [ -104.8542395, 38.7720155 ], [ -104.8543114, 38.7720539 ], [ -104.8542606, 38.7719858 ], [ -104.8542455, 38.7719656 ], [ -104.854294, 38.7719146 ], [ -104.8543165, 38.771913 ], [ -104.8543358, 38.771903 ], [ -104.8543562, 38.7718713 ], [ -104.8543543, 38.7718415 ], [ -104.8543975, 38.7718756 ], [ -104.8543829, 38.7719 ] ] ] ] } },
{ "type": "Feature", "properties": { "full_id": "w556327598", "osm_id": "556327598", "osm_type": "way", "power": null, "year_of_construction": null, "building:levels": null, "disused:landuse": null, "contact:website": null, "leaf_type": null, "salt": null, "intermittent": null, "theatre:type": null, "motor_vehicle": null, "horse": null, "bicycle": null, "lit": null, "species:wikipedia": null, "species:wikidata": null, "bridge": null, "cuisine": null, "aerialway:summer:access": null, "aerialway:access": null, "aerialway": null, "shelter_type": null, "layer": null, "water": null, "sorting_name": null, "heritage": null, "alt_name": null, "opening_hours": null, "contact:facebook": null, "charge": null, "leisure": null, "website": null, "tourism": null, "start_date": null, "phone": null, "historic": null, "ele": null, "shop": null, "fee": null, "addr:street": null, "addr:state": null, "addr:postcode": null, "addr:housenumber": null, "addr:city": null, "animal": null, "building": null, "access": null, "surface": "paved", "parking": null, "amenity": null, "landuse": null, "golf": null, "natural": null, "barrier": null, "attraction": null, "highway": "pedestrian", "wikipedia": null, "ref:US:USFS:proclaimed_forest_number": null, "protection_title": null, "protected_area": null, "protected": null, "protect_class": null, "ownership": null, "operator:wikipedia": null, "operator:wikidata": null, "operator:type": null, "operator:short": null, "operator": null, "gnis:feature_id": null, "wikidata": null, "type": null, "place": null, "name": null, "boundary": null, "admin_level": null }, "geometry": { "type": "MultiPolygon", "coordinates": [ [ [ [ -104.8549918, 38.7714002 ], [ -104.8550105, 38.771366 ], [ -104.8550105, 38.7712782 ], [ -104.8549877, 38.7712155 ], [ -104.8549635, 38.7711872 ], [ -104.8549297, 38.7711917 ], [ -104.854955, 38.7712273 ], [ -104.8549151, 38.7712445 ], [ -104.8549918, 38.7714002 ] ] ] ] } },
{ "type": "Feature", "properties": { "full_id": "w556327597", "osm_id": "556327597", "osm_type": "way", "power": null, "year_of_construction": null, "building:levels": null, "disused:landuse": null, "contact:website": null, "leaf_type": null, "salt": null, "intermittent": null, "theatre:type": null, "motor_vehicle": null, "horse": null, "bicycle": null, "lit": null, "species:wikipedia": null, "species:wikidata": null, "bridge": null, "cuisine": null, "aerialway:summer:access": null, "aerialway:access": null, "aerialway": null, "shelter_type": null, "layer": null, "water": null, "sorting_name": null, "heritage": null, "alt_name": null, "opening_hours": null, "contact:facebook": null, "charge": null, "leisure": null, "website": null, "tourism": null, "start_date": null, "phone": null, "historic": null, "ele": null, "shop": null, "fee": null, "addr:street": null, "addr:state": null, "addr:postcode": null, "addr:housenumber": null, "addr:city": null, "animal": null, "building": "yes", "access": null, "surface": null, "parking": null, "amenity": "shelter", "landuse": null, "golf": null, "natural": null, "barrier": null, "attraction": null, "highway": null, "wikipedia": null, "ref:US:USFS:proclaimed_forest_number": null, "protection_title": null, "protected_area": null, "protected": null, "protect_class": null, "ownership": null, "operator:wikipedia": null, "operator:wikidata": null, "operator:type": null, "operator:short": null, "operator": null, "gnis:feature_id": null, "wikidata": null, "type": null, "place": null, "name": null, "boundary": null, "admin_level": null }, "geometry": { "type": "MultiPolygon", "coordinates": [ [ [ [ -104.8541776, 38.7719788 ], [ -104.8542395, 38.7720155 ], [ -104.8541721, 38.7720917 ], [ -104.8541535, 38.7721096 ], [ -104.8540852, 38.7720734 ], [ -104.8541776, 38.7719788 ] ] ] ] } },
{ "type": "Feature", "properties": { "full_id": "w548999810", "osm_id": "548999810", "osm_type": "way", "power": null, "year_of_construction": null, "building:levels": null, "disused:landuse": null, "contact:website": null, "leaf_type": null, "salt": null, "intermittent": null, "theatre:type": null, "motor_vehicle": null, "horse": null, "bicycle": null, "lit": null, "species:wikipedia": null, "species:wikidata": null, "bridge": null, "cuisine": null, "aerialway:summer:access": null, "aerialway:access": null, "aerialway": null, "shelter_type": null, "layer": null, "water": null, "sorting_name": null, "heritage": null, "alt_name": null, "opening_hours": null, "contact:facebook": null, "charge": null, "leisure": null, "website": null, "tourism": null, "start_date": null, "phone": null, "historic": null, "ele": null, "shop": null, "fee": null, "addr:street": null, "addr:state": null, "addr:postcode": null, "addr:housenumber": null, "addr:city": null, "animal": null, "building": null, "access": null, "surface": null, "parking": null, "amenity": null, "landuse": null, "golf": null, "natural": "wood", "barrier": null, "attraction": null, "highway": null, "wikipedia": null, "ref:US:USFS:proclaimed_forest_number": null, "protection_title": null, "protected_area": null, "protected": null, "protect_class": null, "ownership": null, "operator:wikipedia": null, "operator:wikidata": null, "operator:type": null, "operator:short": null, "operator": null, "gnis:feature_id": null, "wikidata": null, "type": null, "place": null, "name": null, "boundary": null, "admin_level": null }, "geometry": { "type": "MultiPolygon", "coordinates": [ [ [ [ -104.8549133, 38.7717489 ], [ -104.8548989, 38.7717519 ], [ -104.8548813, 38.771748 ], [ -104.854692, 38.7717054 ], [ -104.8546873, 38.7716422 ], [ -104.8546522, 38.7715874 ], [ -104.8546315, 38.7715688 ], [ -104.8546046, 38.7715505 ], [ -104.854622, 38.7715071 ], [ -104.8547233, 38.7714951 ], [ -104.8547513, 38.7714781 ], [ -104.8547778, 38.7714404 ], [ -104.8547832, 38.7714327 ], [ -104.8548215, 38.771286 ], [ -104.8548072, 38.7712412 ], [ -104.8547785, 38.7711878 ], [ -104.8547423, 38.7711903 ], [ -104.8546894, 38.7711152 ], [ -104.8546559, 38.7710736 ], [ -104.8546072, 38.771035 ], [ -104.8547481, 38.771127 ], [ -104.8547811, 38.7711627 ], [ -104.8548893, 38.7713052 ], [ -104.854821, 38.7713549 ], [ -104.8547859, 38.7714777 ], [ -104.8547906, 38.7715095 ], [ -104.8548148, 38.7715343 ], [ -104.8548264, 38.7715518 ], [ -104.8547869, 38.7715699 ], [ -104.8547459, 38.7715294 ], [ -104.8546844, 38.7715672 ], [ -104.8547255, 38.7716078 ], [ -104.854703, 38.7716342 ], [ -104.854703, 38.7716675 ], [ -104.8547296, 38.771697 ], [ -104.8549133, 38.7717489 ] ] ] ] } },
{ "type": "Feature", "properties": { "full_id": "w575386314", "osm_id": "575386314", "osm_type": "way", "power": null, "year_of_construction": null, "building:levels": null, "disused:landuse": null, "contact:website": null, "leaf_type": null, "salt": null, "intermittent": null, "theatre:type": null, "motor_vehicle": null, "horse": null, "bicycle": null, "lit": null, "species:wikipedia": null, "species:wikidata": null, "bridge": null, "cuisine": null, "aerialway:summer:access": null, "aerialway:access": null, "aerialway": null, "shelter_type": null, "layer": null, "water": null, "sorting_name": null, "heritage": null, "alt_name": null, "opening_hours": null, "contact:facebook": null, "charge": null, "leisure": null, "website": null, "tourism": null, "start_date": null, "phone": null, "historic": null, "ele": null, "shop": null, "fee": null, "addr:street": null, "addr:state": null, "addr:postcode": null, "addr:housenumber": null, "addr:city": null, "animal": null, "building": null, "access": null, "surface": null, "parking": null, "amenity": null, "landuse": "forest", "golf": null, "natural": null, "barrier": "fence", "attraction": "animal", "highway": null, "wikipedia": null, "ref:US:USFS:proclaimed_forest_number": null, "protection_title": null, "protected_area": null, "protected": null, "protect_class": null, "ownership": null, "operator:wikipedia": null, "operator:wikidata": null, "operator:type": null, "operator:short": null, "operator": null, "gnis:feature_id": null, "wikidata": null, "type": null, "place": null, "name": "Mexican Gray Wolf", "boundary": null, "admin_level": null }, "geometry": { "type": "MultiPolygon", "coordinates": [ [ [ [ -104.8539783, 38.7694172 ], [ -104.85431, 38.7694657 ], [ -104.8543456, 38.7694281 ], [ -104.8542785, 38.7692906 ], [ -104.8541421, 38.7690943 ], [ -104.8540225, 38.7690436 ], [ -104.8537728, 38.7690289 ], [ -104.8536742, 38.7690616 ], [ -104.8535944, 38.7691401 ], [ -104.8536889, 38.7692399 ], [ -104.8539097, 38.7693647 ], [ -104.8539407, 38.7693689 ], [ -104.8539743, 38.7693941 ], [ -104.8539783, 38.7694172 ] ] ] ] } },
{ "type": "Feature", "properties": { "full_id": "w556328973", "osm_id": "556328973", "osm_type": "way", "power": null, "year_of_construction": null, "building:levels": null, "disused:landuse": null, "contact:website": null, "leaf_type": null, "salt": null, "intermittent": null, "theatre:type": null, "motor_vehicle": null, "horse": null, "bicycle": null, "lit": null, "species:wikipedia": null, "species:wikidata": null, "bridge": null, "cuisine": null, "aerialway:summer:access": null, "aerialway:access": null, "aerialway": null, "shelter_type": null, "layer": null, "water": null, "sorting_name": null, "heritage": null, "alt_name": null, "opening_hours": null, "contact:facebook": null, "charge": null, "leisure": null, "website": null, "tourism": null, "start_date": null, "phone": null, "historic": null, "ele": null, "shop": null, "fee": null, "addr:street": null, "addr:state": null, "addr:postcode": null, "addr:housenumber": null, "addr:city": null, "animal": null, "building": null, "access": null, "surface": "paved", "parking": null, "amenity": null, "landuse": null, "golf": null, "natural": null, "barrier": null, "attraction": null, "highway": "pedestrian", "wikipedia": null, "ref:US:USFS:proclaimed_forest_number": null, "protection_title": null, "protected_area": null, "protected": null, "protect_class": null, "ownership": null, "operator:wikipedia": null, "operator:wikidata": null, "operator:type": null, "operator:short": null, "operator": null, "gnis:feature_id": null, "wikidata": null, "type": null, "place": null, "name": null, "boundary": null, "admin_level": null }, "geometry": { "type": "MultiPolygon", "coordinates": [ [ [ [ -104.8560678, 38.7706763 ], [ -104.8560609, 38.770689 ], [ -104.8560421, 38.7706884 ], [ -104.856024, 38.7706927 ], [ -104.8560094, 38.770701 ], [ -104.8559989, 38.7707124 ], [ -104.8559684, 38.7707004 ], [ -104.8559222, 38.7706951 ], [ -104.8559019, 38.770696 ], [ -104.8558692, 38.7707109 ], [ -104.8558455, 38.7707391 ], [ -104.8557163, 38.7706971 ], [ -104.8557259, 38.770616 ], [ -104.8557214, 38.7705676 ], [ -104.8556842, 38.7705527 ], [ -104.8556425, 38.7705527 ], [ -104.8556639, 38.7705069 ], [ -104.8557113, 38.7704603 ], [ -104.8557519, 38.7704384 ], [ -104.8557744, 38.7704683 ], [ -104.8558184, 38.7704911 ], [ -104.8558489, 38.7704999 ], [ -104.8558421, 38.7705245 ], [ -104.8558286, 38.7705324 ], [ -104.8557936, 38.7705307 ], [ -104.8557733, 38.7705448 ], [ -104.8557677, 38.7705808 ], [ -104.8557575, 38.7705931 ], [ -104.8557485, 38.7706142 ], [ -104.8557474, 38.7706494 ], [ -104.8557718, 38.7706621 ], [ -104.8557733, 38.7706674 ], [ -104.8557826, 38.7706796 ], [ -104.8557965, 38.7706887 ], [ -104.8558133, 38.770694 ], [ -104.8558323, 38.7706947 ], [ -104.8558504, 38.7706904 ], [ -104.8558657, 38.7706817 ], [ -104.8558764, 38.7706695 ], [ -104.8558813, 38.7706552 ], [ -104.8558797, 38.7706405 ], [ -104.855872, 38.770627 ], [ -104.8558928, 38.7706169 ], [ -104.8559391, 38.7706072 ], [ -104.8559594, 38.7705905 ], [ -104.8559695, 38.7705834 ], [ -104.8559985, 38.7705852 ], [ -104.8560678, 38.7706763 ] ] ] ] } },
{ "type": "Feature", "properties": { "full_id": "w556328972", "osm_id": "556328972", "osm_type": "way", "power": null, "year_of_construction": null, "building:levels": null, "disused:landuse": null, "contact:website": null, "leaf_type": null, "salt": null, "intermittent": null, "theatre:type": null, "motor_vehicle": null, "horse": null, "bicycle": null, "lit": null, "species:wikipedia": null, "species:wikidata": null, "bridge": null, "cuisine": null, "aerialway:summer:access": null, "aerialway:access": null, "aerialway": null, "shelter_type": null, "layer": null, "water": null, "sorting_name": null, "heritage": null, "alt_name": null, "opening_hours": null, "contact:facebook": null, "charge": null, "leisure": null, "website": null, "tourism": null, "start_date": null, "phone": null, "historic": null, "ele": null, "shop": null, "fee": null, "addr:street": null, "addr:state": null, "addr:postcode": null, "addr:housenumber": null, "addr:city": null, "animal": null, "building": null, "access": null, "surface": "paved", "parking": null, "amenity": null, "landuse": null, "golf": null, "natural": null, "barrier": null, "attraction": null, "highway": "pedestrian", "wikipedia": null, "ref:US:USFS:proclaimed_forest_number": null, "protection_title": null, "protected_area": null, "protected": null, "protect_class": null, "ownership": null, "operator:wikipedia": null, "operator:wikidata": null, "operator:type": null, "operator:short": null, "operator": null, "gnis:feature_id": null, "wikidata": null, "type": null, "place": null, "name": null, "boundary": null, "admin_level": null }, "geometry": { "type": "MultiPolygon", "coordinates": [ [ [ [ -104.8558195, 38.7701254 ], [ -104.8559244, 38.7701043 ], [ -104.8559763, 38.7701227 ], [ -104.8560045, 38.7701509 ], [ -104.8560045, 38.7701799 ], [ -104.8559797, 38.7702142 ], [ -104.8558737, 38.7703724 ], [ -104.8558624, 38.7704217 ], [ -104.855824, 38.7704234 ], [ -104.8558229, 38.770332 ], [ -104.8558421, 38.7702731 ], [ -104.8558455, 38.7702309 ], [ -104.8558195, 38.7701254 ] ] ] ] } },
{ "type": "Feature", "properties": { "full_id": "w556328080", "osm_id": "556328080", "osm_type": "way", "power": null, "year_of_construction": null, "building:levels": null, "disused:landuse": null, "contact:website": null, "leaf_type": null, "salt": null, "intermittent": null, "theatre:type": null, "motor_vehicle": null, "horse": null, "bicycle": null, "lit": null, "species:wikipedia": null, "species:wikidata": null, "bridge": "yes", "cuisine": null, "aerialway:summer:access": null, "aerialway:access": null, "aerialway": null, "shelter_type": null, "layer": "1", "water": null, "sorting_name": null, "heritage": null, "alt_name": null, "opening_hours": null, "contact:facebook": null, "charge": null, "leisure": null, "website": null, "tourism": null, "start_date": null, "phone": null, "historic": null, "ele": null, "shop": null, "fee": null, "addr:street": null, "addr:state": null, "addr:postcode": null, "addr:housenumber": null, "addr:city": null, "animal": null, "building": null, "access": null, "surface": null, "parking": null, "amenity": null, "landuse": null, "golf": null, "natural": null, "barrier": null, "attraction": null, "highway": "pedestrian", "wikipedia": null, "ref:US:USFS:proclaimed_forest_number": null, "protection_title": null, "protected_area": null, "protected": null, "protect_class": null, "ownership": null, "operator:wikipedia": null, "operator:wikidata": null, "operator:type": null, "operator:short": null, "operator": null, "gnis:feature_id": null, "wikidata": null, "type": null, "place": null, "name": null, "boundary": null, "admin_level": null }, "geometry": { "type": "MultiPolygon", "coordinates": [ [ [ [ -104.8544027, 38.7723965 ], [ -104.8544041, 38.7725567 ], [ -104.8546629, 38.7726853 ], [ -104.8549874, 38.7730377 ], [ -104.8550569, 38.7730439 ], [ -104.8550551, 38.7730711 ], [ -104.8549679, 38.7730661 ], [ -104.8546808, 38.7727627 ], [ -104.8546561, 38.7727752 ], [ -104.854609, 38.7727229 ], [ -104.8546345, 38.772708 ], [ -104.8543953, 38.7725849 ], [ -104.8543698, 38.7725818 ], [ -104.8543683, 38.772395 ], [ -104.8544027, 38.7723965 ] ] ] ] } },
{ "type": "Feature", "properties": { "full_id": "w575386318", "osm_id": "575386318", "osm_type": "way", "power": null, "year_of_construction": null, "building:levels": null, "disused:landuse": null, "contact:website": null, "leaf_type": null, "salt": null, "intermittent": null, "theatre:type": null, "motor_vehicle": null, "horse": null, "bicycle": null, "lit": null, "species:wikipedia": null, "species:wikidata": null, "bridge": null, "cuisine": null, "aerialway:summer:access": null, "aerialway:access": null, "aerialway": null, "shelter_type": null, "layer": null, "water": null, "sorting_name": null, "heritage": null, "alt_name": null, "opening_hours": null, "contact:facebook": null, "charge": null, "leisure": null, "website": null, "tourism": null, "start_date": null, "phone": null, "historic": null, "ele": null, "shop": null, "fee": null, "addr:street": null, "addr:state": null, "addr:postcode": null, "addr:housenumber": null, "addr:city": null, "animal": null, "building": null, "access": null, "surface": null, "parking": null, "amenity": null, "landuse": "forest", "golf": null, "natural": null, "barrier": "fence", "attraction": "animal", "highway": null, "wikipedia": null, "ref:US:USFS:proclaimed_forest_number": null, "protection_title": null, "protected_area": null, "protected": null, "protect_class": null, "ownership": null, "operator:wikipedia": null, "operator:wikidata": null, "operator:type": null, "operator:short": null, "operator": null, "gnis:feature_id": null, "wikidata": null, "type": null, "place": null, "name": "Mountain Lion", "boundary": null, "admin_level": null }, "geometry": { "type": "MultiPolygon", "coordinates": [ [ [ [ -104.8541591, 38.7695403 ], [ -104.8542062, 38.7694916 ], [ -104.8543509, 38.7695014 ], [ -104.8544377, 38.7696551 ], [ -104.8544087, 38.7697383 ], [ -104.8543563, 38.7697736 ], [ -104.8543256, 38.7697919 ], [ -104.8542451, 38.769749 ], [ -104.8542731, 38.7697256 ], [ -104.854233, 38.7695948 ], [ -104.8541591, 38.7695403 ] ] ] ] } },
{ "type": "Feature", "properties": { "full_id": "w575386317", "osm_id": "575386317", "osm_type": "way", "power": null, "year_of_construction": null, "building:levels": null, "disused:landuse": null, "contact:website": null, "leaf_type": null, "salt": null, "intermittent": null, "theatre:type": null, "motor_vehicle": null, "horse": null, "bicycle": null, "lit": null, "species:wikipedia": null, "species:wikidata": null, "bridge": null, "cuisine": null, "aerialway:summer:access": null, "aerialway:access": null, "aerialway": null, "shelter_type": null, "layer": null, "water": null, "sorting_name": null, "heritage": null, "alt_name": null, "opening_hours": null, "contact:facebook": null, "charge": null, "leisure": null, "website": null, "tourism": null, "start_date": null, "phone": null, "historic": null, "ele": null, "shop": null, "fee": null, "addr:street": null, "addr:state": null, "addr:postcode": null, "addr:housenumber": null, "addr:city": null, "animal": null, "building": "yes", "access": null, "surface": null, "parking": null, "amenity": "shelter", "landuse": null, "golf": null, "natural": null, "barrier": null, "attraction": null, "highway": null, "wikipedia": null, "ref:US:USFS:proclaimed_forest_number": null, "protection_title": null, "protected_area": null, "protected": null, "protect_class": null, "ownership": null, "operator:wikipedia": null, "operator:wikidata": null, "operator:type": null, "operator:short": null, "operator": null, "gnis:feature_id": null, "wikidata": null, "type": null, "place": null, "name": null, "boundary": null, "admin_level": null }, "geometry": { "type": "MultiPolygon", "coordinates": [ [ [ [ -104.8542451, 38.769749 ], [ -104.8542731, 38.7697256 ], [ -104.854233, 38.7695948 ], [ -104.8541962, 38.7696836 ], [ -104.8542037, 38.7697194 ], [ -104.8542451, 38.769749 ] ] ] ] } },
{ "type": "Feature", "properties": { "full_id": "w575386316", "osm_id": "575386316", "osm_type": "way", "power": null, "year_of_construction": null, "building:levels": null, "disused:landuse": null, "contact:website": null, "leaf_type": null, "salt": null, "intermittent": null, "theatre:type": null, "motor_vehicle": null, "horse": null, "bicycle": null, "lit": null, "species:wikipedia": null, "species:wikidata": null, "bridge": "yes", "cuisine": null, "aerialway:summer:access": null, "aerialway:access": null, "aerialway": null, "shelter_type": null, "layer": "1", "water": null, "sorting_name": null, "heritage": null, "alt_name": null, "opening_hours": null, "contact:facebook": null, "charge": null, "leisure": null, "website": null, "tourism": null, "start_date": null, "phone": null, "historic": null, "ele": null, "shop": null, "fee": null, "addr:street": null, "addr:state": null, "addr:postcode": null, "addr:housenumber": null, "addr:city": null, "animal": null, "building": null, "access": null, "surface": "paved", "parking": null, "amenity": null, "landuse": null, "golf": null, "natural": null, "barrier": null, "attraction": null, "highway": "pedestrian", "wikipedia": null, "ref:US:USFS:proclaimed_forest_number": null, "protection_title": null, "protected_area": null, "protected": null, "protect_class": null, "ownership": null, "operator:wikipedia": null, "operator:wikidata": null, "operator:type": null, "operator:short": null, "operator": null, "gnis:feature_id": null, "wikidata": null, "type": null, "place": null, "name": null, "boundary": null, "admin_level": null }, "geometry": { "type": "MultiPolygon", "coordinates": [ [ [ [ -104.8538734, 38.7699011 ], [ -104.8538243, 38.7699083 ], [ -104.8537902, 38.7697869 ], [ -104.8538401, 38.7697861 ], [ -104.8538734, 38.7699011 ] ] ] ] } },
{ "type": "Feature", "properties": { "full_id": "w575386315", "osm_id": "575386315", "osm_type": "way", "power": null, "year_of_construction": null, "building:levels": null, "disused:landuse": null, "contact:website": null, "leaf_type": null, "salt": null, "intermittent": null, "theatre:type": null, "motor_vehicle": null, "horse": null, "bicycle": null, "lit": null, "species:wikipedia": null, "species:wikidata": null, "bridge": "yes", "cuisine": null, "aerialway:summer:access": null, "aerialway:access": null, "aerialway": null, "shelter_type": null, "layer": "1", "water": null, "sorting_name": null, "heritage": null, "alt_name": null, "opening_hours": null, "contact:facebook": null, "charge": null, "leisure": null, "website": null, "tourism": null, "start_date": null, "phone": null, "historic": null, "ele": null, "shop": null, "fee": null, "addr:street": null, "addr:state": null, "addr:postcode": null, "addr:housenumber": null, "addr:city": null, "animal": null, "building": null, "access": null, "surface": "paved", "parking": null, "amenity": null, "landuse": null, "golf": null, "natural": null, "barrier": null, "attraction": null, "highway": "pedestrian", "wikipedia": null, "ref:US:USFS:proclaimed_forest_number": null, "protection_title": null, "protected_area": null, "protected": null, "protect_class": null, "ownership": null, "operator:wikipedia": null, "operator:wikidata": null, "operator:type": null, "operator:short": null, "operator": null, "gnis:feature_id": null, "wikidata": null, "type": null, "place": null, "name": null, "boundary": null, "admin_level": null }, "geometry": { "type": "MultiPolygon", "coordinates": [ [ [ [ -104.8545731, 38.7706757 ], [ -104.8546813, 38.770805 ], [ -104.8546379, 38.7708243 ], [ -104.8545298, 38.7706946 ], [ -104.8545731, 38.7706757 ] ] ] ] } },
{ "type": "Feature", "properties": { "full_id": "w548894992", "osm_id": "548894992", "osm_type": "way", "power": null, "year_of_construction": null, "building:levels": null, "disused:landuse": null, "contact:website": null, "leaf_type": null, "salt": null, "intermittent": null, "theatre:type": null, "motor_vehicle": null, "horse": null, "bicycle": null, "lit": null, "species:wikipedia": null, "species:wikidata": null, "bridge": null, "cuisine": null, "aerialway:summer:access": null, "aerialway:access": null, "aerialway": null, "shelter_type": null, "layer": null, "water": null, "sorting_name": null, "heritage": null, "alt_name": null, "opening_hours": null, "contact:facebook": null, "charge": null, "leisure": null, "website": null, "tourism": null, "start_date": null, "phone": null, "historic": null, "ele": null, "shop": null, "fee": null, "addr:street": null, "addr:state": null, "addr:postcode": null, "addr:housenumber": null, "addr:city": null, "animal": null, "building": null, "access": null, "surface": null, "parking": null, "amenity": null, "landuse": null, "golf": null, "natural": "wood", "barrier": null, "attraction": null, "highway": null, "wikipedia": null, "ref:US:USFS:proclaimed_forest_number": null, "protection_title": null, "protected_area": null, "protected": null, "protect_class": null, "ownership": null, "operator:wikipedia": null, "operator:wikidata": null, "operator:type": null, "operator:short": null, "operator": null, "gnis:feature_id": null, "wikidata": null, "type": null, "place": null, "name": null, "boundary": null, "admin_level": null }, "geometry": { "type": "MultiPolygon", "coordinates": [ [ [ [ -104.8545796, 38.7713253 ], [ -104.8545165, 38.7713077 ], [ -104.8544815, 38.7712919 ], [ -104.8544505, 38.7712633 ], [ -104.8544195, 38.7712273 ], [ -104.8543783, 38.7711416 ], [ -104.8543535, 38.7710897 ], [ -104.8543203, 38.7710202 ], [ -104.8542977, 38.7709239 ], [ -104.8542735, 38.7708892 ], [ -104.8543675, 38.7708337 ], [ -104.8543946, 38.7708158 ], [ -104.8544736, 38.7709182 ], [ -104.8544826, 38.770934 ], [ -104.8544844, 38.7709766 ], [ -104.8544804, 38.7710288 ], [ -104.8544986, 38.7710933 ], [ -104.8545684, 38.7711958 ], [ -104.8545778, 38.7712402 ], [ -104.8545796, 38.7713253 ] ] ] ] } },
{ "type": "Feature", "properties": { "full_id": "w548892221", "osm_id": "548892221", "osm_type": "way", "power": null, "year_of_construction": null, "building:levels": null, "disused:landuse": null, "contact:website": null, "leaf_type": null, "salt": null, "intermittent": null, "theatre:type": null, "motor_vehicle": null, "horse": null, "bicycle": null, "lit": null, "species:wikipedia": null, "species:wikidata": null, "bridge": null, "cuisine": null, "aerialway:summer:access": null, "aerialway:access": null, "aerialway": null, "shelter_type": null, "layer": null, "water": null, "sorting_name": null, "heritage": null, "alt_name": null, "opening_hours": null, "contact:facebook": null, "charge": null, "leisure": null, "website": null, "tourism": null, "start_date": null, "phone": null, "historic": null, "ele": null, "shop": null, "fee": null, "addr:street": null, "addr:state": null, "addr:postcode": null, "addr:housenumber": null, "addr:city": null, "animal": null, "building": null, "access": null, "surface": null, "parking": null, "amenity": null, "landuse": null, "golf": null, "natural": "wood", "barrier": null, "attraction": null, "highway": null, "wikipedia": null, "ref:US:USFS:proclaimed_forest_number": null, "protection_title": null, "protected_area": null, "protected": null, "protect_class": null, "ownership": null, "operator:wikipedia": null, "operator:wikidata": null, "operator:type": null, "operator:short": null, "operator": null, "gnis:feature_id": null, "wikidata": null, "type": null, "place": null, "name": null, "boundary": null, "admin_level": null }, "geometry": { "type": "MultiPolygon", "coordinates": [ [ [ [ -104.8540939, 38.7706564 ], [ -104.8540544, 38.7706569 ], [ -104.8540249, 38.7706575 ], [ -104.8539954, 38.770671 ], [ -104.853988, 38.7706935 ], [ -104.8540014, 38.7707092 ], [ -104.8540235, 38.7707197 ], [ -104.8540819, 38.7707395 ], [ -104.8540973, 38.7707385 ], [ -104.8542026, 38.7707134 ], [ -104.8542844, 38.7707772 ], [ -104.8543459, 38.7708138 ], [ -104.8543675, 38.7708337 ], [ -104.8542735, 38.7708892 ], [ -104.8542464, 38.7708637 ], [ -104.8542007, 38.7708545 ], [ -104.8541314, 38.770858 ], [ -104.854054, 38.7708665 ], [ -104.8540101, 38.7708703 ], [ -104.8539966, 38.7708716 ], [ -104.8539869, 38.7708728 ], [ -104.8539734, 38.7708729 ], [ -104.8539788, 38.7708583 ], [ -104.8539633, 38.7708304 ], [ -104.8539836, 38.7708226 ], [ -104.8538996, 38.7707109 ], [ -104.853917, 38.7707024 ], [ -104.8539778, 38.7706763 ], [ -104.8539609, 38.7706524 ], [ -104.8540175, 38.770635 ], [ -104.8540939, 38.7706564 ] ] ] ] } },
{ "type": "Feature", "properties": { "full_id": "w548892218", "osm_id": "548892218", "osm_type": "way", "power": null, "year_of_construction": null, "building:levels": null, "disused:landuse": null, "contact:website": null, "leaf_type": null, "salt": null, "intermittent": null, "theatre:type": null, "motor_vehicle": null, "horse": null, "bicycle": null, "lit": null, "species:wikipedia": null, "species:wikidata": null, "bridge": null, "cuisine": null, "aerialway:summer:access": null, "aerialway:access": null, "aerialway": null, "shelter_type": null, "layer": null, "water": null, "sorting_name": null, "heritage": null, "alt_name": null, "opening_hours": null, "contact:facebook": null, "charge": null, "leisure": null, "website": null, "tourism": null, "start_date": null, "phone": null, "historic": null, "ele": null, "shop": null, "fee": null, "addr:street": null, "addr:state": null, "addr:postcode": null, "addr:housenumber": null, "addr:city": null, "animal": null, "building": null, "access": null, "surface": null, "parking": null, "amenity": null, "landuse": null, "golf": null, "natural": "wood", "barrier": null, "attraction": null, "highway": null, "wikipedia": null, "ref:US:USFS:proclaimed_forest_number": null, "protection_title": null, "protected_area": null, "protected": null, "protect_class": null, "ownership": null, "operator:wikipedia": null, "operator:wikidata": null, "operator:type": null, "operator:short": null, "operator": null, "gnis:feature_id": null, "wikidata": null, "type": null, "place": null, "name": null, "boundary": null, "admin_level": null }, "geometry": { "type": "MultiPolygon", "coordinates": [ [ [ [ -104.854163, 38.7705811 ], [ -104.8541261, 38.7705958 ], [ -104.8540939, 38.7706564 ], [ -104.8540175, 38.770635 ], [ -104.8539609, 38.7706524 ], [ -104.8539498, 38.7706366 ], [ -104.8539626, 38.7705968 ], [ -104.8539861, 38.7705937 ], [ -104.8539988, 38.7705757 ], [ -104.8540107, 38.7705704 ], [ -104.8540265, 38.7705696 ], [ -104.8540344, 38.7705634 ], [ -104.8540315, 38.7705515 ], [ -104.8540135, 38.7705238 ], [ -104.8540045, 38.770512 ], [ -104.853978, 38.770512 ], [ -104.8539537, 38.7705203 ], [ -104.8539385, 38.770523 ], [ -104.8539423, 38.7705309 ], [ -104.8539189, 38.7705326 ], [ -104.8538817, 38.7704933 ], [ -104.8539098, 38.7704706 ], [ -104.853921, 38.7704588 ], [ -104.853925, 38.7704438 ], [ -104.8539188, 38.7704144 ], [ -104.8538866, 38.7703735 ], [ -104.8538573, 38.7703317 ], [ -104.8538528, 38.7703071 ], [ -104.8538765, 38.77027 ], [ -104.8539314, 38.7703117 ], [ -104.8539955, 38.770371 ], [ -104.854163, 38.7705811 ] ] ] ] } },
{ "type": "Feature", "properties": { "full_id": "w548892216", "osm_id": "548892216", "osm_type": "way", "power": null, "year_of_construction": null, "building:levels": null, "disused:landuse": null, "contact:website": null, "leaf_type": null, "salt": null, "intermittent": null, "theatre:type": null, "motor_vehicle": null, "horse": null, "bicycle": null, "lit": null, "species:wikipedia": null, "species:wikidata": null, "bridge": null, "cuisine": null, "aerialway:summer:access": null, "aerialway:access": null, "aerialway": null, "shelter_type": null, "layer": null, "water": null, "sorting_name": null, "heritage": null, "alt_name": null, "opening_hours": null, "contact:facebook": null, "charge": null, "leisure": null, "website": null, "tourism": null, "start_date": null, "phone": null, "historic": null, "ele": null, "shop": null, "fee": null, "addr:street": null, "addr:state": null, "addr:postcode": null, "addr:housenumber": null, "addr:city": null, "animal": null, "building": null, "access": null, "surface": null, "parking": null, "amenity": null, "landuse": null, "golf": null, "natural": "sand", "barrier": null, "attraction": "animal", "highway": null, "wikipedia": null, "ref:US:USFS:proclaimed_forest_number": null, "protection_title": null, "protected_area": null, "protected": null, "protect_class": null, "ownership": null, "operator:wikipedia": null, "operator:wikidata": null, "operator:type": null, "operator:short": null, "operator": null, "gnis:feature_id": null, "wikidata": null, "type": null, "place": null, "name": "Chicken Feeding Experience", "boundary": null, "admin_level": null }, "geometry": { "type": "MultiPolygon", "coordinates": [ [ [ [ -104.8543253, 38.7707495 ], [ -104.8542844, 38.7707772 ], [ -104.8543459, 38.7708138 ], [ -104.8543729, 38.7707959 ], [ -104.8543253, 38.7707495 ] ] ] ] } },
{ "type": "Feature", "properties": { "full_id": "w548925521", "osm_id": "548925521", "osm_type": "way", "power": null, "year_of_construction": null, "building:levels": null, "disused:landuse": null, "contact:website": null, "leaf_type": null, "salt": null, "intermittent": null, "theatre:type": null, "motor_vehicle": null, "horse": null, "bicycle": null, "lit": null, "species:wikipedia": null, "species:wikidata": null, "bridge": null, "cuisine": null, "aerialway:summer:access": null, "aerialway:access": null, "aerialway": null, "shelter_type": null, "layer": null, "water": null, "sorting_name": null, "heritage": null, "alt_name": null, "opening_hours": null, "contact:facebook": null, "charge": null, "leisure": null, "website": null, "tourism": null, "start_date": null, "phone": null, "historic": null, "ele": null, "shop": null, "fee": null, "addr:street": null, "addr:state": null, "addr:postcode": null, "addr:housenumber": null, "addr:city": null, "animal": null, "building": "yes", "access": null, "surface": null, "parking": null, "amenity": null, "landuse": null, "golf": null, "natural": null, "barrier": null, "attraction": null, "highway": null, "wikipedia": null, "ref:US:USFS:proclaimed_forest_number": null, "protection_title": null, "protected_area": null, "protected": null, "protect_class": null, "ownership": null, "operator:wikipedia": null, "operator:wikidata": null, "operator:type": null, "operator:short": null, "operator": null, "gnis:feature_id": null, "wikidata": null, "type": null, "place": null, "name": null, "boundary": null, "admin_level": null }, "geometry": { "type": "MultiPolygon", "coordinates": [ [ [ [ -104.8554087, 38.7721624 ], [ -104.8553593, 38.7722463 ], [ -104.855261, 38.7722111 ], [ -104.8553104, 38.7721273 ], [ -104.8554087, 38.7721624 ] ] ] ] } },
{ "type": "Feature", "properties": { "full_id": "w548895310", "osm_id": "548895310", "osm_type": "way", "power": null, "year_of_construction": null, "building:levels": null, "disused:landuse": null, "contact:website": null, "leaf_type": null, "salt": null, "intermittent": null, "theatre:type": null, "motor_vehicle": null, "horse": null, "bicycle": null, "lit": null, "species:wikipedia": null, "species:wikidata": null, "bridge": null, "cuisine": null, "aerialway:summer:access": null, "aerialway:access": null, "aerialway": null, "shelter_type": null, "layer": null, "water": "pond", "sorting_name": null, "heritage": null, "alt_name": null, "opening_hours": null, "contact:facebook": null, "charge": null, "leisure": null, "website": null, "tourism": null, "start_date": null, "phone": null, "historic": null, "ele": null, "shop": null, "fee": null, "addr:street": null, "addr:state": null, "addr:postcode": null, "addr:housenumber": null, "addr:city": null, "animal": null, "building": null, "access": null, "surface": null, "parking": null, "amenity": null, "landuse": null, "golf": null, "natural": "water", "barrier": null, "attraction": null, "highway": null, "wikipedia": null, "ref:US:USFS:proclaimed_forest_number": null, "protection_title": null, "protected_area": null, "protected": null, "protect_class": null, "ownership": null, "operator:wikipedia": null, "operator:wikidata": null, "operator:type": null, "operator:short": null, "operator": null, "gnis:feature_id": null, "wikidata": null, "type": null, "place": null, "name": null, "boundary": null, "admin_level": null }, "geometry": { "type": "MultiPolygon", "coordinates": [ [ [ [ -104.8538359, 38.7699699 ], [ -104.8537544, 38.7699869 ], [ -104.8537278, 38.7700047 ], [ -104.853724, 38.770038 ], [ -104.8537392, 38.7700631 ], [ -104.853798, 38.7700897 ], [ -104.8538246, 38.7700956 ], [ -104.8538445, 38.7700868 ], [ -104.853854, 38.7700498 ], [ -104.8538843, 38.7700158 ], [ -104.8538957, 38.7699958 ], [ -104.8538881, 38.7699781 ], [ -104.8538691, 38.769967 ], [ -104.8538359, 38.7699699 ] ] ] ] } },
{ "type": "Feature", "properties": { "full_id": "w548894995", "osm_id": "548894995", "osm_type": "way", "power": null, "year_of_construction": null, "building:levels": null, "disused:landuse": null, "contact:website": null, "leaf_type": null, "salt": null, "intermittent": null, "theatre:type": null, "motor_vehicle": null, "horse": null, "bicycle": null, "lit": null, "species:wikipedia": null, "species:wikidata": null, "bridge": null, "cuisine": null, "aerialway:summer:access": null, "aerialway:access": null, "aerialway": null, "shelter_type": null, "layer": null, "water": null, "sorting_name": null, "heritage": null, "alt_name": null, "opening_hours": null, "contact:facebook": null, "charge": null, "leisure": null, "website": null, "tourism": null, "start_date": null, "phone": null, "historic": null, "ele": null, "shop": null, "fee": null, "addr:street": null, "addr:state": null, "addr:postcode": null, "addr:housenumber": null, "addr:city": null, "animal": null, "building": null, "access": null, "surface": "paved", "parking": null, "amenity": null, "landuse": null, "golf": null, "natural": null, "barrier": null, "attraction": null, "highway": "pedestrian", "wikipedia": null, "ref:US:USFS:proclaimed_forest_number": null, "protection_title": null, "protected_area": null, "protected": null, "protect_class": null, "ownership": null, "operator:wikipedia": null, "operator:wikidata": null, "operator:type": null, "operator:short": null, "operator": null, "gnis:feature_id": null, "wikidata": null, "type": null, "place": null, "name": null, "boundary": null, "admin_level": null }, "geometry": { "type": "MultiPolygon", "coordinates": [ [ [ [ -104.8538401, 38.7697861 ], [ -104.8538885, 38.7696374 ], [ -104.8539302, 38.7695672 ], [ -104.8539796, 38.7695184 ], [ -104.8540526, 38.769508 ], [ -104.8541256, 38.7695494 ], [ -104.8541465, 38.7696271 ], [ -104.8541444, 38.7697109 ], [ -104.8541527, 38.7697802 ], [ -104.8541844, 38.7698186 ], [ -104.8542071, 38.7698858 ], [ -104.8542154, 38.7699648 ], [ -104.8541988, 38.7700132 ], [ -104.8541249, 38.7700732 ], [ -104.8541012, 38.7701125 ], [ -104.8540964, 38.7701756 ], [ -104.8541332, 38.7702593 ], [ -104.8542205, 38.7703574 ], [ -104.8542838, 38.7704376 ], [ -104.8543893, 38.7705845 ], [ -104.8545298, 38.7706946 ], [ -104.8545731, 38.7706757 ], [ -104.854429, 38.7705248 ], [ -104.8544054, 38.7704736 ], [ -104.8543944, 38.7704499 ], [ -104.8543858, 38.7704312 ], [ -104.8543389, 38.7703909 ], [ -104.8542894, 38.7703049 ], [ -104.8543399, 38.7702873 ], [ -104.8543115, 38.7702511 ], [ -104.8542657, 38.7702427 ], [ -104.854183, 38.770175 ], [ -104.8541972, 38.7700927 ], [ -104.854239, 38.7700299 ], [ -104.8542828, 38.769974 ], [ -104.8542894, 38.7699301 ], [ -104.8542368, 38.7697767 ], [ -104.8542451, 38.769749 ], [ -104.8542037, 38.7697194 ], [ -104.8541962, 38.7696836 ], [ -104.854233, 38.7695948 ], [ -104.8541591, 38.7695403 ], [ -104.8540761, 38.7694869 ], [ -104.8540148, 38.7694747 ], [ -104.8539568, 38.7694371 ], [ -104.8538815, 38.7693931 ], [ -104.8538622, 38.7694125 ], [ -104.8539449, 38.7694789 ], [ -104.8539086, 38.7695236 ], [ -104.8538566, 38.7695985 ], [ -104.8538083, 38.76972 ], [ -104.8537902, 38.7697869 ], [ -104.8538401, 38.7697861 ] ] ] ] } },
{ "type": "Feature", "properties": { "full_id": "w548894994", "osm_id": "548894994", "osm_type": "way", "power": null, "year_of_construction": null, "building:levels": null, "disused:landuse": null, "contact:website": null, "leaf_type": null, "salt": null, "intermittent": null, "theatre:type": null, "motor_vehicle": null, "horse": null, "bicycle": null, "lit": null, "species:wikipedia": null, "species:wikidata": null, "bridge": null, "cuisine": null, "aerialway:summer:access": null, "aerialway:access": null, "aerialway": null, "shelter_type": null, "layer": null, "water": null, "sorting_name": null, "heritage": null, "alt_name": null, "opening_hours": null, "contact:facebook": null, "charge": null, "leisure": null, "website": null, "tourism": null, "start_date": null, "phone": null, "historic": null, "ele": null, "shop": null, "fee": null, "addr:street": null, "addr:state": null, "addr:postcode": null, "addr:housenumber": null, "addr:city": null, "animal": null, "building": null, "access": null, "surface": null, "parking": null, "amenity": null, "landuse": null, "golf": null, "natural": null, "barrier": null, "attraction": null, "highway": "pedestrian", "wikipedia": null, "ref:US:USFS:proclaimed_forest_number": null, "protection_title": null, "protected_area": null, "protected": null, "protect_class": null, "ownership": null, "operator:wikipedia": null, "operator:wikidata": null, "operator:type": null, "operator:short": null, "operator": null, "gnis:feature_id": null, "wikidata": null, "type": null, "place": null, "name": null, "boundary": null, "admin_level": null }, "geometry": { "type": "MultiPolygon", "coordinates": [ [ [ [ -104.8539122, 38.7702061 ], [ -104.8538459, 38.7701763 ], [ -104.8538176, 38.7701528 ], [ -104.8537758, 38.7701302 ], [ -104.8536932, 38.7700913 ], [ -104.8536664, 38.7700658 ], [ -104.8536632, 38.7700378 ], [ -104.8536632, 38.7699986 ], [ -104.8536862, 38.7699605 ], [ -104.8537218, 38.7699454 ], [ -104.8538183, 38.7699274 ], [ -104.8538257, 38.7699177 ], [ -104.8538243, 38.7699083 ], [ -104.8538734, 38.7699011 ], [ -104.8538702, 38.7699322 ], [ -104.8538543, 38.769957 ], [ -104.8537873, 38.7699682 ], [ -104.8537482, 38.7699754 ], [ -104.8537251, 38.7699832 ], [ -104.8537157, 38.7699956 ], [ -104.8537056, 38.7700192 ], [ -104.8537036, 38.7700528 ], [ -104.8537259, 38.7700783 ], [ -104.8537961, 38.770105 ], [ -104.8538623, 38.7701423 ], [ -104.8538846, 38.7701706 ], [ -104.8539122, 38.7702061 ] ] ] ] } },
{ "type": "Feature", "properties": { "full_id": "w548925528", "osm_id": "548925528", "osm_type": "way", "power": null, "year_of_construction": null, "building:levels": null, "disused:landuse": null, "contact:website": null, "leaf_type": null, "salt": null, "intermittent": null, "theatre:type": null, "motor_vehicle": null, "horse": null, "bicycle": null, "lit": null, "species:wikipedia": null, "species:wikidata": null, "bridge": null, "cuisine": null, "aerialway:summer:access": null, "aerialway:access": null, "aerialway": null, "shelter_type": null, "layer": null, "water": null, "sorting_name": null, "heritage": null, "alt_name": null, "opening_hours": null, "contact:facebook": null, "charge": null, "leisure": "garden", "website": null, "tourism": null, "start_date": null, "phone": null, "historic": null, "ele": null, "shop": null, "fee": null, "addr:street": null, "addr:state": null, "addr:postcode": null, "addr:housenumber": null, "addr:city": null, "animal": null, "building": null, "access": null, "surface": null, "parking": null, "amenity": null, "landuse": null, "golf": null, "natural": null, "barrier": null, "attraction": null, "highway": null, "wikipedia": null, "ref:US:USFS:proclaimed_forest_number": null, "protection_title": null, "protected_area": null, "protected": null, "protect_class": null, "ownership": null, "operator:wikipedia": null, "operator:wikidata": null, "operator:type": null, "operator:short": null, "operator": null, "gnis:feature_id": null, "wikidata": null, "type": null, "place": null, "name": null, "boundary": null, "admin_level": null }, "geometry": { "type": "MultiPolygon", "coordinates": [ [ [ [ -104.8549399, 38.77141 ], [ -104.8548754, 38.7714336 ], [ -104.8548614, 38.7714129 ], [ -104.8548462, 38.7714207 ], [ -104.8548419, 38.7714074 ], [ -104.8548419, 38.7713867 ], [ -104.8548684, 38.7713623 ], [ -104.8549114, 38.7713487 ], [ -104.8549399, 38.77141 ] ] ] ] } },
{ "type": "Feature", "properties": { "full_id": "w548925527", "osm_id": "548925527", "osm_type": "way", "power": null, "year_of_construction": null, "building:levels": null, "disused:landuse": null, "contact:website": null, "leaf_type": null, "salt": null, "intermittent": null, "theatre:type": null, "motor_vehicle": null, "horse": null, "bicycle": null, "lit": null, "species:wikipedia": null, "species:wikidata": null, "bridge": null, "cuisine": null, "aerialway:summer:access": null, "aerialway:access": null, "aerialway": null, "shelter_type": null, "layer": null, "water": null, "sorting_name": null, "heritage": null, "alt_name": null, "opening_hours": null, "contact:facebook": null, "charge": null, "leisure": null, "website": null, "tourism": null, "start_date": null, "phone": null, "historic": null, "ele": null, "shop": null, "fee": null, "addr:street": null, "addr:state": null, "addr:postcode": null, "addr:housenumber": null, "addr:city": null, "animal": null, "building": null, "access": null, "surface": null, "parking": null, "amenity": null, "landuse": null, "golf": null, "natural": null, "barrier": null, "attraction": null, "highway": "pedestrian", "wikipedia": null, "ref:US:USFS:proclaimed_forest_number": null, "protection_title": null, "protected_area": null, "protected": null, "protect_class": null, "ownership": null, "operator:wikipedia": null, "operator:wikidata": null, "operator:type": null, "operator:short": null, "operator": null, "gnis:feature_id": null, "wikidata": null, "type": null, "place": null, "name": null, "boundary": null, "admin_level": null }, "geometry": { "type": "MultiPolygon", "coordinates": [ [ [ [ -104.8549747, 38.7714883 ], [ -104.8549389, 38.7715006 ], [ -104.8549031, 38.7714549 ], [ -104.8548931, 38.7714598 ], [ -104.8548754, 38.7714336 ], [ -104.8549399, 38.77141 ], [ -104.8549464, 38.7714242 ], [ -104.8549747, 38.7714883 ] ] ] ] } },
{ "type": "Feature", "properties": { "full_id": "w548925526", "osm_id": "548925526", "osm_type": "way", "power": null, "year_of_construction": null, "building:levels": null, "disused:landuse": null, "contact:website": null, "leaf_type": null, "salt": null, "intermittent": null, "theatre:type": null, "motor_vehicle": null, "horse": null, "bicycle": null, "lit": null, "species:wikipedia": null, "species:wikidata": null, "bridge": null, "cuisine": null, "aerialway:summer:access": null, "aerialway:access": null, "aerialway": null, "shelter_type": null, "layer": null, "water": null, "sorting_name": null, "heritage": null, "alt_name": null, "opening_hours": null, "contact:facebook": null, "charge": null, "leisure": null, "website": null, "tourism": null, "start_date": null, "phone": null, "historic": null, "ele": null, "shop": null, "fee": null, "addr:street": null, "addr:state": null, "addr:postcode": null, "addr:housenumber": null, "addr:city": null, "animal": null, "building": null, "access": null, "surface": null, "parking": null, "amenity": null, "landuse": null, "golf": null, "natural": null, "barrier": null, "attraction": null, "highway": "pedestrian", "wikipedia": null, "ref:US:USFS:proclaimed_forest_number": null, "protection_title": null, "protected_area": null, "protected": null, "protect_class": null, "ownership": null, "operator:wikipedia": null, "operator:wikidata": null, "operator:type": null, "operator:short": null, "operator": null, "gnis:feature_id": null, "wikidata": null, "type": null, "place": null, "name": null, "boundary": null, "admin_level": null }, "geometry": { "type": "MultiPolygon", "coordinates": [ [ [ [ -104.8548148, 38.7715343 ], [ -104.8547906, 38.7715095 ], [ -104.8547859, 38.7714777 ], [ -104.854821, 38.7713549 ], [ -104.8548893, 38.7713052 ], [ -104.8548941, 38.7713115 ], [ -104.8549114, 38.7713487 ], [ -104.8548684, 38.7713623 ], [ -104.8548419, 38.7713867 ], [ -104.8548419, 38.7714074 ], [ -104.8548462, 38.7714207 ], [ -104.8548343, 38.7714268 ], [ -104.8548143, 38.771456 ], [ -104.8548126, 38.7714744 ], [ -104.8548182, 38.771489 ], [ -104.8548414, 38.7715182 ], [ -104.8548148, 38.7715343 ] ] ] ] } },
{ "type": "Feature", "properties": { "full_id": "w548925525", "osm_id": "548925525", "osm_type": "way", "power": null, "year_of_construction": null, "building:levels": null, "disused:landuse": null, "contact:website": null, "leaf_type": null, "salt": null, "intermittent": null, "theatre:type": null, "motor_vehicle": null, "horse": null, "bicycle": null, "lit": null, "species:wikipedia": null, "species:wikidata": null, "bridge": null, "cuisine": null, "aerialway:summer:access": null, "aerialway:access": null, "aerialway": null, "shelter_type": null, "layer": null, "water": null, "sorting_name": null, "heritage": null, "alt_name": null, "opening_hours": null, "contact:facebook": null, "charge": null, "leisure": null, "website": null, "tourism": null, "start_date": null, "phone": null, "historic": null, "ele": null, "shop": null, "fee": null, "addr:street": null, "addr:state": null, "addr:postcode": null, "addr:housenumber": null, "addr:city": null, "animal": null, "building": "yes", "access": null, "surface": null, "parking": null, "amenity": null, "landuse": null, "golf": null, "natural": null, "barrier": null, "attraction": null, "highway": null, "wikipedia": null, "ref:US:USFS:proclaimed_forest_number": null, "protection_title": null, "protected_area": null, "protected": null, "protect_class": null, "ownership": null, "operator:wikipedia": null, "operator:wikidata": null, "operator:type": null, "operator:short": null, "operator": null, "gnis:feature_id": null, "wikidata": null, "type": null, "place": null, "name": null, "boundary": null, "admin_level": null }, "geometry": { "type": "MultiPolygon", "coordinates": [ [ [ [ -104.854955, 38.7712273 ], [ -104.8549151, 38.7712445 ], [ -104.8548898, 38.7712089 ], [ -104.8549297, 38.7711917 ], [ -104.854955, 38.7712273 ] ] ] ] } },
{ "type": "Feature", "properties": { "full_id": "w548926680", "osm_id": "548926680", "osm_type": "way", "power": null, "year_of_construction": null, "building:levels": null, "disused:landuse": null, "contact:website": null, "leaf_type": null, "salt": null, "intermittent": null, "theatre:type": null, "motor_vehicle": null, "horse": null, "bicycle": null, "lit": null, "species:wikipedia": null, "species:wikidata": null, "bridge": null, "cuisine": null, "aerialway:summer:access": null, "aerialway:access": null, "aerialway": null, "shelter_type": null, "layer": null, "water": null, "sorting_name": null, "heritage": null, "alt_name": null, "opening_hours": null, "contact:facebook": null, "charge": null, "leisure": null, "website": null, "tourism": null, "start_date": null, "phone": null, "historic": null, "ele": null, "shop": null, "fee": null, "addr:street": null, "addr:state": null, "addr:postcode": null, "addr:housenumber": null, "addr:city": null, "animal": null, "building": null, "access": null, "surface": null, "parking": null, "amenity": null, "landuse": null, "golf": null, "natural": "wood", "barrier": null, "attraction": null, "highway": null, "wikipedia": null, "ref:US:USFS:proclaimed_forest_number": null, "protection_title": null, "protected_area": null, "protected": null, "protect_class": null, "ownership": null, "operator:wikipedia": null, "operator:wikidata": null, "operator:type": null, "operator:short": null, "operator": null, "gnis:feature_id": null, "wikidata": null, "type": null, "place": null, "name": null, "boundary": null, "admin_level": null }, "geometry": { "type": "MultiPolygon", "coordinates": [ [ [ [ -104.8554346, 38.7719447 ], [ -104.8553309, 38.7719204 ], [ -104.8552958, 38.7719124 ], [ -104.8551945, 38.7718782 ], [ -104.855118, 38.7718259 ], [ -104.8550159, 38.7717625 ], [ -104.8549521, 38.7717103 ], [ -104.8549471, 38.7717039 ], [ -104.8549651, 38.7716952 ], [ -104.8549785, 38.771713 ], [ -104.8550137, 38.7716968 ], [ -104.8550275, 38.7717224 ], [ -104.8550577, 38.7717451 ], [ -104.8551956, 38.7718221 ], [ -104.8553336, 38.7718838 ], [ -104.8554399, 38.7719374 ], [ -104.8554346, 38.7719447 ] ] ] ] } },
{ "type": "Feature", "properties": { "full_id": "w548926679", "osm_id": "548926679", "osm_type": "way", "power": null, "year_of_construction": null, "building:levels": null, "disused:landuse": null, "contact:website": null, "leaf_type": null, "salt": null, "intermittent": null, "theatre:type": null, "motor_vehicle": null, "horse": null, "bicycle": null, "lit": null, "species:wikipedia": null, "species:wikidata": null, "bridge": null, "cuisine": null, "aerialway:summer:access": null, "aerialway:access": null, "aerialway": null, "shelter_type": null, "layer": null, "water": null, "sorting_name": null, "heritage": null, "alt_name": null, "opening_hours": null, "contact:facebook": null, "charge": null, "leisure": null, "website": null, "tourism": "picnic_site", "start_date": null, "phone": null, "historic": null, "ele": null, "shop": null, "fee": null, "addr:street": null, "addr:state": null, "addr:postcode": null, "addr:housenumber": null, "addr:city": null, "animal": null, "building": null, "access": null, "surface": null, "parking": null, "amenity": null, "landuse": null, "golf": null, "natural": null, "barrier": null, "attraction": null, "highway": null, "wikipedia": null, "ref:US:USFS:proclaimed_forest_number": null, "protection_title": null, "protected_area": null, "protected": null, "protect_class": null, "ownership": null, "operator:wikipedia": null, "operator:wikidata": null, "operator:type": null, "operator:short": null, "operator": null, "gnis:feature_id": null, "wikidata": null, "type": null, "place": null, "name": null, "boundary": null, "admin_level": null }, "geometry": { "type": "MultiPolygon", "coordinates": [ [ [ [ -104.8554039, 38.7718098 ], [ -104.8554088, 38.7718119 ], [ -104.8553901, 38.7718327 ], [ -104.8554043, 38.7718409 ], [ -104.8553824, 38.771873 ], [ -104.8552682, 38.7718122 ], [ -104.8551327, 38.7717418 ], [ -104.855089, 38.7717097 ], [ -104.8551018, 38.7716972 ], [ -104.855134, 38.7717025 ], [ -104.8552445, 38.7717469 ], [ -104.8554039, 38.7718098 ] ] ] ] } },
{ "type": "Feature", "properties": { "full_id": "w548926678", "osm_id": "548926678", "osm_type": "way", "power": null, "year_of_construction": null, "building:levels": null, "disused:landuse": null, "contact:website": null, "leaf_type": null, "salt": null, "intermittent": null, "theatre:type": null, "motor_vehicle": null, "horse": null, "bicycle": null, "lit": null, "species:wikipedia": null, "species:wikidata": null, "bridge": null, "cuisine": null, "aerialway:summer:access": null, "aerialway:access": null, "aerialway": null, "shelter_type": null, "layer": null, "water": null, "sorting_name": null, "heritage": null, "alt_name": null, "opening_hours": null, "contact:facebook": null, "charge": null, "leisure": null, "website": null, "tourism": null, "start_date": null, "phone": null, "historic": null, "ele": null, "shop": null, "fee": null, "addr:street": null, "addr:state": null, "addr:postcode": null, "addr:housenumber": null, "addr:city": null, "animal": null, "building": "yes", "access": null, "surface": null, "parking": null, "amenity": "fast_food", "landuse": null, "golf": null, "natural": null, "barrier": null, "attraction": null, "highway": null, "wikipedia": null, "ref:US:USFS:proclaimed_forest_number": null, "protection_title": null, "protected_area": null, "protected": null, "protect_class": null, "ownership": null, "operator:wikipedia": null, "operator:wikidata": null, "operator:type": null, "operator:short": null, "operator": null, "gnis:feature_id": null, "wikidata": null, "type": null, "place": null, "name": null, "boundary": null, "admin_level": null }, "geometry": { "type": "MultiPolygon", "coordinates": [ [ [ [ -104.8554835, 38.7718211 ], [ -104.8554673, 38.7718412 ], [ -104.8554279, 38.7718209 ], [ -104.8554441, 38.7718017 ], [ -104.8554835, 38.7718211 ] ] ] ] } },
{ "type": "Feature", "properties": { "full_id": "w548926677", "osm_id": "548926677", "osm_type": "way", "power": null, "year_of_construction": null, "building:levels": null, "disused:landuse": null, "contact:website": null, "leaf_type": null, "salt": null, "intermittent": null, "theatre:type": null, "motor_vehicle": null, "horse": null, "bicycle": null, "lit": null, "species:wikipedia": null, "species:wikidata": null, "bridge": null, "cuisine": null, "aerialway:summer:access": null, "aerialway:access": null, "aerialway": null, "shelter_type": null, "layer": null, "water": null, "sorting_name": null, "heritage": null, "alt_name": null, "opening_hours": null, "contact:facebook": null, "charge": null, "leisure": null, "website": null, "tourism": null, "start_date": null, "phone": null, "historic": null, "ele": null, "shop": null, "fee": null, "addr:street": null, "addr:state": null, "addr:postcode": null, "addr:housenumber": null, "addr:city": null, "animal": null, "building": null, "access": null, "surface": "paved", "parking": null, "amenity": null, "landuse": null, "golf": null, "natural": null, "barrier": null, "attraction": null, "highway": "pedestrian", "wikipedia": null, "ref:US:USFS:proclaimed_forest_number": null, "protection_title": null, "protected_area": null, "protected": null, "protect_class": null, "ownership": null, "operator:wikipedia": null, "operator:wikidata": null, "operator:type": null, "operator:short": null, "operator": null, "gnis:feature_id": null, "wikidata": null, "type": null, "place": null, "name": null, "boundary": null, "admin_level": null }, "geometry": { "type": "MultiPolygon", "coordinates": [ [ [ [ -104.8551204, 38.7719374 ], [ -104.855334, 38.7719442 ], [ -104.8553747, 38.771956 ], [ -104.8554992, 38.7719776 ], [ -104.8555175, 38.7719577 ], [ -104.8555354, 38.7719372 ], [ -104.8554577, 38.771908 ], [ -104.8554179, 38.7718879 ], [ -104.8554388, 38.7718581 ], [ -104.8554605, 38.7718704 ], [ -104.8554964, 38.7718271 ], [ -104.8554835, 38.7718211 ], [ -104.8554441, 38.7718017 ], [ -104.8554256, 38.7717932 ], [ -104.8554088, 38.7718119 ], [ -104.8553901, 38.7718327 ], [ -104.8554043, 38.7718409 ], [ -104.8553824, 38.771873 ], [ -104.8552682, 38.7718122 ], [ -104.8551327, 38.7717418 ], [ -104.855089, 38.7717097 ], [ -104.8551018, 38.7716972 ], [ -104.855134, 38.7717025 ], [ -104.8552445, 38.7717469 ], [ -104.8554039, 38.7718098 ], [ -104.8554042, 38.77181 ], [ -104.8554288, 38.7717833 ], [ -104.8553601, 38.7717551 ], [ -104.8551574, 38.7716754 ], [ -104.8551187, 38.7716539 ], [ -104.8550718, 38.77167 ], [ -104.8550543, 38.7716781 ], [ -104.8550137, 38.7716968 ], [ -104.8550275, 38.7717224 ], [ -104.8550577, 38.7717451 ], [ -104.8551956, 38.7718221 ], [ -104.8553336, 38.7718838 ], [ -104.8554399, 38.7719374 ], [ -104.8554346, 38.7719447 ], [ -104.8553309, 38.7719204 ], [ -104.8552958, 38.7719124 ], [ -104.8551945, 38.7718782 ], [ -104.855118, 38.7718259 ], [ -104.8550159, 38.7717625 ], [ -104.8549521, 38.7717103 ], [ -104.8549133, 38.7717489 ], [ -104.8550989, 38.7718564 ], [ -104.8551977, 38.7719099 ], [ -104.855248, 38.7719204 ], [ -104.8551706, 38.7719204 ], [ -104.8550929, 38.7719082 ], [ -104.8551204, 38.7719374 ] ] ] ] } },
{ "type": "Feature", "properties": { "full_id": "w548747227", "osm_id": "548747227", "osm_type": "way", "power": null, "year_of_construction": null, "building:levels": null, "disused:landuse": null, "contact:website": null, "leaf_type": null, "salt": null, "intermittent": null, "theatre:type": null, "motor_vehicle": null, "horse": null, "bicycle": null, "lit": null, "species:wikipedia": null, "species:wikidata": null, "bridge": null, "cuisine": null, "aerialway:summer:access": null, "aerialway:access": null, "aerialway": null, "shelter_type": null, "layer": null, "water": null, "sorting_name": null, "heritage": null, "alt_name": null, "opening_hours": null, "contact:facebook": null, "charge": null, "leisure": "garden", "website": null, "tourism": null, "start_date": null, "phone": null, "historic": null, "ele": null, "shop": null, "fee": null, "addr:street": null, "addr:state": null, "addr:postcode": null, "addr:housenumber": null, "addr:city": null, "animal": null, "building": null, "access": null, "surface": null, "parking": null, "amenity": null, "landuse": null, "golf": null, "natural": null, "barrier": null, "attraction": null, "highway": null, "wikipedia": null, "ref:US:USFS:proclaimed_forest_number": null, "protection_title": null, "protected_area": null, "protected": null, "protect_class": null, "ownership": null, "operator:wikipedia": null, "operator:wikidata": null, "operator:type": null, "operator:short": null, "operator": null, "gnis:feature_id": null, "wikidata": null, "type": null, "place": null, "name": "Bear Sculpture Garden", "boundary": null, "admin_level": null }, "geometry": { "type": "MultiPolygon", "coordinates": [ [ [ [ -104.8546579, 38.7711963 ], [ -104.8547423, 38.7711903 ], [ -104.8546894, 38.7711152 ], [ -104.8546559, 38.7710736 ], [ -104.8546072, 38.771035 ], [ -104.8545869, 38.7710312 ], [ -104.8545602, 38.7710325 ], [ -104.8545666, 38.7710599 ], [ -104.8546112, 38.7711494 ], [ -104.8546579, 38.7711963 ] ] ] ] } },
{ "type": "Feature", "properties": { "full_id": "w548747225", "osm_id": "548747225", "osm_type": "way", "power": null, "year_of_construction": null, "building:levels": null, "disused:landuse": null, "contact:website": null, "leaf_type": null, "salt": null, "intermittent": null, "theatre:type": null, "motor_vehicle": null, "horse": null, "bicycle": null, "lit": null, "species:wikipedia": null, "species:wikidata": null, "bridge": null, "cuisine": null, "aerialway:summer:access": null, "aerialway:access": null, "aerialway": null, "shelter_type": null, "layer": null, "water": null, "sorting_name": null, "heritage": null, "alt_name": null, "opening_hours": null, "contact:facebook": null, "charge": null, "leisure": null, "website": null, "tourism": null, "start_date": null, "phone": null, "historic": null, "ele": null, "shop": null, "fee": null, "addr:street": null, "addr:state": null, "addr:postcode": null, "addr:housenumber": null, "addr:city": null, "animal": null, "building": null, "access": null, "surface": null, "parking": null, "amenity": null, "landuse": null, "golf": null, "natural": null, "barrier": null, "attraction": null, "highway": "pedestrian", "wikipedia": null, "ref:US:USFS:proclaimed_forest_number": null, "protection_title": null, "protected_area": null, "protected": null, "protect_class": null, "ownership": null, "operator:wikipedia": null, "operator:wikidata": null, "operator:type": null, "operator:short": null, "operator": null, "gnis:feature_id": null, "wikidata": null, "type": null, "place": null, "name": null, "boundary": null, "admin_level": null }, "geometry": { "type": "MultiPolygon", "coordinates": [ [ [ [ -104.8545211, 38.770989 ], [ -104.854565, 38.7710978 ], [ -104.854603, 38.7712002 ], [ -104.8546579, 38.7711963 ], [ -104.8546112, 38.7711494 ], [ -104.8545666, 38.7710599 ], [ -104.8545602, 38.7710325 ], [ -104.8545211, 38.770989 ] ] ] ] } },
{ "type": "Feature", "properties": { "full_id": "w548747223", "osm_id": "548747223", "osm_type": "way", "power": null, "year_of_construction": null, "building:levels": null, "disused:landuse": null, "contact:website": null, "leaf_type": null, "salt": null, "intermittent": null, "theatre:type": null, "motor_vehicle": null, "horse": null, "bicycle": null, "lit": null, "species:wikipedia": null, "species:wikidata": null, "bridge": null, "cuisine": null, "aerialway:summer:access": null, "aerialway:access": null, "aerialway": null, "shelter_type": null, "layer": null, "water": null, "sorting_name": null, "heritage": null, "alt_name": null, "opening_hours": null, "contact:facebook": null, "charge": null, "leisure": null, "website": null, "tourism": null, "start_date": null, "phone": null, "historic": null, "ele": null, "shop": null, "fee": null, "addr:street": null, "addr:state": null, "addr:postcode": null, "addr:housenumber": null, "addr:city": null, "animal": null, "building": null, "access": "no", "surface": null, "parking": null, "amenity": null, "landuse": null, "golf": null, "natural": null, "barrier": null, "attraction": null, "highway": "pedestrian", "wikipedia": null, "ref:US:USFS:proclaimed_forest_number": null, "protection_title": null, "protected_area": null, "protected": null, "protect_class": null, "ownership": null, "operator:wikipedia": null, "operator:wikidata": null, "operator:type": null, "operator:short": null, "operator": null, "gnis:feature_id": null, "wikidata": null, "type": null, "place": null, "name": null, "boundary": null, "admin_level": null }, "geometry": { "type": "MultiPolygon", "coordinates": [ [ [ [ -104.8545796, 38.7713253 ], [ -104.8545778, 38.7712402 ], [ -104.8545684, 38.7711958 ], [ -104.8544986, 38.7710933 ], [ -104.8544804, 38.7710288 ], [ -104.8544844, 38.7709766 ], [ -104.8545211, 38.770989 ], [ -104.854565, 38.7710978 ], [ -104.854603, 38.7712002 ], [ -104.8546078, 38.7712189 ], [ -104.854616, 38.7713254 ], [ -104.8545796, 38.7713253 ] ] ] ] } },
{ "type": "Feature", "properties": { "full_id": "w548747221", "osm_id": "548747221", "osm_type": "way", "power": null, "year_of_construction": null, "building:levels": null, "disused:landuse": null, "contact:website": null, "leaf_type": null, "salt": null, "intermittent": null, "theatre:type": null, "motor_vehicle": null, "horse": null, "bicycle": null, "lit": null, "species:wikipedia": null, "species:wikidata": null, "bridge": null, "cuisine": null, "aerialway:summer:access": null, "aerialway:access": null, "aerialway": null, "shelter_type": null, "layer": null, "water": null, "sorting_name": null, "heritage": null, "alt_name": null, "opening_hours": null, "contact:facebook": null, "charge": null, "leisure": null, "website": null, "tourism": null, "start_date": null, "phone": null, "historic": null, "ele": null, "shop": null, "fee": null, "addr:street": null, "addr:state": null, "addr:postcode": null, "addr:housenumber": null, "addr:city": null, "animal": null, "building": null, "access": null, "surface": null, "parking": null, "amenity": null, "landuse": null, "golf": null, "natural": null, "barrier": null, "attraction": null, "highway": "pedestrian", "wikipedia": null, "ref:US:USFS:proclaimed_forest_number": null, "protection_title": null, "protected_area": null, "protected": null, "protect_class": null, "ownership": null, "operator:wikipedia": null, "operator:wikidata": null, "operator:type": null, "operator:short": null, "operator": null, "gnis:feature_id": null, "wikidata": null, "type": null, "place": null, "name": null, "boundary": null, "admin_level": null }, "geometry": { "type": "MultiPolygon", "coordinates": [ [ [ [ -104.8545796, 38.7713253 ], [ -104.854616, 38.7713254 ], [ -104.8546174, 38.7713432 ], [ -104.854622, 38.7715071 ], [ -104.8546301, 38.7715332 ], [ -104.8546046, 38.7715505 ], [ -104.8545921, 38.7715466 ], [ -104.8545727, 38.7715404 ], [ -104.8545789, 38.771348 ], [ -104.8545796, 38.7713253 ] ] ] ] } },
{ "type": "Feature", "properties": { "full_id": "w548888383", "osm_id": "548888383", "osm_type": "way", "power": null, "year_of_construction": null, "building:levels": null, "disused:landuse": null, "contact:website": null, "leaf_type": null, "salt": null, "intermittent": null, "theatre:type": null, "motor_vehicle": null, "horse": null, "bicycle": null, "lit": null, "species:wikipedia": null, "species:wikidata": null, "bridge": null, "cuisine": null, "aerialway:summer:access": null, "aerialway:access": null, "aerialway": null, "shelter_type": null, "layer": null, "water": null, "sorting_name": null, "heritage": null, "alt_name": null, "opening_hours": null, "contact:facebook": null, "charge": null, "leisure": null, "website": null, "tourism": null, "start_date": null, "phone": null, "historic": null, "ele": null, "shop": null, "fee": null, "addr:street": null, "addr:state": null, "addr:postcode": null, "addr:housenumber": null, "addr:city": null, "animal": null, "building": null, "access": null, "surface": null, "parking": null, "amenity": null, "landuse": null, "golf": null, "natural": null, "barrier": null, "attraction": null, "highway": "pedestrian", "wikipedia": null, "ref:US:USFS:proclaimed_forest_number": null, "protection_title": null, "protected_area": null, "protected": null, "protect_class": null, "ownership": null, "operator:wikipedia": null, "operator:wikidata": null, "operator:type": null, "operator:short": null, "operator": null, "gnis:feature_id": null, "wikidata": null, "type": null, "place": null, "name": null, "boundary": null, "admin_level": null }, "geometry": { "type": "MultiPolygon", "coordinates": [ [ [ [ -104.8535439, 38.7705597 ], [ -104.8535595, 38.7705534 ], [ -104.8535742, 38.7705529 ], [ -104.8535863, 38.7705571 ], [ -104.8535877, 38.7705659 ], [ -104.8536105, 38.7705659 ], [ -104.8536118, 38.770556 ], [ -104.8536225, 38.7705503 ], [ -104.8536386, 38.7705497 ], [ -104.853652, 38.7705523 ], [ -104.8536607, 38.7705565 ], [ -104.8536607, 38.7705644 ], [ -104.8536849, 38.7705659 ], [ -104.8536849, 38.7705591 ], [ -104.8536929, 38.7705555 ], [ -104.8537144, 38.7705586 ], [ -104.8537533, 38.7705691 ], [ -104.8537754, 38.7705722 ], [ -104.853799, 38.7705772 ], [ -104.8538081, 38.7705892 ], [ -104.853848, 38.7705808 ], [ -104.8538791, 38.7705823 ], [ -104.8538998, 38.7705954 ], [ -104.8539174, 38.7705978 ], [ -104.8539299, 38.7705995 ], [ -104.8539424, 38.7705967 ], [ -104.8539556, 38.7705824 ], [ -104.8539379, 38.7705586 ], [ -104.8539441, 38.7705348 ], [ -104.8539423, 38.7705309 ], [ -104.853926, 38.7705308 ], [ -104.8539189, 38.7705326 ], [ -104.8538817, 38.7704933 ], [ -104.8538801, 38.7704967 ], [ -104.8538668, 38.7705178 ], [ -104.8538451, 38.7705343 ], [ -104.8538178, 38.7705442 ], [ -104.8537877, 38.7705465 ], [ -104.8537595, 38.7705413 ], [ -104.8537349, 38.7705294 ], [ -104.8537165, 38.7705119 ], [ -104.8537062, 38.7704908 ], [ -104.853705, 38.7704682 ], [ -104.8536735, 38.7704734 ], [ -104.8536815, 38.7704959 ], [ -104.8536815, 38.77051 ], [ -104.8536789, 38.7705184 ], [ -104.8536654, 38.7705189 ], [ -104.8536581, 38.7705152 ], [ -104.8536527, 38.7705082 ], [ -104.8536316, 38.7705074 ], [ -104.8536259, 38.7705134 ], [ -104.8536145, 38.7705186 ], [ -104.853595, 38.7705184 ], [ -104.853583, 38.7705116 ], [ -104.8535816, 38.7705063 ], [ -104.8535528, 38.7705116 ], [ -104.8535521, 38.7705199 ], [ -104.8535447, 38.7705262 ], [ -104.8535293, 38.7705252 ], [ -104.8535219, 38.7705239 ], [ -104.8535439, 38.7705597 ] ] ] ] } },
{ "type": "Feature", "properties": { "full_id": "w548888381", "osm_id": "548888381", "osm_type": "way", "power": null, "year_of_construction": null, "building:levels": null, "disused:landuse": null, "contact:website": null, "leaf_type": null, "salt": null, "intermittent": null, "theatre:type": null, "motor_vehicle": null, "horse": null, "bicycle": null, "lit": null, "species:wikipedia": null, "species:wikidata": null, "bridge": null, "cuisine": null, "aerialway:summer:access": null, "aerialway:access": null, "aerialway": null, "shelter_type": null, "layer": null, "water": null, "sorting_name": null, "heritage": null, "alt_name": null, "opening_hours": null, "contact:facebook": null, "charge": null, "leisure": null, "website": null, "tourism": null, "start_date": null, "phone": null, "historic": null, "ele": null, "shop": null, "fee": null, "addr:street": null, "addr:state": null, "addr:postcode": null, "addr:housenumber": null, "addr:city": null, "animal": null, "building": null, "access": null, "surface": "paved", "parking": null, "amenity": null, "landuse": null, "golf": null, "natural": null, "barrier": null, "attraction": null, "highway": "pedestrian", "wikipedia": null, "ref:US:USFS:proclaimed_forest_number": null, "protection_title": null, "protected_area": null, "protected": null, "protect_class": null, "ownership": null, "operator:wikipedia": null, "operator:wikidata": null, "operator:type": null, "operator:short": null, "operator": null, "gnis:feature_id": null, "wikidata": null, "type": null, "place": null, "name": null, "boundary": null, "admin_level": null }, "geometry": { "type": "MultiPolygon", "coordinates": [ [ [ [ -104.8536762, 38.7706266 ], [ -104.8536675, 38.7706083 ], [ -104.8536654, 38.7705936 ], [ -104.8536574, 38.7705816 ], [ -104.8536467, 38.7705785 ], [ -104.8536333, 38.7705795 ], [ -104.8536252, 38.7705858 ], [ -104.8536185, 38.7705999 ], [ -104.8536158, 38.7706099 ], [ -104.8536078, 38.7706187 ], [ -104.8535884, 38.7706211 ], [ -104.8536126, 38.7706522 ], [ -104.8536762, 38.7706266 ] ] ] ] } },
{ "type": "Feature", "properties": { "full_id": "w548793153", "osm_id": "548793153", "osm_type": "way", "power": null, "year_of_construction": null, "building:levels": null, "disused:landuse": null, "contact:website": null, "leaf_type": null, "salt": null, "intermittent": null, "theatre:type": null, "motor_vehicle": null, "horse": null, "bicycle": null, "lit": "yes", "species:wikipedia": null, "species:wikidata": null, "bridge": null, "cuisine": null, "aerialway:summer:access": null, "aerialway:access": null, "aerialway": null, "shelter_type": null, "layer": null, "water": null, "sorting_name": null, "heritage": null, "alt_name": null, "opening_hours": null, "contact:facebook": null, "charge": null, "leisure": null, "website": null, "tourism": null, "start_date": null, "phone": null, "historic": null, "ele": null, "shop": null, "fee": null, "addr:street": null, "addr:state": null, "addr:postcode": null, "addr:housenumber": null, "addr:city": null, "animal": null, "building": null, "access": null, "surface": "asphalt", "parking": null, "amenity": null, "landuse": null, "golf": null, "natural": null, "barrier": null, "attraction": null, "highway": "pedestrian", "wikipedia": null, "ref:US:USFS:proclaimed_forest_number": null, "protection_title": null, "protected_area": null, "protected": null, "protect_class": null, "ownership": null, "operator:wikipedia": null, "operator:wikidata": null, "operator:type": null, "operator:short": null, "operator": null, "gnis:feature_id": null, "wikidata": null, "type": null, "place": null, "name": null, "boundary": null, "admin_level": null }, "geometry": { "type": "MultiPolygon", "coordinates": [ [ [ [ -104.8523711, 38.7704279 ], [ -104.8522912, 38.7703251 ], [ -104.8522612, 38.7702865 ], [ -104.8521854, 38.7702008 ], [ -104.8521152, 38.7701594 ], [ -104.8519919, 38.7701165 ], [ -104.8518591, 38.770078 ], [ -104.851864, 38.77005 ], [ -104.8520279, 38.7701029 ], [ -104.8521321, 38.7701324 ], [ -104.8522317, 38.7701469 ], [ -104.852428, 38.7701755 ], [ -104.8525401, 38.7701918 ], [ -104.8524805, 38.7702213 ], [ -104.8524312, 38.7702021 ], [ -104.8523939, 38.7701941 ], [ -104.852383, 38.770198 ], [ -104.852311, 38.7702237 ], [ -104.8523533, 38.7702705 ], [ -104.8523773, 38.7703438 ], [ -104.8523721, 38.770414 ], [ -104.8523711, 38.7704279 ] ] ] ] } },
{ "type": "Feature", "properties": { "full_id": "w548787590", "osm_id": "548787590", "osm_type": "way", "power": null, "year_of_construction": null, "building:levels": null, "disused:landuse": null, "contact:website": null, "leaf_type": null, "salt": null, "intermittent": null, "theatre:type": null, "motor_vehicle": null, "horse": null, "bicycle": null, "lit": null, "species:wikipedia": null, "species:wikidata": null, "bridge": null, "cuisine": null, "aerialway:summer:access": null, "aerialway:access": null, "aerialway": null, "shelter_type": null, "layer": null, "water": null, "sorting_name": null, "heritage": null, "alt_name": null, "opening_hours": null, "contact:facebook": null, "charge": null, "leisure": "garden", "website": null, "tourism": null, "start_date": null, "phone": null, "historic": null, "ele": null, "shop": null, "fee": null, "addr:street": null, "addr:state": null, "addr:postcode": null, "addr:housenumber": null, "addr:city": null, "animal": null, "building": null, "access": "private", "surface": null, "parking": null, "amenity": null, "landuse": null, "golf": null, "natural": null, "barrier": null, "attraction": null, "highway": null, "wikipedia": null, "ref:US:USFS:proclaimed_forest_number": null, "protection_title": null, "protected_area": null, "protected": null, "protect_class": null, "ownership": null, "operator:wikipedia": null, "operator:wikidata": null, "operator:type": null, "operator:short": null, "operator": null, "gnis:feature_id": null, "wikidata": null, "type": null, "place": null, "name": null, "boundary": null, "admin_level": null }, "geometry": { "type": "MultiPolygon", "coordinates": [ [ [ [ -104.854692, 38.7717054 ], [ -104.8545741, 38.7716789 ], [ -104.8545461, 38.7717545 ], [ -104.8544856, 38.7717419 ], [ -104.8544617, 38.7716639 ], [ -104.8545751, 38.7716174 ], [ -104.8545865, 38.7715914 ], [ -104.8546046, 38.7715505 ], [ -104.8546315, 38.7715688 ], [ -104.8546522, 38.7715874 ], [ -104.8546873, 38.7716422 ], [ -104.854692, 38.7717054 ] ] ] ] } },
{ "type": "Feature", "properties": { "full_id": "w548888388", "osm_id": "548888388", "osm_type": "way", "power": null, "year_of_construction": null, "building:levels": null, "disused:landuse": null, "contact:website": null, "leaf_type": null, "salt": null, "intermittent": null, "theatre:type": null, "motor_vehicle": null, "horse": null, "bicycle": null, "lit": null, "species:wikipedia": null, "species:wikidata": null, "bridge": null, "cuisine": null, "aerialway:summer:access": null, "aerialway:access": null, "aerialway": null, "shelter_type": null, "layer": null, "water": null, "sorting_name": null, "heritage": null, "alt_name": null, "opening_hours": null, "contact:facebook": null, "charge": null, "leisure": null, "website": null, "tourism": null, "start_date": null, "phone": null, "historic": null, "ele": null, "shop": null, "fee": null, "addr:street": null, "addr:state": null, "addr:postcode": null, "addr:housenumber": null, "addr:city": null, "animal": null, "building": null, "access": null, "surface": "paved", "parking": null, "amenity": null, "landuse": null, "golf": null, "natural": null, "barrier": null, "attraction": null, "highway": "pedestrian", "wikipedia": null, "ref:US:USFS:proclaimed_forest_number": null, "protection_title": null, "protected_area": null, "protected": null, "protect_class": null, "ownership": null, "operator:wikipedia": null, "operator:wikidata": null, "operator:type": null, "operator:short": null, "operator": null, "gnis:feature_id": null, "wikidata": null, "type": null, "place": null, "name": null, "boundary": null, "admin_level": null }, "geometry": { "type": "MultiPolygon", "coordinates": [ [ [ [ -104.8536909, 38.7704376 ], [ -104.8536981, 38.7704557 ], [ -104.853705, 38.7704682 ], [ -104.8536735, 38.7704734 ], [ -104.8536679, 38.7704676 ], [ -104.8536577, 38.770468 ], [ -104.8536385, 38.7704768 ], [ -104.8536109, 38.7704794 ], [ -104.8535664, 38.770472 ], [ -104.8535438, 38.7704618 ], [ -104.8535286, 38.7704425 ], [ -104.853515, 38.7704117 ], [ -104.8534919, 38.7704082 ], [ -104.8534671, 38.77041 ], [ -104.8534305, 38.7703335 ], [ -104.853422, 38.7702882 ], [ -104.853431, 38.7702486 ], [ -104.8534558, 38.7702016 ], [ -104.853466, 38.7702324 ], [ -104.8534852, 38.7702579 ], [ -104.8534994, 38.7702669 ], [ -104.8534427, 38.770348 ], [ -104.8536823, 38.7704499 ], [ -104.8536909, 38.7704376 ] ] ] ] } },
{ "type": "Feature", "properties": { "full_id": "w548888387", "osm_id": "548888387", "osm_type": "way", "power": null, "year_of_construction": null, "building:levels": null, "disused:landuse": null, "contact:website": null, "leaf_type": null, "salt": null, "intermittent": null, "theatre:type": null, "motor_vehicle": null, "horse": null, "bicycle": null, "lit": null, "species:wikipedia": null, "species:wikidata": null, "bridge": null, "cuisine": null, "aerialway:summer:access": null, "aerialway:access": null, "aerialway": null, "shelter_type": null, "layer": null, "water": null, "sorting_name": null, "heritage": null, "alt_name": null, "opening_hours": null, "contact:facebook": null, "charge": null, "leisure": null, "website": null, "tourism": null, "start_date": null, "phone": null, "historic": null, "ele": null, "shop": null, "fee": null, "addr:street": null, "addr:state": null, "addr:postcode": null, "addr:housenumber": null, "addr:city": null, "animal": null, "building": "yes", "access": null, "surface": null, "parking": null, "amenity": null, "landuse": null, "golf": null, "natural": null, "barrier": null, "attraction": null, "highway": null, "wikipedia": null, "ref:US:USFS:proclaimed_forest_number": null, "protection_title": null, "protected_area": null, "protected": null, "protect_class": null, "ownership": null, "operator:wikipedia": null, "operator:wikidata": null, "operator:type": null, "operator:short": null, "operator": null, "gnis:feature_id": null, "wikidata": null, "type": null, "place": null, "name": "Old Gnarly", "boundary": null, "admin_level": null }, "geometry": { "type": "MultiPolygon", "coordinates": [ [ [ [ -104.8539861, 38.7705937 ], [ -104.8539626, 38.7705968 ], [ -104.8539556, 38.7705824 ], [ -104.8539379, 38.7705586 ], [ -104.8539441, 38.7705348 ], [ -104.8539423, 38.7705309 ], [ -104.8539385, 38.770523 ], [ -104.8539537, 38.7705203 ], [ -104.853978, 38.770512 ], [ -104.8540045, 38.770512 ], [ -104.8540135, 38.7705238 ], [ -104.8540315, 38.7705515 ], [ -104.8540344, 38.7705634 ], [ -104.8540265, 38.7705696 ], [ -104.8540107, 38.7705704 ], [ -104.8539988, 38.7705757 ], [ -104.8539861, 38.7705937 ] ] ] ] } },
{ "type": "Feature", "properties": { "full_id": "w548888386", "osm_id": "548888386", "osm_type": "way", "power": null, "year_of_construction": null, "building:levels": null, "disused:landuse": null, "contact:website": null, "leaf_type": null, "salt": null, "intermittent": null, "theatre:type": null, "motor_vehicle": null, "horse": null, "bicycle": null, "lit": null, "species:wikipedia": null, "species:wikidata": null, "bridge": null, "cuisine": null, "aerialway:summer:access": null, "aerialway:access": null, "aerialway": null, "shelter_type": null, "layer": null, "water": null, "sorting_name": null, "heritage": null, "alt_name": null, "opening_hours": null, "contact:facebook": null, "charge": null, "leisure": "garden", "website": null, "tourism": null, "start_date": null, "phone": null, "historic": null, "ele": null, "shop": null, "fee": null, "addr:street": null, "addr:state": null, "addr:postcode": null, "addr:housenumber": null, "addr:city": null, "animal": null, "building": null, "access": null, "surface": null, "parking": null, "amenity": null, "landuse": null, "golf": null, "natural": null, "barrier": null, "attraction": null, "highway": null, "wikipedia": null, "ref:US:USFS:proclaimed_forest_number": null, "protection_title": null, "protected_area": null, "protected": null, "protect_class": null, "ownership": null, "operator:wikipedia": null, "operator:wikidata": null, "operator:type": null, "operator:short": null, "operator": null, "gnis:feature_id": null, "wikidata": null, "type": null, "place": null, "name": null, "boundary": null, "admin_level": null }, "geometry": { "type": "MultiPolygon", "coordinates": [ [ [ [ -104.8536762, 38.7706266 ], [ -104.8536675, 38.7706083 ], [ -104.8536654, 38.7705936 ], [ -104.8536574, 38.7705816 ], [ -104.8536467, 38.7705785 ], [ -104.8536333, 38.7705795 ], [ -104.8536252, 38.7705858 ], [ -104.8536185, 38.7705999 ], [ -104.8536158, 38.7706099 ], [ -104.8536078, 38.7706187 ], [ -104.8535884, 38.7706211 ], [ -104.8535561, 38.7705796 ], [ -104.8535439, 38.7705597 ], [ -104.8535595, 38.7705534 ], [ -104.8535742, 38.7705529 ], [ -104.8535863, 38.7705571 ], [ -104.8535877, 38.7705659 ], [ -104.8536105, 38.7705659 ], [ -104.8536118, 38.770556 ], [ -104.8536225, 38.7705503 ], [ -104.8536386, 38.7705497 ], [ -104.853652, 38.7705523 ], [ -104.8536607, 38.7705565 ], [ -104.8536607, 38.7705644 ], [ -104.8536849, 38.7705659 ], [ -104.8536849, 38.7705591 ], [ -104.8536929, 38.7705555 ], [ -104.8537144, 38.7705586 ], [ -104.8537533, 38.7705691 ], [ -104.8537754, 38.7705722 ], [ -104.853799, 38.7705772 ], [ -104.8536762, 38.7706266 ] ] ] ] } },
{ "type": "Feature", "properties": { "full_id": "w548888385", "osm_id": "548888385", "osm_type": "way", "power": null, "year_of_construction": null, "building:levels": null, "disused:landuse": null, "contact:website": null, "leaf_type": null, "salt": null, "intermittent": null, "theatre:type": null, "motor_vehicle": null, "horse": null, "bicycle": null, "lit": null, "species:wikipedia": null, "species:wikidata": null, "bridge": null, "cuisine": null, "aerialway:summer:access": null, "aerialway:access": null, "aerialway": null, "shelter_type": null, "layer": null, "water": null, "sorting_name": null, "heritage": null, "alt_name": null, "opening_hours": null, "contact:facebook": null, "charge": null, "leisure": "garden", "website": null, "tourism": null, "start_date": null, "phone": null, "historic": null, "ele": null, "shop": null, "fee": null, "addr:street": null, "addr:state": null, "addr:postcode": null, "addr:housenumber": null, "addr:city": null, "animal": null, "building": null, "access": null, "surface": null, "parking": null, "amenity": null, "landuse": null, "golf": null, "natural": null, "barrier": "fence", "attraction": null, "highway": null, "wikipedia": null, "ref:US:USFS:proclaimed_forest_number": null, "protection_title": null, "protected_area": null, "protected": null, "protect_class": null, "ownership": null, "operator:wikipedia": null, "operator:wikidata": null, "operator:type": null, "operator:short": null, "operator": null, "gnis:feature_id": null, "wikidata": null, "type": null, "place": null, "name": null, "boundary": null, "admin_level": null }, "geometry": { "type": "MultiPolygon", "coordinates": [ [ [ [ -104.8536735, 38.7704734 ], [ -104.8536679, 38.7704676 ], [ -104.8536577, 38.770468 ], [ -104.8536385, 38.7704768 ], [ -104.8536109, 38.7704794 ], [ -104.8535664, 38.770472 ], [ -104.8535438, 38.7704618 ], [ -104.8535286, 38.7704425 ], [ -104.853515, 38.7704117 ], [ -104.8534919, 38.7704082 ], [ -104.8534671, 38.77041 ], [ -104.853484, 38.7704544 ], [ -104.8535058, 38.7704978 ], [ -104.8535219, 38.7705239 ], [ -104.8535293, 38.7705252 ], [ -104.8535447, 38.7705262 ], [ -104.8535521, 38.7705199 ], [ -104.8535528, 38.7705116 ], [ -104.8535816, 38.7705063 ], [ -104.853583, 38.7705116 ], [ -104.853595, 38.7705184 ], [ -104.8536145, 38.7705186 ], [ -104.8536259, 38.7705134 ], [ -104.8536316, 38.7705074 ], [ -104.8536527, 38.7705082 ], [ -104.8536581, 38.7705152 ], [ -104.8536654, 38.7705189 ], [ -104.8536789, 38.7705184 ], [ -104.8536815, 38.77051 ], [ -104.8536815, 38.7704959 ], [ -104.8536735, 38.7704734 ] ] ] ] } },
{ "type": "Feature", "properties": { "full_id": "w548892211", "osm_id": "548892211", "osm_type": "way", "power": null, "year_of_construction": null, "building:levels": null, "disused:landuse": null, "contact:website": null, "leaf_type": null, "salt": null, "intermittent": null, "theatre:type": null, "motor_vehicle": null, "horse": null, "bicycle": null, "lit": null, "species:wikipedia": null, "species:wikidata": null, "bridge": null, "cuisine": null, "aerialway:summer:access": null, "aerialway:access": null, "aerialway": null, "shelter_type": null, "layer": null, "water": null, "sorting_name": null, "heritage": null, "alt_name": null, "opening_hours": null, "contact:facebook": null, "charge": null, "leisure": null, "website": null, "tourism": null, "start_date": null, "phone": null, "historic": null, "ele": null, "shop": null, "fee": null, "addr:street": null, "addr:state": null, "addr:postcode": null, "addr:housenumber": null, "addr:city": null, "animal": null, "building": "yes", "access": null, "surface": null, "parking": null, "amenity": null, "landuse": null, "golf": null, "natural": null, "barrier": null, "attraction": null, "highway": null, "wikipedia": null, "ref:US:USFS:proclaimed_forest_number": null, "protection_title": null, "protected_area": null, "protected": null, "protect_class": null, "ownership": null, "operator:wikipedia": null, "operator:wikidata": null, "operator:type": null, "operator:short": null, "operator": null, "gnis:feature_id": null, "wikidata": null, "type": null, "place": null, "name": null, "boundary": null, "admin_level": null }, "geometry": { "type": "MultiPolygon", "coordinates": [ [ [ [ -104.8543946, 38.7708158 ], [ -104.8543675, 38.7708337 ], [ -104.8543459, 38.7708138 ], [ -104.8543729, 38.7707959 ], [ -104.8543946, 38.7708158 ] ] ] ] } },
{ "type": "Feature", "properties": { "full_id": "w548892208", "osm_id": "548892208", "osm_type": "way", "power": null, "year_of_construction": null, "building:levels": null, "disused:landuse": null, "contact:website": null, "leaf_type": null, "salt": null, "intermittent": null, "theatre:type": null, "motor_vehicle": null, "horse": null, "bicycle": null, "lit": null, "species:wikipedia": null, "species:wikidata": null, "bridge": null, "cuisine": null, "aerialway:summer:access": null, "aerialway:access": null, "aerialway": null, "shelter_type": null, "layer": null, "water": null, "sorting_name": null, "heritage": null, "alt_name": null, "opening_hours": null, "contact:facebook": null, "charge": null, "leisure": "playground", "website": null, "tourism": null, "start_date": null, "phone": null, "historic": null, "ele": null, "shop": null, "fee": null, "addr:street": null, "addr:state": null, "addr:postcode": null, "addr:housenumber": null, "addr:city": null, "animal": null, "building": null, "access": null, "surface": null, "parking": null, "amenity": null, "landuse": null, "golf": null, "natural": null, "barrier": null, "attraction": null, "highway": null, "wikipedia": null, "ref:US:USFS:proclaimed_forest_number": null, "protection_title": null, "protected_area": null, "protected": null, "protect_class": null, "ownership": null, "operator:wikipedia": null, "operator:wikidata": null, "operator:type": null, "operator:short": null, "operator": null, "gnis:feature_id": null, "wikidata": null, "type": null, "place": null, "name": "My Big Backyard", "boundary": null, "admin_level": null }, "geometry": { "type": "MultiPolygon", "coordinates": [ [ [ [ -104.854163, 38.7705811 ], [ -104.8541261, 38.7705958 ], [ -104.8540939, 38.7706564 ], [ -104.8540544, 38.7706569 ], [ -104.8540249, 38.7706575 ], [ -104.8539954, 38.770671 ], [ -104.853988, 38.7706935 ], [ -104.8540014, 38.7707092 ], [ -104.8540235, 38.7707197 ], [ -104.8540819, 38.7707395 ], [ -104.8540973, 38.7707385 ], [ -104.8542026, 38.7707134 ], [ -104.8542455, 38.7706857 ], [ -104.854163, 38.7705811 ] ] ] ] } },
{ "type": "Feature", "properties": { "full_id": "w548892207", "osm_id": "548892207", "osm_type": "way", "power": null, "year_of_construction": null, "building:levels": null, "disused:landuse": null, "contact:website": null, "leaf_type": null, "salt": null, "intermittent": null, "theatre:type": null, "motor_vehicle": null, "horse": null, "bicycle": null, "lit": null, "species:wikipedia": null, "species:wikidata": null, "bridge": null, "cuisine": null, "aerialway:summer:access": null, "aerialway:access": null, "aerialway": null, "shelter_type": null, "layer": null, "water": null, "sorting_name": null, "heritage": null, "alt_name": null, "opening_hours": null, "contact:facebook": null, "charge": null, "leisure": null, "website": null, "tourism": null, "start_date": null, "phone": null, "historic": null, "ele": null, "shop": null, "fee": null, "addr:street": null, "addr:state": null, "addr:postcode": null, "addr:housenumber": null, "addr:city": null, "animal": null, "building": "yes", "access": null, "surface": null, "parking": null, "amenity": null, "landuse": null, "golf": null, "natural": null, "barrier": null, "attraction": null, "highway": null, "wikipedia": null, "ref:US:USFS:proclaimed_forest_number": null, "protection_title": null, "protected_area": null, "protected": null, "protect_class": null, "ownership": null, "operator:wikipedia": null, "operator:wikidata": null, "operator:type": null, "operator:short": null, "operator": null, "gnis:feature_id": null, "wikidata": null, "type": null, "place": null, "name": null, "boundary": null, "admin_level": null }, "geometry": { "type": "MultiPolygon", "coordinates": [ [ [ [ -104.8542455, 38.7706857 ], [ -104.8542026, 38.7707134 ], [ -104.8542844, 38.7707772 ], [ -104.8543253, 38.7707495 ], [ -104.8542455, 38.7706857 ] ] ] ] } },
{ "type": "Feature", "properties": { "full_id": "w548892200", "osm_id": "548892200", "osm_type": "way", "power": null, "year_of_construction": null, "building:levels": null, "disused:landuse": null, "contact:website": null, "leaf_type": null, "salt": null, "intermittent": null, "theatre:type": null, "motor_vehicle": null, "horse": null, "bicycle": null, "lit": null, "species:wikipedia": null, "species:wikidata": null, "bridge": null, "cuisine": null, "aerialway:summer:access": null, "aerialway:access": null, "aerialway": null, "shelter_type": null, "layer": null, "water": null, "sorting_name": null, "heritage": null, "alt_name": null, "opening_hours": null, "contact:facebook": null, "charge": null, "leisure": null, "website": null, "tourism": null, "start_date": null, "phone": null, "historic": null, "ele": null, "shop": null, "fee": null, "addr:street": null, "addr:state": null, "addr:postcode": null, "addr:housenumber": null, "addr:city": null, "animal": null, "building": null, "access": null, "surface": null, "parking": null, "amenity": null, "landuse": null, "golf": null, "natural": "wood", "barrier": null, "attraction": null, "highway": null, "wikipedia": null, "ref:US:USFS:proclaimed_forest_number": null, "protection_title": null, "protected_area": null, "protected": null, "protect_class": null, "ownership": null, "operator:wikipedia": null, "operator:wikidata": null, "operator:type": null, "operator:short": null, "operator": null, "gnis:feature_id": null, "wikidata": null, "type": null, "place": null, "name": null, "boundary": null, "admin_level": null }, "geometry": { "type": "MultiPolygon", "coordinates": [ [ [ [ -104.8538081, 38.7705892 ], [ -104.853848, 38.7705808 ], [ -104.8538791, 38.7705823 ], [ -104.8538998, 38.7705954 ], [ -104.8539299, 38.7705995 ], [ -104.8539424, 38.7705967 ], [ -104.8539556, 38.7705824 ], [ -104.8539626, 38.7705968 ], [ -104.8539498, 38.7706366 ], [ -104.853889, 38.7706628 ], [ -104.853917, 38.7707024 ], [ -104.8538996, 38.7707109 ], [ -104.8538081, 38.7705892 ] ] ] ] } },
{ "type": "Feature", "properties": { "full_id": "w548645554", "osm_id": "548645554", "osm_type": "way", "power": null, "year_of_construction": null, "building:levels": null, "disused:landuse": null, "contact:website": null, "leaf_type": null, "salt": null, "intermittent": null, "theatre:type": null, "motor_vehicle": null, "horse": null, "bicycle": null, "lit": null, "species:wikipedia": null, "species:wikidata": null, "bridge": null, "cuisine": null, "aerialway:summer:access": null, "aerialway:access": null, "aerialway": null, "shelter_type": null, "layer": null, "water": null, "sorting_name": null, "heritage": null, "alt_name": null, "opening_hours": null, "contact:facebook": null, "charge": null, "leisure": null, "website": null, "tourism": null, "start_date": null, "phone": null, "historic": null, "ele": null, "shop": null, "fee": null, "addr:street": null, "addr:state": null, "addr:postcode": null, "addr:housenumber": null, "addr:city": null, "animal": null, "building": null, "access": null, "surface": "paved", "parking": null, "amenity": null, "landuse": null, "golf": null, "natural": null, "barrier": null, "attraction": null, "highway": "pedestrian", "wikipedia": null, "ref:US:USFS:proclaimed_forest_number": null, "protection_title": null, "protected_area": null, "protected": null, "protect_class": null, "ownership": null, "operator:wikipedia": null, "operator:wikidata": null, "operator:type": null, "operator:short": null, "operator": null, "gnis:feature_id": null, "wikidata": null, "type": null, "place": null, "name": null, "boundary": null, "admin_level": null }, "geometry": { "type": "MultiPolygon", "coordinates": [ [ [ [ -104.85318, 38.7708314 ], [ -104.8532379, 38.7708718 ], [ -104.8532532, 38.7709725 ], [ -104.8531662, 38.7709792 ], [ -104.8531667, 38.7709556 ], [ -104.8531393, 38.7708381 ], [ -104.85318, 38.7708314 ] ] ] ] } },
{ "type": "Feature", "properties": { "full_id": "w548643808", "osm_id": "548643808", "osm_type": "way", "power": null, "year_of_construction": null, "building:levels": null, "disused:landuse": null, "contact:website": null, "leaf_type": null, "salt": null, "intermittent": null, "theatre:type": null, "motor_vehicle": null, "horse": null, "bicycle": null, "lit": null, "species:wikipedia": null, "species:wikidata": null, "bridge": null, "cuisine": null, "aerialway:summer:access": null, "aerialway:access": null, "aerialway": null, "shelter_type": null, "layer": null, "water": null, "sorting_name": null, "heritage": null, "alt_name": null, "opening_hours": null, "contact:facebook": null, "charge": null, "leisure": null, "website": null, "tourism": null, "start_date": null, "phone": null, "historic": null, "ele": null, "shop": null, "fee": null, "addr:street": null, "addr:state": null, "addr:postcode": null, "addr:housenumber": null, "addr:city": null, "animal": null, "building": null, "access": null, "surface": "paved", "parking": null, "amenity": null, "landuse": null, "golf": null, "natural": null, "barrier": null, "attraction": null, "highway": "pedestrian", "wikipedia": null, "ref:US:USFS:proclaimed_forest_number": null, "protection_title": null, "protected_area": null, "protected": null, "protect_class": null, "ownership": null, "operator:wikipedia": null, "operator:wikidata": null, "operator:type": null, "operator:short": null, "operator": null, "gnis:feature_id": null, "wikidata": null, "type": null, "place": null, "name": null, "boundary": null, "admin_level": null }, "geometry": { "type": "MultiPolygon", "coordinates": [ [ [ [ -104.8536927, 38.7709802 ], [ -104.8537447, 38.770976 ], [ -104.8538134, 38.770976 ], [ -104.853875, 38.7709804 ], [ -104.8539382, 38.7709849 ], [ -104.8539568, 38.7710175 ], [ -104.853977, 38.7710094 ], [ -104.8540119, 38.7709892 ], [ -104.8540298, 38.770984 ], [ -104.8540532, 38.7709535 ], [ -104.8539869, 38.7708728 ], [ -104.8539734, 38.7708729 ], [ -104.8539359, 38.77091 ], [ -104.8538534, 38.770944 ], [ -104.8538366, 38.7709414 ], [ -104.8538085, 38.7709273 ], [ -104.8537451, 38.7708366 ], [ -104.853735, 38.7708968 ], [ -104.8537112, 38.7709191 ], [ -104.8536765, 38.7709325 ], [ -104.8536472, 38.7709352 ], [ -104.8536148, 38.7709381 ], [ -104.8536927, 38.7709802 ] ] ] ] } },
{ "type": "Feature", "properties": { "full_id": "w548643807", "osm_id": "548643807", "osm_type": "way", "power": null, "year_of_construction": null, "building:levels": null, "disused:landuse": null, "contact:website": null, "leaf_type": null, "salt": null, "intermittent": null, "theatre:type": null, "motor_vehicle": null, "horse": null, "bicycle": null, "lit": null, "species:wikipedia": null, "species:wikidata": null, "bridge": null, "cuisine": null, "aerialway:summer:access": null, "aerialway:access": null, "aerialway": null, "shelter_type": null, "layer": null, "water": null, "sorting_name": null, "heritage": null, "alt_name": null, "opening_hours": null, "contact:facebook": null, "charge": null, "leisure": null, "website": null, "tourism": "picnic_site", "start_date": null, "phone": null, "historic": null, "ele": null, "shop": null, "fee": null, "addr:street": null, "addr:state": null, "addr:postcode": null, "addr:housenumber": null, "addr:city": null, "animal": null, "building": null, "access": null, "surface": null, "parking": null, "amenity": null, "landuse": null, "golf": null, "natural": null, "barrier": null, "attraction": null, "highway": null, "wikipedia": null, "ref:US:USFS:proclaimed_forest_number": null, "protection_title": null, "protected_area": null, "protected": null, "protect_class": null, "ownership": null, "operator:wikipedia": null, "operator:wikidata": null, "operator:type": null, "operator:short": null, "operator": null, "gnis:feature_id": null, "wikidata": null, "type": null, "place": null, "name": null, "boundary": null, "admin_level": null }, "geometry": { "type": "MultiPolygon", "coordinates": [ [ [ [ -104.8539633, 38.7708304 ], [ -104.8539788, 38.7708583 ], [ -104.8539734, 38.7708729 ], [ -104.8539359, 38.77091 ], [ -104.8538534, 38.770944 ], [ -104.8538366, 38.7709414 ], [ -104.8538085, 38.7709273 ], [ -104.8537451, 38.7708366 ], [ -104.8536877, 38.7707543 ], [ -104.8537083, 38.770746 ], [ -104.8538088, 38.7708894 ], [ -104.8539633, 38.7708304 ] ] ] ] } },
{ "type": "Feature", "properties": { "full_id": "w548643804", "osm_id": "548643804", "osm_type": "way", "power": null, "year_of_construction": null, "building:levels": null, "disused:landuse": null, "contact:website": null, "leaf_type": null, "salt": null, "intermittent": null, "theatre:type": null, "motor_vehicle": null, "horse": null, "bicycle": null, "lit": null, "species:wikipedia": null, "species:wikidata": null, "bridge": null, "cuisine": null, "aerialway:summer:access": null, "aerialway:access": null, "aerialway": null, "shelter_type": null, "layer": null, "water": null, "sorting_name": null, "heritage": null, "alt_name": null, "opening_hours": null, "contact:facebook": null, "charge": null, "leisure": null, "website": null, "tourism": null, "start_date": null, "phone": null, "historic": null, "ele": null, "shop": null, "fee": null, "addr:street": null, "addr:state": null, "addr:postcode": null, "addr:housenumber": null, "addr:city": null, "animal": null, "building": null, "access": null, "surface": null, "parking": null, "amenity": null, "landuse": null, "golf": null, "natural": "wood", "barrier": null, "attraction": null, "highway": null, "wikipedia": null, "ref:US:USFS:proclaimed_forest_number": null, "protection_title": null, "protected_area": null, "protected": null, "protect_class": null, "ownership": null, "operator:wikipedia": null, "operator:wikidata": null, "operator:type": null, "operator:short": null, "operator": null, "gnis:feature_id": null, "wikidata": null, "type": null, "place": null, "name": null, "boundary": null, "admin_level": null }, "geometry": { "type": "MultiPolygon", "coordinates": [ [ [ [ -104.8542777, 38.7718772 ], [ -104.8543, 38.7718978 ], [ -104.854294, 38.7719146 ], [ -104.8543165, 38.771913 ], [ -104.8543358, 38.771903 ], [ -104.8543562, 38.7718713 ], [ -104.8543543, 38.7718415 ], [ -104.8543341, 38.7718256 ], [ -104.8542985, 38.7717892 ], [ -104.8541812, 38.7716855 ], [ -104.8540764, 38.7716037 ], [ -104.8540132, 38.7715668 ], [ -104.8539974, 38.7715835 ], [ -104.853953, 38.7716346 ], [ -104.8539963, 38.7716601 ], [ -104.8539188, 38.7717401 ], [ -104.8539886, 38.7718347 ], [ -104.8540151, 38.7718496 ], [ -104.8541612, 38.7717463 ], [ -104.8542777, 38.7718772 ] ] ] ] } },
{ "type": "Feature", "properties": { "full_id": "w548645564", "osm_id": "548645564", "osm_type": "way", "power": null, "year_of_construction": null, "building:levels": null, "disused:landuse": null, "contact:website": null, "leaf_type": null, "salt": null, "intermittent": null, "theatre:type": null, "motor_vehicle": null, "horse": null, "bicycle": null, "lit": null, "species:wikipedia": null, "species:wikidata": null, "bridge": null, "cuisine": null, "aerialway:summer:access": null, "aerialway:access": null, "aerialway": null, "shelter_type": null, "layer": null, "water": null, "sorting_name": null, "heritage": null, "alt_name": null, "opening_hours": null, "contact:facebook": null, "charge": null, "leisure": "garden", "website": null, "tourism": null, "start_date": null, "phone": null, "historic": null, "ele": null, "shop": null, "fee": null, "addr:street": null, "addr:state": null, "addr:postcode": null, "addr:housenumber": null, "addr:city": null, "animal": null, "building": null, "access": null, "surface": null, "parking": null, "amenity": null, "landuse": null, "golf": null, "natural": null, "barrier": null, "attraction": null, "highway": null, "wikipedia": null, "ref:US:USFS:proclaimed_forest_number": null, "protection_title": null, "protected_area": null, "protected": null, "protect_class": null, "ownership": null, "operator:wikipedia": null, "operator:wikidata": null, "operator:type": null, "operator:short": null, "operator": null, "gnis:feature_id": null, "wikidata": null, "type": null, "place": null, "name": null, "boundary": null, "admin_level": null }, "geometry": { "type": "MultiPolygon", "coordinates": [ [ [ [ -104.8529631, 38.7690918 ], [ -104.8529661, 38.7691336 ], [ -104.8528996, 38.7691307 ], [ -104.8528873, 38.7690975 ], [ -104.8528713, 38.7690892 ], [ -104.8528317, 38.7690855 ], [ -104.8528087, 38.7690685 ], [ -104.8528087, 38.7690408 ], [ -104.8528497, 38.7689952 ], [ -104.8528564, 38.7690319 ], [ -104.8528859, 38.7690696 ], [ -104.8529342, 38.7690905 ], [ -104.8529631, 38.7690918 ] ] ] ] } },
{ "type": "Feature", "properties": { "full_id": "w548645563", "osm_id": "548645563", "osm_type": "way", "power": null, "year_of_construction": null, "building:levels": null, "disused:landuse": null, "contact:website": null, "leaf_type": null, "salt": null, "intermittent": null, "theatre:type": null, "motor_vehicle": null, "horse": null, "bicycle": null, "lit": null, "species:wikipedia": null, "species:wikidata": null, "bridge": null, "cuisine": null, "aerialway:summer:access": null, "aerialway:access": null, "aerialway": null, "shelter_type": null, "layer": null, "water": null, "sorting_name": null, "heritage": null, "alt_name": null, "opening_hours": null, "contact:facebook": null, "charge": null, "leisure": "garden", "website": null, "tourism": null, "start_date": null, "phone": null, "historic": null, "ele": null, "shop": null, "fee": null, "addr:street": null, "addr:state": null, "addr:postcode": null, "addr:housenumber": null, "addr:city": null, "animal": null, "building": null, "access": null, "surface": null, "parking": null, "amenity": null, "landuse": null, "golf": null, "natural": null, "barrier": null, "attraction": null, "highway": null, "wikipedia": null, "ref:US:USFS:proclaimed_forest_number": null, "protection_title": null, "protected_area": null, "protected": null, "protect_class": null, "ownership": null, "operator:wikipedia": null, "operator:wikidata": null, "operator:type": null, "operator:short": null, "operator": null, "gnis:feature_id": null, "wikidata": null, "type": null, "place": null, "name": null, "boundary": null, "admin_level": null }, "geometry": { "type": "MultiPolygon", "coordinates": [ [ [ [ -104.852674, 38.7690457 ], [ -104.852639, 38.7691044 ], [ -104.8527682, 38.7691925 ], [ -104.8528054, 38.7691674 ], [ -104.852674, 38.7690457 ] ] ] ] } },
{ "type": "Feature", "properties": { "full_id": "w548645562", "osm_id": "548645562", "osm_type": "way", "power": null, "year_of_construction": null, "building:levels": null, "disused:landuse": null, "contact:website": null, "leaf_type": null, "salt": null, "intermittent": null, "theatre:type": null, "motor_vehicle": null, "horse": null, "bicycle": null, "lit": null, "species:wikipedia": null, "species:wikidata": null, "bridge": null, "cuisine": null, "aerialway:summer:access": null, "aerialway:access": null, "aerialway": null, "shelter_type": null, "layer": null, "water": null, "sorting_name": null, "heritage": null, "alt_name": null, "opening_hours": null, "contact:facebook": null, "charge": null, "leisure": null, "website": null, "tourism": null, "start_date": null, "phone": null, "historic": null, "ele": null, "shop": null, "fee": null, "addr:street": null, "addr:state": null, "addr:postcode": null, "addr:housenumber": null, "addr:city": null, "animal": null, "building": null, "access": null, "surface": "paved", "parking": null, "amenity": null, "landuse": null, "golf": null, "natural": null, "barrier": null, "attraction": null, "highway": "pedestrian", "wikipedia": null, "ref:US:USFS:proclaimed_forest_number": null, "protection_title": null, "protected_area": null, "protected": null, "protect_class": null, "ownership": null, "operator:wikipedia": null, "operator:wikidata": null, "operator:type": null, "operator:short": null, "operator": null, "gnis:feature_id": null, "wikidata": null, "type": null, "place": null, "name": null, "boundary": null, "admin_level": null }, "geometry": { "type": "MultiPolygon", "coordinates": [ [ [ [ -104.8528692, 38.7691447 ], [ -104.8528054, 38.7691674 ], [ -104.852674, 38.7690457 ], [ -104.8526988, 38.7690003 ], [ -104.8527367, 38.7690179 ], [ -104.8527961, 38.7689295 ], [ -104.852833, 38.7689284 ], [ -104.8528497, 38.7689952 ], [ -104.8528087, 38.7690408 ], [ -104.8528087, 38.7690685 ], [ -104.8528317, 38.7690855 ], [ -104.8528713, 38.7690892 ], [ -104.8528873, 38.7690975 ], [ -104.8528996, 38.7691307 ], [ -104.8529661, 38.7691336 ], [ -104.8529631, 38.7690918 ], [ -104.8530507, 38.7690958 ], [ -104.8531397, 38.7691594 ], [ -104.8531337, 38.7691762 ], [ -104.853123, 38.7691953 ], [ -104.8529725, 38.7691649 ], [ -104.8528692, 38.7691447 ] ] ] ] } },
{ "type": "Feature", "properties": { "full_id": "w548645556", "osm_id": "548645556", "osm_type": "way", "power": null, "year_of_construction": null, "building:levels": null, "disused:landuse": null, "contact:website": null, "leaf_type": null, "salt": null, "intermittent": null, "theatre:type": null, "motor_vehicle": null, "horse": null, "bicycle": null, "lit": null, "species:wikipedia": null, "species:wikidata": null, "bridge": null, "cuisine": null, "aerialway:summer:access": null, "aerialway:access": null, "aerialway": null, "shelter_type": null, "layer": null, "water": null, "sorting_name": null, "heritage": null, "alt_name": null, "opening_hours": null, "contact:facebook": null, "charge": null, "leisure": null, "website": null, "tourism": null, "start_date": null, "phone": null, "historic": null, "ele": null, "shop": null, "fee": null, "addr:street": null, "addr:state": null, "addr:postcode": null, "addr:housenumber": null, "addr:city": null, "animal": null, "building": null, "access": null, "surface": null, "parking": null, "amenity": null, "landuse": null, "golf": null, "natural": "grassland", "barrier": "wall", "attraction": "animal", "highway": null, "wikipedia": null, "ref:US:USFS:proclaimed_forest_number": null, "protection_title": null, "protected_area": null, "protected": null, "protect_class": null, "ownership": null, "operator:wikipedia": null, "operator:wikidata": null, "operator:type": null, "operator:short": null, "operator": null, "gnis:feature_id": null, "wikidata": null, "type": null, "place": null, "name": "Western Lowland Gorilla", "boundary": null, "admin_level": null }, "geometry": { "type": "MultiPolygon", "coordinates": [ [ [ [ -104.8530507, 38.7690958 ], [ -104.8532357, 38.7689839 ], [ -104.8533745, 38.768821 ], [ -104.8533187, 38.7686357 ], [ -104.8530507, 38.768489 ], [ -104.8527381, 38.7684666 ], [ -104.8525531, 38.7685437 ], [ -104.8525018, 38.768621 ], [ -104.8525358, 38.768693 ], [ -104.852564, 38.7687066 ], [ -104.8525659, 38.7687266 ], [ -104.852748, 38.7688019 ], [ -104.8528271, 38.7687903 ], [ -104.852884, 38.7688132 ], [ -104.852904, 38.7688712 ], [ -104.8528703, 38.7688746 ], [ -104.852833, 38.7689284 ], [ -104.8528497, 38.7689952 ], [ -104.8528564, 38.7690319 ], [ -104.8528859, 38.7690696 ], [ -104.8529342, 38.7690905 ], [ -104.8529631, 38.7690918 ], [ -104.8530507, 38.7690958 ] ] ] ] } },
{ "type": "Feature", "properties": { "full_id": "w548747214", "osm_id": "548747214", "osm_type": "way", "power": null, "year_of_construction": null, "building:levels": null, "disused:landuse": null, "contact:website": null, "leaf_type": null, "salt": null, "intermittent": null, "theatre:type": null, "motor_vehicle": null, "horse": null, "bicycle": null, "lit": null, "species:wikipedia": null, "species:wikidata": null, "bridge": null, "cuisine": null, "aerialway:summer:access": null, "aerialway:access": null, "aerialway": null, "shelter_type": null, "layer": null, "water": null, "sorting_name": null, "heritage": null, "alt_name": null, "opening_hours": null, "contact:facebook": null, "charge": null, "leisure": "garden", "website": null, "tourism": null, "start_date": null, "phone": null, "historic": null, "ele": null, "shop": null, "fee": null, "addr:street": null, "addr:state": null, "addr:postcode": null, "addr:housenumber": null, "addr:city": null, "animal": null, "building": null, "access": null, "surface": null, "parking": null, "amenity": null, "landuse": null, "golf": null, "natural": null, "barrier": null, "attraction": null, "highway": null, "wikipedia": null, "ref:US:USFS:proclaimed_forest_number": null, "protection_title": null, "protected_area": null, "protected": null, "protect_class": null, "ownership": null, "operator:wikipedia": null, "operator:wikidata": null, "operator:type": null, "operator:short": null, "operator": null, "gnis:feature_id": null, "wikidata": null, "type": null, "place": null, "name": null, "boundary": null, "admin_level": null }, "geometry": { "type": "MultiPolygon", "coordinates": [ [ [ [ -104.8543471, 38.7715347 ], [ -104.8543301, 38.771534 ], [ -104.8543149, 38.7715221 ], [ -104.8543111, 38.7714896 ], [ -104.8543215, 38.7714755 ], [ -104.8543443, 38.7714682 ], [ -104.8543471, 38.7715347 ] ] ] ] } },
{ "type": "Feature", "properties": { "full_id": "w548747213", "osm_id": "548747213", "osm_type": "way", "power": null, "year_of_construction": null, "building:levels": null, "disused:landuse": null, "contact:website": null, "leaf_type": null, "salt": null, "intermittent": null, "theatre:type": null, "motor_vehicle": null, "horse": null, "bicycle": null, "lit": null, "species:wikipedia": null, "species:wikidata": null, "bridge": null, "cuisine": null, "aerialway:summer:access": null, "aerialway:access": null, "aerialway": null, "shelter_type": null, "layer": null, "water": null, "sorting_name": null, "heritage": null, "alt_name": null, "opening_hours": null, "contact:facebook": null, "charge": null, "leisure": null, "website": null, "tourism": null, "start_date": null, "phone": null, "historic": null, "ele": null, "shop": null, "fee": null, "addr:street": null, "addr:state": null, "addr:postcode": null, "addr:housenumber": null, "addr:city": null, "animal": null, "building": null, "access": null, "surface": null, "parking": null, "amenity": null, "landuse": null, "golf": null, "natural": "wood", "barrier": "wall", "attraction": "animal", "highway": null, "wikipedia": null, "ref:US:USFS:proclaimed_forest_number": null, "protection_title": null, "protected_area": null, "protected": null, "protect_class": null, "ownership": null, "operator:wikipedia": null, "operator:wikidata": null, "operator:type": null, "operator:short": null, "operator": null, "gnis:feature_id": null, "wikidata": null, "type": null, "place": null, "name": null, "boundary": null, "admin_level": null }, "geometry": { "type": "MultiPolygon", "coordinates": [ [ [ [ -104.8543329, 38.7715643 ], [ -104.8543196, 38.7716182 ], [ -104.8543519, 38.7716293 ], [ -104.8545415, 38.7716027 ], [ -104.8545586, 38.7715569 ], [ -104.8545559, 38.7715351 ], [ -104.8545453, 38.7714511 ], [ -104.8545396, 38.7714023 ], [ -104.8544221, 38.771409 ], [ -104.8544239, 38.771429 ], [ -104.8544277, 38.7714526 ], [ -104.8543443, 38.7714682 ], [ -104.8543471, 38.7715347 ], [ -104.8543329, 38.7715643 ] ] ] ] } },
{ "type": "Feature", "properties": { "full_id": "w548747209", "osm_id": "548747209", "osm_type": "way", "power": null, "year_of_construction": null, "building:levels": null, "disused:landuse": null, "contact:website": null, "leaf_type": null, "salt": null, "intermittent": null, "theatre:type": null, "motor_vehicle": null, "horse": null, "bicycle": null, "lit": null, "species:wikipedia": null, "species:wikidata": null, "bridge": null, "cuisine": null, "aerialway:summer:access": null, "aerialway:access": null, "aerialway": null, "shelter_type": null, "layer": null, "water": null, "sorting_name": null, "heritage": null, "alt_name": null, "opening_hours": null, "contact:facebook": null, "charge": null, "leisure": null, "website": null, "tourism": null, "start_date": null, "phone": null, "historic": null, "ele": null, "shop": null, "fee": null, "addr:street": null, "addr:state": null, "addr:postcode": null, "addr:housenumber": null, "addr:city": null, "animal": null, "building": "yes", "access": null, "surface": null, "parking": null, "amenity": null, "landuse": null, "golf": null, "natural": null, "barrier": null, "attraction": null, "highway": null, "wikipedia": null, "ref:US:USFS:proclaimed_forest_number": null, "protection_title": null, "protected_area": null, "protected": null, "protect_class": null, "ownership": null, "operator:wikipedia": null, "operator:wikidata": null, "operator:type": null, "operator:short": null, "operator": null, "gnis:feature_id": null, "wikidata": null, "type": null, "place": null, "name": null, "boundary": null, "admin_level": null }, "geometry": { "type": "MultiPolygon", "coordinates": [ [ [ [ -104.8544564, 38.7716466 ], [ -104.8544617, 38.7716639 ], [ -104.8544856, 38.7717419 ], [ -104.8544037, 38.7717571 ], [ -104.8543934, 38.7717233 ], [ -104.8543746, 38.7716618 ], [ -104.8544564, 38.7716466 ] ] ] ] } },
{ "type": "Feature", "properties": { "full_id": "w548646211", "osm_id": "548646211", "osm_type": "way", "power": null, "year_of_construction": null, "building:levels": null, "disused:landuse": null, "contact:website": null, "leaf_type": null, "salt": null, "intermittent": null, "theatre:type": null, "motor_vehicle": null, "horse": null, "bicycle": null, "lit": null, "species:wikipedia": null, "species:wikidata": null, "bridge": null, "cuisine": null, "aerialway:summer:access": null, "aerialway:access": null, "aerialway": null, "shelter_type": null, "layer": null, "water": null, "sorting_name": null, "heritage": null, "alt_name": null, "opening_hours": null, "contact:facebook": null, "charge": null, "leisure": null, "website": null, "tourism": null, "start_date": null, "phone": null, "historic": null, "ele": null, "shop": null, "fee": null, "addr:street": null, "addr:state": null, "addr:postcode": null, "addr:housenumber": null, "addr:city": null, "animal": null, "building": null, "access": null, "surface": null, "parking": null, "amenity": null, "landuse": null, "golf": null, "natural": "wood", "barrier": "fence", "attraction": "animal", "highway": null, "wikipedia": null, "ref:US:USFS:proclaimed_forest_number": null, "protection_title": null, "protected_area": null, "protected": null, "protect_class": null, "ownership": null, "operator:wikipedia": null, "operator:wikidata": null, "operator:type": null, "operator:short": null, "operator": null, "gnis:feature_id": null, "wikidata": null, "type": null, "place": null, "name": "Orangutan", "boundary": null, "admin_level": null }, "geometry": { "type": "MultiPolygon", "coordinates": [ [ [ [ -104.8524917, 38.7689391 ], [ -104.8524638, 38.7689705 ], [ -104.8522881, 38.7689998 ], [ -104.8521768, 38.7689496 ], [ -104.8521285, 38.7688325 ], [ -104.8521619, 38.7687941 ], [ -104.8522149, 38.7688164 ], [ -104.8522404, 38.7689043 ], [ -104.8523079, 38.7689299 ], [ -104.8524284, 38.7689105 ], [ -104.8524917, 38.7689391 ] ] ] ] } },
{ "type": "Feature", "properties": { "full_id": "w548747220", "osm_id": "548747220", "osm_type": "way", "power": null, "year_of_construction": null, "building:levels": null, "disused:landuse": null, "contact:website": null, "leaf_type": null, "salt": null, "intermittent": null, "theatre:type": null, "motor_vehicle": null, "horse": null, "bicycle": null, "lit": null, "species:wikipedia": null, "species:wikidata": null, "bridge": null, "cuisine": null, "aerialway:summer:access": null, "aerialway:access": null, "aerialway": null, "shelter_type": null, "layer": null, "water": null, "sorting_name": null, "heritage": null, "alt_name": null, "opening_hours": null, "contact:facebook": null, "charge": null, "leisure": null, "website": null, "tourism": null, "start_date": null, "phone": null, "historic": null, "ele": null, "shop": null, "fee": null, "addr:street": null, "addr:state": null, "addr:postcode": null, "addr:housenumber": null, "addr:city": null, "animal": null, "building": null, "access": null, "surface": null, "parking": null, "amenity": null, "landuse": null, "golf": null, "natural": "grassland", "barrier": "wall", "attraction": "animal", "highway": null, "wikipedia": null, "ref:US:USFS:proclaimed_forest_number": null, "protection_title": null, "protected_area": null, "protected": null, "protect_class": null, "ownership": null, "operator:wikipedia": null, "operator:wikidata": null, "operator:type": null, "operator:short": null, "operator": null, "gnis:feature_id": null, "wikidata": null, "type": null, "place": null, "name": "Bears", "boundary": null, "admin_level": null }, "geometry": { "type": "MultiPolygon", "coordinates": [ [ [ [ -104.854603, 38.7712002 ], [ -104.8546078, 38.7712189 ], [ -104.854616, 38.7713254 ], [ -104.8546174, 38.7713432 ], [ -104.854622, 38.7715071 ], [ -104.8547233, 38.7714951 ], [ -104.8547513, 38.7714781 ], [ -104.8547778, 38.7714404 ], [ -104.8547832, 38.7714327 ], [ -104.8548215, 38.771286 ], [ -104.8548072, 38.7712412 ], [ -104.8547785, 38.7711878 ], [ -104.8547423, 38.7711903 ], [ -104.8546579, 38.7711963 ], [ -104.854603, 38.7712002 ] ] ] ] } },
{ "type": "Feature", "properties": { "full_id": "w548747219", "osm_id": "548747219", "osm_type": "way", "power": null, "year_of_construction": null, "building:levels": null, "disused:landuse": null, "contact:website": null, "leaf_type": null, "salt": null, "intermittent": null, "theatre:type": null, "motor_vehicle": null, "horse": null, "bicycle": null, "lit": null, "species:wikipedia": null, "species:wikidata": null, "bridge": null, "cuisine": null, "aerialway:summer:access": null, "aerialway:access": null, "aerialway": null, "shelter_type": null, "layer": null, "water": null, "sorting_name": null, "heritage": null, "alt_name": null, "opening_hours": null, "contact:facebook": null, "charge": null, "leisure": null, "website": null, "tourism": null, "start_date": null, "phone": null, "historic": null, "ele": null, "shop": null, "fee": null, "addr:street": null, "addr:state": null, "addr:postcode": null, "addr:housenumber": null, "addr:city": null, "animal": null, "building": null, "access": null, "surface": null, "parking": null, "amenity": null, "landuse": null, "golf": null, "natural": "wood", "barrier": null, "attraction": null, "highway": null, "wikipedia": null, "ref:US:USFS:proclaimed_forest_number": null, "protection_title": null, "protected_area": null, "protected": null, "protect_class": null, "ownership": null, "operator:wikipedia": null, "operator:wikidata": null, "operator:type": null, "operator:short": null, "operator": null, "gnis:feature_id": null, "wikidata": null, "type": null, "place": null, "name": null, "boundary": null, "admin_level": null }, "geometry": { "type": "MultiPolygon", "coordinates": [ [ [ [ -104.8544239, 38.771429 ], [ -104.8544069, 38.7714208 ], [ -104.8543633, 38.7714245 ], [ -104.854331, 38.7714083 ], [ -104.8543263, 38.7713824 ], [ -104.8543158, 38.7712959 ], [ -104.8543291, 38.7712153 ], [ -104.8543043, 38.7710889 ], [ -104.8543152, 38.7710892 ], [ -104.8543253, 38.7710976 ], [ -104.8543755, 38.7712233 ], [ -104.8544319, 38.7712906 ], [ -104.8544759, 38.7713178 ], [ -104.8545789, 38.771348 ], [ -104.8545727, 38.7715404 ], [ -104.8545559, 38.7715351 ], [ -104.8545396, 38.7714023 ], [ -104.8544221, 38.771409 ], [ -104.8544239, 38.771429 ] ] ] ] } },
{ "type": "Feature", "properties": { "full_id": "w548747218", "osm_id": "548747218", "osm_type": "way", "power": null, "year_of_construction": null, "building:levels": null, "disused:landuse": null, "contact:website": null, "leaf_type": null, "salt": null, "intermittent": null, "theatre:type": null, "motor_vehicle": null, "horse": null, "bicycle": null, "lit": null, "species:wikipedia": null, "species:wikidata": null, "bridge": null, "cuisine": null, "aerialway:summer:access": null, "aerialway:access": null, "aerialway": null, "shelter_type": null, "layer": null, "water": null, "sorting_name": null, "heritage": null, "alt_name": null, "opening_hours": null, "contact:facebook": null, "charge": null, "leisure": null, "website": null, "tourism": null, "start_date": null, "phone": null, "historic": null, "ele": null, "shop": null, "fee": null, "addr:street": null, "addr:state": null, "addr:postcode": null, "addr:housenumber": null, "addr:city": null, "animal": null, "building": null, "access": null, "surface": null, "parking": null, "amenity": null, "landuse": null, "golf": null, "natural": null, "barrier": null, "attraction": null, "highway": "pedestrian", "wikipedia": null, "ref:US:USFS:proclaimed_forest_number": null, "protection_title": null, "protected_area": null, "protected": null, "protect_class": null, "ownership": null, "operator:wikipedia": null, "operator:wikidata": null, "operator:type": null, "operator:short": null, "operator": null, "gnis:feature_id": null, "wikidata": null, "type": null, "place": null, "name": null, "boundary": null, "admin_level": null }, "geometry": { "type": "MultiPolygon", "coordinates": [ [ [ [ -104.8540532, 38.7709535 ], [ -104.8540752, 38.7709149 ], [ -104.8541687, 38.7708774 ], [ -104.8542267, 38.7708874 ], [ -104.8542663, 38.7709293 ], [ -104.8542849, 38.7711026 ], [ -104.8543043, 38.7710889 ], [ -104.8543152, 38.7710892 ], [ -104.8543253, 38.7710976 ], [ -104.8543755, 38.7712233 ], [ -104.8544319, 38.7712906 ], [ -104.8544759, 38.7713178 ], [ -104.8545789, 38.771348 ], [ -104.8545796, 38.7713253 ], [ -104.8545165, 38.7713077 ], [ -104.8544815, 38.7712919 ], [ -104.8544505, 38.7712633 ], [ -104.8544195, 38.7712273 ], [ -104.8543783, 38.7711416 ], [ -104.8543535, 38.7710897 ], [ -104.8543203, 38.7710202 ], [ -104.8542977, 38.7709239 ], [ -104.8542735, 38.7708892 ], [ -104.8542464, 38.7708637 ], [ -104.8542007, 38.7708545 ], [ -104.8541314, 38.770858 ], [ -104.8540609, 38.7708659 ], [ -104.854054, 38.7708665 ], [ -104.8540101, 38.7708703 ], [ -104.8539966, 38.7708716 ], [ -104.8539869, 38.7708728 ], [ -104.8540532, 38.7709535 ] ] ] ] } },
{ "type": "Feature", "properties": { "full_id": "w548747217", "osm_id": "548747217", "osm_type": "way", "power": null, "year_of_construction": null, "building:levels": null, "disused:landuse": null, "contact:website": null, "leaf_type": null, "salt": null, "intermittent": null, "theatre:type": null, "motor_vehicle": null, "horse": null, "bicycle": null, "lit": null, "species:wikipedia": null, "species:wikidata": null, "bridge": null, "cuisine": null, "aerialway:summer:access": null, "aerialway:access": null, "aerialway": null, "shelter_type": null, "layer": null, "water": null, "sorting_name": null, "heritage": null, "alt_name": null, "opening_hours": null, "contact:facebook": null, "charge": null, "leisure": null, "website": null, "tourism": null, "start_date": null, "phone": null, "historic": null, "ele": null, "shop": null, "fee": null, "addr:street": null, "addr:state": null, "addr:postcode": null, "addr:housenumber": null, "addr:city": null, "animal": null, "building": null, "access": null, "surface": null, "parking": null, "amenity": null, "landuse": null, "golf": null, "natural": "wood", "barrier": null, "attraction": null, "highway": null, "wikipedia": null, "ref:US:USFS:proclaimed_forest_number": null, "protection_title": null, "protected_area": null, "protected": null, "protect_class": null, "ownership": null, "operator:wikipedia": null, "operator:wikidata": null, "operator:type": null, "operator:short": null, "operator": null, "gnis:feature_id": null, "wikidata": null, "type": null, "place": null, "name": null, "boundary": null, "admin_level": null }, "geometry": { "type": "MultiPolygon", "coordinates": [ [ [ [ -104.8546046, 38.7715505 ], [ -104.8545921, 38.7715466 ], [ -104.8545727, 38.7715404 ], [ -104.8545559, 38.7715351 ], [ -104.8545586, 38.7715569 ], [ -104.8545415, 38.7716027 ], [ -104.8543519, 38.7716293 ], [ -104.8543196, 38.7716182 ], [ -104.8543329, 38.7715643 ], [ -104.8543111, 38.771568 ], [ -104.8542988, 38.7715931 ], [ -104.8543015, 38.771627 ], [ -104.8543554, 38.771658 ], [ -104.8543746, 38.7716618 ], [ -104.8544564, 38.7716466 ], [ -104.8544617, 38.7716639 ], [ -104.8545751, 38.7716174 ], [ -104.8545865, 38.7715914 ], [ -104.8546046, 38.7715505 ] ] ] ] } },
{ "type": "Feature", "properties": { "full_id": "w548639054", "osm_id": "548639054", "osm_type": "way", "power": null, "year_of_construction": null, "building:levels": null, "disused:landuse": null, "contact:website": null, "leaf_type": null, "salt": null, "intermittent": null, "theatre:type": null, "motor_vehicle": null, "horse": null, "bicycle": null, "lit": null, "species:wikipedia": null, "species:wikidata": null, "bridge": null, "cuisine": null, "aerialway:summer:access": null, "aerialway:access": null, "aerialway": null, "shelter_type": null, "layer": null, "water": null, "sorting_name": null, "heritage": null, "alt_name": null, "opening_hours": null, "contact:facebook": null, "charge": null, "leisure": null, "website": null, "tourism": null, "start_date": null, "phone": null, "historic": null, "ele": null, "shop": null, "fee": null, "addr:street": null, "addr:state": null, "addr:postcode": null, "addr:housenumber": null, "addr:city": null, "animal": null, "building": null, "access": null, "surface": null, "parking": null, "amenity": null, "landuse": null, "golf": null, "natural": "scrub", "barrier": "wall", "attraction": "animal", "highway": null, "wikipedia": null, "ref:US:USFS:proclaimed_forest_number": null, "protection_title": null, "protected_area": null, "protected": null, "protect_class": null, "ownership": null, "operator:wikipedia": null, "operator:wikidata": null, "operator:type": null, "operator:short": null, "operator": null, "gnis:feature_id": null, "wikidata": null, "type": null, "place": null, "name": "Meerkat", "boundary": null, "admin_level": null }, "geometry": { "type": "MultiPolygon", "coordinates": [ [ [ [ -104.8538214, 38.7719941 ], [ -104.8538272, 38.7720173 ], [ -104.8537789, 38.7720654 ], [ -104.853759, 38.772062 ], [ -104.8537252, 38.7720303 ], [ -104.8537222, 38.7719811 ], [ -104.8537421, 38.7719637 ], [ -104.8537529, 38.7719555 ], [ -104.8537727, 38.7719606 ], [ -104.8537789, 38.7719798 ], [ -104.8538019, 38.7719957 ], [ -104.8538214, 38.7719941 ] ] ] ] } },
{ "type": "Feature", "properties": { "full_id": "w548638957", "osm_id": "548638957", "osm_type": "way", "power": null, "year_of_construction": null, "building:levels": null, "disused:landuse": null, "contact:website": null, "leaf_type": null, "salt": null, "intermittent": null, "theatre:type": null, "motor_vehicle": null, "horse": null, "bicycle": null, "lit": null, "species:wikipedia": null, "species:wikidata": null, "bridge": "yes", "cuisine": null, "aerialway:summer:access": null, "aerialway:access": null, "aerialway": null, "shelter_type": null, "layer": "1", "water": null, "sorting_name": null, "heritage": null, "alt_name": null, "opening_hours": null, "contact:facebook": null, "charge": null, "leisure": null, "website": null, "tourism": null, "start_date": null, "phone": null, "historic": null, "ele": null, "shop": null, "fee": null, "addr:street": null, "addr:state": null, "addr:postcode": null, "addr:housenumber": null, "addr:city": null, "animal": null, "building": null, "access": null, "surface": "wood", "parking": null, "amenity": null, "landuse": null, "golf": null, "natural": null, "barrier": null, "attraction": null, "highway": "pedestrian", "wikipedia": null, "ref:US:USFS:proclaimed_forest_number": null, "protection_title": null, "protected_area": null, "protected": null, "protect_class": null, "ownership": null, "operator:wikipedia": null, "operator:wikidata": null, "operator:type": null, "operator:short": null, "operator": null, "gnis:feature_id": null, "wikidata": null, "type": null, "place": null, "name": null, "boundary": null, "admin_level": null }, "geometry": { "type": "MultiPolygon", "coordinates": [ [ [ [ -104.8532513, 38.7716072 ], [ -104.8532479, 38.7716135 ], [ -104.8532607, 38.7716228 ], [ -104.8533107, 38.771659 ], [ -104.8533023, 38.7716651 ], [ -104.8533826, 38.7717217 ], [ -104.8534008, 38.7717053 ], [ -104.8534887, 38.771767 ], [ -104.8534666, 38.7717832 ], [ -104.853597, 38.7718783 ], [ -104.8535772, 38.7718952 ], [ -104.8536424, 38.7719314 ], [ -104.8536609, 38.7719566 ], [ -104.8536555, 38.7719974 ], [ -104.8536777, 38.771978 ], [ -104.8536999, 38.7719586 ], [ -104.8536947, 38.7719365 ], [ -104.8537042, 38.7719256 ], [ -104.8536607, 38.7719118 ], [ -104.8536379, 38.7718992 ], [ -104.8536341, 38.7718731 ], [ -104.8535057, 38.7717757 ], [ -104.8535219, 38.771762 ], [ -104.8535013, 38.771744 ], [ -104.8535089, 38.7717166 ], [ -104.8534985, 38.7717003 ], [ -104.8535307, 38.7716582 ], [ -104.8534966, 38.7716345 ], [ -104.8534672, 38.7716801 ], [ -104.8534439, 38.771693 ], [ -104.853431, 38.7716919 ], [ -104.8534089, 38.7716734 ], [ -104.8533937, 38.7716836 ], [ -104.8533031, 38.7716217 ], [ -104.8532772, 38.7716144 ], [ -104.8532513, 38.7716072 ] ] ] ] } },
{ "type": "Feature", "properties": { "full_id": "w548638956", "osm_id": "548638956", "osm_type": "way", "power": null, "year_of_construction": null, "building:levels": null, "disused:landuse": null, "contact:website": null, "leaf_type": null, "salt": null, "intermittent": null, "theatre:type": null, "motor_vehicle": null, "horse": null, "bicycle": null, "lit": null, "species:wikipedia": null, "species:wikidata": null, "bridge": null, "cuisine": null, "aerialway:summer:access": null, "aerialway:access": null, "aerialway": null, "shelter_type": null, "layer": null, "water": null, "sorting_name": null, "heritage": null, "alt_name": null, "opening_hours": null, "contact:facebook": null, "charge": null, "leisure": null, "website": null, "tourism": null, "start_date": null, "phone": null, "historic": null, "ele": null, "shop": null, "fee": null, "addr:street": null, "addr:state": null, "addr:postcode": null, "addr:housenumber": null, "addr:city": null, "animal": null, "building": null, "access": null, "surface": null, "parking": null, "amenity": null, "landuse": null, "golf": null, "natural": "wood", "barrier": "fence", "attraction": "animal", "highway": null, "wikipedia": null, "ref:US:USFS:proclaimed_forest_number": null, "protection_title": null, "protected_area": null, "protected": null, "protect_class": null, "ownership": null, "operator:wikipedia": null, "operator:wikidata": null, "operator:type": null, "operator:short": null, "operator": null, "gnis:feature_id": null, "wikidata": null, "type": null, "place": null, "name": "Okapi", "boundary": null, "admin_level": null }, "geometry": { "type": "MultiPolygon", "coordinates": [ [ [ [ -104.8537195, 38.7718135 ], [ -104.8537374, 38.7718342 ], [ -104.8537096, 38.7718501 ], [ -104.853705, 38.7718562 ], [ -104.8537392, 38.771874 ], [ -104.8537242, 38.7718951 ], [ -104.8537254, 38.7719128 ], [ -104.8537095, 38.7719195 ], [ -104.8537042, 38.7719256 ], [ -104.8536607, 38.7719118 ], [ -104.8536379, 38.7718992 ], [ -104.8536341, 38.7718731 ], [ -104.8535057, 38.7717757 ], [ -104.8535219, 38.771762 ], [ -104.8535013, 38.771744 ], [ -104.8535089, 38.7717166 ], [ -104.8534985, 38.7717003 ], [ -104.8535307, 38.7716582 ], [ -104.8536246, 38.7717048 ], [ -104.8536616, 38.7717639 ], [ -104.8537195, 38.7718135 ] ] ] ] } },
{ "type": "Feature", "properties": { "full_id": "w548638955", "osm_id": "548638955", "osm_type": "way", "power": null, "year_of_construction": null, "building:levels": null, "disused:landuse": null, "contact:website": null, "leaf_type": null, "salt": null, "intermittent": null, "theatre:type": null, "motor_vehicle": null, "horse": null, "bicycle": null, "lit": null, "species:wikipedia": null, "species:wikidata": null, "bridge": null, "cuisine": null, "aerialway:summer:access": null, "aerialway:access": null, "aerialway": null, "shelter_type": null, "layer": null, "water": null, "sorting_name": null, "heritage": null, "alt_name": null, "opening_hours": null, "contact:facebook": null, "charge": null, "leisure": null, "website": null, "tourism": null, "start_date": null, "phone": null, "historic": null, "ele": null, "shop": null, "fee": null, "addr:street": null, "addr:state": null, "addr:postcode": null, "addr:housenumber": null, "addr:city": null, "animal": null, "building": null, "access": null, "surface": null, "parking": null, "amenity": null, "landuse": null, "golf": null, "natural": "scrub", "barrier": "fence", "attraction": "animal", "highway": null, "wikipedia": null, "ref:US:USFS:proclaimed_forest_number": null, "protection_title": null, "protected_area": null, "protected": null, "protect_class": null, "ownership": null, "operator:wikipedia": null, "operator:wikidata": null, "operator:type": null, "operator:short": null, "operator": null, "gnis:feature_id": null, "wikidata": null, "type": null, "place": null, "name": "Grant's Zebra", "boundary": null, "admin_level": null }, "geometry": { "type": "MultiPolygon", "coordinates": [ [ [ [ -104.8537973, 38.7718248 ], [ -104.8537529, 38.7718254 ], [ -104.8537374, 38.7718342 ], [ -104.8537195, 38.7718135 ], [ -104.8536616, 38.7717639 ], [ -104.8536246, 38.7717048 ], [ -104.8535307, 38.7716582 ], [ -104.8534966, 38.7716345 ], [ -104.8535669, 38.7715291 ], [ -104.8536863, 38.7715857 ], [ -104.8536838, 38.7716 ], [ -104.8536927, 38.7716107 ], [ -104.8537259, 38.7716209 ], [ -104.8537432, 38.7715968 ], [ -104.8537726, 38.7716286 ], [ -104.853775, 38.7716404 ], [ -104.8537801, 38.7716663 ], [ -104.8538095, 38.7716952 ], [ -104.8537726, 38.7717247 ], [ -104.8537678, 38.7717543 ], [ -104.8537726, 38.7717772 ], [ -104.8537973, 38.7718248 ] ] ] ] } },
{ "type": "Feature", "properties": { "full_id": "w548639969", "osm_id": "548639969", "osm_type": "way", "power": null, "year_of_construction": null, "building:levels": null, "disused:landuse": null, "contact:website": null, "leaf_type": null, "salt": null, "intermittent": null, "theatre:type": null, "motor_vehicle": null, "horse": null, "bicycle": null, "lit": null, "species:wikipedia": null, "species:wikidata": null, "bridge": null, "cuisine": null, "aerialway:summer:access": null, "aerialway:access": null, "aerialway": null, "shelter_type": null, "layer": null, "water": null, "sorting_name": null, "heritage": null, "alt_name": null, "opening_hours": null, "contact:facebook": null, "charge": null, "leisure": null, "website": null, "tourism": null, "start_date": null, "phone": null, "historic": null, "ele": null, "shop": null, "fee": null, "addr:street": null, "addr:state": null, "addr:postcode": null, "addr:housenumber": null, "addr:city": null, "animal": null, "building": null, "access": null, "surface": null, "parking": null, "amenity": null, "landuse": null, "golf": null, "natural": "scrub", "barrier": null, "attraction": "animal", "highway": null, "wikipedia": null, "ref:US:USFS:proclaimed_forest_number": null, "protection_title": null, "protected_area": null, "protected": null, "protect_class": null, "ownership": null, "operator:wikipedia": null, "operator:wikidata": null, "operator:type": null, "operator:short": null, "operator": null, "gnis:feature_id": null, "wikidata": null, "type": null, "place": null, "name": "African Lion", "boundary": null, "admin_level": null }, "geometry": { "type": "MultiPolygon", "coordinates": [ [ [ [ -104.8539211, 38.7720747 ], [ -104.8538978, 38.7720951 ], [ -104.8539011, 38.7721224 ], [ -104.8538818, 38.7721292 ], [ -104.8538942, 38.77215 ], [ -104.8539047, 38.7721467 ], [ -104.853994, 38.7723082 ], [ -104.8540448, 38.7722965 ], [ -104.8540817, 38.7722747 ], [ -104.8541053, 38.7722326 ], [ -104.8540462, 38.7721128 ], [ -104.8540852, 38.7720734 ], [ -104.8541776, 38.7719788 ], [ -104.8542011, 38.7719564 ], [ -104.8542455, 38.7719656 ], [ -104.854294, 38.7719146 ], [ -104.8543, 38.7718978 ], [ -104.8542777, 38.7718772 ], [ -104.8541612, 38.7717463 ], [ -104.8540151, 38.7718496 ], [ -104.8540039, 38.7719228 ], [ -104.8539398, 38.7719762 ], [ -104.8539303, 38.77196 ], [ -104.8539169, 38.7719679 ], [ -104.8539041, 38.7720081 ], [ -104.8539211, 38.772045 ], [ -104.8539211, 38.7720747 ] ] ] ] } },
{ "type": "Feature", "properties": { "full_id": "w548639968", "osm_id": "548639968", "osm_type": "way", "power": null, "year_of_construction": null, "building:levels": null, "disused:landuse": null, "contact:website": null, "leaf_type": null, "salt": null, "intermittent": null, "theatre:type": null, "motor_vehicle": null, "horse": null, "bicycle": null, "lit": null, "species:wikipedia": null, "species:wikidata": null, "bridge": null, "cuisine": null, "aerialway:summer:access": null, "aerialway:access": null, "aerialway": null, "shelter_type": null, "layer": null, "water": null, "sorting_name": null, "heritage": null, "alt_name": null, "opening_hours": null, "contact:facebook": null, "charge": null, "leisure": null, "website": null, "tourism": null, "start_date": null, "phone": null, "historic": null, "ele": null, "shop": null, "fee": null, "addr:street": null, "addr:state": null, "addr:postcode": null, "addr:housenumber": null, "addr:city": null, "animal": null, "building": "roof", "access": null, "surface": null, "parking": null, "amenity": null, "landuse": null, "golf": null, "natural": null, "barrier": null, "attraction": null, "highway": null, "wikipedia": null, "ref:US:USFS:proclaimed_forest_number": null, "protection_title": null, "protected_area": null, "protected": null, "protect_class": null, "ownership": null, "operator:wikipedia": null, "operator:wikidata": null, "operator:type": null, "operator:short": null, "operator": null, "gnis:feature_id": null, "wikidata": null, "type": null, "place": null, "name": "African Lion Viewing Area", "boundary": null, "admin_level": null }, "geometry": { "type": "MultiPolygon", "coordinates": [ [ [ [ -104.8538829, 38.7719271 ], [ -104.8539177, 38.7719349 ], [ -104.8539303, 38.77196 ], [ -104.8539398, 38.7719762 ], [ -104.8540039, 38.7719228 ], [ -104.8540151, 38.7718496 ], [ -104.8539551, 38.7718644 ], [ -104.8539228, 38.7718534 ], [ -104.8538829, 38.7719271 ] ] ] ] } },
{ "type": "Feature", "properties": { "full_id": "w548639967", "osm_id": "548639967", "osm_type": "way", "power": null, "year_of_construction": null, "building:levels": null, "disused:landuse": null, "contact:website": null, "leaf_type": null, "salt": null, "intermittent": null, "theatre:type": null, "motor_vehicle": null, "horse": null, "bicycle": null, "lit": null, "species:wikipedia": null, "species:wikidata": null, "bridge": null, "cuisine": null, "aerialway:summer:access": null, "aerialway:access": null, "aerialway": null, "shelter_type": null, "layer": null, "water": null, "sorting_name": null, "heritage": null, "alt_name": null, "opening_hours": null, "contact:facebook": null, "charge": null, "leisure": null, "website": null, "tourism": null, "start_date": null, "phone": null, "historic": null, "ele": null, "shop": null, "fee": null, "addr:street": null, "addr:state": null, "addr:postcode": null, "addr:housenumber": null, "addr:city": null, "animal": null, "building": null, "access": null, "surface": null, "parking": null, "amenity": null, "landuse": null, "golf": null, "natural": null, "barrier": null, "attraction": null, "highway": "pedestrian", "wikipedia": null, "ref:US:USFS:proclaimed_forest_number": null, "protection_title": null, "protected_area": null, "protected": null, "protect_class": null, "ownership": null, "operator:wikipedia": null, "operator:wikidata": null, "operator:type": null, "operator:short": null, "operator": null, "gnis:feature_id": null, "wikidata": null, "type": null, "place": null, "name": null, "boundary": null, "admin_level": null }, "geometry": { "type": "MultiPolygon", "coordinates": [ [ [ [ -104.8536999, 38.7719586 ], [ -104.8537421, 38.7719637 ], [ -104.8537222, 38.7719811 ], [ -104.8537252, 38.7720303 ], [ -104.853759, 38.772062 ], [ -104.8537789, 38.7720654 ], [ -104.8538272, 38.7720173 ], [ -104.8538214, 38.7719941 ], [ -104.8538356, 38.7719929 ], [ -104.85386, 38.771977 ], [ -104.8538641, 38.7719609 ], [ -104.8538628, 38.771949 ], [ -104.8538523, 38.7719377 ], [ -104.8538607, 38.7719206 ], [ -104.8538829, 38.7719271 ], [ -104.8539177, 38.7719349 ], [ -104.8539303, 38.77196 ], [ -104.8539169, 38.7719679 ], [ -104.8539041, 38.7720081 ], [ -104.8539211, 38.772045 ], [ -104.8539211, 38.7720747 ], [ -104.8538978, 38.7720951 ], [ -104.8539011, 38.7721224 ], [ -104.8538818, 38.7721292 ], [ -104.8538778, 38.7721215 ], [ -104.8538738, 38.7721138 ], [ -104.8538644, 38.7720925 ], [ -104.8538589, 38.7720789 ], [ -104.8538106, 38.772092 ], [ -104.8537614, 38.7721021 ], [ -104.8537209, 38.7721031 ], [ -104.8536895, 38.7720653 ], [ -104.8536578, 38.7720158 ], [ -104.8536555, 38.7719974 ], [ -104.8536777, 38.771978 ], [ -104.8536999, 38.7719586 ] ] ] ] } },
{ "type": "Feature", "properties": { "full_id": "w548639055", "osm_id": "548639055", "osm_type": "way", "power": null, "year_of_construction": null, "building:levels": null, "disused:landuse": null, "contact:website": null, "leaf_type": null, "salt": null, "intermittent": null, "theatre:type": null, "motor_vehicle": null, "horse": null, "bicycle": null, "lit": null, "species:wikipedia": null, "species:wikidata": null, "bridge": null, "cuisine": null, "aerialway:summer:access": null, "aerialway:access": null, "aerialway": null, "shelter_type": null, "layer": null, "water": null, "sorting_name": null, "heritage": null, "alt_name": null, "opening_hours": null, "contact:facebook": null, "charge": null, "leisure": null, "website": null, "tourism": null, "start_date": null, "phone": null, "historic": null, "ele": null, "shop": null, "fee": null, "addr:street": null, "addr:state": null, "addr:postcode": null, "addr:housenumber": null, "addr:city": null, "animal": null, "building": null, "access": null, "surface": null, "parking": null, "amenity": null, "landuse": null, "golf": null, "natural": "sand", "barrier": "fence", "attraction": null, "highway": null, "wikipedia": null, "ref:US:USFS:proclaimed_forest_number": null, "protection_title": null, "protected_area": null, "protected": null, "protect_class": null, "ownership": null, "operator:wikipedia": null, "operator:wikidata": null, "operator:type": null, "operator:short": null, "operator": null, "gnis:feature_id": null, "wikidata": null, "type": null, "place": null, "name": null, "boundary": null, "admin_level": null }, "geometry": { "type": "MultiPolygon", "coordinates": [ [ [ [ -104.8535772, 38.7718952 ], [ -104.8536424, 38.7719314 ], [ -104.8536609, 38.7719566 ], [ -104.8536555, 38.7719974 ], [ -104.853626, 38.7720199 ], [ -104.8535449, 38.7720303 ], [ -104.8535079, 38.7719544 ], [ -104.8535772, 38.7718952 ] ] ] ] } },
{ "type": "Feature", "properties": { "full_id": "w548641913", "osm_id": "548641913", "osm_type": "way", "power": null, "year_of_construction": null, "building:levels": null, "disused:landuse": null, "contact:website": null, "leaf_type": null, "salt": null, "intermittent": null, "theatre:type": null, "motor_vehicle": null, "horse": null, "bicycle": null, "lit": null, "species:wikipedia": null, "species:wikidata": null, "bridge": null, "cuisine": null, "aerialway:summer:access": null, "aerialway:access": null, "aerialway": null, "shelter_type": null, "layer": null, "water": null, "sorting_name": null, "heritage": null, "alt_name": null, "opening_hours": null, "contact:facebook": null, "charge": null, "leisure": null, "website": null, "tourism": null, "start_date": null, "phone": null, "historic": null, "ele": null, "shop": null, "fee": null, "addr:street": null, "addr:state": null, "addr:postcode": null, "addr:housenumber": null, "addr:city": null, "animal": null, "building": null, "access": null, "surface": null, "parking": null, "amenity": null, "landuse": null, "golf": null, "natural": "grassland", "barrier": null, "attraction": "animal", "highway": null, "wikipedia": null, "ref:US:USFS:proclaimed_forest_number": null, "protection_title": null, "protected_area": null, "protected": null, "protect_class": null, "ownership": null, "operator:wikipedia": null, "operator:wikidata": null, "operator:type": null, "operator:short": null, "operator": null, "gnis:feature_id": null, "wikidata": null, "type": null, "place": null, "name": "Griffon Vulture", "boundary": null, "admin_level": null }, "geometry": { "type": "MultiPolygon", "coordinates": [ [ [ [ -104.8539541, 38.771559 ], [ -104.8539132, 38.7716111 ], [ -104.8538839, 38.7716414 ], [ -104.8538355, 38.7716179 ], [ -104.8538402, 38.7716069 ], [ -104.8537675, 38.771568 ], [ -104.8537581, 38.7715794 ], [ -104.8537252, 38.7715696 ], [ -104.8537027, 38.7715731 ], [ -104.8536863, 38.7715857 ], [ -104.8535669, 38.7715291 ], [ -104.8535312, 38.771511 ], [ -104.8534929, 38.7714743 ], [ -104.8534403, 38.7714047 ], [ -104.8533749, 38.7713574 ], [ -104.8533103, 38.771404 ], [ -104.8532306, 38.7713487 ], [ -104.8532656, 38.7713089 ], [ -104.8532784, 38.7712797 ], [ -104.8531069, 38.77122 ], [ -104.8530509, 38.7711983 ], [ -104.85303, 38.7711712 ], [ -104.85303, 38.7711577 ], [ -104.853026, 38.7711394 ], [ -104.8530428, 38.7710973 ], [ -104.8530982, 38.7711124 ], [ -104.8532504, 38.7711678 ], [ -104.853432, 38.7712768 ], [ -104.8535538, 38.7713559 ], [ -104.8535661, 38.7713616 ], [ -104.8537387, 38.7714412 ], [ -104.8539124, 38.7715107 ], [ -104.8539699, 38.7715423 ], [ -104.8539541, 38.771559 ] ] ] ] } },
{ "type": "Feature", "properties": { "full_id": "w548641420", "osm_id": "548641420", "osm_type": "way", "power": null, "year_of_construction": null, "building:levels": null, "disused:landuse": null, "contact:website": null, "leaf_type": null, "salt": null, "intermittent": null, "theatre:type": null, "motor_vehicle": null, "horse": null, "bicycle": null, "lit": null, "species:wikipedia": null, "species:wikidata": null, "bridge": null, "cuisine": null, "aerialway:summer:access": null, "aerialway:access": null, "aerialway": null, "shelter_type": null, "layer": null, "water": null, "sorting_name": null, "heritage": null, "alt_name": null, "opening_hours": null, "contact:facebook": null, "charge": null, "leisure": "garden", "website": null, "tourism": null, "start_date": null, "phone": null, "historic": null, "ele": null, "shop": null, "fee": null, "addr:street": null, "addr:state": null, "addr:postcode": null, "addr:housenumber": null, "addr:city": null, "animal": null, "building": null, "access": null, "surface": null, "parking": null, "amenity": null, "landuse": null, "golf": null, "natural": null, "barrier": null, "attraction": null, "highway": null, "wikipedia": null, "ref:US:USFS:proclaimed_forest_number": null, "protection_title": null, "protected_area": null, "protected": null, "protect_class": null, "ownership": null, "operator:wikipedia": null, "operator:wikidata": null, "operator:type": null, "operator:short": null, "operator": null, "gnis:feature_id": null, "wikidata": null, "type": null, "place": null, "name": null, "boundary": null, "admin_level": null }, "geometry": { "type": "MultiPolygon", "coordinates": [ [ [ [ -104.8538477, 38.7718318 ], [ -104.8538223, 38.7718245 ], [ -104.8537973, 38.7718248 ], [ -104.8537726, 38.7717772 ], [ -104.8537895, 38.7717753 ], [ -104.8538216, 38.7717845 ], [ -104.853839, 38.771805 ], [ -104.8538477, 38.7718318 ] ] ] ] } },
{ "type": "Feature", "properties": { "full_id": "w548641413", "osm_id": "548641413", "osm_type": "way", "power": null, "year_of_construction": null, "building:levels": null, "disused:landuse": null, "contact:website": null, "leaf_type": null, "salt": null, "intermittent": null, "theatre:type": null, "motor_vehicle": null, "horse": null, "bicycle": null, "lit": null, "species:wikipedia": null, "species:wikidata": null, "bridge": null, "cuisine": null, "aerialway:summer:access": null, "aerialway:access": null, "aerialway": null, "shelter_type": null, "layer": null, "water": null, "sorting_name": null, "heritage": null, "alt_name": null, "opening_hours": null, "contact:facebook": null, "charge": null, "leisure": null, "website": null, "tourism": null, "start_date": null, "phone": null, "historic": null, "ele": null, "shop": null, "fee": null, "addr:street": null, "addr:state": null, "addr:postcode": null, "addr:housenumber": null, "addr:city": null, "animal": null, "building": "roof", "access": null, "surface": null, "parking": null, "amenity": null, "landuse": null, "golf": null, "natural": null, "barrier": null, "attraction": null, "highway": null, "wikipedia": null, "ref:US:USFS:proclaimed_forest_number": null, "protection_title": null, "protected_area": null, "protected": null, "protect_class": null, "ownership": null, "operator:wikipedia": null, "operator:wikidata": null, "operator:type": null, "operator:short": null, "operator": null, "gnis:feature_id": null, "wikidata": null, "type": null, "place": null, "name": null, "boundary": null, "admin_level": null }, "geometry": { "type": "MultiPolygon", "coordinates": [ [ [ [ -104.8539188, 38.7717401 ], [ -104.8539047, 38.7717318 ], [ -104.8538781, 38.7717161 ], [ -104.8538451, 38.7716967 ], [ -104.8538418, 38.7716849 ], [ -104.8538696, 38.7716562 ], [ -104.8538839, 38.7716414 ], [ -104.8539132, 38.7716111 ], [ -104.853953, 38.7716346 ], [ -104.8539963, 38.7716601 ], [ -104.8539188, 38.7717401 ] ] ] ] } },
{ "type": "Feature", "properties": { "full_id": "w548641410", "osm_id": "548641410", "osm_type": "way", "power": null, "year_of_construction": null, "building:levels": null, "disused:landuse": null, "contact:website": null, "leaf_type": null, "salt": null, "intermittent": null, "theatre:type": null, "motor_vehicle": null, "horse": null, "bicycle": null, "lit": null, "species:wikipedia": null, "species:wikidata": null, "bridge": null, "cuisine": null, "aerialway:summer:access": null, "aerialway:access": null, "aerialway": null, "shelter_type": null, "layer": null, "water": null, "sorting_name": null, "heritage": null, "alt_name": null, "opening_hours": null, "contact:facebook": null, "charge": null, "leisure": null, "website": null, "tourism": null, "start_date": null, "phone": null, "historic": null, "ele": null, "shop": null, "fee": null, "addr:street": null, "addr:state": null, "addr:postcode": null, "addr:housenumber": null, "addr:city": null, "animal": null, "building": null, "access": null, "surface": null, "parking": null, "amenity": null, "landuse": null, "golf": null, "natural": null, "barrier": null, "attraction": null, "highway": "pedestrian", "wikipedia": null, "ref:US:USFS:proclaimed_forest_number": null, "protection_title": null, "protected_area": null, "protected": null, "protect_class": null, "ownership": null, "operator:wikipedia": null, "operator:wikidata": null, "operator:type": null, "operator:short": null, "operator": null, "gnis:feature_id": null, "wikidata": null, "type": null, "place": null, "name": null, "boundary": null, "admin_level": null }, "geometry": { "type": "MultiPolygon", "coordinates": [ [ [ [ -104.8540151, 38.7718496 ], [ -104.8539886, 38.7718347 ], [ -104.8539188, 38.7717401 ], [ -104.8539047, 38.7717318 ], [ -104.8538781, 38.7717161 ], [ -104.8538451, 38.7716967 ], [ -104.8538418, 38.7716849 ], [ -104.8538277, 38.771636 ], [ -104.8538355, 38.7716179 ], [ -104.8538402, 38.7716069 ], [ -104.8537675, 38.771568 ], [ -104.8537581, 38.7715794 ], [ -104.8537432, 38.7715968 ], [ -104.8537726, 38.7716286 ], [ -104.853775, 38.7716404 ], [ -104.8537801, 38.7716663 ], [ -104.8538095, 38.7716952 ], [ -104.8537726, 38.7717247 ], [ -104.8537678, 38.7717543 ], [ -104.8537726, 38.7717772 ], [ -104.8537895, 38.7717753 ], [ -104.8538216, 38.7717845 ], [ -104.853839, 38.771805 ], [ -104.8538477, 38.7718318 ], [ -104.8539228, 38.7718534 ], [ -104.8539551, 38.7718644 ], [ -104.8540151, 38.7718496 ] ] ] ] } },
{ "type": "Feature", "properties": { "full_id": "w548643802", "osm_id": "548643802", "osm_type": "way", "power": null, "year_of_construction": null, "building:levels": null, "disused:landuse": null, "contact:website": null, "leaf_type": null, "salt": null, "intermittent": null, "theatre:type": null, "motor_vehicle": null, "horse": null, "bicycle": null, "lit": null, "species:wikipedia": null, "species:wikidata": null, "bridge": null, "cuisine": null, "aerialway:summer:access": null, "aerialway:access": null, "aerialway": null, "shelter_type": null, "layer": null, "water": null, "sorting_name": null, "heritage": null, "alt_name": null, "opening_hours": null, "contact:facebook": null, "charge": null, "leisure": "garden", "website": null, "tourism": null, "start_date": null, "phone": null, "historic": null, "ele": null, "shop": null, "fee": null, "addr:street": null, "addr:state": null, "addr:postcode": null, "addr:housenumber": null, "addr:city": null, "animal": null, "building": null, "access": null, "surface": null, "parking": null, "amenity": null, "landuse": null, "golf": null, "natural": null, "barrier": null, "attraction": null, "highway": null, "wikipedia": null, "ref:US:USFS:proclaimed_forest_number": null, "protection_title": null, "protected_area": null, "protected": null, "protect_class": null, "ownership": null, "operator:wikipedia": null, "operator:wikidata": null, "operator:type": null, "operator:short": null, "operator": null, "gnis:feature_id": null, "wikidata": null, "type": null, "place": null, "name": null, "boundary": null, "admin_level": null }, "geometry": { "type": "MultiPolygon", "coordinates": [ [ [ [ -104.853062, 38.77091 ], [ -104.8530721, 38.7709483 ], [ -104.853037, 38.7710146 ], [ -104.8530067, 38.7710119 ], [ -104.8528957, 38.7709935 ], [ -104.8529348, 38.7709935 ], [ -104.8529461, 38.7709935 ], [ -104.8530098, 38.7709528 ], [ -104.8530567, 38.7709211 ], [ -104.853062, 38.77091 ] ] ] ] } },
{ "type": "Feature", "properties": { "full_id": "w548643796", "osm_id": "548643796", "osm_type": "way", "power": null, "year_of_construction": null, "building:levels": null, "disused:landuse": null, "contact:website": null, "leaf_type": null, "salt": null, "intermittent": null, "theatre:type": null, "motor_vehicle": null, "horse": null, "bicycle": null, "lit": null, "species:wikipedia": null, "species:wikidata": null, "bridge": null, "cuisine": null, "aerialway:summer:access": null, "aerialway:access": null, "aerialway": null, "shelter_type": null, "layer": null, "water": null, "sorting_name": null, "heritage": null, "alt_name": null, "opening_hours": null, "contact:facebook": null, "charge": null, "leisure": null, "website": null, "tourism": null, "start_date": null, "phone": null, "historic": null, "ele": null, "shop": null, "fee": null, "addr:street": null, "addr:state": null, "addr:postcode": null, "addr:housenumber": null, "addr:city": null, "animal": null, "building": null, "access": null, "surface": "paved", "parking": null, "amenity": null, "landuse": null, "golf": null, "natural": null, "barrier": null, "attraction": null, "highway": "pedestrian", "wikipedia": null, "ref:US:USFS:proclaimed_forest_number": null, "protection_title": null, "protected_area": null, "protected": null, "protect_class": null, "ownership": null, "operator:wikipedia": null, "operator:wikidata": null, "operator:type": null, "operator:short": null, "operator": null, "gnis:feature_id": null, "wikidata": null, "type": null, "place": null, "name": null, "boundary": null, "admin_level": null }, "geometry": { "type": "MultiPolygon", "coordinates": [ [ [ [ -104.852703, 38.7709966 ], [ -104.852737, 38.7710322 ], [ -104.8527866, 38.7710583 ], [ -104.8528671, 38.7710751 ], [ -104.8530083, 38.7710904 ], [ -104.8530257, 38.7710939 ], [ -104.8530428, 38.7710973 ], [ -104.8530982, 38.7711124 ], [ -104.8532504, 38.7711678 ], [ -104.853432, 38.7712768 ], [ -104.8535538, 38.7713559 ], [ -104.8535661, 38.7713616 ], [ -104.8537387, 38.7714412 ], [ -104.8539124, 38.7715107 ], [ -104.8539699, 38.7715423 ], [ -104.8539541, 38.771559 ], [ -104.853984, 38.7715747 ], [ -104.8539974, 38.7715835 ], [ -104.8540132, 38.7715668 ], [ -104.8540764, 38.7716037 ], [ -104.8541812, 38.7716855 ], [ -104.8542985, 38.7717892 ], [ -104.8543543, 38.7718415 ], [ -104.8543975, 38.7718756 ], [ -104.8544403, 38.7719059 ], [ -104.8544574, 38.7719175 ], [ -104.8544874, 38.771935 ], [ -104.8545164, 38.7719493 ], [ -104.8545779, 38.7719549 ], [ -104.8545874, 38.7720229 ], [ -104.8546185, 38.7720395 ], [ -104.8547397, 38.7720114 ], [ -104.8549018, 38.7720754 ], [ -104.8550165, 38.7721368 ], [ -104.8551075, 38.7722157 ], [ -104.8551448, 38.7722097 ], [ -104.8551717, 38.7722053 ], [ -104.8551573, 38.7721706 ], [ -104.8551091, 38.7721507 ], [ -104.8550488, 38.7721257 ], [ -104.8549225, 38.77205 ], [ -104.8547758, 38.771995 ], [ -104.8544653, 38.7718807 ], [ -104.854256, 38.7717194 ], [ -104.8541384, 38.7716169 ], [ -104.8540087, 38.7715334 ], [ -104.8538914, 38.771471 ], [ -104.8537775, 38.7714332 ], [ -104.8536151, 38.7713602 ], [ -104.8534278, 38.771243 ], [ -104.8533379, 38.7711844 ], [ -104.8532601, 38.7711468 ], [ -104.8532132, 38.7711248 ], [ -104.8531663, 38.7711091 ], [ -104.8531005, 38.7710872 ], [ -104.8530333, 38.771073 ], [ -104.8530161, 38.7710694 ], [ -104.8528913, 38.7710569 ], [ -104.8528095, 38.7710391 ], [ -104.8527706, 38.7710213 ], [ -104.8527216, 38.7709848 ], [ -104.852703, 38.7709966 ] ] ] ] } }
]
}
