{
"type": "FeatureCollection",
"name": "barAOI",
"crs": { "type": "name", "properties": { "name": "urn:ogc:def:crs:OGC:1.3:CRS84" } },
"features": [
{ "type": "Feature", "properties": { "full_id": "w56231997", "osm_id": "56231997", "osm_type": "way", "roof:shape": null, "shelter_type": null, "train": null, "tactile_paving": null, "shelter": null, "railway": null, "public_transport": null, "lit": null, "bin": null, "bench": null, "tourism": null, "tents": null, "caravans": null, "backcountry": null, "fence_type": null, "barrier": null, "wheelchair": null, "unisex": null, "toilets:disposal": null, "building:levels": null, "addr:street": null, "addr:state": null, "addr:postcode": null, "addr:housenumber": null, "addr:city": null, "man_made": null, "building": "yes", "payment:website_pay": null, "payment:credit_cards": null, "charge": null, "capacity": null, "sport": null, "leisure": null, "access": null, "surface": null, "parking": null, "fee": null, "amenity": null, "ele": null, "tiger:STATEFP": null, "tiger:PLCIDFP": null, "tiger:PLACEFP": null, "tiger:PCINECTA": null, "tiger:PCICBSA": null, "tiger:NAMELSAD": null, "tiger:NAME": null, "tiger:MTFCC": null, "tiger:LSAD": null, "tiger:FUNCSTAT": null, "tiger:CPI": null, "tiger:CLASSFP": null, "place": null, "owner": null, "leaf_cycle": null, "landuse": null, "source:population": null, "website": null, "population": null, "nist:state_fips": null, "nist:fips_code": null, "border_type": null, "attribution": null, "alt_name": null, "admin_level": null, "leaf_type": null, "waterway": null, "ref:US:NID": null, "water": null, "natural": null, "wikipedia": null, "wikidata": null, "type": null, "ref:US:USFS:proclaimed_forest_number": null, "protection_title": null, "protected_area": null, "protected": null, "protect_class": null, "ownership": null, "operator:wikipedia": null, "operator:wikidata": null, "operator:type": null, "operator:short": null, "operator": null, "name": null, "gnis:feature_id": null, "boundary": null }, "geometry": null },
{ "type": "Feature", "properties": { "full_id": "w56231995", "osm_id": "56231995", "osm_type": "way", "roof:shape": null, "shelter_type": null, "train": null, "tactile_paving": null, "shelter": null, "railway": null, "public_transport": null, "lit": null, "bin": null, "bench": null, "tourism": null, "tents": null, "caravans": null, "backcountry": null, "fence_type": null, "barrier": null, "wheelchair": null, "unisex": null, "toilets:disposal": null, "building:levels": null, "addr:street": null, "addr:state": null, "addr:postcode": null, "addr:housenumber": null, "addr:city": null, "man_made": null, "building": "house", "payment:website_pay": null, "payment:credit_cards": null, "charge": null, "capacity": null, "sport": null, "leisure": null, "access": null, "surface": null, "parking": null, "fee": null, "amenity": null, "ele": null, "tiger:STATEFP": null, "tiger:PLCIDFP": null, "tiger:PLACEFP": null, "tiger:PCINECTA": null, "tiger:PCICBSA": null, "tiger:NAMELSAD": null, "tiger:NAME": null, "tiger:MTFCC": null, "tiger:LSAD": null, "tiger:FUNCSTAT": null, "tiger:CPI": null, "tiger:CLASSFP": null, "place": null, "owner": null, "leaf_cycle": null, "landuse": null, "source:population": null, "website": null, "population": null, "nist:state_fips": null, "nist:fips_code": null, "border_type": null, "attribution": null, "alt_name": null, "admin_level": null, "leaf_type": null, "waterway": null, "ref:US:NID": null, "water": null, "natural": null, "wikipedia": null, "wikidata": null, "type": null, "ref:US:USFS:proclaimed_forest_number": null, "protection_title": null, "protected_area": null, "protected": null, "protect_class": null, "ownership": null, "operator:wikipedia": null, "operator:wikidata": null, "operator:type": null, "operator:short": null, "operator": null, "name": null, "gnis:feature_id": null, "boundary": null }, "geometry": null },
{ "type": "Feature", "properties": { "full_id": "r1242700", "osm_id": "1242700", "osm_type": "relation", "roof:shape": null, "shelter_type": null, "train": null, "tactile_paving": null, "shelter": null, "railway": null, "public_transport": null, "lit": null, "bin": null, "bench": null, "tourism": null, "tents": null, "caravans": null, "backcountry": null, "fence_type": null, "barrier": null, "wheelchair": null, "unisex": null, "toilets:disposal": null, "building:levels": null, "addr:street": null, "addr:state": null, "addr:postcode": null, "addr:housenumber": null, "addr:city": null, "man_made": null, "building": null, "payment:website_pay": null, "payment:credit_cards": null, "charge": null, "capacity": null, "sport": null, "leisure": null, "access": null, "surface": null, "parking": null, "fee": null, "amenity": null, "ele": null, "tiger:STATEFP": null, "tiger:PLCIDFP": null, "tiger:PLACEFP": null, "tiger:PCINECTA": null, "tiger:PCICBSA": null, "tiger:NAMELSAD": null, "tiger:NAME": null, "tiger:MTFCC": null, "tiger:LSAD": null, "tiger:FUNCSTAT": null, "tiger:CPI": null, "tiger:CLASSFP": null, "place": null, "owner": null, "leaf_cycle": null, "landuse": null, "source:population": null, "website": null, "population": null, "nist:state_fips": null, "nist:fips_code": null, "border_type": null, "attribution": null, "alt_name": null, "admin_level": null, "leaf_type": null, "waterway": "dam", "ref:US:NID": "CO00426", "water": null, "natural": null, "wikipedia": null, "wikidata": null, "type": "multipolygon", "ref:US:USFS:proclaimed_forest_number": null, "protection_title": null, "protected_area": null, "protected": null, "protect_class": null, "ownership": null, "operator:wikipedia": null, "operator:wikidata": null, "operator:type": null, "operator:short": null, "operator": null, "name": "Manitou Dam", "gnis:feature_id": "198952", "boundary": null }, "geometry": { "type": "MultiPolygon", "coordinates": [ [ [ [ -104.993746, 38.8771882 ], [ -104.9936709, 38.8773407 ], [ -104.9935475, 38.8774326 ], [ -104.9934429, 38.8774179 ], [ -104.9934134, 38.8773616 ], [ -104.9934054, 38.8772384 ], [ -104.9932283, 38.8771945 ], [ -104.9932069, 38.8771173 ], [ -104.9931559, 38.8770609 ], [ -104.9930674, 38.8770358 ], [ -104.9929869, 38.8770483 ], [ -104.992877, 38.8770692 ], [ -104.9928126, 38.8770504 ], [ -104.9927428, 38.8770066 ], [ -104.9927268, 38.8769439 ], [ -104.9927375, 38.8768834 ], [ -104.9928019, 38.8768249 ], [ -104.992944, 38.8767393 ], [ -104.9930513, 38.8766788 ], [ -104.9931264, 38.8766098 ], [ -104.9932203, 38.8765013 ], [ -104.99329, 38.8763822 ], [ -104.9933598, 38.8762423 ], [ -104.993408, 38.8761651 ], [ -104.9935368, 38.8760294 ], [ -104.9936736, 38.8760252 ], [ -104.993687, 38.8761171 ], [ -104.9937514, 38.8762068 ], [ -104.993746, 38.8771882 ] ] ] ] } },
{ "type": "Feature", "properties": { "full_id": "r1242679", "osm_id": "1242679", "osm_type": "relation", "roof:shape": null, "shelter_type": null, "train": null, "tactile_paving": null, "shelter": null, "railway": null, "public_transport": null, "lit": null, "bin": null, "bench": null, "tourism": null, "tents": null, "caravans": null, "backcountry": null, "fence_type": null, "barrier": null, "wheelchair": null, "unisex": null, "toilets:disposal": null, "building:levels": null, "addr:street": null, "addr:state": null, "addr:postcode": null, "addr:housenumber": null, "addr:city": null, "man_made": null, "building": null, "payment:website_pay": null, "payment:credit_cards": null, "charge": null, "capacity": null, "sport": null, "leisure": null, "access": null, "surface": null, "parking": null, "fee": null, "amenity": null, "ele": null, "tiger:STATEFP": null, "tiger:PLCIDFP": null, "tiger:PLACEFP": null, "tiger:PCINECTA": null, "tiger:PCICBSA": null, "tiger:NAMELSAD": null, "tiger:NAME": null, "tiger:MTFCC": null, "tiger:LSAD": null, "tiger:FUNCSTAT": null, "tiger:CPI": null, "tiger:CLASSFP": null, "place": null, "owner": null, "leaf_cycle": null, "landuse": null, "source:population": null, "website": null, "population": null, "nist:state_fips": null, "nist:fips_code": null, "border_type": null, "attribution": null, "alt_name": null, "admin_level": null, "leaf_type": null, "waterway": null, "ref:US:NID": null, "water": "reservoir", "natural": "water", "wikipedia": null, "wikidata": null, "type": "multipolygon", "ref:US:USFS:proclaimed_forest_number": null, "protection_title": null, "protected_area": null, "protected": null, "protect_class": null, "ownership": null, "operator:wikipedia": null, "operator:wikidata": null, "operator:type": null, "operator:short": null, "operator": null, "name": "Manitou Reservoir", "gnis:feature_id": "203673", "boundary": null }, "geometry": { "type": "MultiPolygon", "coordinates": [ [ [ [ -104.9937514, 38.8762068 ], [ -104.993746, 38.8771882 ], [ -104.9938104, 38.87723 ], [ -104.9939337, 38.8772759 ], [ -104.993982, 38.877278 ], [ -104.9940544, 38.877278 ], [ -104.9941054, 38.8772655 ], [ -104.9941349, 38.8772676 ], [ -104.9941483, 38.877301 ], [ -104.9941349, 38.8773365 ], [ -104.9941242, 38.8773887 ], [ -104.9940625, 38.8774346 ], [ -104.9939177, 38.8775203 ], [ -104.9940813, 38.877681 ], [ -104.9941269, 38.8776894 ], [ -104.9941805, 38.8776852 ], [ -104.9942422, 38.8776622 ], [ -104.9942583, 38.8776288 ], [ -104.9943039, 38.8776017 ], [ -104.9943602, 38.8775829 ], [ -104.9943951, 38.8775495 ], [ -104.9944434, 38.8775244 ], [ -104.9945533, 38.8773929 ], [ -104.9946714, 38.8773094 ], [ -104.994717, 38.8772551 ], [ -104.994725, 38.877205 ], [ -104.9947089, 38.8771569 ], [ -104.9946821, 38.877134 ], [ -104.9947196, 38.8770818 ], [ -104.9948618, 38.8769857 ], [ -104.9950415, 38.8769251 ], [ -104.9951971, 38.8768876 ], [ -104.9953204, 38.87685 ], [ -104.995366, 38.8768249 ], [ -104.9953956, 38.8767748 ], [ -104.9954438, 38.8765952 ], [ -104.9954894, 38.8764324 ], [ -104.9955431, 38.8763802 ], [ -104.9956638, 38.8763259 ], [ -104.9957952, 38.8762486 ], [ -104.9958998, 38.8761609 ], [ -104.9959937, 38.8760586 ], [ -104.9960232, 38.8760064 ], [ -104.9961412, 38.8759834 ], [ -104.9962512, 38.8759939 ], [ -104.9964255, 38.8760586 ], [ -104.9965865, 38.876115 ], [ -104.9966884, 38.8761212 ], [ -104.9967796, 38.8761171 ], [ -104.9968815, 38.8761129 ], [ -104.99697, 38.8761358 ], [ -104.9969995, 38.8761379 ], [ -104.997021, 38.8761066 ], [ -104.9969941, 38.8760586 ], [ -104.9969727, 38.8759959 ], [ -104.9969003, 38.8759354 ], [ -104.9968144, 38.875854 ], [ -104.9968091, 38.8758038 ], [ -104.9968681, 38.875714 ], [ -104.9970558, 38.8756138 ], [ -104.9972302, 38.8755595 ], [ -104.997375, 38.8754969 ], [ -104.9974609, 38.8754447 ], [ -104.9976218, 38.8754363 ], [ -104.9976727, 38.8753987 ], [ -104.9977532, 38.8753987 ], [ -104.9978364, 38.875428 ], [ -104.9981368, 38.8754154 ], [ -104.9982011, 38.8753967 ], [ -104.9981985, 38.8753591 ], [ -104.9982065, 38.8753319 ], [ -104.9982387, 38.8753319 ], [ -104.9982628, 38.875357 ], [ -104.9983218, 38.8753591 ], [ -104.9983808, 38.8753674 ], [ -104.9984533, 38.8753946 ], [ -104.9985364, 38.8753925 ], [ -104.9986625, 38.8754384 ], [ -104.9987349, 38.8754426 ], [ -104.9987885, 38.875428 ], [ -104.9988127, 38.8753904 ], [ -104.9989227, 38.8753549 ], [ -104.9990219, 38.8752964 ], [ -104.9992257, 38.8751816 ], [ -104.9993062, 38.8751398 ], [ -104.999384, 38.8750605 ], [ -104.9995262, 38.8749811 ], [ -104.9996281, 38.8749352 ], [ -104.9996388, 38.8748913 ], [ -104.9996656, 38.8748913 ], [ -104.9996924, 38.8749059 ], [ -104.9998266, 38.8748621 ], [ -104.9999634, 38.8748224 ], [ -105.000076, 38.8747869 ], [ -105.0000867, 38.8747619 ], [ -105.0001162, 38.8747744 ], [ -105.0002289, 38.8747535 ], [ -105.0002477, 38.8747243 ], [ -105.0001618, 38.8747389 ], [ -105.0001565, 38.8747535 ], [ -105.0001243, 38.8747535 ], [ -105.0001404, 38.8747159 ], [ -105.0001592, 38.8747222 ], [ -105.0002208, 38.8746929 ], [ -105.0001994, 38.8746595 ], [ -105.0002128, 38.8745906 ], [ -105.0001243, 38.8745781 ], [ -105.0000626, 38.874553 ], [ -104.9999929, 38.8745823 ], [ -104.9999499, 38.8745426 ], [ -104.9999821, 38.8745008 ], [ -105.0000438, 38.8744507 ], [ -105.000127, 38.8743964 ], [ -105.0001779, 38.8743651 ], [ -105.000186, 38.8743108 ], [ -105.0002128, 38.8742336 ], [ -105.0001377, 38.8741876 ], [ -104.9998614, 38.8741855 ], [ -104.9996469, 38.8741897 ], [ -104.9994698, 38.8741479 ], [ -104.9992767, 38.8741291 ], [ -104.9991372, 38.8740957 ], [ -104.9990031, 38.8741083 ], [ -104.9989414, 38.8740707 ], [ -104.9988905, 38.874054 ], [ -104.9988395, 38.8740414 ], [ -104.9988341, 38.8740122 ], [ -104.9989629, 38.8739496 ], [ -104.9991909, 38.8738848 ], [ -104.9993411, 38.8738117 ], [ -104.9995503, 38.8736656 ], [ -104.9997434, 38.8734943 ], [ -104.9998051, 38.8734129 ], [ -104.9999473, 38.8732793 ], [ -105.0000277, 38.8731707 ], [ -105.0001109, 38.8731164 ], [ -105.0001967, 38.8730182 ], [ -105.0002959, 38.8728741 ], [ -105.0003442, 38.8728282 ], [ -105.0004622, 38.8727635 ], [ -105.0005668, 38.8727363 ], [ -105.000642, 38.8726653 ], [ -105.0006902, 38.8725818 ], [ -105.0007948, 38.8725171 ], [ -105.0009504, 38.8724273 ], [ -105.0010738, 38.8723291 ], [ -105.0011408, 38.8722519 ], [ -105.0011677, 38.8721119 ], [ -105.0011945, 38.8720075 ], [ -105.0011355, 38.8719804 ], [ -105.0011301, 38.8719365 ], [ -105.0011382, 38.8719094 ], [ -105.0010496, 38.8718676 ], [ -105.0009182, 38.8718572 ], [ -105.0007573, 38.8718426 ], [ -105.0006715, 38.8718259 ], [ -105.0004998, 38.8718989 ], [ -105.000194, 38.8720201 ], [ -104.9999365, 38.8721934 ], [ -104.999553, 38.872421 ], [ -104.9993196, 38.8725881 ], [ -104.999089, 38.8727029 ], [ -104.998751, 38.8728804 ], [ -104.9984318, 38.8730496 ], [ -104.9983567, 38.8731393 ], [ -104.9982172, 38.8732124 ], [ -104.9980858, 38.8732918 ], [ -104.9977747, 38.8734547 ], [ -104.9975574, 38.8735716 ], [ -104.997198, 38.8737804 ], [ -104.9969217, 38.8738974 ], [ -104.996573, 38.8740665 ], [ -104.9962539, 38.874267 ], [ -104.9961171, 38.8743881 ], [ -104.9960286, 38.8744236 ], [ -104.9959856, 38.8744862 ], [ -104.9959052, 38.8745217 ], [ -104.9957362, 38.8746825 ], [ -104.9955377, 38.8748015 ], [ -104.995248, 38.8750521 ], [ -104.9950871, 38.87524 ], [ -104.9948564, 38.8754802 ], [ -104.9946445, 38.8757308 ], [ -104.9944139, 38.8758999 ], [ -104.9942502, 38.8760043 ], [ -104.9940571, 38.8761129 ], [ -104.9939606, 38.8761651 ], [ -104.993864, 38.8761943 ], [ -104.9937514, 38.8762068 ] ], [ [ -104.9985793, 38.874244 ], [ -104.9985176, 38.8742795 ], [ -104.9984533, 38.8743045 ], [ -104.9984104, 38.874386 ], [ -104.9983487, 38.8744215 ], [ -104.9982575, 38.8744424 ], [ -104.9981636, 38.8744465 ], [ -104.9980831, 38.8744883 ], [ -104.998, 38.8746052 ], [ -104.9979463, 38.8745969 ], [ -104.9978632, 38.8746428 ], [ -104.9977639, 38.8746721 ], [ -104.9976888, 38.874647 ], [ -104.9976835, 38.8746282 ], [ -104.9977425, 38.8745885 ], [ -104.9977854, 38.8745301 ], [ -104.9978659, 38.8744904 ], [ -104.9979061, 38.8744236 ], [ -104.9979705, 38.8743964 ], [ -104.9980778, 38.8743526 ], [ -104.9982843, 38.8742691 ], [ -104.9983218, 38.8742273 ], [ -104.9983567, 38.8742294 ], [ -104.9983916, 38.8742315 ], [ -104.9984345, 38.8742106 ], [ -104.9985042, 38.8742189 ], [ -104.9985793, 38.874244 ] ], [ [ -104.9987617, 38.8742649 ], [ -104.9986544, 38.8742356 ], [ -104.998641, 38.874221 ], [ -104.9986088, 38.8742064 ], [ -104.9986383, 38.8741813 ], [ -104.9987, 38.8741563 ], [ -104.9987805, 38.874173 ], [ -104.9988154, 38.8741897 ], [ -104.998802, 38.8742356 ], [ -104.9987617, 38.8742649 ] ] ] ] } },
{ "type": "Feature", "properties": { "full_id": "w1360370110", "osm_id": "1360370110", "osm_type": "way", "roof:shape": null, "shelter_type": null, "train": null, "tactile_paving": null, "shelter": null, "railway": null, "public_transport": null, "lit": null, "bin": null, "bench": null, "tourism": null, "tents": null, "caravans": null, "backcountry": null, "fence_type": null, "barrier": null, "wheelchair": null, "unisex": null, "toilets:disposal": null, "building:levels": null, "addr:street": null, "addr:state": null, "addr:postcode": null, "addr:housenumber": null, "addr:city": null, "man_made": null, "building": null, "payment:website_pay": null, "payment:credit_cards": null, "charge": null, "capacity": null, "sport": null, "leisure": null, "access": null, "surface": null, "parking": null, "fee": null, "amenity": null, "ele": "3113", "tiger:STATEFP": null, "tiger:PLCIDFP": null, "tiger:PLACEFP": null, "tiger:PCINECTA": null, "tiger:PCICBSA": null, "tiger:NAMELSAD": null, "tiger:NAME": null, "tiger:MTFCC": null, "tiger:LSAD": null, "tiger:FUNCSTAT": null, "tiger:CPI": null, "tiger:CLASSFP": null, "place": null, "owner": null, "leaf_cycle": null, "landuse": null, "source:population": null, "website": null, "population": null, "nist:state_fips": null, "nist:fips_code": null, "border_type": null, "attribution": null, "alt_name": null, "admin_level": null, "leaf_type": null, "waterway": "dam", "ref:US:NID": "CO00901", "water": null, "natural": null, "wikipedia": null, "wikidata": null, "type": null, "ref:US:USFS:proclaimed_forest_number": null, "protection_title": null, "protected_area": null, "protected": null, "protect_class": null, "ownership": null, "operator:wikipedia": null, "operator:wikidata": null, "operator:type": null, "operator:short": null, "operator": null, "name": "Lake Moraine Dam", "gnis:feature_id": "199816", "boundary": null }, "geometry": { "type": "MultiPolygon", "coordinates": [ [ [ [ -104.9946846, 38.8156661 ], [ -104.9950423, 38.8158418 ], [ -104.9950918, 38.816079 ], [ -104.994922, 38.8163988 ], [ -104.9945397, 38.8166139 ], [ -104.9937894, 38.8166139 ], [ -104.9921203, 38.816239 ], [ -104.9910572, 38.8160348 ], [ -104.9902998, 38.8154227 ], [ -104.9896202, 38.8141321 ], [ -104.9899742, 38.8134371 ], [ -104.9914876, 38.8124509 ], [ -104.9922727, 38.8122722 ], [ -104.9933518, 38.8117539 ], [ -104.9938788, 38.8116548 ], [ -104.9934923, 38.8120114 ], [ -104.9925764, 38.8124685 ], [ -104.9923457, 38.8126901 ], [ -104.9916269, 38.8138605 ], [ -104.9911548, 38.814291 ], [ -104.9909778, 38.8145459 ], [ -104.9908973, 38.8147758 ], [ -104.9909885, 38.8151437 ], [ -104.9911387, 38.815244 ], [ -104.9915357, 38.8152858 ], [ -104.9920453, 38.8154112 ], [ -104.9932523, 38.8154237 ], [ -104.993821, 38.8154279 ], [ -104.9939819, 38.8154822 ], [ -104.9943842, 38.8156996 ], [ -104.9946846, 38.8156661 ] ] ] ] } },
{ "type": "Feature", "properties": { "full_id": "w1180130415", "osm_id": "1180130415", "osm_type": "way", "roof:shape": null, "shelter_type": null, "train": null, "tactile_paving": null, "shelter": null, "railway": null, "public_transport": null, "lit": null, "bin": null, "bench": null, "tourism": null, "tents": null, "caravans": null, "backcountry": null, "fence_type": null, "barrier": null, "wheelchair": null, "unisex": null, "toilets:disposal": null, "building:levels": null, "addr:street": null, "addr:state": null, "addr:postcode": null, "addr:housenumber": null, "addr:city": null, "man_made": null, "building": "train_station", "payment:website_pay": null, "payment:credit_cards": null, "charge": null, "capacity": null, "sport": null, "leisure": null, "access": null, "surface": null, "parking": null, "fee": null, "amenity": "toilets", "ele": null, "tiger:STATEFP": null, "tiger:PLCIDFP": null, "tiger:PLACEFP": null, "tiger:PCINECTA": null, "tiger:PCICBSA": null, "tiger:NAMELSAD": null, "tiger:NAME": null, "tiger:MTFCC": null, "tiger:LSAD": null, "tiger:FUNCSTAT": null, "tiger:CPI": null, "tiger:CLASSFP": null, "place": null, "owner": null, "leaf_cycle": null, "landuse": null, "source:population": null, "website": null, "population": null, "nist:state_fips": null, "nist:fips_code": null, "border_type": null, "attribution": null, "alt_name": null, "admin_level": null, "leaf_type": null, "waterway": null, "ref:US:NID": null, "water": null, "natural": null, "wikipedia": null, "wikidata": null, "type": null, "ref:US:USFS:proclaimed_forest_number": null, "protection_title": null, "protected_area": null, "protected": null, "protect_class": null, "ownership": null, "operator:wikipedia": null, "operator:wikidata": null, "operator:type": null, "operator:short": null, "operator": null, "name": null, "gnis:feature_id": null, "boundary": null }, "geometry": { "type": "MultiPolygon", "coordinates": [ [ [ [ -104.930871, 38.8561354 ], [ -104.9308601, 38.8561083 ], [ -104.9308805, 38.8561033 ], [ -104.9308526, 38.8560335 ], [ -104.9308279, 38.8560395 ], [ -104.9308184, 38.8560156 ], [ -104.9306955, 38.8560454 ], [ -104.9307438, 38.8561663 ], [ -104.930871, 38.8561354 ] ] ] ] } },
{ "type": "Feature", "properties": { "full_id": "w1159262171", "osm_id": "1159262171", "osm_type": "way", "roof:shape": null, "shelter_type": "public_transport", "train": null, "tactile_paving": null, "shelter": null, "railway": null, "public_transport": null, "lit": null, "bin": null, "bench": null, "tourism": null, "tents": null, "caravans": null, "backcountry": null, "fence_type": null, "barrier": null, "wheelchair": null, "unisex": null, "toilets:disposal": null, "building:levels": "1", "addr:street": "Ruxton Avenue", "addr:state": "CO", "addr:postcode": "80829", "addr:housenumber": "517", "addr:city": "Manitou Springs", "man_made": null, "building": "yes", "payment:website_pay": null, "payment:credit_cards": null, "charge": null, "capacity": null, "sport": null, "leisure": null, "access": null, "surface": null, "parking": null, "fee": null, "amenity": "shelter", "ele": null, "tiger:STATEFP": null, "tiger:PLCIDFP": null, "tiger:PLACEFP": null, "tiger:PCINECTA": null, "tiger:PCICBSA": null, "tiger:NAMELSAD": null, "tiger:NAME": null, "tiger:MTFCC": null, "tiger:LSAD": null, "tiger:FUNCSTAT": null, "tiger:CPI": null, "tiger:CLASSFP": null, "place": null, "owner": null, "leaf_cycle": null, "landuse": null, "source:population": null, "website": null, "population": null, "nist:state_fips": null, "nist:fips_code": null, "border_type": null, "attribution": null, "alt_name": null, "admin_level": null, "leaf_type": null, "waterway": null, "ref:US:NID": null, "water": null, "natural": null, "wikipedia": null, "wikidata": null, "type": null, "ref:US:USFS:proclaimed_forest_number": null, "protection_title": null, "protected_area": null, "protected": null, "protect_class": null, "ownership": null, "operator:wikipedia": null, "operator:wikidata": null, "operator:type": null, "operator:short": null, "operator": null, "name": null, "gnis:feature_id": null, "boundary": null }, "geometry": { "type": "MultiPolygon", "coordinates": [ [ [ [ -104.9317425, 38.8559789 ], [ -104.931731, 38.8559508 ], [ -104.9316728, 38.8559651 ], [ -104.9316843, 38.8559932 ], [ -104.9317124, 38.8559863 ], [ -104.9317425, 38.8559789 ] ] ] ] } },
{ "type": "Feature", "properties": { "full_id": "r4076686", "osm_id": "4076686", "osm_type": "relation", "roof:shape": null, "shelter_type": null, "train": null, "tactile_paving": null, "shelter": null, "railway": null, "public_transport": null, "lit": null, "bin": null, "bench": null, "tourism": null, "tents": null, "caravans": null, "backcountry": null, "fence_type": null, "barrier": null, "wheelchair": null, "unisex": null, "toilets:disposal": null, "building:levels": null, "addr:street": null, "addr:state": null, "addr:postcode": null, "addr:housenumber": null, "addr:city": null, "man_made": null, "building": null, "payment:website_pay": null, "payment:credit_cards": null, "charge": null, "capacity": null, "sport": null, "leisure": null, "access": null, "surface": null, "parking": null, "fee": null, "amenity": null, "ele": null, "tiger:STATEFP": null, "tiger:PLCIDFP": null, "tiger:PLACEFP": null, "tiger:PCINECTA": null, "tiger:PCICBSA": null, "tiger:NAMELSAD": null, "tiger:NAME": null, "tiger:MTFCC": null, "tiger:LSAD": null, "tiger:FUNCSTAT": null, "tiger:CPI": null, "tiger:CLASSFP": null, "place": null, "owner": null, "leaf_cycle": null, "landuse": "residential", "source:population": null, "website": null, "population": null, "nist:state_fips": null, "nist:fips_code": null, "border_type": null, "attribution": null, "alt_name": null, "admin_level": null, "leaf_type": null, "waterway": null, "ref:US:NID": null, "water": null, "natural": null, "wikipedia": null, "wikidata": null, "type": "multipolygon", "ref:US:USFS:proclaimed_forest_number": null, "protection_title": null, "protected_area": null, "protected": null, "protect_class": null, "ownership": null, "operator:wikipedia": null, "operator:wikidata": null, "operator:type": null, "operator:short": null, "operator": null, "name": null, "gnis:feature_id": null, "boundary": null }, "geometry": { "type": "MultiPolygon", "coordinates": [ [ [ [ -104.9262492, 38.8590634 ], [ -104.9263247, 38.8574244 ], [ -104.9264738, 38.857911 ], [ -104.9272034, 38.8576791 ], [ -104.9277344, 38.8571611 ], [ -104.9280059, 38.8569768 ], [ -104.9282473, 38.8569476 ], [ -104.9283438, 38.8569559 ], [ -104.9284687, 38.8569821 ], [ -104.9286294, 38.8569841 ], [ -104.9287898, 38.856973 ], [ -104.9289291, 38.8569528 ], [ -104.9291316, 38.8569099 ], [ -104.9293568, 38.8568511 ], [ -104.9296098, 38.8567508 ], [ -104.9297851, 38.8566901 ], [ -104.930404, 38.8564813 ], [ -104.93046, 38.8565349 ], [ -104.9306474, 38.8566214 ], [ -104.930572, 38.8568982 ], [ -104.9295818, 38.857019 ], [ -104.9290895, 38.8573142 ], [ -104.9288818, 38.8574238 ], [ -104.9281749, 38.8577057 ], [ -104.9282269, 38.8578546 ], [ -104.9281915, 38.8580565 ], [ -104.928078, 38.8582731 ], [ -104.9279471, 38.8584484 ], [ -104.9278323, 38.8585363 ], [ -104.9275742, 38.85856 ], [ -104.9275279, 38.8586274 ], [ -104.9274233, 38.8587109 ], [ -104.9272516, 38.858784 ], [ -104.9269412, 38.8588837 ], [ -104.9262492, 38.8590634 ] ] ] ] } },
{ "type": "Feature", "properties": { "full_id": "w1449276736", "osm_id": "1449276736", "osm_type": "way", "roof:shape": null, "shelter_type": null, "train": null, "tactile_paving": null, "shelter": null, "railway": null, "public_transport": null, "lit": null, "bin": null, "bench": null, "tourism": null, "tents": null, "caravans": null, "backcountry": null, "fence_type": null, "barrier": null, "wheelchair": null, "unisex": null, "toilets:disposal": null, "building:levels": null, "addr:street": null, "addr:state": null, "addr:postcode": null, "addr:housenumber": null, "addr:city": null, "man_made": null, "building": "yes", "payment:website_pay": null, "payment:credit_cards": null, "charge": null, "capacity": null, "sport": null, "leisure": null, "access": null, "surface": null, "parking": null, "fee": null, "amenity": null, "ele": null, "tiger:STATEFP": null, "tiger:PLCIDFP": null, "tiger:PLACEFP": null, "tiger:PCINECTA": null, "tiger:PCICBSA": null, "tiger:NAMELSAD": null, "tiger:NAME": null, "tiger:MTFCC": null, "tiger:LSAD": null, "tiger:FUNCSTAT": null, "tiger:CPI": null, "tiger:CLASSFP": null, "place": null, "owner": null, "leaf_cycle": null, "landuse": null, "source:population": null, "website": null, "population": null, "nist:state_fips": null, "nist:fips_code": null, "border_type": null, "attribution": null, "alt_name": null, "admin_level": null, "leaf_type": null, "waterway": null, "ref:US:NID": null, "water": null, "natural": null, "wikipedia": null, "wikidata": null, "type": null, "ref:US:USFS:proclaimed_forest_number": null, "protection_title": null, "protected_area": null, "protected": null, "protect_class": null, "ownership": null, "operator:wikipedia": null, "operator:wikidata": null, "operator:type": null, "operator:short": null, "operator": null, "name": null, "gnis:feature_id": null, "boundary": null }, "geometry": { "type": "MultiPolygon", "coordinates": [ [ [ [ -104.9289598, 38.8573569 ], [ -104.9289156, 38.8572833 ], [ -104.9290108, 38.8572486 ], [ -104.929055, 38.8573223 ], [ -104.9289598, 38.8573569 ] ] ] ] } },
{ "type": "Feature", "properties": { "full_id": "w1431679756", "osm_id": "1431679756", "osm_type": "way", "roof:shape": null, "shelter_type": null, "train": null, "tactile_paving": null, "shelter": null, "railway": null, "public_transport": null, "lit": null, "bin": null, "bench": null, "tourism": null, "tents": null, "caravans": null, "backcountry": null, "fence_type": null, "barrier": null, "wheelchair": null, "unisex": null, "toilets:disposal": null, "building:levels": null, "addr:street": null, "addr:state": null, "addr:postcode": null, "addr:housenumber": null, "addr:city": null, "man_made": null, "building": null, "payment:website_pay": null, "payment:credit_cards": null, "charge": null, "capacity": null, "sport": null, "leisure": null, "access": null, "surface": null, "parking": null, "fee": null, "amenity": null, "ele": null, "tiger:STATEFP": null, "tiger:PLCIDFP": null, "tiger:PLACEFP": null, "tiger:PCINECTA": null, "tiger:PCICBSA": null, "tiger:NAMELSAD": null, "tiger:NAME": null, "tiger:MTFCC": null, "tiger:LSAD": null, "tiger:FUNCSTAT": null, "tiger:CPI": null, "tiger:CLASSFP": null, "place": null, "owner": null, "leaf_cycle": null, "landuse": null, "source:population": null, "website": null, "population": null, "nist:state_fips": null, "nist:fips_code": null, "border_type": null, "attribution": null, "alt_name": null, "admin_level": null, "leaf_type": null, "waterway": null, "ref:US:NID": null, "water": null, "natural": "bare_rock", "wikipedia": null, "wikidata": null, "type": null, "ref:US:USFS:proclaimed_forest_number": null, "protection_title": null, "protected_area": null, "protected": null, "protect_class": null, "ownership": null, "operator:wikipedia": null, "operator:wikidata": null, "operator:type": null, "operator:short": null, "operator": null, "name": "Gog Rock", "gnis:feature_id": null, "boundary": null }, "geometry": { "type": "MultiPolygon", "coordinates": [ [ [ [ -104.9486537, 38.844333 ], [ -104.9488651, 38.8442855 ], [ -104.9488976, 38.8442095 ], [ -104.9487553, 38.8440955 ], [ -104.9487879, 38.8439878 ], [ -104.9486212, 38.843972 ], [ -104.9485053, 38.8440622 ], [ -104.948424, 38.8442174 ], [ -104.948489, 38.8442934 ], [ -104.9486537, 38.844333 ] ] ] ] } },
{ "type": "Feature", "properties": { "full_id": "r1268334", "osm_id": "1268334", "osm_type": "relation", "roof:shape": null, "shelter_type": null, "train": null, "tactile_paving": null, "shelter": null, "railway": null, "public_transport": null, "lit": null, "bin": null, "bench": null, "tourism": null, "tents": null, "caravans": null, "backcountry": null, "fence_type": null, "barrier": null, "wheelchair": null, "unisex": null, "toilets:disposal": null, "building:levels": null, "addr:street": null, "addr:state": null, "addr:postcode": null, "addr:housenumber": null, "addr:city": null, "man_made": null, "building": null, "payment:website_pay": null, "payment:credit_cards": null, "charge": null, "capacity": null, "sport": null, "leisure": null, "access": null, "surface": null, "parking": null, "fee": null, "amenity": null, "ele": null, "tiger:STATEFP": null, "tiger:PLCIDFP": null, "tiger:PLACEFP": null, "tiger:PCINECTA": null, "tiger:PCICBSA": null, "tiger:NAMELSAD": null, "tiger:NAME": null, "tiger:MTFCC": null, "tiger:LSAD": null, "tiger:FUNCSTAT": null, "tiger:CPI": null, "tiger:CLASSFP": null, "place": null, "owner": null, "leaf_cycle": null, "landuse": null, "source:population": null, "website": null, "population": null, "nist:state_fips": null, "nist:fips_code": null, "border_type": null, "attribution": null, "alt_name": null, "admin_level": null, "leaf_type": "needleleaved", "waterway": null, "ref:US:NID": null, "water": null, "natural": "wood", "wikipedia": null, "wikidata": null, "type": "multipolygon", "ref:US:USFS:proclaimed_forest_number": null, "protection_title": null, "protected_area": null, "protected": null, "protect_class": null, "ownership": null, "operator:wikipedia": null, "operator:wikidata": null, "operator:type": null, "operator:short": null, "operator": null, "name": null, "gnis:feature_id": null, "boundary": null }, "geometry": { "type": "MultiPolygon", "coordinates": [ [ [ [ -104.9261731, 38.8430582 ], [ -104.9333662, 38.8168726 ], [ -104.936655, 38.8226276 ], [ -104.9491574, 38.8242171 ], [ -104.9495339, 38.8302949 ], [ -104.9486065, 38.8387319 ], [ -104.944374, 38.8415326 ], [ -104.9441305, 38.8455524 ], [ -104.9434667, 38.851239 ], [ -104.9419314, 38.8506538 ], [ -104.9408256, 38.8507259 ], [ -104.9399574, 38.8508805 ], [ -104.9394765, 38.8511771 ], [ -104.9378885, 38.8522901 ], [ -104.9374447, 38.8526889 ], [ -104.9367353, 38.8528028 ], [ -104.9362123, 38.8531343 ], [ -104.9332757, 38.852912 ], [ -104.9331394, 38.8497249 ], [ -104.9335721, 38.8478026 ], [ -104.9321695, 38.8469784 ], [ -104.9320051, 38.8470832 ], [ -104.931193, 38.8476892 ], [ -104.9314132, 38.8478705 ], [ -104.9306187, 38.848223 ], [ -104.9301189, 38.8486072 ], [ -104.9298168, 38.8491968 ], [ -104.9297967, 38.8496935 ], [ -104.9296693, 38.8501992 ], [ -104.9294909, 38.8506769 ], [ -104.9295288, 38.8509372 ], [ -104.9302626, 38.8505089 ], [ -104.9304842, 38.8504387 ], [ -104.9307272, 38.8506715 ], [ -104.9306727, 38.8508248 ], [ -104.9296377, 38.8511761 ], [ -104.9289288, 38.8518783 ], [ -104.9281676, 38.8522091 ], [ -104.9281596, 38.8524815 ], [ -104.9279484, 38.852612 ], [ -104.9276684, 38.8529077 ], [ -104.9276777, 38.8531013 ], [ -104.9274777, 38.8532932 ], [ -104.9276461, 38.8535693 ], [ -104.9274469, 38.8538083 ], [ -104.9275647, 38.8540995 ], [ -104.9273364, 38.8545003 ], [ -104.9267856, 38.8547847 ], [ -104.9254568, 38.8538485 ], [ -104.9254154, 38.8535503 ], [ -104.9256141, 38.8534308 ], [ -104.9258651, 38.8534002 ], [ -104.9258675, 38.8532098 ], [ -104.9253258, 38.8530245 ], [ -104.9253782, 38.8528969 ], [ -104.9256907, 38.8528536 ], [ -104.925997, 38.8531034 ], [ -104.9262902, 38.8526844 ], [ -104.9257879, 38.8521626 ], [ -104.9253079, 38.850743 ], [ -104.9249134, 38.8507566 ], [ -104.9246253, 38.8508947 ], [ -104.9215867, 38.853759 ], [ -104.9216942, 38.853568 ], [ -104.9220387, 38.8536618 ], [ -104.9224907, 38.8535646 ], [ -104.9224289, 38.8532915 ], [ -104.9218107, 38.8528598 ], [ -104.9221357, 38.8525744 ], [ -104.9220039, 38.8522217 ], [ -104.9223672, 38.8520206 ], [ -104.9227034, 38.8519031 ], [ -104.9228761, 38.8518004 ], [ -104.9228423, 38.8515553 ], [ -104.9220107, 38.8510234 ], [ -104.9214002, 38.850745 ], [ -104.9216508, 38.8506168 ], [ -104.9219914, 38.8505832 ], [ -104.9226917, 38.8508483 ], [ -104.9227657, 38.8506984 ], [ -104.9219826, 38.850177 ], [ -104.9233362, 38.8500728 ], [ -104.9226976, 38.8500422 ], [ -104.92231, 38.8498786 ], [ -104.9220237, 38.8497989 ], [ -104.9218418, 38.8495758 ], [ -104.9221582, 38.8494796 ], [ -104.9229302, 38.8493926 ], [ -104.9233364, 38.8493277 ], [ -104.9232978, 38.8491928 ], [ -104.922748, 38.8490276 ], [ -104.9226777, 38.8487911 ], [ -104.9225286, 38.8486617 ], [ -104.926451, 38.844679 ], [ -104.9272764, 38.8449055 ], [ -104.9278465, 38.8449285 ], [ -104.9282645, 38.8446644 ], [ -104.928558, 38.8446972 ], [ -104.9287384, 38.8446763 ], [ -104.9290294, 38.8444803 ], [ -104.9297308, 38.844422 ], [ -104.9304065, 38.8445785 ], [ -104.930678, 38.8446825 ], [ -104.9309641, 38.8444715 ], [ -104.9313584, 38.8444192 ], [ -104.9313954, 38.8442104 ], [ -104.9313217, 38.8435649 ], [ -104.9311952, 38.8430873 ], [ -104.9302178, 38.8429383 ], [ -104.9290923, 38.8429382 ], [ -104.9275038, 38.8429024 ], [ -104.9261731, 38.8430582 ] ] ] ] } },
{ "type": "Feature", "properties": { "full_id": "w1431679755", "osm_id": "1431679755", "osm_type": "way", "roof:shape": null, "shelter_type": null, "train": null, "tactile_paving": null, "shelter": null, "railway": null, "public_transport": null, "lit": null, "bin": null, "bench": null, "tourism": null, "tents": null, "caravans": null, "backcountry": null, "fence_type": null, "barrier": null, "wheelchair": null, "unisex": null, "toilets:disposal": null, "building:levels": null, "addr:street": null, "addr:state": null, "addr:postcode": null, "addr:housenumber": null, "addr:city": null, "man_made": null, "building": null, "payment:website_pay": null, "payment:credit_cards": null, "charge": null, "capacity": null, "sport": null, "leisure": null, "access": null, "surface": null, "parking": null, "fee": null, "amenity": null, "ele": null, "tiger:STATEFP": null, "tiger:PLCIDFP": null, "tiger:PLACEFP": null, "tiger:PCINECTA": null, "tiger:PCICBSA": null, "tiger:NAMELSAD": null, "tiger:NAME": null, "tiger:MTFCC": null, "tiger:LSAD": null, "tiger:FUNCSTAT": null, "tiger:CPI": null, "tiger:CLASSFP": null, "place": null, "owner": null, "leaf_cycle": null, "landuse": null, "source:population": null, "website": null, "population": null, "nist:state_fips": null, "nist:fips_code": null, "border_type": null, "attribution": null, "alt_name": null, "admin_level": null, "leaf_type": null, "waterway": null, "ref:US:NID": null, "water": null, "natural": "bare_rock", "wikipedia": null, "wikidata": null, "type": null, "ref:US:USFS:proclaimed_forest_number": null, "protection_title": null, "protected_area": null, "protected": null, "protect_class": null, "ownership": null, "operator:wikipedia": null, "operator:wikidata": null, "operator:type": null, "operator:short": null, "operator": null, "name": "Magog Rock", "gnis:feature_id": null, "boundary": null }, "geometry": { "type": "MultiPolygon", "coordinates": [ [ [ [ -104.9494325, 38.84491 ], [ -104.9496286, 38.8450828 ], [ -104.9499041, 38.8452483 ], [ -104.9500489, 38.8454156 ], [ -104.9504365, 38.8455993 ], [ -104.9505416, 38.8455756 ], [ -104.9504178, 38.845441 ], [ -104.9502124, 38.8452755 ], [ -104.9501236, 38.8451101 ], [ -104.9499999, 38.8449409 ], [ -104.9498855, 38.8448064 ], [ -104.9496776, 38.8447372 ], [ -104.9494231, 38.8446991 ], [ -104.9493928, 38.8448536 ], [ -104.9494325, 38.84491 ] ] ] ] } },
{ "type": "Feature", "properties": { "full_id": "r16162912", "osm_id": "16162912", "osm_type": "relation", "roof:shape": null, "shelter_type": null, "train": null, "tactile_paving": null, "shelter": null, "railway": null, "public_transport": null, "lit": null, "bin": null, "bench": null, "tourism": null, "tents": null, "caravans": null, "backcountry": null, "fence_type": null, "barrier": null, "wheelchair": null, "unisex": null, "toilets:disposal": null, "building:levels": null, "addr:street": null, "addr:state": null, "addr:postcode": null, "addr:housenumber": null, "addr:city": null, "man_made": null, "building": null, "payment:website_pay": null, "payment:credit_cards": null, "charge": null, "capacity": null, "sport": null, "leisure": null, "access": null, "surface": null, "parking": null, "fee": null, "amenity": null, "ele": null, "tiger:STATEFP": null, "tiger:PLCIDFP": null, "tiger:PLACEFP": null, "tiger:PCINECTA": null, "tiger:PCICBSA": null, "tiger:NAMELSAD": null, "tiger:NAME": null, "tiger:MTFCC": null, "tiger:LSAD": null, "tiger:FUNCSTAT": null, "tiger:CPI": null, "tiger:CLASSFP": null, "place": null, "owner": null, "leaf_cycle": null, "landuse": null, "source:population": null, "website": null, "population": null, "nist:state_fips": null, "nist:fips_code": null, "border_type": null, "attribution": null, "alt_name": null, "admin_level": null, "leaf_type": null, "waterway": null, "ref:US:NID": null, "water": null, "natural": "wood", "wikipedia": null, "wikidata": null, "type": "multipolygon", "ref:US:USFS:proclaimed_forest_number": null, "protection_title": null, "protected_area": null, "protected": null, "protect_class": null, "ownership": null, "operator:wikipedia": null, "operator:wikidata": null, "operator:type": null, "operator:short": null, "operator": null, "name": null, "gnis:feature_id": null, "boundary": null }, "geometry": { "type": "MultiPolygon", "coordinates": [ [ [ [ -105.0608888, 38.871904 ], [ -104.9781005, 38.8927082 ], [ -104.9686139, 38.885395 ], [ -104.9620419, 38.87819 ], [ -104.950075, 38.8673746 ], [ -104.9436831, 38.8529387 ], [ -104.9434667, 38.851239 ], [ -104.9441305, 38.8455524 ], [ -104.944374, 38.8415326 ], [ -104.9486065, 38.8387319 ], [ -104.9495339, 38.8302949 ], [ -104.9491574, 38.8242171 ], [ -104.936655, 38.8226276 ], [ -104.9333662, 38.8168726 ], [ -105.0227607, 38.7715294 ], [ -105.0303911, 38.7716499 ], [ -105.033282, 38.7718904 ], [ -105.0387478, 38.7755374 ], [ -105.0505493, 38.7773173 ], [ -105.0529345, 38.7775419 ], [ -105.0590364, 38.7803476 ], [ -105.0582218, 38.783238 ], [ -105.0580077, 38.781778 ], [ -105.0566965, 38.7812258 ], [ -105.0532176, 38.7814404 ], [ -105.0519465, 38.7791159 ], [ -105.048964, 38.777803 ], [ -105.0454401, 38.7781961 ], [ -105.0422341, 38.7785342 ], [ -105.0409708, 38.7783766 ], [ -105.0380016, 38.7763695 ], [ -105.0355599, 38.7749161 ], [ -105.033564, 38.7729575 ], [ -105.0316914, 38.7723447 ], [ -105.0303093, 38.7740789 ], [ -105.0298123, 38.7759653 ], [ -105.0307291, 38.778816 ], [ -105.0304969, 38.7815039 ], [ -105.0287704, 38.7835722 ], [ -105.0291461, 38.7852496 ], [ -105.0323333, 38.7862195 ], [ -105.0404732, 38.7860474 ], [ -105.0437535, 38.7895235 ], [ -105.0465997, 38.7914447 ], [ -105.0483347, 38.7925947 ], [ -105.0469949, 38.7948837 ], [ -105.0489682, 38.7968601 ], [ -105.0509901, 38.7986793 ], [ -105.0518551, 38.8006645 ], [ -105.0463503, 38.8053422 ], [ -105.0467154, 38.8083791 ], [ -105.048603, 38.8092656 ], [ -105.0493809, 38.8114736 ], [ -105.0482398, 38.8133224 ], [ -105.0468279, 38.8145013 ], [ -105.0382406, 38.8112684 ], [ -105.0332681, 38.8088377 ], [ -105.0327138, 38.8073691 ], [ -105.0309835, 38.806809 ], [ -105.0283548, 38.807629 ], [ -105.0254418, 38.8084624 ], [ -105.026598, 38.8093111 ], [ -105.0264754, 38.8113341 ], [ -105.0242515, 38.8114895 ], [ -105.0208388, 38.8117529 ], [ -105.0194021, 38.8125645 ], [ -105.0193543, 38.8152279 ], [ -105.0184694, 38.8157682 ], [ -105.0153904, 38.8167302 ], [ -105.014278, 38.8180401 ], [ -105.0119313, 38.8212527 ], [ -105.0125962, 38.8228865 ], [ -105.0144948, 38.8232986 ], [ -105.0166522, 38.8240782 ], [ -105.0181571, 38.8235667 ], [ -105.0199664, 38.8248578 ], [ -105.0229332, 38.8266717 ], [ -105.0217123, 38.8287578 ], [ -105.0245069, 38.8293247 ], [ -105.0288237, 38.8294292 ], [ -105.0300384, 38.8299498 ], [ -105.0305239, 38.8317576 ], [ -105.0283768, 38.8338473 ], [ -105.0281781, 38.8328065 ], [ -105.0270876, 38.8333905 ], [ -105.0264585, 38.8347852 ], [ -105.0287368, 38.8356437 ], [ -105.0287623, 38.8361703 ], [ -105.026134, 38.8354447 ], [ -105.0234146, 38.8348667 ], [ -105.0231927, 38.836491 ], [ -105.0240588, 38.8388859 ], [ -105.0214573, 38.8486122 ], [ -105.023744, 38.8508177 ], [ -105.0258908, 38.854203 ], [ -105.0321157, 38.8556355 ], [ -105.0382267, 38.856152 ], [ -105.0438669, 38.8571721 ], [ -105.0442761, 38.8591803 ], [ -105.0482679, 38.8601592 ], [ -105.0492457, 38.8634403 ], [ -105.0577198, 38.8590808 ], [ -105.0590712, 38.8593157 ], [ -105.060075, 38.8606583 ], [ -105.0611498, 38.8607835 ], [ -105.0615608, 38.8611178 ], [ -105.0614976, 38.8621097 ], [ -105.0609918, 38.8623744 ], [ -105.0604227, 38.862697 ], [ -105.0606361, 38.8629818 ], [ -105.0614818, 38.8632667 ], [ -105.0615924, 38.8635902 ], [ -105.0613395, 38.8640615 ], [ -105.0613472, 38.8655908 ], [ -105.0606477, 38.8656529 ], [ -105.0596024, 38.8656347 ], [ -105.0593485, 38.8661672 ], [ -105.0586836, 38.8667242 ], [ -105.0593677, 38.8675445 ], [ -105.0588504, 38.8679955 ], [ -105.0577642, 38.8675604 ], [ -105.0570256, 38.8674207 ], [ -105.0564811, 38.8684089 ], [ -105.055826, 38.8693356 ], [ -105.0562634, 38.8701613 ], [ -105.0574121, 38.8700271 ], [ -105.0592662, 38.8708025 ], [ -105.0608888, 38.871904 ] ], [ [ -104.974035, 38.8418826 ], [ -104.9739687, 38.8419325 ], [ -104.973882, 38.8419505 ], [ -104.9737924, 38.8419668 ], [ -104.9737121, 38.84195 ], [ -104.9736424, 38.8419148 ], [ -104.9735894, 38.8418785 ], [ -104.9735513, 38.8418156 ], [ -104.9735452, 38.8417497 ], [ -104.9735541, 38.8416922 ], [ -104.9736045, 38.8416224 ], [ -104.9736873, 38.8415818 ], [ -104.9737649, 38.8415586 ], [ -104.9738479, 38.8415552 ], [ -104.9739333, 38.8415822 ], [ -104.9740016, 38.8416269 ], [ -104.9740628, 38.8416768 ], [ -104.9740851, 38.8417466 ], [ -104.9740511, 38.8418166 ], [ -104.974035, 38.8418826 ] ], [ [ -105.0208782, 38.7913716 ], [ -105.020449, 38.7911625 ], [ -105.0201942, 38.7909012 ], [ -105.0198053, 38.7909012 ], [ -105.0194298, 38.7906085 ], [ -105.0189738, 38.7905876 ], [ -105.017713, 38.7899081 ], [ -105.0165194, 38.7890613 ], [ -105.0158086, 38.7890718 ], [ -105.0157183, 38.7890036 ], [ -105.0153794, 38.7887477 ], [ -105.0146552, 38.7883296 ], [ -105.0139041, 38.7881414 ], [ -105.0134079, 38.7877755 ], [ -105.0133006, 38.7872841 ], [ -105.0136493, 38.7868137 ], [ -105.0139712, 38.7865837 ], [ -105.0141992, 38.7862178 ], [ -105.0141724, 38.7857369 ], [ -105.0140651, 38.7852247 ], [ -105.0141053, 38.7850156 ], [ -105.0138236, 38.7847542 ], [ -105.0134615, 38.7844406 ], [ -105.0130189, 38.7842106 ], [ -105.0124557, 38.7837506 ], [ -105.0119997, 38.7835728 ], [ -105.0119728, 38.7833846 ], [ -105.0122545, 38.7826424 ], [ -105.0124288, 38.782151 ], [ -105.0123618, 38.7816596 ], [ -105.0126837, 38.7814296 ], [ -105.0122411, 38.7813355 ], [ -105.0119326, 38.7810218 ], [ -105.0119192, 38.7806873 ], [ -105.0120667, 38.7803527 ], [ -105.0122947, 38.780175 ], [ -105.0127641, 38.7801018 ], [ -105.0156745, 38.7800077 ], [ -105.0157683, 38.7801959 ], [ -105.0159293, 38.7803632 ], [ -105.0161305, 38.7803736 ], [ -105.0163719, 38.7805618 ], [ -105.0164389, 38.780865 ], [ -105.0164121, 38.7810009 ], [ -105.0166133, 38.7811055 ], [ -105.0170291, 38.7815341 ], [ -105.0174314, 38.7819628 ], [ -105.0174046, 38.7824124 ], [ -105.0171766, 38.7826946 ], [ -105.0172571, 38.7829874 ], [ -105.0172571, 38.7833951 ], [ -105.0170425, 38.7835206 ], [ -105.0169754, 38.7838028 ], [ -105.0167742, 38.7839806 ], [ -105.0165999, 38.784336 ], [ -105.0171632, 38.7842524 ], [ -105.017418, 38.7845347 ], [ -105.0177667, 38.7847019 ], [ -105.0178069, 38.7850156 ], [ -105.0176996, 38.785141 ], [ -105.0178606, 38.785716 ], [ -105.0180483, 38.7863224 ], [ -105.0186116, 38.7869078 ], [ -105.0189335, 38.7874932 ], [ -105.019242, 38.7878487 ], [ -105.0200467, 38.7884864 ], [ -105.0202747, 38.78903 ], [ -105.0204866, 38.7892969 ], [ -105.0204811, 38.7894294 ], [ -105.0204052, 38.7895062 ], [ -105.0201943, 38.789436 ], [ -105.0200986, 38.7894996 ], [ -105.0203618, 38.7897557 ], [ -105.0210123, 38.7899708 ], [ -105.0213074, 38.7906921 ], [ -105.0210392, 38.7907026 ], [ -105.0209567, 38.791011 ], [ -105.020905, 38.7912043 ], [ -105.0208782, 38.7913716 ] ], [ [ -105.0085609, 38.7787782 ], [ -105.0085207, 38.7795519 ], [ -105.0082122, 38.7798133 ], [ -105.0078233, 38.7805765 ], [ -105.0064419, 38.7814547 ], [ -105.0062943, 38.781737 ], [ -105.0058115, 38.7819356 ], [ -105.0055031, 38.7822493 ], [ -105.0050471, 38.7822493 ], [ -105.0044838, 38.7820716 ], [ -105.0042692, 38.7820611 ], [ -105.0040009, 38.7816324 ], [ -105.0034913, 38.7817161 ], [ -105.0031962, 38.7821343 ], [ -105.0027, 38.7820506 ], [ -105.0019758, 38.7817056 ], [ -105.0017209, 38.7818415 ], [ -105.0008626, 38.7815488 ], [ -105.0006212, 38.7808274 ], [ -105.0007955, 38.7803256 ], [ -105.0009162, 38.7797192 ], [ -105.0007955, 38.7792696 ], [ -105.0014661, 38.7785168 ], [ -105.0018148, 38.7784227 ], [ -105.0025391, 38.7786423 ], [ -105.0032231, 38.7786632 ], [ -105.0040009, 38.7785795 ], [ -105.0045911, 38.7784645 ], [ -105.0054226, 38.7785168 ], [ -105.0057176, 38.7787155 ], [ -105.0058518, 38.77859 ], [ -105.0061871, 38.7784854 ], [ -105.0068442, 38.778245 ], [ -105.0069515, 38.7780568 ], [ -105.006871, 38.777879 ], [ -105.0068308, 38.7775967 ], [ -105.0064553, 38.7773249 ], [ -105.0059054, 38.7771994 ], [ -105.0056908, 38.7771994 ], [ -105.0048995, 38.7769798 ], [ -105.0047386, 38.7767498 ], [ -105.0051007, 38.7760075 ], [ -105.0056506, 38.7759238 ], [ -105.0061736, 38.7757461 ], [ -105.0064821, 38.7755056 ], [ -105.0063346, 38.7750873 ], [ -105.0064016, 38.7748678 ], [ -105.0066431, 38.7747632 ], [ -105.0072332, 38.7748678 ], [ -105.0079574, 38.775056 ], [ -105.0082122, 38.7751187 ], [ -105.0085346, 38.7753963 ], [ -105.008856, 38.7756729 ], [ -105.008628, 38.7760911 ], [ -105.0082927, 38.7772203 ], [ -105.0079708, 38.7778372 ], [ -105.0080647, 38.7782031 ], [ -105.0083061, 38.7785377 ], [ -105.0085609, 38.7787782 ] ], [ [ -104.9894816, 38.7783216 ], [ -104.9903034, 38.7789691 ], [ -104.9909407, 38.7795926 ], [ -104.9911121, 38.7797811 ], [ -104.9911472, 38.7801511 ], [ -104.9909011, 38.780384 ], [ -104.9902155, 38.7806787 ], [ -104.9897673, 38.7808362 ], [ -104.9889674, 38.7806238 ], [ -104.9886598, 38.7799147 ], [ -104.988484, 38.7793323 ], [ -104.9882687, 38.7792398 ], [ -104.9882641, 38.7789331 ], [ -104.9882599, 38.7786539 ], [ -104.9883126, 38.7785648 ], [ -104.988484, 38.7785991 ], [ -104.9885807, 38.7785306 ], [ -104.9886071, 38.778373 ], [ -104.9886686, 38.7782051 ], [ -104.9889103, 38.7781229 ], [ -104.9891564, 38.7781194 ], [ -104.9894201, 38.7781948 ], [ -104.9894816, 38.7783216 ] ], [ [ -105.0091927, 38.7908254 ], [ -105.0097489, 38.7901724 ], [ -105.0100853, 38.7898459 ], [ -105.0104493, 38.78968 ], [ -105.0106416, 38.7896961 ], [ -105.0108476, 38.7898245 ], [ -105.0108201, 38.7900333 ], [ -105.0105385, 38.7903597 ], [ -105.0101128, 38.7908415 ], [ -105.0098587, 38.791093 ], [ -105.0095085, 38.7911037 ], [ -105.0093163, 38.7910716 ], [ -105.0091858, 38.790986 ], [ -105.0091927, 38.7908254 ] ], [ [ -105.0399425, 38.8079251 ], [ -105.0402752, 38.8080829 ], [ -105.0410664, 38.8084884 ], [ -105.0413132, 38.8088312 ], [ -105.0416029, 38.8091405 ], [ -105.0421715, 38.8095 ], [ -105.0423432, 38.8096505 ], [ -105.0424183, 38.809826 ], [ -105.0424397, 38.8100183 ], [ -105.0423753, 38.8101939 ], [ -105.0422251, 38.8103444 ], [ -105.0420106, 38.810428 ], [ -105.0418282, 38.8105534 ], [ -105.0417209, 38.8107206 ], [ -105.0416887, 38.8109129 ], [ -105.0414741, 38.8110132 ], [ -105.0412488, 38.8110216 ], [ -105.0408089, 38.811172 ], [ -105.0405836, 38.8112138 ], [ -105.0403476, 38.8111804 ], [ -105.0401545, 38.8110884 ], [ -105.0398648, 38.8108125 ], [ -105.0394142, 38.8101605 ], [ -105.0382635, 38.8088636 ], [ -105.0381066, 38.808757 ], [ -105.0379859, 38.8086075 ], [ -105.0376989, 38.8086128 ], [ -105.0376768, 38.8086041 ], [ -105.0376641, 38.8085877 ], [ -105.0377134, 38.8085042 ], [ -105.0378169, 38.8084184 ], [ -105.0379806, 38.8083285 ], [ -105.0381911, 38.8082459 ], [ -105.0386202, 38.808062 ], [ -105.039268, 38.8078029 ], [ -105.0395007, 38.8076962 ], [ -105.0397829, 38.8078488 ], [ -105.0399425, 38.8079251 ] ], [ [ -104.9970664, 38.8078286 ], [ -104.9962403, 38.8084389 ], [ -104.9958755, 38.8088444 ], [ -104.995323, 38.8095467 ], [ -104.9951996, 38.8096512 ], [ -104.9950816, 38.809856 ], [ -104.9946632, 38.8103242 ], [ -104.9945398, 38.8107882 ], [ -104.9942018, 38.8113567 ], [ -104.9938788, 38.8116548 ], [ -104.9934923, 38.8120114 ], [ -104.9925764, 38.8124685 ], [ -104.9923457, 38.8126901 ], [ -104.9916269, 38.8138605 ], [ -104.9911548, 38.814291 ], [ -104.9909778, 38.8145459 ], [ -104.9908973, 38.8147758 ], [ -104.9909885, 38.8151437 ], [ -104.9911387, 38.815244 ], [ -104.9915357, 38.8152858 ], [ -104.9920453, 38.8154112 ], [ -104.9932523, 38.8154237 ], [ -104.993821, 38.8154279 ], [ -104.9939819, 38.8154822 ], [ -104.9943842, 38.8156996 ], [ -104.9946846, 38.8156661 ], [ -104.995146, 38.8154948 ], [ -104.9954142, 38.8152732 ], [ -104.9959023, 38.8149639 ], [ -104.9965944, 38.814709 ], [ -104.9966963, 38.8145585 ], [ -104.9968465, 38.8142366 ], [ -104.997104, 38.8139649 ], [ -104.9973937, 38.8135762 ], [ -104.9972327, 38.8133296 ], [ -104.9970718, 38.8131457 ], [ -104.9970664, 38.8129367 ], [ -104.9969323, 38.8128865 ], [ -104.99631, 38.8130537 ], [ -104.9960633, 38.8130913 ], [ -104.9957843, 38.8132251 ], [ -104.9952157, 38.8135595 ], [ -104.9947114, 38.8138187 ], [ -104.9951996, 38.8134466 ], [ -104.9954947, 38.8131331 ], [ -104.9958272, 38.8129576 ], [ -104.9960901, 38.812828 ], [ -104.9963476, 38.8126232 ], [ -104.9966051, 38.8124685 ], [ -104.9965944, 38.8122679 ], [ -104.9964549, 38.8120213 ], [ -104.9965193, 38.8119335 ], [ -104.9965032, 38.8117078 ], [ -104.9965997, 38.8115489 ], [ -104.9966802, 38.8113985 ], [ -104.9970289, 38.8113901 ], [ -104.9978067, 38.8115071 ], [ -104.9981876, 38.8110181 ], [ -104.9986597, 38.8109094 ], [ -104.9988689, 38.8108342 ], [ -104.9991425, 38.810575 ], [ -104.9995502, 38.8101653 ], [ -104.9987723, 38.8099522 ], [ -104.9982895, 38.8098769 ], [ -104.9978389, 38.8096763 ], [ -104.9977209, 38.8094798 ], [ -104.9976619, 38.8090283 ], [ -104.9978389, 38.8085351 ], [ -104.9977477, 38.8081296 ], [ -104.9976672, 38.8080209 ], [ -104.9974795, 38.8078286 ], [ -104.9972059, 38.807745 ], [ -104.9970664, 38.8078286 ] ], [ [ -104.9726717, 38.8273351 ], [ -104.9724974, 38.82773 ], [ -104.9725323, 38.8281981 ], [ -104.9723901, 38.8285742 ], [ -104.9723043, 38.8286369 ], [ -104.9721997, 38.8288354 ], [ -104.9720951, 38.8289461 ], [ -104.9718242, 38.8291321 ], [ -104.9717973, 38.829199 ], [ -104.9717464, 38.8293745 ], [ -104.9715077, 38.829619 ], [ -104.9708788, 38.8294917 ], [ -104.970754, 38.8294664 ], [ -104.9705984, 38.8293139 ], [ -104.9703919, 38.8291572 ], [ -104.9703731, 38.8290297 ], [ -104.9702443, 38.8287309 ], [ -104.9702819, 38.8286014 ], [ -104.9703865, 38.8284864 ], [ -104.9703087, 38.8281876 ], [ -104.9701826, 38.8277697 ], [ -104.9701558, 38.8276694 ], [ -104.970239, 38.8274438 ], [ -104.9702604, 38.8274751 ], [ -104.9704777, 38.8278512 ], [ -104.970703, 38.828196 ], [ -104.9708612, 38.8283799 ], [ -104.9709927, 38.8285241 ], [ -104.971336, 38.8283861 ], [ -104.9713709, 38.8282336 ], [ -104.9714379, 38.828125 ], [ -104.9717169, 38.82801 ], [ -104.9718403, 38.8278972 ], [ -104.9724142, 38.8274291 ], [ -104.9724303, 38.8272662 ], [ -104.9726235, 38.8271199 ], [ -104.972708, 38.8271001 ], [ -104.9727844, 38.8270823 ], [ -104.9726717, 38.8273351 ] ], [ [ -104.993746, 38.8771882 ], [ -104.9938104, 38.87723 ], [ -104.9939337, 38.8772759 ], [ -104.993982, 38.877278 ], [ -104.9940544, 38.877278 ], [ -104.9941054, 38.8772655 ], [ -104.9941349, 38.8772676 ], [ -104.9941483, 38.877301 ], [ -104.9941349, 38.8773365 ], [ -104.9941242, 38.8773887 ], [ -104.9940625, 38.8774346 ], [ -104.9939177, 38.8775203 ], [ -104.9940813, 38.877681 ], [ -104.9941269, 38.8776894 ], [ -104.9941805, 38.8776852 ], [ -104.9942422, 38.8776622 ], [ -104.9942583, 38.8776288 ], [ -104.9943039, 38.8776017 ], [ -104.9943602, 38.8775829 ], [ -104.9943951, 38.8775495 ], [ -104.9944434, 38.8775244 ], [ -104.9945533, 38.8773929 ], [ -104.9946714, 38.8773094 ], [ -104.994717, 38.8772551 ], [ -104.994725, 38.877205 ], [ -104.9947089, 38.8771569 ], [ -104.9946821, 38.877134 ], [ -104.9947196, 38.8770818 ], [ -104.9948618, 38.8769857 ], [ -104.9950415, 38.8769251 ], [ -104.9951971, 38.8768876 ], [ -104.9953204, 38.87685 ], [ -104.995366, 38.8768249 ], [ -104.9953956, 38.8767748 ], [ -104.9954438, 38.8765952 ], [ -104.9954894, 38.8764324 ], [ -104.9955431, 38.8763802 ], [ -104.9956638, 38.8763259 ], [ -104.9957952, 38.8762486 ], [ -104.9958998, 38.8761609 ], [ -104.9959937, 38.8760586 ], [ -104.9960232, 38.8760064 ], [ -104.9961412, 38.8759834 ], [ -104.9962512, 38.8759939 ], [ -104.9964255, 38.8760586 ], [ -104.9965865, 38.876115 ], [ -104.9966884, 38.8761212 ], [ -104.9967796, 38.8761171 ], [ -104.9968815, 38.8761129 ], [ -104.99697, 38.8761358 ], [ -104.9969995, 38.8761379 ], [ -104.997021, 38.8761066 ], [ -104.9969941, 38.8760586 ], [ -104.9969727, 38.8759959 ], [ -104.9969003, 38.8759354 ], [ -104.9968144, 38.875854 ], [ -104.9968091, 38.8758038 ], [ -104.9968681, 38.875714 ], [ -104.9970558, 38.8756138 ], [ -104.9972302, 38.8755595 ], [ -104.997375, 38.8754969 ], [ -104.9974609, 38.8754447 ], [ -104.9976218, 38.8754363 ], [ -104.9976727, 38.8753987 ], [ -104.9977532, 38.8753987 ], [ -104.9978364, 38.875428 ], [ -104.9981368, 38.8754154 ], [ -104.9982011, 38.8753967 ], [ -104.9981985, 38.8753591 ], [ -104.9982065, 38.8753319 ], [ -104.9982387, 38.8753319 ], [ -104.9982628, 38.875357 ], [ -104.9983218, 38.8753591 ], [ -104.9983808, 38.8753674 ], [ -104.9984533, 38.8753946 ], [ -104.9985364, 38.8753925 ], [ -104.9986625, 38.8754384 ], [ -104.9987349, 38.8754426 ], [ -104.9987885, 38.875428 ], [ -104.9988127, 38.8753904 ], [ -104.9989227, 38.8753549 ], [ -104.9990219, 38.8752964 ], [ -104.9992257, 38.8751816 ], [ -104.9993062, 38.8751398 ], [ -104.999384, 38.8750605 ], [ -104.9995262, 38.8749811 ], [ -104.9996281, 38.8749352 ], [ -104.9996388, 38.8748913 ], [ -104.9996656, 38.8748913 ], [ -104.9996924, 38.8749059 ], [ -104.9998266, 38.8748621 ], [ -104.9999634, 38.8748224 ], [ -105.000076, 38.8747869 ], [ -105.0000867, 38.8747619 ], [ -105.0001162, 38.8747744 ], [ -105.0002289, 38.8747535 ], [ -105.0002477, 38.8747243 ], [ -105.0001618, 38.8747389 ], [ -105.0001565, 38.8747535 ], [ -105.0001243, 38.8747535 ], [ -105.0001404, 38.8747159 ], [ -105.0001592, 38.8747222 ], [ -105.0002208, 38.8746929 ], [ -105.0001994, 38.8746595 ], [ -105.0002128, 38.8745906 ], [ -105.0001243, 38.8745781 ], [ -105.0000626, 38.874553 ], [ -104.9999929, 38.8745823 ], [ -104.9999499, 38.8745426 ], [ -104.9999821, 38.8745008 ], [ -105.0000438, 38.8744507 ], [ -105.000127, 38.8743964 ], [ -105.0001779, 38.8743651 ], [ -105.000186, 38.8743108 ], [ -105.0002128, 38.8742336 ], [ -105.0001377, 38.8741876 ], [ -104.9998614, 38.8741855 ], [ -104.9996469, 38.8741897 ], [ -104.9994698, 38.8741479 ], [ -104.9992767, 38.8741291 ], [ -104.9991372, 38.8740957 ], [ -104.9990031, 38.8741083 ], [ -104.9989414, 38.8740707 ], [ -104.9988905, 38.874054 ], [ -104.9988395, 38.8740414 ], [ -104.9988341, 38.8740122 ], [ -104.9989629, 38.8739496 ], [ -104.9991909, 38.8738848 ], [ -104.9993411, 38.8738117 ], [ -104.9995503, 38.8736656 ], [ -104.9997434, 38.8734943 ], [ -104.9998051, 38.8734129 ], [ -104.9999473, 38.8732793 ], [ -105.0000277, 38.8731707 ], [ -105.0001109, 38.8731164 ], [ -105.0001967, 38.8730182 ], [ -105.0002959, 38.8728741 ], [ -105.0003442, 38.8728282 ], [ -105.0004622, 38.8727635 ], [ -105.0005668, 38.8727363 ], [ -105.000642, 38.8726653 ], [ -105.0006902, 38.8725818 ], [ -105.0007948, 38.8725171 ], [ -105.0009504, 38.8724273 ], [ -105.0010738, 38.8723291 ], [ -105.0011408, 38.8722519 ], [ -105.0011677, 38.8721119 ], [ -105.0011945, 38.8720075 ], [ -105.0011355, 38.8719804 ], [ -105.0011301, 38.8719365 ], [ -105.0011382, 38.8719094 ], [ -105.0010496, 38.8718676 ], [ -105.0009182, 38.8718572 ], [ -105.0007573, 38.8718426 ], [ -105.0006715, 38.8718259 ], [ -105.0004998, 38.8718989 ], [ -105.000194, 38.8720201 ], [ -104.9999365, 38.8721934 ], [ -104.999553, 38.872421 ], [ -104.9993196, 38.8725881 ], [ -104.999089, 38.8727029 ], [ -104.998751, 38.8728804 ], [ -104.9984318, 38.8730496 ], [ -104.9983567, 38.8731393 ], [ -104.9982172, 38.8732124 ], [ -104.9980858, 38.8732918 ], [ -104.9977747, 38.8734547 ], [ -104.9975574, 38.8735716 ], [ -104.997198, 38.8737804 ], [ -104.9969217, 38.8738974 ], [ -104.996573, 38.8740665 ], [ -104.9962539, 38.874267 ], [ -104.9961171, 38.8743881 ], [ -104.9960286, 38.8744236 ], [ -104.9959856, 38.8744862 ], [ -104.9959052, 38.8745217 ], [ -104.9957362, 38.8746825 ], [ -104.9955377, 38.8748015 ], [ -104.995248, 38.8750521 ], [ -104.9950871, 38.87524 ], [ -104.9948564, 38.8754802 ], [ -104.9946445, 38.8757308 ], [ -104.9944139, 38.8758999 ], [ -104.9942502, 38.8760043 ], [ -104.9940571, 38.8761129 ], [ -104.9939606, 38.8761651 ], [ -104.993864, 38.8761943 ], [ -104.9937514, 38.8762068 ], [ -104.993746, 38.8771882 ] ] ] ] } },
{ "type": "Feature", "properties": { "full_id": "w1360370126", "osm_id": "1360370126", "osm_type": "way", "roof:shape": null, "shelter_type": null, "train": null, "tactile_paving": null, "shelter": null, "railway": null, "public_transport": null, "lit": null, "bin": null, "bench": null, "tourism": null, "tents": null, "caravans": null, "backcountry": null, "fence_type": null, "barrier": null, "wheelchair": null, "unisex": null, "toilets:disposal": null, "building:levels": null, "addr:street": null, "addr:state": null, "addr:postcode": null, "addr:housenumber": null, "addr:city": null, "man_made": null, "building": null, "payment:website_pay": null, "payment:credit_cards": null, "charge": null, "capacity": null, "sport": null, "leisure": null, "access": null, "surface": null, "parking": null, "fee": null, "amenity": null, "ele": "2913", "tiger:STATEFP": null, "tiger:PLCIDFP": null, "tiger:PLACEFP": null, "tiger:PCINECTA": null, "tiger:PCICBSA": null, "tiger:NAMELSAD": null, "tiger:NAME": null, "tiger:MTFCC": null, "tiger:LSAD": null, "tiger:FUNCSTAT": null, "tiger:CPI": null, "tiger:CLASSFP": null, "place": null, "owner": null, "leaf_cycle": null, "landuse": null, "source:population": null, "website": null, "population": null, "nist:state_fips": null, "nist:fips_code": null, "border_type": null, "attribution": null, "alt_name": null, "admin_level": null, "leaf_type": null, "waterway": "dam", "ref:US:NID": "CO00445", "water": null, "natural": null, "wikipedia": null, "wikidata": null, "type": null, "ref:US:USFS:proclaimed_forest_number": null, "protection_title": null, "protected_area": null, "protected": null, "protect_class": null, "ownership": null, "operator:wikipedia": null, "operator:wikidata": null, "operator:type": null, "operator:short": null, "operator": null, "name": "Big Tooth Reservoir Dam", "gnis:feature_id": "198988", "boundary": null }, "geometry": { "type": "MultiPolygon", "coordinates": [ [ [ [ -104.9715077, 38.829619 ], [ -104.9708788, 38.8294917 ], [ -104.970754, 38.8294664 ], [ -104.9700026, 38.8294205 ], [ -104.9705418, 38.8295465 ], [ -104.9716179, 38.8297389 ], [ -104.9719985, 38.829807 ], [ -104.9720253, 38.8297694 ], [ -104.9715077, 38.829619 ] ] ] ] } },
{ "type": "Feature", "properties": { "full_id": "r13578474", "osm_id": "13578474", "osm_type": "relation", "roof:shape": null, "shelter_type": null, "train": null, "tactile_paving": null, "shelter": null, "railway": null, "public_transport": null, "lit": null, "bin": null, "bench": null, "tourism": null, "tents": null, "caravans": null, "backcountry": null, "fence_type": null, "barrier": null, "wheelchair": null, "unisex": null, "toilets:disposal": null, "building:levels": null, "addr:street": null, "addr:state": null, "addr:postcode": null, "addr:housenumber": null, "addr:city": null, "man_made": null, "building": null, "payment:website_pay": null, "payment:credit_cards": null, "charge": null, "capacity": null, "sport": null, "leisure": null, "access": null, "surface": null, "parking": null, "fee": null, "amenity": null, "ele": null, "tiger:STATEFP": null, "tiger:PLCIDFP": null, "tiger:PLACEFP": null, "tiger:PCINECTA": null, "tiger:PCICBSA": null, "tiger:NAMELSAD": null, "tiger:NAME": null, "tiger:MTFCC": null, "tiger:LSAD": null, "tiger:FUNCSTAT": null, "tiger:CPI": null, "tiger:CLASSFP": null, "place": null, "owner": null, "leaf_cycle": null, "landuse": null, "source:population": null, "website": null, "population": null, "nist:state_fips": null, "nist:fips_code": null, "border_type": null, "attribution": null, "alt_name": null, "admin_level": "8", "leaf_type": null, "waterway": null, "ref:US:NID": null, "water": null, "natural": null, "wikipedia": "en:Manitou Springs, Colorado", "wikidata": "Q2086787", "type": "boundary", "ref:US:USFS:proclaimed_forest_number": null, "protection_title": null, "protected_area": null, "protected": null, "protect_class": null, "ownership": null, "operator:wikipedia": null, "operator:wikidata": null, "operator:type": null, "operator:short": null, "operator": null, "name": "Manitou Springs", "gnis:feature_id": null, "boundary": "administrative" }, "geometry": null },
{ "type": "Feature", "properties": { "full_id": "w1451827749", "osm_id": "1451827749", "osm_type": "way", "roof:shape": null, "shelter_type": null, "train": null, "tactile_paving": null, "shelter": null, "railway": null, "public_transport": null, "lit": null, "bin": null, "bench": null, "tourism": null, "tents": null, "caravans": null, "backcountry": null, "fence_type": null, "barrier": null, "wheelchair": null, "unisex": null, "toilets:disposal": null, "building:levels": null, "addr:street": null, "addr:state": null, "addr:postcode": null, "addr:housenumber": null, "addr:city": null, "man_made": null, "building": "yes", "payment:website_pay": null, "payment:credit_cards": null, "charge": null, "capacity": null, "sport": null, "leisure": null, "access": null, "surface": null, "parking": null, "fee": null, "amenity": null, "ele": null, "tiger:STATEFP": null, "tiger:PLCIDFP": null, "tiger:PLACEFP": null, "tiger:PCINECTA": null, "tiger:PCICBSA": null, "tiger:NAMELSAD": null, "tiger:NAME": null, "tiger:MTFCC": null, "tiger:LSAD": null, "tiger:FUNCSTAT": null, "tiger:CPI": null, "tiger:CLASSFP": null, "place": null, "owner": null, "leaf_cycle": null, "landuse": null, "source:population": null, "website": null, "population": null, "nist:state_fips": null, "nist:fips_code": null, "border_type": null, "attribution": null, "alt_name": null, "admin_level": null, "leaf_type": null, "waterway": null, "ref:US:NID": null, "water": null, "natural": null, "wikipedia": null, "wikidata": null, "type": null, "ref:US:USFS:proclaimed_forest_number": null, "protection_title": null, "protected_area": null, "protected": null, "protect_class": null, "ownership": null, "operator:wikipedia": null, "operator:wikidata": null, "operator:type": null, "operator:short": null, "operator": null, "name": null, "gnis:feature_id": null, "boundary": null }, "geometry": null },
{ "type": "Feature", "properties": { "full_id": "w1449907781", "osm_id": "1449907781", "osm_type": "way", "roof:shape": "flat", "shelter_type": null, "train": null, "tactile_paving": null, "shelter": null, "railway": null, "public_transport": null, "lit": null, "bin": null, "bench": null, "tourism": null, "tents": null, "caravans": null, "backcountry": null, "fence_type": null, "barrier": null, "wheelchair": null, "unisex": null, "toilets:disposal": null, "building:levels": null, "addr:street": null, "addr:state": null, "addr:postcode": null, "addr:housenumber": null, "addr:city": null, "man_made": null, "building": "retail", "payment:website_pay": null, "payment:credit_cards": null, "charge": null, "capacity": null, "sport": null, "leisure": null, "access": null, "surface": null, "parking": null, "fee": null, "amenity": null, "ele": null, "tiger:STATEFP": null, "tiger:PLCIDFP": null, "tiger:PLACEFP": null, "tiger:PCINECTA": null, "tiger:PCICBSA": null, "tiger:NAMELSAD": null, "tiger:NAME": null, "tiger:MTFCC": null, "tiger:LSAD": null, "tiger:FUNCSTAT": null, "tiger:CPI": null, "tiger:CLASSFP": null, "place": null, "owner": null, "leaf_cycle": null, "landuse": null, "source:population": null, "website": null, "population": null, "nist:state_fips": null, "nist:fips_code": null, "border_type": null, "attribution": null, "alt_name": null, "admin_level": null, "leaf_type": null, "waterway": null, "ref:US:NID": null, "water": null, "natural": null, "wikipedia": null, "wikidata": null, "type": null, "ref:US:USFS:proclaimed_forest_number": null, "protection_title": null, "protected_area": null, "protected": null, "protect_class": null, "ownership": null, "operator:wikipedia": null, "operator:wikidata": null, "operator:type": null, "operator:short": null, "operator": null, "name": null, "gnis:feature_id": null, "boundary": null }, "geometry": { "type": "MultiPolygon", "coordinates": [ [ [ [ -105.0432954, 38.8397801 ], [ -105.0435635, 38.8397383 ], [ -105.0435883, 38.8398389 ], [ -105.0433238, 38.8398798 ], [ -105.0432954, 38.8397801 ] ] ] ] } },
{ "type": "Feature", "properties": { "full_id": "w1449906436", "osm_id": "1449906436", "osm_type": "way", "roof:shape": null, "shelter_type": null, "train": null, "tactile_paving": null, "shelter": null, "railway": null, "public_transport": null, "lit": null, "bin": null, "bench": null, "tourism": null, "tents": null, "caravans": null, "backcountry": null, "fence_type": null, "barrier": null, "wheelchair": null, "unisex": null, "toilets:disposal": null, "building:levels": null, "addr:street": null, "addr:state": null, "addr:postcode": null, "addr:housenumber": null, "addr:city": null, "man_made": null, "building": null, "payment:website_pay": null, "payment:credit_cards": null, "charge": null, "capacity": null, "sport": null, "leisure": null, "access": null, "surface": null, "parking": "street_side", "fee": null, "amenity": "parking", "ele": null, "tiger:STATEFP": null, "tiger:PLCIDFP": null, "tiger:PLACEFP": null, "tiger:PCINECTA": null, "tiger:PCICBSA": null, "tiger:NAMELSAD": null, "tiger:NAME": null, "tiger:MTFCC": null, "tiger:LSAD": null, "tiger:FUNCSTAT": null, "tiger:CPI": null, "tiger:CLASSFP": null, "place": null, "owner": null, "leaf_cycle": null, "landuse": null, "source:population": null, "website": null, "population": null, "nist:state_fips": null, "nist:fips_code": null, "border_type": null, "attribution": null, "alt_name": null, "admin_level": null, "leaf_type": null, "waterway": null, "ref:US:NID": null, "water": null, "natural": null, "wikipedia": null, "wikidata": null, "type": null, "ref:US:USFS:proclaimed_forest_number": null, "protection_title": null, "protected_area": null, "protected": null, "protect_class": null, "ownership": null, "operator:wikipedia": null, "operator:wikidata": null, "operator:type": null, "operator:short": null, "operator": null, "name": null, "gnis:feature_id": null, "boundary": null }, "geometry": { "type": "MultiPolygon", "coordinates": [ [ [ [ -105.0440862, 38.8401111 ], [ -105.0439968, 38.8401418 ], [ -105.0440815, 38.8403452 ], [ -105.0441854, 38.8403252 ], [ -105.0441437, 38.8402215 ], [ -105.0440862, 38.8401111 ] ] ] ] } },
{ "type": "Feature", "properties": { "full_id": "w39172071", "osm_id": "39172071", "osm_type": "way", "roof:shape": null, "shelter_type": null, "train": null, "tactile_paving": null, "shelter": null, "railway": null, "public_transport": null, "lit": null, "bin": null, "bench": null, "tourism": null, "tents": null, "caravans": null, "backcountry": null, "fence_type": null, "barrier": null, "wheelchair": null, "unisex": null, "toilets:disposal": null, "building:levels": null, "addr:street": null, "addr:state": null, "addr:postcode": null, "addr:housenumber": null, "addr:city": null, "man_made": null, "building": null, "payment:website_pay": null, "payment:credit_cards": null, "charge": null, "capacity": null, "sport": null, "leisure": null, "access": null, "surface": null, "parking": null, "fee": "no", "amenity": "parking", "ele": null, "tiger:STATEFP": null, "tiger:PLCIDFP": null, "tiger:PLACEFP": null, "tiger:PCINECTA": null, "tiger:PCICBSA": null, "tiger:NAMELSAD": null, "tiger:NAME": null, "tiger:MTFCC": null, "tiger:LSAD": null, "tiger:FUNCSTAT": null, "tiger:CPI": null, "tiger:CLASSFP": null, "place": null, "owner": null, "leaf_cycle": null, "landuse": null, "source:population": null, "website": null, "population": null, "nist:state_fips": null, "nist:fips_code": null, "border_type": null, "attribution": null, "alt_name": null, "admin_level": null, "leaf_type": null, "waterway": null, "ref:US:NID": null, "water": null, "natural": null, "wikipedia": null, "wikidata": null, "type": null, "ref:US:USFS:proclaimed_forest_number": null, "protection_title": null, "protected_area": null, "protected": null, "protect_class": null, "ownership": null, "operator:wikipedia": null, "operator:wikidata": null, "operator:type": null, "operator:short": null, "operator": null, "name": null, "gnis:feature_id": null, "boundary": null }, "geometry": null },
{ "type": "Feature", "properties": { "full_id": "w1449906435", "osm_id": "1449906435", "osm_type": "way", "roof:shape": null, "shelter_type": null, "train": null, "tactile_paving": null, "shelter": null, "railway": null, "public_transport": null, "lit": null, "bin": null, "bench": null, "tourism": null, "tents": null, "caravans": null, "backcountry": null, "fence_type": null, "barrier": null, "wheelchair": null, "unisex": null, "toilets:disposal": null, "building:levels": null, "addr:street": null, "addr:state": null, "addr:postcode": null, "addr:housenumber": null, "addr:city": null, "man_made": null, "building": null, "payment:website_pay": null, "payment:credit_cards": null, "charge": null, "capacity": null, "sport": null, "leisure": null, "access": "customers", "surface": null, "parking": "surface", "fee": "no", "amenity": "parking", "ele": null, "tiger:STATEFP": null, "tiger:PLCIDFP": null, "tiger:PLACEFP": null, "tiger:PCINECTA": null, "tiger:PCICBSA": null, "tiger:NAMELSAD": null, "tiger:NAME": null, "tiger:MTFCC": null, "tiger:LSAD": null, "tiger:FUNCSTAT": null, "tiger:CPI": null, "tiger:CLASSFP": null, "place": null, "owner": null, "leaf_cycle": null, "landuse": null, "source:population": null, "website": null, "population": null, "nist:state_fips": null, "nist:fips_code": null, "border_type": null, "attribution": null, "alt_name": null, "admin_level": null, "leaf_type": null, "waterway": null, "ref:US:NID": null, "water": null, "natural": null, "wikipedia": null, "wikidata": null, "type": null, "ref:US:USFS:proclaimed_forest_number": null, "protection_title": null, "protected_area": null, "protected": null, "protect_class": null, "ownership": null, "operator:wikipedia": null, "operator:wikidata": null, "operator:type": null, "operator:short": null, "operator": null, "name": null, "gnis:feature_id": null, "boundary": null }, "geometry": { "type": "MultiPolygon", "coordinates": [ [ [ [ -105.0429634, 38.8402882 ], [ -105.0428903, 38.8404212 ], [ -105.0428435, 38.8405352 ], [ -105.0428557, 38.840646 ], [ -105.0428875, 38.8406856 ], [ -105.0428433, 38.8406992 ], [ -105.0428795, 38.8407493 ], [ -105.042913, 38.8407713 ], [ -105.0429452, 38.8407911 ], [ -105.0429666, 38.8407942 ], [ -105.0429881, 38.8407483 ], [ -105.0430391, 38.8407556 ], [ -105.0430739, 38.8407587 ], [ -105.0431222, 38.8407535 ], [ -105.0431691, 38.8407378 ], [ -105.0432845, 38.8407055 ], [ -105.0433475, 38.8406908 ], [ -105.0434856, 38.8406543 ], [ -105.0436269, 38.8406271 ], [ -105.0437227, 38.8406107 ], [ -105.0437974, 38.8405944 ], [ -105.0438908, 38.8405653 ], [ -105.0439958, 38.8405434 ], [ -105.0440355, 38.8405325 ], [ -105.0440799, 38.8405398 ], [ -105.0440963, 38.8405562 ], [ -105.0441251, 38.8405766 ], [ -105.0441676, 38.8406068 ], [ -105.0441073, 38.840636 ], [ -105.0441529, 38.8406768 ], [ -105.0440429, 38.8407112 ], [ -105.0439061, 38.8407415 ], [ -105.0437452, 38.8407697 ], [ -105.0436205, 38.8407906 ], [ -105.0434984, 38.8408167 ], [ -105.043315, 38.8408775 ], [ -105.0432204, 38.8409012 ], [ -105.0431117, 38.8409171 ], [ -105.0430009, 38.8409163 ], [ -105.0429104, 38.8408902 ], [ -105.0428454, 38.8408577 ], [ -105.0427458, 38.8407991 ], [ -105.0426909, 38.8407342 ], [ -105.0426624, 38.8406725 ], [ -105.0426533, 38.8406297 ], [ -105.0426462, 38.8405893 ], [ -105.042637, 38.8405624 ], [ -105.0426463, 38.8404751 ], [ -105.0426651, 38.8404228 ], [ -105.0427053, 38.8403487 ], [ -105.0427496, 38.8402599 ], [ -105.0427844, 38.8402171 ], [ -105.0428719, 38.8402518 ], [ -105.0429634, 38.8402882 ] ] ] ] } },
{ "type": "Feature", "properties": { "full_id": "w484586126", "osm_id": "484586126", "osm_type": "way", "roof:shape": null, "shelter_type": null, "train": null, "tactile_paving": null, "shelter": null, "railway": null, "public_transport": null, "lit": null, "bin": null, "bench": null, "tourism": null, "tents": null, "caravans": null, "backcountry": null, "fence_type": null, "barrier": null, "wheelchair": null, "unisex": null, "toilets:disposal": null, "building:levels": null, "addr:street": null, "addr:state": null, "addr:postcode": null, "addr:housenumber": null, "addr:city": null, "man_made": null, "building": null, "payment:website_pay": null, "payment:credit_cards": null, "charge": null, "capacity": null, "sport": null, "leisure": null, "access": null, "surface": null, "parking": null, "fee": null, "amenity": null, "ele": null, "tiger:STATEFP": null, "tiger:PLCIDFP": null, "tiger:PLACEFP": null, "tiger:PCINECTA": null, "tiger:PCICBSA": null, "tiger:NAMELSAD": null, "tiger:NAME": null, "tiger:MTFCC": null, "tiger:LSAD": null, "tiger:FUNCSTAT": null, "tiger:CPI": null, "tiger:CLASSFP": null, "place": null, "owner": null, "leaf_cycle": null, "landuse": null, "source:population": null, "website": null, "population": null, "nist:state_fips": null, "nist:fips_code": null, "border_type": null, "attribution": null, "alt_name": null, "admin_level": null, "leaf_type": null, "waterway": null, "ref:US:NID": null, "water": null, "natural": "wood", "wikipedia": null, "wikidata": null, "type": null, "ref:US:USFS:proclaimed_forest_number": null, "protection_title": null, "protected_area": null, "protected": null, "protect_class": null, "ownership": null, "operator:wikipedia": null, "operator:wikidata": null, "operator:type": null, "operator:short": null, "operator": null, "name": null, "gnis:feature_id": null, "boundary": null }, "geometry": { "type": "MultiPolygon", "coordinates": [ [ [ [ -104.9327664, 38.864766 ], [ -104.9329503, 38.8647637 ], [ -104.9330898, 38.8646363 ], [ -104.9331896, 38.8645647 ], [ -104.9332587, 38.8645152 ], [ -104.9334009, 38.864465 ], [ -104.9334392, 38.8642809 ], [ -104.9334387, 38.8640438 ], [ -104.9331718, 38.8636572 ], [ -104.9328814, 38.8634656 ], [ -104.9321071, 38.8630113 ], [ -104.9322947, 38.8627327 ], [ -104.9320264, 38.8625948 ], [ -104.9318162, 38.862457 ], [ -104.9306638, 38.8617088 ], [ -104.9298553, 38.8611641 ], [ -104.929176, 38.8607208 ], [ -104.9286199, 38.8598502 ], [ -104.9280208, 38.8594269 ], [ -104.9273791, 38.8592972 ], [ -104.9268364, 38.8596646 ], [ -104.9265635, 38.8613738 ], [ -104.9268121, 38.8612967 ], [ -104.9269985, 38.8616186 ], [ -104.9274011, 38.8616908 ], [ -104.9274811, 38.8620131 ], [ -104.9271261, 38.8620707 ], [ -104.9268633, 38.862126 ], [ -104.9264929, 38.8622876 ], [ -104.9263207, 38.8624558 ], [ -104.9262292, 38.8626379 ], [ -104.9263067, 38.8629046 ], [ -104.9264646, 38.8630709 ], [ -104.9268507, 38.8628874 ], [ -104.9270621, 38.8630709 ], [ -104.9270108, 38.8633249 ], [ -104.927087, 38.8634926 ], [ -104.927369, 38.8634346 ], [ -104.9276127, 38.8632919 ], [ -104.9280577, 38.86327 ], [ -104.9281242, 38.8635945 ], [ -104.9279852, 38.8637984 ], [ -104.9282306, 38.8640718 ], [ -104.9282632, 38.8644041 ], [ -104.9278086, 38.8647163 ], [ -104.927515, 38.8649393 ], [ -104.9273265, 38.8652412 ], [ -104.9272195, 38.8655445 ], [ -104.9273909, 38.8656709 ], [ -104.9276266, 38.8657744 ], [ -104.9279871, 38.865801 ], [ -104.9283053, 38.8657116 ], [ -104.928752, 38.8656403 ], [ -104.9292414, 38.8655384 ], [ -104.9289615, 38.8651511 ], [ -104.9289434, 38.864908 ], [ -104.9292797, 38.8648986 ], [ -104.9295354, 38.8650538 ], [ -104.9300828, 38.8649744 ], [ -104.9304715, 38.864595 ], [ -104.9309025, 38.8643786 ], [ -104.9311618, 38.8643744 ], [ -104.9314397, 38.8640357 ], [ -104.9318242, 38.8641149 ], [ -104.9321323, 38.8642937 ], [ -104.9323337, 38.8645775 ], [ -104.9326593, 38.8647193 ], [ -104.9327664, 38.864766 ] ] ] ] } },
{ "type": "Feature", "properties": { "full_id": "w484586124", "osm_id": "484586124", "osm_type": "way", "roof:shape": null, "shelter_type": null, "train": null, "tactile_paving": null, "shelter": null, "railway": null, "public_transport": null, "lit": null, "bin": null, "bench": null, "tourism": null, "tents": null, "caravans": null, "backcountry": null, "fence_type": null, "barrier": null, "wheelchair": null, "unisex": null, "toilets:disposal": null, "building:levels": null, "addr:street": null, "addr:state": null, "addr:postcode": null, "addr:housenumber": null, "addr:city": null, "man_made": null, "building": null, "payment:website_pay": null, "payment:credit_cards": null, "charge": null, "capacity": null, "sport": null, "leisure": null, "access": null, "surface": null, "parking": null, "fee": null, "amenity": null, "ele": null, "tiger:STATEFP": null, "tiger:PLCIDFP": null, "tiger:PLACEFP": null, "tiger:PCINECTA": null, "tiger:PCICBSA": null, "tiger:NAMELSAD": null, "tiger:NAME": null, "tiger:MTFCC": null, "tiger:LSAD": null, "tiger:FUNCSTAT": null, "tiger:CPI": null, "tiger:CLASSFP": null, "place": null, "owner": null, "leaf_cycle": null, "landuse": null, "source:population": null, "website": null, "population": null, "nist:state_fips": null, "nist:fips_code": null, "border_type": null, "attribution": null, "alt_name": null, "admin_level": null, "leaf_type": null, "waterway": null, "ref:US:NID": null, "water": null, "natural": "wood", "wikipedia": null, "wikidata": null, "type": null, "ref:US:USFS:proclaimed_forest_number": null, "protection_title": null, "protected_area": null, "protected": null, "protect_class": null, "ownership": null, "operator:wikipedia": null, "operator:wikidata": null, "operator:type": null, "operator:short": null, "operator": null, "name": null, "gnis:feature_id": null, "boundary": null }, "geometry": { "type": "MultiPolygon", "coordinates": [ [ [ [ -104.9297278, 38.8661239 ], [ -104.9320543, 38.8669697 ], [ -104.9320702, 38.8667889 ], [ -104.9319626, 38.8665177 ], [ -104.9311197, 38.866117 ], [ -104.9311103, 38.8659416 ], [ -104.9309681, 38.8658434 ], [ -104.9307938, 38.8657473 ], [ -104.9306704, 38.8657411 ], [ -104.9302573, 38.8657661 ], [ -104.9301495, 38.866049 ], [ -104.9297278, 38.8661239 ] ] ] ] } },
{ "type": "Feature", "properties": { "full_id": "w484586122", "osm_id": "484586122", "osm_type": "way", "roof:shape": null, "shelter_type": null, "train": null, "tactile_paving": null, "shelter": null, "railway": null, "public_transport": null, "lit": null, "bin": null, "bench": null, "tourism": null, "tents": null, "caravans": null, "backcountry": null, "fence_type": null, "barrier": null, "wheelchair": null, "unisex": null, "toilets:disposal": null, "building:levels": null, "addr:street": null, "addr:state": null, "addr:postcode": null, "addr:housenumber": null, "addr:city": null, "man_made": null, "building": null, "payment:website_pay": null, "payment:credit_cards": null, "charge": null, "capacity": null, "sport": null, "leisure": null, "access": null, "surface": null, "parking": null, "fee": null, "amenity": null, "ele": null, "tiger:STATEFP": null, "tiger:PLCIDFP": null, "tiger:PLACEFP": null, "tiger:PCINECTA": null, "tiger:PCICBSA": null, "tiger:NAMELSAD": null, "tiger:NAME": null, "tiger:MTFCC": null, "tiger:LSAD": null, "tiger:FUNCSTAT": null, "tiger:CPI": null, "tiger:CLASSFP": null, "place": null, "owner": null, "leaf_cycle": null, "landuse": null, "source:population": null, "website": null, "population": null, "nist:state_fips": null, "nist:fips_code": null, "border_type": null, "attribution": null, "alt_name": null, "admin_level": null, "leaf_type": null, "waterway": null, "ref:US:NID": null, "water": null, "natural": "scrub", "wikipedia": null, "wikidata": null, "type": null, "ref:US:USFS:proclaimed_forest_number": null, "protection_title": null, "protected_area": null, "protected": null, "protect_class": null, "ownership": null, "operator:wikipedia": null, "operator:wikidata": null, "operator:type": null, "operator:short": null, "operator": null, "name": null, "gnis:feature_id": null, "boundary": null }, "geometry": null },
{ "type": "Feature", "properties": { "full_id": "w484586119", "osm_id": "484586119", "osm_type": "way", "roof:shape": null, "shelter_type": null, "train": null, "tactile_paving": null, "shelter": null, "railway": null, "public_transport": null, "lit": null, "bin": null, "bench": null, "tourism": null, "tents": null, "caravans": null, "backcountry": null, "fence_type": null, "barrier": null, "wheelchair": null, "unisex": null, "toilets:disposal": null, "building:levels": null, "addr:street": null, "addr:state": null, "addr:postcode": null, "addr:housenumber": null, "addr:city": null, "man_made": null, "building": null, "payment:website_pay": null, "payment:credit_cards": null, "charge": null, "capacity": null, "sport": null, "leisure": null, "access": null, "surface": null, "parking": null, "fee": null, "amenity": null, "ele": null, "tiger:STATEFP": null, "tiger:PLCIDFP": null, "tiger:PLACEFP": null, "tiger:PCINECTA": null, "tiger:PCICBSA": null, "tiger:NAMELSAD": null, "tiger:NAME": null, "tiger:MTFCC": null, "tiger:LSAD": null, "tiger:FUNCSTAT": null, "tiger:CPI": null, "tiger:CLASSFP": null, "place": null, "owner": null, "leaf_cycle": null, "landuse": null, "source:population": null, "website": null, "population": null, "nist:state_fips": null, "nist:fips_code": null, "border_type": null, "attribution": null, "alt_name": null, "admin_level": null, "leaf_type": null, "waterway": null, "ref:US:NID": null, "water": null, "natural": "scrub", "wikipedia": null, "wikidata": null, "type": null, "ref:US:USFS:proclaimed_forest_number": null, "protection_title": null, "protected_area": null, "protected": null, "protect_class": null, "ownership": null, "operator:wikipedia": null, "operator:wikidata": null, "operator:type": null, "operator:short": null, "operator": null, "name": null, "gnis:feature_id": null, "boundary": null }, "geometry": { "type": "MultiPolygon", "coordinates": [ [ [ [ -104.9395824, 38.8764343 ], [ -104.9328232, 38.8680564 ], [ -104.932909, 38.8676804 ], [ -104.932927, 38.8676647 ], [ -104.932561, 38.8672714 ], [ -104.932317, 38.866872 ], [ -104.9319626, 38.8665177 ], [ -104.9311197, 38.866117 ], [ -104.9310633, 38.8656952 ], [ -104.9298387, 38.865682 ], [ -104.9292146, 38.865674 ], [ -104.9292414, 38.8655384 ], [ -104.9289615, 38.8651511 ], [ -104.9289434, 38.864908 ], [ -104.9292797, 38.8648986 ], [ -104.9295354, 38.8650538 ], [ -104.9300828, 38.8649744 ], [ -104.9304715, 38.864595 ], [ -104.9309025, 38.8643786 ], [ -104.9311618, 38.8643744 ], [ -104.9314397, 38.8640357 ], [ -104.9318242, 38.8641149 ], [ -104.9321323, 38.8642937 ], [ -104.9323337, 38.8645775 ], [ -104.9326593, 38.8647193 ], [ -104.9327664, 38.864766 ], [ -104.9328871, 38.8648438 ], [ -104.9329503, 38.8647637 ], [ -104.9330898, 38.8646363 ], [ -104.9331896, 38.8645647 ], [ -104.9332587, 38.8645152 ], [ -104.9334009, 38.864465 ], [ -104.9335591, 38.8644609 ], [ -104.9337362, 38.8644734 ], [ -104.9339722, 38.8644776 ], [ -104.9341278, 38.8644588 ], [ -104.9342082, 38.8644149 ], [ -104.9342351, 38.8643439 ], [ -104.9342243, 38.8642583 ], [ -104.9345462, 38.8638928 ], [ -104.9348788, 38.8641309 ], [ -104.9352033, 38.8643564 ], [ -104.9356301, 38.8646158 ], [ -104.9364364, 38.865252 ], [ -104.9378336, 38.8664107 ], [ -104.9401617, 38.8682986 ], [ -104.9420929, 38.869727 ], [ -104.9423611, 38.8699024 ], [ -104.9435199, 38.8703869 ], [ -104.9446297, 38.8735405 ], [ -104.9450863, 38.8755155 ], [ -104.9448717, 38.8759165 ], [ -104.9439812, 38.8766348 ], [ -104.9429298, 38.8772361 ], [ -104.9416101, 38.8776955 ], [ -104.9410522, 38.8775535 ], [ -104.94102, 38.8773781 ], [ -104.9409449, 38.8770942 ], [ -104.9412239, 38.8766431 ], [ -104.9421358, 38.8761336 ], [ -104.9432516, 38.87529 ], [ -104.9418247, 38.8750144 ], [ -104.9405909, 38.8765429 ], [ -104.9395824, 38.8764343 ] ] ] ] } },
{ "type": "Feature", "properties": { "full_id": "w495087119", "osm_id": "495087119", "osm_type": "way", "roof:shape": null, "shelter_type": null, "train": null, "tactile_paving": null, "shelter": null, "railway": null, "public_transport": null, "lit": null, "bin": null, "bench": null, "tourism": null, "tents": null, "caravans": null, "backcountry": null, "fence_type": null, "barrier": null, "wheelchair": null, "unisex": null, "toilets:disposal": null, "building:levels": null, "addr:street": null, "addr:state": null, "addr:postcode": null, "addr:housenumber": null, "addr:city": null, "man_made": null, "building": "yes", "payment:website_pay": null, "payment:credit_cards": null, "charge": null, "capacity": null, "sport": null, "leisure": null, "access": null, "surface": null, "parking": null, "fee": null, "amenity": null, "ele": null, "tiger:STATEFP": null, "tiger:PLCIDFP": null, "tiger:PLACEFP": null, "tiger:PCINECTA": null, "tiger:PCICBSA": null, "tiger:NAMELSAD": null, "tiger:NAME": null, "tiger:MTFCC": null, "tiger:LSAD": null, "tiger:FUNCSTAT": null, "tiger:CPI": null, "tiger:CLASSFP": null, "place": null, "owner": null, "leaf_cycle": null, "landuse": null, "source:population": null, "website": null, "population": null, "nist:state_fips": null, "nist:fips_code": null, "border_type": null, "attribution": null, "alt_name": null, "admin_level": null, "leaf_type": null, "waterway": null, "ref:US:NID": null, "water": null, "natural": null, "wikipedia": null, "wikidata": null, "type": null, "ref:US:USFS:proclaimed_forest_number": null, "protection_title": null, "protected_area": null, "protected": null, "protect_class": null, "ownership": null, "operator:wikipedia": null, "operator:wikidata": null, "operator:type": null, "operator:short": null, "operator": null, "name": null, "gnis:feature_id": null, "boundary": null }, "geometry": { "type": "MultiPolygon", "coordinates": [ [ [ [ -104.9314737, 38.8568395 ], [ -104.9314734, 38.856812 ], [ -104.9314304, 38.8568123 ], [ -104.9314307, 38.8568397 ], [ -104.9314737, 38.8568395 ] ] ] ] } },
{ "type": "Feature", "properties": { "full_id": "w708572202", "osm_id": "708572202", "osm_type": "way", "roof:shape": null, "shelter_type": null, "train": null, "tactile_paving": null, "shelter": null, "railway": null, "public_transport": null, "lit": null, "bin": null, "bench": null, "tourism": null, "tents": null, "caravans": null, "backcountry": null, "fence_type": null, "barrier": null, "wheelchair": null, "unisex": null, "toilets:disposal": null, "building:levels": null, "addr:street": null, "addr:state": null, "addr:postcode": null, "addr:housenumber": null, "addr:city": null, "man_made": null, "building": null, "payment:website_pay": null, "payment:credit_cards": null, "charge": null, "capacity": null, "sport": null, "leisure": null, "access": null, "surface": null, "parking": null, "fee": null, "amenity": null, "ele": null, "tiger:STATEFP": null, "tiger:PLCIDFP": null, "tiger:PLACEFP": null, "tiger:PCINECTA": null, "tiger:PCICBSA": null, "tiger:NAMELSAD": null, "tiger:NAME": null, "tiger:MTFCC": null, "tiger:LSAD": null, "tiger:FUNCSTAT": null, "tiger:CPI": null, "tiger:CLASSFP": null, "place": null, "owner": null, "leaf_cycle": null, "landuse": null, "source:population": null, "website": null, "population": null, "nist:state_fips": null, "nist:fips_code": null, "border_type": null, "attribution": null, "alt_name": null, "admin_level": null, "leaf_type": null, "waterway": null, "ref:US:NID": null, "water": null, "natural": "wood", "wikipedia": null, "wikidata": null, "type": null, "ref:US:USFS:proclaimed_forest_number": null, "protection_title": null, "protected_area": null, "protected": null, "protect_class": null, "ownership": null, "operator:wikipedia": null, "operator:wikidata": null, "operator:type": null, "operator:short": null, "operator": null, "name": null, "gnis:feature_id": null, "boundary": null }, "geometry": { "type": "MultiPolygon", "coordinates": [ [ [ [ -104.9862528, 38.7983382 ], [ -104.9871755, 38.7969418 ], [ -104.9866927, 38.7967578 ], [ -104.9869287, 38.7960721 ], [ -104.9869716, 38.7952694 ], [ -104.9866283, 38.7947259 ], [ -104.9856529, 38.794513 ], [ -104.9855554, 38.7944917 ], [ -104.9852443, 38.794082 ], [ -104.9849331, 38.7930618 ], [ -104.9844289, 38.7919914 ], [ -104.9841607, 38.7909127 ], [ -104.9838281, 38.791958 ], [ -104.9667364, 38.7914105 ], [ -104.9662113, 38.7925099 ], [ -104.9659538, 38.7931371 ], [ -104.9652135, 38.7935552 ], [ -104.9640977, 38.7937391 ], [ -104.9622202, 38.7945586 ], [ -104.96104, 38.7944917 ], [ -104.9602568, 38.7944248 ], [ -104.9600101, 38.794291 ], [ -104.960171, 38.7966751 ], [ -104.9610186, 38.8092325 ], [ -104.9631, 38.8102691 ], [ -104.9727559, 38.8108209 ], [ -104.9780345, 38.8114897 ], [ -104.9833346, 38.8114563 ], [ -104.985137, 38.8091656 ], [ -104.9850083, 38.8079115 ], [ -104.9853516, 38.8073932 ], [ -104.9863601, 38.8069752 ], [ -104.9869824, 38.8063899 ], [ -104.987433, 38.8055873 ], [ -104.9872935, 38.8044586 ], [ -104.9860275, 38.8045422 ], [ -104.9861944, 38.7999469 ], [ -104.9862528, 38.7983382 ] ] ] ] } },
{ "type": "Feature", "properties": { "full_id": "w689548946", "osm_id": "689548946", "osm_type": "way", "roof:shape": null, "shelter_type": null, "train": null, "tactile_paving": null, "shelter": null, "railway": null, "public_transport": null, "lit": null, "bin": null, "bench": null, "tourism": null, "tents": null, "caravans": null, "backcountry": null, "fence_type": null, "barrier": null, "wheelchair": null, "unisex": null, "toilets:disposal": null, "building:levels": null, "addr:street": null, "addr:state": null, "addr:postcode": null, "addr:housenumber": null, "addr:city": null, "man_made": null, "building": null, "payment:website_pay": null, "payment:credit_cards": null, "charge": null, "capacity": null, "sport": null, "leisure": null, "access": null, "surface": null, "parking": null, "fee": null, "amenity": null, "ele": "3444", "tiger:STATEFP": null, "tiger:PLCIDFP": null, "tiger:PLACEFP": null, "tiger:PCINECTA": null, "tiger:PCICBSA": null, "tiger:NAMELSAD": null, "tiger:NAME": null, "tiger:MTFCC": null, "tiger:LSAD": null, "tiger:FUNCSTAT": null, "tiger:CPI": null, "tiger:CLASSFP": null, "place": null, "owner": null, "leaf_cycle": null, "landuse": null, "source:population": null, "website": null, "population": null, "nist:state_fips": null, "nist:fips_code": null, "border_type": null, "attribution": null, "alt_name": null, "admin_level": null, "leaf_type": null, "waterway": null, "ref:US:NID": null, "water": "reservoir", "natural": "water", "wikipedia": null, "wikidata": null, "type": null, "ref:US:USFS:proclaimed_forest_number": null, "protection_title": null, "protected_area": null, "protected": null, "protect_class": null, "ownership": null, "operator:wikipedia": null, "operator:wikidata": null, "operator:type": null, "operator:short": null, "operator": null, "name": "Boehmer Reservoir", "gnis:feature_id": "198183", "boundary": null }, "geometry": { "type": "MultiPolygon", "coordinates": [ [ [ [ -105.0399425, 38.8079251 ], [ -105.0402752, 38.8080829 ], [ -105.0410664, 38.8084884 ], [ -105.0413132, 38.8088312 ], [ -105.0416029, 38.8091405 ], [ -105.0421715, 38.8095 ], [ -105.0423432, 38.8096505 ], [ -105.0424183, 38.809826 ], [ -105.0424397, 38.8100183 ], [ -105.0423753, 38.8101939 ], [ -105.0422251, 38.8103444 ], [ -105.0420106, 38.810428 ], [ -105.0418282, 38.8105534 ], [ -105.0417209, 38.8107206 ], [ -105.0416887, 38.8109129 ], [ -105.0414741, 38.8110132 ], [ -105.0412488, 38.8110216 ], [ -105.0408089, 38.811172 ], [ -105.0405836, 38.8112138 ], [ -105.0403476, 38.8111804 ], [ -105.0401545, 38.8110884 ], [ -105.0398648, 38.8108125 ], [ -105.0394142, 38.8101605 ], [ -105.0382635, 38.8088636 ], [ -105.0381066, 38.808757 ], [ -105.0379859, 38.8086075 ], [ -105.0376989, 38.8086128 ], [ -105.0376768, 38.8086041 ], [ -105.0376641, 38.8085877 ], [ -105.0377134, 38.8085042 ], [ -105.0378169, 38.8084184 ], [ -105.0379806, 38.8083285 ], [ -105.0381911, 38.8082459 ], [ -105.0386202, 38.808062 ], [ -105.039268, 38.8078029 ], [ -105.0395007, 38.8076962 ], [ -105.0397829, 38.8078488 ], [ -105.0399425, 38.8079251 ] ] ] ] } },
{ "type": "Feature", "properties": { "full_id": "w1013894005", "osm_id": "1013894005", "osm_type": "way", "roof:shape": null, "shelter_type": null, "train": "yes", "tactile_paving": "no", "shelter": "no", "railway": "platform", "public_transport": "platform", "lit": "no", "bin": "no", "bench": "no", "tourism": null, "tents": null, "caravans": null, "backcountry": null, "fence_type": null, "barrier": null, "wheelchair": null, "unisex": null, "toilets:disposal": null, "building:levels": null, "addr:street": null, "addr:state": null, "addr:postcode": null, "addr:housenumber": null, "addr:city": null, "man_made": null, "building": null, "payment:website_pay": null, "payment:credit_cards": null, "charge": null, "capacity": null, "sport": null, "leisure": null, "access": null, "surface": null, "parking": null, "fee": null, "amenity": null, "ele": null, "tiger:STATEFP": null, "tiger:PLCIDFP": null, "tiger:PLACEFP": null, "tiger:PCINECTA": null, "tiger:PCICBSA": null, "tiger:NAMELSAD": null, "tiger:NAME": null, "tiger:MTFCC": null, "tiger:LSAD": null, "tiger:FUNCSTAT": null, "tiger:CPI": null, "tiger:CLASSFP": null, "place": null, "owner": null, "leaf_cycle": null, "landuse": null, "source:population": null, "website": null, "population": null, "nist:state_fips": null, "nist:fips_code": null, "border_type": null, "attribution": null, "alt_name": null, "admin_level": null, "leaf_type": null, "waterway": null, "ref:US:NID": null, "water": null, "natural": null, "wikipedia": null, "wikidata": null, "type": null, "ref:US:USFS:proclaimed_forest_number": null, "protection_title": null, "protected_area": null, "protected": null, "protect_class": null, "ownership": null, "operator:wikipedia": null, "operator:wikidata": null, "operator:type": null, "operator:short": null, "operator": null, "name": null, "gnis:feature_id": null, "boundary": null }, "geometry": { "type": "MultiPolygon", "coordinates": [ [ [ [ -105.0423165, 38.8404966 ], [ -105.0422941, 38.8404993 ], [ -105.0422728, 38.8405018 ], [ -105.0423691, 38.8410267 ], [ -105.0423777, 38.8410728 ], [ -105.0424254, 38.8410667 ], [ -105.0424168, 38.8410236 ], [ -105.0423165, 38.8404966 ] ] ] ] } },
{ "type": "Feature", "properties": { "full_id": "w305663016", "osm_id": "305663016", "osm_type": "way", "roof:shape": null, "shelter_type": null, "train": null, "tactile_paving": null, "shelter": null, "railway": null, "public_transport": null, "lit": null, "bin": null, "bench": null, "tourism": null, "tents": null, "caravans": null, "backcountry": null, "fence_type": null, "barrier": null, "wheelchair": null, "unisex": null, "toilets:disposal": null, "building:levels": null, "addr:street": null, "addr:state": null, "addr:postcode": null, "addr:housenumber": null, "addr:city": null, "man_made": null, "building": "yes", "payment:website_pay": null, "payment:credit_cards": null, "charge": null, "capacity": null, "sport": null, "leisure": null, "access": null, "surface": null, "parking": null, "fee": null, "amenity": null, "ele": null, "tiger:STATEFP": null, "tiger:PLCIDFP": null, "tiger:PLACEFP": null, "tiger:PCINECTA": null, "tiger:PCICBSA": null, "tiger:NAMELSAD": null, "tiger:NAME": null, "tiger:MTFCC": null, "tiger:LSAD": null, "tiger:FUNCSTAT": null, "tiger:CPI": null, "tiger:CLASSFP": null, "place": null, "owner": null, "leaf_cycle": null, "landuse": null, "source:population": null, "website": null, "population": null, "nist:state_fips": null, "nist:fips_code": null, "border_type": null, "attribution": null, "alt_name": null, "admin_level": null, "leaf_type": null, "waterway": null, "ref:US:NID": null, "water": null, "natural": null, "wikipedia": null, "wikidata": null, "type": null, "ref:US:USFS:proclaimed_forest_number": null, "protection_title": null, "protected_area": null, "protected": null, "protect_class": null, "ownership": null, "operator:wikipedia": null, "operator:wikidata": null, "operator:type": null, "operator:short": null, "operator": null, "name": null, "gnis:feature_id": null, "boundary": null }, "geometry": { "type": "MultiPolygon", "coordinates": [ [ [ [ -104.9329817, 38.8553381 ], [ -104.9328831, 38.8554416 ], [ -104.9329927, 38.855505 ], [ -104.9329571, 38.8555423 ], [ -104.9330081, 38.8555717 ], [ -104.9330476, 38.8555302 ], [ -104.9331521, 38.8555906 ], [ -104.9332442, 38.8554939 ], [ -104.933039, 38.8553754 ], [ -104.9330721, 38.8553407 ], [ -104.9330321, 38.8553176 ], [ -104.9330016, 38.8553496 ], [ -104.9329817, 38.8553381 ] ] ] ] } },
{ "type": "Feature", "properties": { "full_id": "w305663015", "osm_id": "305663015", "osm_type": "way", "roof:shape": null, "shelter_type": null, "train": null, "tactile_paving": null, "shelter": null, "railway": null, "public_transport": null, "lit": null, "bin": null, "bench": null, "tourism": null, "tents": null, "caravans": null, "backcountry": null, "fence_type": null, "barrier": null, "wheelchair": null, "unisex": null, "toilets:disposal": null, "building:levels": null, "addr:street": null, "addr:state": null, "addr:postcode": null, "addr:housenumber": null, "addr:city": null, "man_made": null, "building": "yes", "payment:website_pay": null, "payment:credit_cards": null, "charge": null, "capacity": null, "sport": null, "leisure": null, "access": null, "surface": null, "parking": null, "fee": null, "amenity": null, "ele": null, "tiger:STATEFP": null, "tiger:PLCIDFP": null, "tiger:PLACEFP": null, "tiger:PCINECTA": null, "tiger:PCICBSA": null, "tiger:NAMELSAD": null, "tiger:NAME": null, "tiger:MTFCC": null, "tiger:LSAD": null, "tiger:FUNCSTAT": null, "tiger:CPI": null, "tiger:CLASSFP": null, "place": null, "owner": null, "leaf_cycle": null, "landuse": null, "source:population": null, "website": null, "population": null, "nist:state_fips": null, "nist:fips_code": null, "border_type": null, "attribution": null, "alt_name": null, "admin_level": null, "leaf_type": null, "waterway": null, "ref:US:NID": null, "water": null, "natural": null, "wikipedia": null, "wikidata": null, "type": null, "ref:US:USFS:proclaimed_forest_number": null, "protection_title": null, "protected_area": null, "protected": null, "protect_class": null, "ownership": null, "operator:wikipedia": null, "operator:wikidata": null, "operator:type": null, "operator:short": null, "operator": null, "name": null, "gnis:feature_id": null, "boundary": null }, "geometry": { "type": "MultiPolygon", "coordinates": [ [ [ [ -104.9303361, 38.8565951 ], [ -104.9303887, 38.8567074 ], [ -104.9305019, 38.8566752 ], [ -104.9304494, 38.8565629 ], [ -104.9303361, 38.8565951 ] ] ] ] } },
{ "type": "Feature", "properties": { "full_id": "w305663011", "osm_id": "305663011", "osm_type": "way", "roof:shape": null, "shelter_type": null, "train": null, "tactile_paving": null, "shelter": null, "railway": null, "public_transport": null, "lit": null, "bin": null, "bench": null, "tourism": null, "tents": null, "caravans": null, "backcountry": null, "fence_type": null, "barrier": null, "wheelchair": null, "unisex": null, "toilets:disposal": null, "building:levels": null, "addr:street": null, "addr:state": null, "addr:postcode": null, "addr:housenumber": null, "addr:city": null, "man_made": null, "building": null, "payment:website_pay": null, "payment:credit_cards": null, "charge": null, "capacity": null, "sport": null, "leisure": null, "access": null, "surface": null, "parking": null, "fee": null, "amenity": null, "ele": null, "tiger:STATEFP": null, "tiger:PLCIDFP": null, "tiger:PLACEFP": null, "tiger:PCINECTA": null, "tiger:PCICBSA": null, "tiger:NAMELSAD": null, "tiger:NAME": null, "tiger:MTFCC": null, "tiger:LSAD": null, "tiger:FUNCSTAT": null, "tiger:CPI": null, "tiger:CLASSFP": null, "place": null, "owner": null, "leaf_cycle": null, "landuse": "residential", "source:population": null, "website": null, "population": null, "nist:state_fips": null, "nist:fips_code": null, "border_type": null, "attribution": null, "alt_name": null, "admin_level": null, "leaf_type": null, "waterway": null, "ref:US:NID": null, "water": null, "natural": null, "wikipedia": null, "wikidata": null, "type": null, "ref:US:USFS:proclaimed_forest_number": null, "protection_title": null, "protected_area": null, "protected": null, "protect_class": null, "ownership": null, "operator:wikipedia": null, "operator:wikidata": null, "operator:type": null, "operator:short": null, "operator": null, "name": null, "gnis:feature_id": null, "boundary": null }, "geometry": { "type": "MultiPolygon", "coordinates": [ [ [ [ -104.933359, 38.8554108 ], [ -104.9330801, 38.85525 ], [ -104.933064, 38.8552249 ], [ -104.9332035, 38.8551017 ], [ -104.9332035, 38.8548991 ], [ -104.9334046, 38.8546025 ], [ -104.9337319, 38.8543685 ], [ -104.9339652, 38.8545774 ], [ -104.9343434, 38.8543163 ], [ -104.934566, 38.8541743 ], [ -104.9347645, 38.8539341 ], [ -104.9350032, 38.8537774 ], [ -104.9352339, 38.8536395 ], [ -104.9354002, 38.8538422 ], [ -104.9350622, 38.8541576 ], [ -104.9343783, 38.8545858 ], [ -104.934043, 38.8550724 ], [ -104.933587, 38.8552709 ], [ -104.933359, 38.8554108 ] ] ] ] } },
{ "type": "Feature", "properties": { "full_id": "w305663007", "osm_id": "305663007", "osm_type": "way", "roof:shape": null, "shelter_type": null, "train": null, "tactile_paving": null, "shelter": null, "railway": null, "public_transport": null, "lit": null, "bin": null, "bench": null, "tourism": null, "tents": null, "caravans": null, "backcountry": null, "fence_type": null, "barrier": null, "wheelchair": null, "unisex": null, "toilets:disposal": null, "building:levels": null, "addr:street": null, "addr:state": null, "addr:postcode": null, "addr:housenumber": null, "addr:city": null, "man_made": null, "building": "yes", "payment:website_pay": null, "payment:credit_cards": null, "charge": null, "capacity": null, "sport": null, "leisure": null, "access": null, "surface": null, "parking": null, "fee": null, "amenity": null, "ele": null, "tiger:STATEFP": null, "tiger:PLCIDFP": null, "tiger:PLACEFP": null, "tiger:PCINECTA": null, "tiger:PCICBSA": null, "tiger:NAMELSAD": null, "tiger:NAME": null, "tiger:MTFCC": null, "tiger:LSAD": null, "tiger:FUNCSTAT": null, "tiger:CPI": null, "tiger:CLASSFP": null, "place": null, "owner": null, "leaf_cycle": null, "landuse": null, "source:population": null, "website": null, "population": null, "nist:state_fips": null, "nist:fips_code": null, "border_type": null, "attribution": null, "alt_name": null, "admin_level": null, "leaf_type": null, "waterway": null, "ref:US:NID": null, "water": null, "natural": null, "wikipedia": null, "wikidata": null, "type": null, "ref:US:USFS:proclaimed_forest_number": null, "protection_title": null, "protected_area": null, "protected": null, "protect_class": null, "ownership": null, "operator:wikipedia": null, "operator:wikidata": null, "operator:type": null, "operator:short": null, "operator": null, "name": null, "gnis:feature_id": null, "boundary": null }, "geometry": { "type": "MultiPolygon", "coordinates": [ [ [ [ -104.9302476, 38.8567959 ], [ -104.9302595, 38.8569137 ], [ -104.9305533, 38.8568958 ], [ -104.9305415, 38.8567779 ], [ -104.9302476, 38.8567959 ] ] ] ] } },
{ "type": "Feature", "properties": { "full_id": "w424086182", "osm_id": "424086182", "osm_type": "way", "roof:shape": null, "shelter_type": null, "train": "yes", "tactile_paving": "yes", "shelter": "yes", "railway": "platform", "public_transport": "platform", "lit": "yes", "bin": "no", "bench": "yes", "tourism": null, "tents": null, "caravans": null, "backcountry": null, "fence_type": null, "barrier": null, "wheelchair": null, "unisex": null, "toilets:disposal": null, "building:levels": null, "addr:street": null, "addr:state": null, "addr:postcode": null, "addr:housenumber": null, "addr:city": null, "man_made": null, "building": null, "payment:website_pay": null, "payment:credit_cards": null, "charge": null, "capacity": null, "sport": null, "leisure": null, "access": null, "surface": null, "parking": null, "fee": null, "amenity": null, "ele": null, "tiger:STATEFP": null, "tiger:PLCIDFP": null, "tiger:PLACEFP": null, "tiger:PCINECTA": null, "tiger:PCICBSA": null, "tiger:NAMELSAD": null, "tiger:NAME": null, "tiger:MTFCC": null, "tiger:LSAD": null, "tiger:FUNCSTAT": null, "tiger:CPI": null, "tiger:CLASSFP": null, "place": null, "owner": null, "leaf_cycle": null, "landuse": null, "source:population": null, "website": null, "population": null, "nist:state_fips": null, "nist:fips_code": null, "border_type": null, "attribution": null, "alt_name": null, "admin_level": null, "leaf_type": null, "waterway": null, "ref:US:NID": null, "water": null, "natural": null, "wikipedia": null, "wikidata": null, "type": null, "ref:US:USFS:proclaimed_forest_number": null, "protection_title": null, "protected_area": null, "protected": null, "protect_class": null, "ownership": null, "operator:wikipedia": null, "operator:wikidata": null, "operator:type": null, "operator:short": null, "operator": null, "name": null, "gnis:feature_id": null, "boundary": null }, "geometry": { "type": "MultiPolygon", "coordinates": [ [ [ [ -104.9314658, 38.8559822 ], [ -104.9314511, 38.8559536 ], [ -104.9314229, 38.8559473 ], [ -104.9309069, 38.8560735 ], [ -104.930889, 38.8561004 ], [ -104.930905, 38.8561282 ], [ -104.9310549, 38.8560965 ], [ -104.9310597, 38.8560696 ], [ -104.9314249, 38.8559818 ], [ -104.9314285, 38.855991 ], [ -104.9314658, 38.8559822 ] ] ] ] } },
{ "type": "Feature", "properties": { "full_id": "w418797484", "osm_id": "418797484", "osm_type": "way", "roof:shape": null, "shelter_type": null, "train": null, "tactile_paving": null, "shelter": null, "railway": null, "public_transport": null, "lit": null, "bin": null, "bench": null, "tourism": null, "tents": null, "caravans": null, "backcountry": null, "fence_type": null, "barrier": null, "wheelchair": null, "unisex": null, "toilets:disposal": null, "building:levels": null, "addr:street": null, "addr:state": null, "addr:postcode": null, "addr:housenumber": null, "addr:city": null, "man_made": null, "building": null, "payment:website_pay": null, "payment:credit_cards": null, "charge": null, "capacity": null, "sport": null, "leisure": null, "access": null, "surface": null, "parking": null, "fee": null, "amenity": null, "ele": null, "tiger:STATEFP": null, "tiger:PLCIDFP": null, "tiger:PLACEFP": null, "tiger:PCINECTA": null, "tiger:PCICBSA": null, "tiger:NAMELSAD": null, "tiger:NAME": null, "tiger:MTFCC": null, "tiger:LSAD": null, "tiger:FUNCSTAT": null, "tiger:CPI": null, "tiger:CLASSFP": null, "place": null, "owner": null, "leaf_cycle": null, "landuse": null, "source:population": null, "website": null, "population": null, "nist:state_fips": null, "nist:fips_code": null, "border_type": null, "attribution": null, "alt_name": null, "admin_level": null, "leaf_type": null, "waterway": null, "ref:US:NID": null, "water": null, "natural": "scree", "wikipedia": null, "wikidata": null, "type": null, "ref:US:USFS:proclaimed_forest_number": null, "protection_title": null, "protected_area": null, "protected": null, "protect_class": null, "ownership": null, "operator:wikipedia": null, "operator:wikidata": null, "operator:type": null, "operator:short": null, "operator": null, "name": null, "gnis:feature_id": null, "boundary": null }, "geometry": { "type": "MultiPolygon", "coordinates": [ [ [ [ -105.0251425, 38.8517917 ], [ -105.0283183, 38.8531285 ], [ -105.0344122, 38.8540643 ], [ -105.0419653, 38.8545322 ], [ -105.0442828, 38.8550001 ], [ -105.0444544, 38.8572057 ], [ -105.0468577, 38.8578073 ], [ -105.0483168, 38.8598123 ], [ -105.0488318, 38.8621515 ], [ -105.0538958, 38.8598792 ], [ -105.0577198, 38.8590808 ], [ -105.0590712, 38.8593157 ], [ -105.060075, 38.8606583 ], [ -105.0611498, 38.8607835 ], [ -105.0615608, 38.8611178 ], [ -105.0614976, 38.8621097 ], [ -105.0610866, 38.8623207 ], [ -105.0609918, 38.8623744 ], [ -105.0604227, 38.862697 ], [ -105.0606361, 38.8629818 ], [ -105.0614818, 38.8632667 ], [ -105.0615924, 38.8635902 ], [ -105.0613395, 38.8640615 ], [ -105.0613472, 38.8655908 ], [ -105.0606477, 38.8656529 ], [ -105.0596024, 38.8656347 ], [ -105.0593485, 38.8661672 ], [ -105.0586836, 38.8667242 ], [ -105.0593677, 38.8675445 ], [ -105.0588504, 38.8679955 ], [ -105.0577642, 38.8675604 ], [ -105.0570256, 38.8674207 ], [ -105.0564811, 38.8684089 ], [ -105.055826, 38.8693356 ], [ -105.0562634, 38.8701613 ], [ -105.0574121, 38.8700271 ], [ -105.0592662, 38.8708025 ], [ -105.0608888, 38.871904 ], [ -105.0789583, 38.8332907 ], [ -105.0784863, 38.8351293 ], [ -105.078615, 38.8362659 ], [ -105.0775851, 38.8366001 ], [ -105.0769842, 38.8346278 ], [ -105.0774563, 38.8331569 ], [ -105.0783146, 38.8313183 ], [ -105.0788296, 38.8293458 ], [ -105.0774992, 38.8268384 ], [ -105.0587667, 38.7967758 ], [ -105.0584877, 38.7844495 ], [ -105.0575221, 38.7832954 ], [ -105.0575007, 38.7818234 ], [ -105.0556553, 38.7816227 ], [ -105.0529087, 38.7816896 ], [ -105.0508059, 38.778779 ], [ -105.0490893, 38.7786117 ], [ -105.0444544, 38.7787121 ], [ -105.042137, 38.7790801 ], [ -105.0408066, 38.779582 ], [ -105.03806, 38.7771062 ], [ -105.0354851, 38.7765375 ], [ -105.0336827, 38.7743962 ], [ -105.0310648, 38.7739278 ], [ -105.0305498, 38.7750988 ], [ -105.0305069, 38.7772735 ], [ -105.0322664, 38.778411 ], [ -105.0337685, 38.7800503 ], [ -105.0349701, 38.7802176 ], [ -105.0366867, 38.7804183 ], [ -105.0369442, 38.7815223 ], [ -105.0387467, 38.782091 ], [ -105.0407637, 38.7822249 ], [ -105.0417507, 38.7843659 ], [ -105.0412787, 38.7857374 ], [ -105.0423226, 38.7870298 ], [ -105.0427378, 38.7875438 ], [ -105.0444544, 38.789484 ], [ -105.048188, 38.791792 ], [ -105.0487486, 38.7923144 ], [ -105.0501621, 38.7936317 ], [ -105.0514925, 38.79507 ], [ -105.0521792, 38.7980802 ], [ -105.0523974, 38.7988964 ], [ -105.0526083, 38.7996857 ], [ -105.0521792, 38.8013245 ], [ -105.0505484, 38.802796 ], [ -105.0478018, 38.8039331 ], [ -105.0465143, 38.8050033 ], [ -105.0465143, 38.8069096 ], [ -105.0468577, 38.8081469 ], [ -105.048703, 38.8091836 ], [ -105.0496042, 38.8110228 ], [ -105.0492609, 38.8130627 ], [ -105.0476301, 38.8151025 ], [ -105.0457848, 38.8149353 ], [ -105.0428665, 38.8140659 ], [ -105.0408066, 38.8137983 ], [ -105.0414074, 38.8156375 ], [ -105.041622, 38.8187137 ], [ -105.0410212, 38.820653 ], [ -105.0390042, 38.8216227 ], [ -105.0380171, 38.8199174 ], [ -105.037545, 38.8185131 ], [ -105.0373734, 38.8161056 ], [ -105.0359143, 38.8154034 ], [ -105.0332964, 38.8168078 ], [ -105.0309361, 38.8169081 ], [ -105.0292195, 38.8158047 ], [ -105.0301636, 38.8139321 ], [ -105.0293911, 38.8117585 ], [ -105.0295628, 38.8107553 ], [ -105.0284899, 38.8088157 ], [ -105.0269449, 38.8091836 ], [ -105.0267733, 38.8118589 ], [ -105.0257862, 38.8121264 ], [ -105.0220955, 38.8120929 ], [ -105.0196493, 38.8125611 ], [ -105.0195635, 38.8154368 ], [ -105.0179756, 38.8162728 ], [ -105.0156582, 38.8170084 ], [ -105.0147999, 38.8177775 ], [ -105.0134266, 38.8199509 ], [ -105.0123966, 38.8212883 ], [ -105.0127829, 38.8227929 ], [ -105.0155724, 38.8232275 ], [ -105.017804, 38.8233278 ], [ -105.0199068, 38.8236956 ], [ -105.0225676, 38.8247321 ], [ -105.0232971, 38.8266712 ], [ -105.0225676, 38.8283429 ], [ -105.0243271, 38.8291787 ], [ -105.0286186, 38.8292121 ], [ -105.0304211, 38.8296133 ], [ -105.0308502, 38.8318866 ], [ -105.0291765, 38.8337921 ], [ -105.0282101, 38.8341743 ], [ -105.0277011, 38.8331755 ], [ -105.0271698, 38.8337763 ], [ -105.0269018, 38.8346918 ], [ -105.0289425, 38.8354941 ], [ -105.0292195, 38.8366336 ], [ -105.0281781, 38.8362443 ], [ -105.0235843, 38.8351273 ], [ -105.0233592, 38.8364744 ], [ -105.0250138, 38.838305 ], [ -105.0261344, 38.8388729 ], [ -105.0278655, 38.8405252 ], [ -105.0286616, 38.8423496 ], [ -105.0276745, 38.8433189 ], [ -105.0255287, 38.8445891 ], [ -105.0244559, 38.8472296 ], [ -105.0256146, 38.8491013 ], [ -105.0260437, 38.8503045 ], [ -105.0251425, 38.8517917 ] ] ] ] } },
{ "type": "Feature", "properties": { "full_id": "w386841944", "osm_id": "386841944", "osm_type": "way", "roof:shape": null, "shelter_type": null, "train": null, "tactile_paving": null, "shelter": null, "railway": null, "public_transport": null, "lit": null, "bin": null, "bench": null, "tourism": "camp_site", "tents": "yes", "caravans": "no", "backcountry": "yes", "fence_type": null, "barrier": null, "wheelchair": null, "unisex": null, "toilets:disposal": null, "building:levels": null, "addr:street": null, "addr:state": null, "addr:postcode": null, "addr:housenumber": null, "addr:city": null, "man_made": null, "building": null, "payment:website_pay": null, "payment:credit_cards": null, "charge": null, "capacity": null, "sport": null, "leisure": null, "access": null, "surface": null, "parking": null, "fee": null, "amenity": null, "ele": null, "tiger:STATEFP": null, "tiger:PLCIDFP": null, "tiger:PLACEFP": null, "tiger:PCINECTA": null, "tiger:PCICBSA": null, "tiger:NAMELSAD": null, "tiger:NAME": null, "tiger:MTFCC": null, "tiger:LSAD": null, "tiger:FUNCSTAT": null, "tiger:CPI": null, "tiger:CLASSFP": null, "place": null, "owner": null, "leaf_cycle": null, "landuse": null, "source:population": null, "website": "https://www.barrcamp.com/", "population": null, "nist:state_fips": null, "nist:fips_code": null, "border_type": null, "attribution": null, "alt_name": null, "admin_level": null, "leaf_type": null, "waterway": null, "ref:US:NID": null, "water": null, "natural": null, "wikipedia": null, "wikidata": null, "type": null, "ref:US:USFS:proclaimed_forest_number": null, "protection_title": null, "protected_area": null, "protected": null, "protect_class": null, "ownership": null, "operator:wikipedia": null, "operator:wikidata": null, "operator:type": null, "operator:short": null, "operator": null, "name": "Barr Camp", "gnis:feature_id": null, "boundary": null }, "geometry": { "type": "MultiPolygon", "coordinates": [ [ [ [ -105.0071672, 38.8479574 ], [ -105.0071647, 38.8481208 ], [ -105.0070541, 38.8481737 ], [ -105.0068127, 38.8482083 ], [ -105.0063498, 38.8481341 ], [ -105.0060269, 38.8478744 ], [ -105.0061105, 38.8476598 ], [ -105.0063425, 38.8476853 ], [ -105.0064855, 38.8476549 ], [ -105.0067059, 38.8475743 ], [ -105.0068969, 38.847571 ], [ -105.007057, 38.8475608 ], [ -105.0071198, 38.8476815 ], [ -105.007165, 38.8477642 ], [ -105.0071672, 38.8479574 ] ] ] ] } },
{ "type": "Feature", "properties": { "full_id": "w305663017", "osm_id": "305663017", "osm_type": "way", "roof:shape": null, "shelter_type": null, "train": null, "tactile_paving": null, "shelter": null, "railway": null, "public_transport": null, "lit": null, "bin": null, "bench": null, "tourism": null, "tents": null, "caravans": null, "backcountry": null, "fence_type": null, "barrier": null, "wheelchair": null, "unisex": null, "toilets:disposal": null, "building:levels": null, "addr:street": null, "addr:state": null, "addr:postcode": null, "addr:housenumber": null, "addr:city": null, "man_made": null, "building": "yes", "payment:website_pay": null, "payment:credit_cards": null, "charge": null, "capacity": null, "sport": null, "leisure": null, "access": null, "surface": null, "parking": null, "fee": null, "amenity": null, "ele": null, "tiger:STATEFP": null, "tiger:PLCIDFP": null, "tiger:PLACEFP": null, "tiger:PCINECTA": null, "tiger:PCICBSA": null, "tiger:NAMELSAD": null, "tiger:NAME": null, "tiger:MTFCC": null, "tiger:LSAD": null, "tiger:FUNCSTAT": null, "tiger:CPI": null, "tiger:CLASSFP": null, "place": null, "owner": null, "leaf_cycle": null, "landuse": null, "source:population": null, "website": null, "population": null, "nist:state_fips": null, "nist:fips_code": null, "border_type": null, "attribution": null, "alt_name": null, "admin_level": null, "leaf_type": null, "waterway": null, "ref:US:NID": null, "water": null, "natural": null, "wikipedia": null, "wikidata": null, "type": null, "ref:US:USFS:proclaimed_forest_number": null, "protection_title": null, "protected_area": null, "protected": null, "protect_class": null, "ownership": null, "operator:wikipedia": null, "operator:wikidata": null, "operator:type": null, "operator:short": null, "operator": null, "name": null, "gnis:feature_id": null, "boundary": null }, "geometry": { "type": "MultiPolygon", "coordinates": [ [ [ [ -104.930052, 38.856615 ], [ -104.9299594, 38.8566457 ], [ -104.9299888, 38.8566994 ], [ -104.9300107, 38.8566921 ], [ -104.9300217, 38.8567122 ], [ -104.9301307, 38.8566761 ], [ -104.9301007, 38.8566213 ], [ -104.9300625, 38.856634 ], [ -104.930052, 38.856615 ] ] ] ] } },
{ "type": "Feature", "properties": { "full_id": "w435571436", "osm_id": "435571436", "osm_type": "way", "roof:shape": null, "shelter_type": null, "train": null, "tactile_paving": null, "shelter": null, "railway": null, "public_transport": null, "lit": null, "bin": null, "bench": null, "tourism": null, "tents": null, "caravans": null, "backcountry": null, "fence_type": null, "barrier": null, "wheelchair": null, "unisex": null, "toilets:disposal": null, "building:levels": null, "addr:street": null, "addr:state": null, "addr:postcode": null, "addr:housenumber": null, "addr:city": null, "man_made": null, "building": "yes", "payment:website_pay": null, "payment:credit_cards": null, "charge": null, "capacity": null, "sport": null, "leisure": null, "access": null, "surface": null, "parking": null, "fee": null, "amenity": null, "ele": null, "tiger:STATEFP": null, "tiger:PLCIDFP": null, "tiger:PLACEFP": null, "tiger:PCINECTA": null, "tiger:PCICBSA": null, "tiger:NAMELSAD": null, "tiger:NAME": null, "tiger:MTFCC": null, "tiger:LSAD": null, "tiger:FUNCSTAT": null, "tiger:CPI": null, "tiger:CLASSFP": null, "place": null, "owner": null, "leaf_cycle": null, "landuse": null, "source:population": null, "website": null, "population": null, "nist:state_fips": null, "nist:fips_code": null, "border_type": null, "attribution": null, "alt_name": null, "admin_level": null, "leaf_type": null, "waterway": null, "ref:US:NID": null, "water": null, "natural": null, "wikipedia": null, "wikidata": null, "type": null, "ref:US:USFS:proclaimed_forest_number": null, "protection_title": null, "protected_area": null, "protected": null, "protect_class": null, "ownership": null, "operator:wikipedia": null, "operator:wikidata": null, "operator:type": null, "operator:short": null, "operator": null, "name": null, "gnis:feature_id": null, "boundary": null }, "geometry": { "type": "MultiPolygon", "coordinates": [ [ [ [ -104.9752318, 38.8418475 ], [ -104.9753122, 38.8418507 ], [ -104.9753152, 38.8418059 ], [ -104.9752347, 38.8418027 ], [ -104.9752318, 38.8418475 ] ] ] ] } },
{ "type": "Feature", "properties": { "full_id": "w435571435", "osm_id": "435571435", "osm_type": "way", "roof:shape": null, "shelter_type": null, "train": null, "tactile_paving": null, "shelter": null, "railway": null, "public_transport": null, "lit": null, "bin": null, "bench": null, "tourism": null, "tents": null, "caravans": null, "backcountry": null, "fence_type": null, "barrier": null, "wheelchair": null, "unisex": null, "toilets:disposal": null, "building:levels": null, "addr:street": null, "addr:state": null, "addr:postcode": null, "addr:housenumber": null, "addr:city": null, "man_made": null, "building": "yes", "payment:website_pay": null, "payment:credit_cards": null, "charge": null, "capacity": null, "sport": null, "leisure": null, "access": null, "surface": null, "parking": null, "fee": null, "amenity": null, "ele": null, "tiger:STATEFP": null, "tiger:PLCIDFP": null, "tiger:PLACEFP": null, "tiger:PCINECTA": null, "tiger:PCICBSA": null, "tiger:NAMELSAD": null, "tiger:NAME": null, "tiger:MTFCC": null, "tiger:LSAD": null, "tiger:FUNCSTAT": null, "tiger:CPI": null, "tiger:CLASSFP": null, "place": null, "owner": null, "leaf_cycle": null, "landuse": null, "source:population": null, "website": null, "population": null, "nist:state_fips": null, "nist:fips_code": null, "border_type": null, "attribution": null, "alt_name": null, "admin_level": null, "leaf_type": null, "waterway": null, "ref:US:NID": null, "water": null, "natural": null, "wikipedia": null, "wikidata": null, "type": null, "ref:US:USFS:proclaimed_forest_number": null, "protection_title": null, "protected_area": null, "protected": null, "protect_class": null, "ownership": null, "operator:wikipedia": null, "operator:wikidata": null, "operator:type": null, "operator:short": null, "operator": null, "name": null, "gnis:feature_id": null, "boundary": null }, "geometry": { "type": "MultiPolygon", "coordinates": [ [ [ [ -104.9749806, 38.841795 ], [ -104.9751573, 38.8418014 ], [ -104.9751607, 38.8417436 ], [ -104.9749841, 38.8417371 ], [ -104.9749806, 38.841795 ] ] ] ] } },
{ "type": "Feature", "properties": { "full_id": "w435571434", "osm_id": "435571434", "osm_type": "way", "roof:shape": null, "shelter_type": null, "train": null, "tactile_paving": null, "shelter": null, "railway": null, "public_transport": null, "lit": null, "bin": null, "bench": null, "tourism": null, "tents": null, "caravans": null, "backcountry": null, "fence_type": null, "barrier": null, "wheelchair": null, "unisex": null, "toilets:disposal": null, "building:levels": null, "addr:street": null, "addr:state": null, "addr:postcode": null, "addr:housenumber": null, "addr:city": null, "man_made": null, "building": "yes", "payment:website_pay": null, "payment:credit_cards": null, "charge": null, "capacity": null, "sport": null, "leisure": null, "access": null, "surface": null, "parking": null, "fee": null, "amenity": null, "ele": null, "tiger:STATEFP": null, "tiger:PLCIDFP": null, "tiger:PLACEFP": null, "tiger:PCINECTA": null, "tiger:PCICBSA": null, "tiger:NAMELSAD": null, "tiger:NAME": null, "tiger:MTFCC": null, "tiger:LSAD": null, "tiger:FUNCSTAT": null, "tiger:CPI": null, "tiger:CLASSFP": null, "place": null, "owner": null, "leaf_cycle": null, "landuse": null, "source:population": null, "website": null, "population": null, "nist:state_fips": null, "nist:fips_code": null, "border_type": null, "attribution": null, "alt_name": null, "admin_level": null, "leaf_type": null, "waterway": null, "ref:US:NID": null, "water": null, "natural": null, "wikipedia": null, "wikidata": null, "type": null, "ref:US:USFS:proclaimed_forest_number": null, "protection_title": null, "protected_area": null, "protected": null, "protect_class": null, "ownership": null, "operator:wikipedia": null, "operator:wikidata": null, "operator:type": null, "operator:short": null, "operator": null, "name": null, "gnis:feature_id": null, "boundary": null }, "geometry": { "type": "MultiPolygon", "coordinates": [ [ [ [ -104.9741777, 38.8420684 ], [ -104.974275, 38.8421066 ], [ -104.9743344, 38.8420125 ], [ -104.9742353, 38.8419763 ], [ -104.9741777, 38.8420684 ] ] ] ] } },
{ "type": "Feature", "properties": { "full_id": "w424086704", "osm_id": "424086704", "osm_type": "way", "roof:shape": null, "shelter_type": null, "train": null, "tactile_paving": null, "shelter": null, "railway": null, "public_transport": null, "lit": null, "bin": null, "bench": null, "tourism": null, "tents": null, "caravans": null, "backcountry": null, "fence_type": null, "barrier": null, "wheelchair": null, "unisex": null, "toilets:disposal": null, "building:levels": null, "addr:street": null, "addr:state": null, "addr:postcode": null, "addr:housenumber": null, "addr:city": null, "man_made": null, "building": null, "payment:website_pay": null, "payment:credit_cards": null, "charge": null, "capacity": null, "sport": null, "leisure": null, "access": null, "surface": null, "parking": null, "fee": null, "amenity": null, "ele": null, "tiger:STATEFP": null, "tiger:PLCIDFP": null, "tiger:PLACEFP": null, "tiger:PCINECTA": null, "tiger:PCICBSA": null, "tiger:NAMELSAD": null, "tiger:NAME": null, "tiger:MTFCC": null, "tiger:LSAD": null, "tiger:FUNCSTAT": null, "tiger:CPI": null, "tiger:CLASSFP": null, "place": null, "owner": null, "leaf_cycle": null, "landuse": null, "source:population": null, "website": null, "population": null, "nist:state_fips": null, "nist:fips_code": null, "border_type": null, "attribution": null, "alt_name": null, "admin_level": null, "leaf_type": null, "waterway": null, "ref:US:NID": null, "water": null, "natural": "sand", "wikipedia": null, "wikidata": null, "type": null, "ref:US:USFS:proclaimed_forest_number": null, "protection_title": null, "protected_area": null, "protected": null, "protect_class": null, "ownership": null, "operator:wikipedia": null, "operator:wikidata": null, "operator:type": null, "operator:short": null, "operator": null, "name": null, "gnis:feature_id": null, "boundary": null }, "geometry": { "type": "MultiPolygon", "coordinates": [ [ [ [ -104.9569577, 38.8812961 ], [ -104.9570167, 38.881378 ], [ -104.9570446, 38.8814559 ], [ -104.9569434, 38.8814704 ], [ -104.9568258, 38.8814744 ], [ -104.9566167, 38.8814971 ], [ -104.956463, 38.8815405 ], [ -104.9563429, 38.881504 ], [ -104.9561819, 38.8814678 ], [ -104.9561097, 38.8813674 ], [ -104.9560526, 38.8812362 ], [ -104.9561062, 38.881139 ], [ -104.9562476, 38.8811125 ], [ -104.9564376, 38.8811907 ], [ -104.9565366, 38.8811896 ], [ -104.9566037, 38.8812522 ], [ -104.9566975, 38.8812919 ], [ -104.9568102, 38.8813086 ], [ -104.9569577, 38.8812961 ] ] ] ] } },
{ "type": "Feature", "properties": { "full_id": "w484585142", "osm_id": "484585142", "osm_type": "way", "roof:shape": null, "shelter_type": null, "train": null, "tactile_paving": null, "shelter": null, "railway": null, "public_transport": null, "lit": null, "bin": null, "bench": null, "tourism": null, "tents": null, "caravans": null, "backcountry": null, "fence_type": null, "barrier": null, "wheelchair": null, "unisex": null, "toilets:disposal": null, "building:levels": null, "addr:street": null, "addr:state": null, "addr:postcode": null, "addr:housenumber": null, "addr:city": null, "man_made": null, "building": null, "payment:website_pay": null, "payment:credit_cards": null, "charge": null, "capacity": null, "sport": null, "leisure": null, "access": null, "surface": null, "parking": null, "fee": null, "amenity": null, "ele": null, "tiger:STATEFP": null, "tiger:PLCIDFP": null, "tiger:PLACEFP": null, "tiger:PCINECTA": null, "tiger:PCICBSA": null, "tiger:NAMELSAD": null, "tiger:NAME": null, "tiger:MTFCC": null, "tiger:LSAD": null, "tiger:FUNCSTAT": null, "tiger:CPI": null, "tiger:CLASSFP": null, "place": null, "owner": null, "leaf_cycle": null, "landuse": null, "source:population": null, "website": null, "population": null, "nist:state_fips": null, "nist:fips_code": null, "border_type": null, "attribution": null, "alt_name": null, "admin_level": null, "leaf_type": null, "waterway": null, "ref:US:NID": null, "water": null, "natural": "wood", "wikipedia": null, "wikidata": null, "type": null, "ref:US:USFS:proclaimed_forest_number": null, "protection_title": null, "protected_area": null, "protected": null, "protect_class": null, "ownership": null, "operator:wikipedia": null, "operator:wikidata": null, "operator:type": null, "operator:short": null, "operator": null, "name": null, "gnis:feature_id": null, "boundary": null }, "geometry": null },
{ "type": "Feature", "properties": { "full_id": "w449293126", "osm_id": "449293126", "osm_type": "way", "roof:shape": null, "shelter_type": null, "train": null, "tactile_paving": null, "shelter": null, "railway": null, "public_transport": null, "lit": null, "bin": null, "bench": null, "tourism": null, "tents": null, "caravans": null, "backcountry": null, "fence_type": null, "barrier": null, "wheelchair": null, "unisex": null, "toilets:disposal": null, "building:levels": null, "addr:street": null, "addr:state": null, "addr:postcode": null, "addr:housenumber": null, "addr:city": null, "man_made": null, "building": null, "payment:website_pay": null, "payment:credit_cards": null, "charge": null, "capacity": null, "sport": null, "leisure": null, "access": null, "surface": null, "parking": null, "fee": null, "amenity": null, "ele": "3113", "tiger:STATEFP": null, "tiger:PLCIDFP": null, "tiger:PLACEFP": null, "tiger:PCINECTA": null, "tiger:PCICBSA": null, "tiger:NAMELSAD": null, "tiger:NAME": null, "tiger:MTFCC": null, "tiger:LSAD": null, "tiger:FUNCSTAT": null, "tiger:CPI": null, "tiger:CLASSFP": null, "place": null, "owner": null, "leaf_cycle": null, "landuse": null, "source:population": null, "website": null, "population": null, "nist:state_fips": null, "nist:fips_code": null, "border_type": null, "attribution": null, "alt_name": null, "admin_level": null, "leaf_type": null, "waterway": null, "ref:US:NID": null, "water": "reservoir", "natural": "water", "wikipedia": null, "wikidata": null, "type": null, "ref:US:USFS:proclaimed_forest_number": null, "protection_title": null, "protected_area": null, "protected": null, "protect_class": null, "ownership": null, "operator:wikipedia": null, "operator:wikidata": null, "operator:type": null, "operator:short": null, "operator": null, "name": "Lake Moraine", "gnis:feature_id": "193429", "boundary": null }, "geometry": { "type": "MultiPolygon", "coordinates": [ [ [ [ -104.9970664, 38.8078286 ], [ -104.9962403, 38.8084389 ], [ -104.9958755, 38.8088444 ], [ -104.995323, 38.8095467 ], [ -104.9951996, 38.8096512 ], [ -104.9950816, 38.809856 ], [ -104.9946632, 38.8103242 ], [ -104.9945398, 38.8107882 ], [ -104.9942018, 38.8113567 ], [ -104.9938788, 38.8116548 ], [ -104.9934923, 38.8120114 ], [ -104.9925764, 38.8124685 ], [ -104.9923457, 38.8126901 ], [ -104.9916269, 38.8138605 ], [ -104.9911548, 38.814291 ], [ -104.9909778, 38.8145459 ], [ -104.9908973, 38.8147758 ], [ -104.9909885, 38.8151437 ], [ -104.9911387, 38.815244 ], [ -104.9915357, 38.8152858 ], [ -104.9920453, 38.8154112 ], [ -104.9932523, 38.8154237 ], [ -104.993821, 38.8154279 ], [ -104.9939819, 38.8154822 ], [ -104.9943842, 38.8156996 ], [ -104.9946846, 38.8156661 ], [ -104.995146, 38.8154948 ], [ -104.9954142, 38.8152732 ], [ -104.9959023, 38.8149639 ], [ -104.9965944, 38.814709 ], [ -104.9966963, 38.8145585 ], [ -104.9968465, 38.8142366 ], [ -104.997104, 38.8139649 ], [ -104.9973937, 38.8135762 ], [ -104.9972327, 38.8133296 ], [ -104.9970718, 38.8131457 ], [ -104.9970664, 38.8129367 ], [ -104.9969323, 38.8128865 ], [ -104.99631, 38.8130537 ], [ -104.9960633, 38.8130913 ], [ -104.9957843, 38.8132251 ], [ -104.9952157, 38.8135595 ], [ -104.9947114, 38.8138187 ], [ -104.9951996, 38.8134466 ], [ -104.9954947, 38.8131331 ], [ -104.9958272, 38.8129576 ], [ -104.9960901, 38.812828 ], [ -104.9963476, 38.8126232 ], [ -104.9966051, 38.8124685 ], [ -104.9965944, 38.8122679 ], [ -104.9964549, 38.8120213 ], [ -104.9965193, 38.8119335 ], [ -104.9965032, 38.8117078 ], [ -104.9965997, 38.8115489 ], [ -104.9966802, 38.8113985 ], [ -104.9970289, 38.8113901 ], [ -104.9978067, 38.8115071 ], [ -104.9981876, 38.8110181 ], [ -104.9986597, 38.8109094 ], [ -104.9988689, 38.8108342 ], [ -104.9991425, 38.810575 ], [ -104.9995502, 38.8101653 ], [ -104.9987723, 38.8099522 ], [ -104.9982895, 38.8098769 ], [ -104.9978389, 38.8096763 ], [ -104.9977209, 38.8094798 ], [ -104.9976619, 38.8090283 ], [ -104.9978389, 38.8085351 ], [ -104.9977477, 38.8081296 ], [ -104.9976672, 38.8080209 ], [ -104.9974795, 38.8078286 ], [ -104.9972059, 38.807745 ], [ -104.9970664, 38.8078286 ] ] ] ] } },
{ "type": "Feature", "properties": { "full_id": "w449293125", "osm_id": "449293125", "osm_type": "way", "roof:shape": null, "shelter_type": null, "train": null, "tactile_paving": null, "shelter": null, "railway": null, "public_transport": null, "lit": null, "bin": null, "bench": null, "tourism": null, "tents": null, "caravans": null, "backcountry": null, "fence_type": null, "barrier": null, "wheelchair": null, "unisex": null, "toilets:disposal": null, "building:levels": null, "addr:street": null, "addr:state": null, "addr:postcode": null, "addr:housenumber": null, "addr:city": null, "man_made": null, "building": null, "payment:website_pay": null, "payment:credit_cards": null, "charge": null, "capacity": null, "sport": null, "leisure": null, "access": null, "surface": null, "parking": null, "fee": null, "amenity": null, "ele": "2860", "tiger:STATEFP": null, "tiger:PLCIDFP": null, "tiger:PLACEFP": null, "tiger:PCINECTA": null, "tiger:PCICBSA": null, "tiger:NAMELSAD": null, "tiger:NAME": null, "tiger:MTFCC": null, "tiger:LSAD": null, "tiger:FUNCSTAT": null, "tiger:CPI": null, "tiger:CLASSFP": null, "place": null, "owner": null, "leaf_cycle": null, "landuse": null, "source:population": null, "website": null, "population": null, "nist:state_fips": null, "nist:fips_code": null, "border_type": null, "attribution": null, "alt_name": null, "admin_level": null, "leaf_type": null, "waterway": null, "ref:US:NID": null, "water": "reservoir", "natural": "water", "wikipedia": null, "wikidata": null, "type": null, "ref:US:USFS:proclaimed_forest_number": null, "protection_title": null, "protected_area": null, "protected": null, "protect_class": null, "ownership": null, "operator:wikipedia": null, "operator:wikidata": null, "operator:type": null, "operator:short": null, "operator": null, "name": "Big Tooth Reservoir", "gnis:feature_id": "193434", "boundary": null }, "geometry": { "type": "MultiPolygon", "coordinates": [ [ [ [ -104.9726717, 38.8273351 ], [ -104.9724974, 38.82773 ], [ -104.9725323, 38.8281981 ], [ -104.9723901, 38.8285742 ], [ -104.9723043, 38.8286369 ], [ -104.9721997, 38.8288354 ], [ -104.9720951, 38.8289461 ], [ -104.9718242, 38.8291321 ], [ -104.9717973, 38.829199 ], [ -104.9717464, 38.8293745 ], [ -104.9715077, 38.829619 ], [ -104.9708788, 38.8294917 ], [ -104.970754, 38.8294664 ], [ -104.9705984, 38.8293139 ], [ -104.9703919, 38.8291572 ], [ -104.9703731, 38.8290297 ], [ -104.9702443, 38.8287309 ], [ -104.9702819, 38.8286014 ], [ -104.9703865, 38.8284864 ], [ -104.9703087, 38.8281876 ], [ -104.9701826, 38.8277697 ], [ -104.9701558, 38.8276694 ], [ -104.970239, 38.8274438 ], [ -104.9702604, 38.8274751 ], [ -104.9704777, 38.8278512 ], [ -104.970703, 38.828196 ], [ -104.9708612, 38.8283799 ], [ -104.9709927, 38.8285241 ], [ -104.971336, 38.8283861 ], [ -104.9713709, 38.8282336 ], [ -104.9714379, 38.828125 ], [ -104.9717169, 38.82801 ], [ -104.9718403, 38.8278972 ], [ -104.9724142, 38.8274291 ], [ -104.9724303, 38.8272662 ], [ -104.9726235, 38.8271199 ], [ -104.972708, 38.8271001 ], [ -104.9727844, 38.8270823 ], [ -104.9726717, 38.8273351 ] ] ] ] } },
{ "type": "Feature", "properties": { "full_id": "w449246543", "osm_id": "449246543", "osm_type": "way", "roof:shape": null, "shelter_type": null, "train": null, "tactile_paving": null, "shelter": null, "railway": null, "public_transport": null, "lit": null, "bin": null, "bench": null, "tourism": null, "tents": null, "caravans": null, "backcountry": null, "fence_type": null, "barrier": null, "wheelchair": null, "unisex": null, "toilets:disposal": null, "building:levels": null, "addr:street": null, "addr:state": null, "addr:postcode": null, "addr:housenumber": null, "addr:city": null, "man_made": null, "building": "yes", "payment:website_pay": null, "payment:credit_cards": null, "charge": null, "capacity": null, "sport": null, "leisure": null, "access": null, "surface": null, "parking": null, "fee": null, "amenity": "restaurant", "ele": null, "tiger:STATEFP": null, "tiger:PLCIDFP": null, "tiger:PLACEFP": null, "tiger:PCINECTA": null, "tiger:PCICBSA": null, "tiger:NAMELSAD": null, "tiger:NAME": null, "tiger:MTFCC": null, "tiger:LSAD": null, "tiger:FUNCSTAT": null, "tiger:CPI": null, "tiger:CLASSFP": null, "place": null, "owner": null, "leaf_cycle": null, "landuse": null, "source:population": null, "website": null, "population": null, "nist:state_fips": null, "nist:fips_code": null, "border_type": null, "attribution": null, "alt_name": null, "admin_level": null, "leaf_type": null, "waterway": null, "ref:US:NID": null, "water": null, "natural": null, "wikipedia": null, "wikidata": null, "type": null, "ref:US:USFS:proclaimed_forest_number": null, "protection_title": null, "protected_area": null, "protected": null, "protect_class": null, "ownership": null, "operator:wikipedia": null, "operator:wikidata": null, "operator:type": null, "operator:short": null, "operator": null, "name": "Pike's Peak Summit Visitor Center", "gnis:feature_id": null, "boundary": null }, "geometry": { "type": "MultiPolygon", "coordinates": [ [ [ [ -105.0429336, 38.8399869 ], [ -105.0433301, 38.8399019 ], [ -105.0433238, 38.8398798 ], [ -105.0432954, 38.8397801 ], [ -105.0432788, 38.8397216 ], [ -105.043264, 38.8396272 ], [ -105.043056, 38.8396582 ], [ -105.0430509, 38.8396275 ], [ -105.042938, 38.8396256 ], [ -105.0429365, 38.8396516 ], [ -105.0427601, 38.8396966 ], [ -105.0427316, 38.8397005 ], [ -105.0427194, 38.8396835 ], [ -105.0425324, 38.8398095 ], [ -105.0425797, 38.8398481 ], [ -105.0425489, 38.8398701 ], [ -105.0425047, 38.8399081 ], [ -105.042449, 38.8399823 ], [ -105.0424627, 38.8399908 ], [ -105.0424819, 38.8400026 ], [ -105.0425131, 38.8399804 ], [ -105.0426878, 38.8400658 ], [ -105.0427853, 38.8400544 ], [ -105.0428306, 38.8400254 ], [ -105.0429061, 38.8399713 ], [ -105.0429336, 38.8399869 ] ] ] ] } },
{ "type": "Feature", "properties": { "full_id": "w275484769", "osm_id": "275484769", "osm_type": "way", "roof:shape": null, "shelter_type": null, "train": null, "tactile_paving": null, "shelter": null, "railway": null, "public_transport": null, "lit": null, "bin": null, "bench": null, "tourism": null, "tents": null, "caravans": null, "backcountry": null, "fence_type": null, "barrier": null, "wheelchair": null, "unisex": null, "toilets:disposal": null, "building:levels": null, "addr:street": null, "addr:state": null, "addr:postcode": null, "addr:housenumber": null, "addr:city": null, "man_made": null, "building": null, "payment:website_pay": null, "payment:credit_cards": null, "charge": null, "capacity": null, "sport": null, "leisure": null, "access": null, "surface": null, "parking": null, "fee": null, "amenity": null, "ele": null, "tiger:STATEFP": null, "tiger:PLCIDFP": null, "tiger:PLACEFP": null, "tiger:PCINECTA": null, "tiger:PCICBSA": null, "tiger:NAMELSAD": null, "tiger:NAME": null, "tiger:MTFCC": null, "tiger:LSAD": null, "tiger:FUNCSTAT": null, "tiger:CPI": null, "tiger:CLASSFP": null, "place": null, "owner": null, "leaf_cycle": null, "landuse": null, "source:population": null, "website": null, "population": null, "nist:state_fips": null, "nist:fips_code": null, "border_type": null, "attribution": null, "alt_name": null, "admin_level": null, "leaf_type": null, "waterway": null, "ref:US:NID": null, "water": null, "natural": "water", "wikipedia": null, "wikidata": null, "type": null, "ref:US:USFS:proclaimed_forest_number": null, "protection_title": null, "protected_area": null, "protected": null, "protect_class": null, "ownership": null, "operator:wikipedia": null, "operator:wikidata": null, "operator:type": null, "operator:short": null, "operator": null, "name": null, "gnis:feature_id": null, "boundary": null }, "geometry": { "type": "MultiPolygon", "coordinates": [ [ [ [ -105.0576719, 38.8479322 ], [ -105.0576773, 38.8479573 ], [ -105.0576877, 38.847933 ], [ -105.0576851, 38.8479059 ], [ -105.0576907, 38.8478821 ], [ -105.0576931, 38.8478119 ], [ -105.0577014, 38.8477818 ], [ -105.0577092, 38.8477471 ], [ -105.0577172, 38.8477367 ], [ -105.0577122, 38.8477045 ], [ -105.0577095, 38.8476794 ], [ -105.0577122, 38.8476627 ], [ -105.0577282, 38.847646 ], [ -105.057739, 38.8476314 ], [ -105.0577417, 38.8476084 ], [ -105.0577631, 38.8475792 ], [ -105.0577918, 38.8475755 ], [ -105.0578004, 38.8475842 ], [ -105.0578114, 38.8475708 ], [ -105.0578463, 38.8475708 ], [ -105.0578675, 38.8475633 ], [ -105.0578999, 38.8475645 ], [ -105.0579696, 38.8475437 ], [ -105.0579774, 38.8475257 ], [ -105.0579857, 38.8474956 ], [ -105.0579708, 38.8474599 ], [ -105.0579509, 38.8474559 ], [ -105.0579643, 38.8474434 ], [ -105.057956, 38.8474275 ], [ -105.0579267, 38.8474267 ], [ -105.0578999, 38.8474371 ], [ -105.0578862, 38.8474296 ], [ -105.0578811, 38.8474141 ], [ -105.057893, 38.8474015 ], [ -105.0579112, 38.847394 ], [ -105.0578889, 38.8473523 ], [ -105.0578648, 38.8473293 ], [ -105.0578194, 38.847293 ], [ -105.0577792, 38.8472658 ], [ -105.0577631, 38.8472637 ], [ -105.0577199, 38.8472541 ], [ -105.0576612, 38.8472408 ], [ -105.0576478, 38.8472512 ], [ -105.0576263, 38.8472784 ], [ -105.0576075, 38.8472846 ], [ -105.0576102, 38.8473034 ], [ -105.0576424, 38.8473389 ], [ -105.0576636, 38.8473523 ], [ -105.0576639, 38.8473786 ], [ -105.0576505, 38.8473912 ], [ -105.0576424, 38.8474204 ], [ -105.0576558, 38.8474747 ], [ -105.0576487, 38.8474918 ], [ -105.0576317, 38.8474893 ], [ -105.0576102, 38.8475269 ], [ -105.0575968, 38.8475478 ], [ -105.057578, 38.8475541 ], [ -105.0575405, 38.8475875 ], [ -105.0575378, 38.8476063 ], [ -105.0575137, 38.8476189 ], [ -105.0575137, 38.847646 ], [ -105.0574868, 38.8476439 ], [ -105.0574788, 38.8476293 ], [ -105.0574922, 38.8476189 ], [ -105.0574746, 38.8476286 ], [ -105.0574735, 38.8476483 ], [ -105.0574624, 38.8476641 ], [ -105.057441, 38.8476761 ], [ -105.0574303, 38.8476949 ], [ -105.0574225, 38.8477254 ], [ -105.0574168, 38.8477513 ], [ -105.0574681, 38.8477755 ], [ -105.0575003, 38.8477964 ], [ -105.0575217, 38.8478027 ], [ -105.0575512, 38.8478131 ], [ -105.0575499, 38.8478292 ], [ -105.0575646, 38.847834 ], [ -105.0575888, 38.847857 ], [ -105.0576236, 38.8478758 ], [ -105.0576371, 38.8478946 ], [ -105.0576371, 38.8479113 ], [ -105.0576236, 38.8479218 ], [ -105.0576371, 38.8479447 ], [ -105.0576555, 38.8479466 ], [ -105.0576719, 38.8479322 ] ] ] ] } },
{ "type": "Feature", "properties": { "full_id": "w275352180", "osm_id": "275352180", "osm_type": "way", "roof:shape": null, "shelter_type": null, "train": null, "tactile_paving": null, "shelter": null, "railway": null, "public_transport": null, "lit": null, "bin": null, "bench": null, "tourism": null, "tents": null, "caravans": null, "backcountry": null, "fence_type": null, "barrier": null, "wheelchair": null, "unisex": null, "toilets:disposal": null, "building:levels": null, "addr:street": null, "addr:state": null, "addr:postcode": null, "addr:housenumber": null, "addr:city": null, "man_made": null, "building": null, "payment:website_pay": null, "payment:credit_cards": null, "charge": null, "capacity": null, "sport": null, "leisure": null, "access": null, "surface": null, "parking": null, "fee": null, "amenity": null, "ele": null, "tiger:STATEFP": null, "tiger:PLCIDFP": null, "tiger:PLACEFP": null, "tiger:PCINECTA": null, "tiger:PCICBSA": null, "tiger:NAMELSAD": null, "tiger:NAME": null, "tiger:MTFCC": null, "tiger:LSAD": null, "tiger:FUNCSTAT": null, "tiger:CPI": null, "tiger:CLASSFP": null, "place": null, "owner": null, "leaf_cycle": null, "landuse": null, "source:population": null, "website": null, "population": null, "nist:state_fips": null, "nist:fips_code": null, "border_type": null, "attribution": null, "alt_name": null, "admin_level": null, "leaf_type": null, "waterway": null, "ref:US:NID": null, "water": null, "natural": "water", "wikipedia": null, "wikidata": null, "type": null, "ref:US:USFS:proclaimed_forest_number": null, "protection_title": null, "protected_area": null, "protected": null, "protect_class": null, "ownership": null, "operator:wikipedia": null, "operator:wikidata": null, "operator:type": null, "operator:short": null, "operator": null, "name": null, "gnis:feature_id": null, "boundary": null }, "geometry": { "type": "MultiPolygon", "coordinates": [ [ [ [ -105.0510789, 38.8447056 ], [ -105.0511273, 38.8446984 ], [ -105.0511756, 38.8446671 ], [ -105.051189, 38.8446504 ], [ -105.0512666, 38.8445907 ], [ -105.0512882, 38.8445689 ], [ -105.0513012, 38.8445739 ], [ -105.0513042, 38.8445552 ], [ -105.0513311, 38.8445209 ], [ -105.0513553, 38.8445 ], [ -105.0513606, 38.8444686 ], [ -105.0513633, 38.8444436 ], [ -105.0513499, 38.844431 ], [ -105.0513177, 38.844408 ], [ -105.0512961, 38.8444132 ], [ -105.0512721, 38.8444248 ], [ -105.0512453, 38.8444352 ], [ -105.0512533, 38.8444665 ], [ -105.051221, 38.8444717 ], [ -105.0511756, 38.8445062 ], [ -105.0511246, 38.844548 ], [ -105.0510897, 38.8445752 ], [ -105.0510897, 38.8446044 ], [ -105.0510763, 38.844619 ], [ -105.0510817, 38.844642 ], [ -105.0510978, 38.8446608 ], [ -105.0510951, 38.8446796 ], [ -105.0510763, 38.8446754 ], [ -105.0510789, 38.8447056 ] ] ] ] } },
{ "type": "Feature", "properties": { "full_id": "w305662974", "osm_id": "305662974", "osm_type": "way", "roof:shape": null, "shelter_type": null, "train": null, "tactile_paving": null, "shelter": null, "railway": null, "public_transport": null, "lit": null, "bin": null, "bench": null, "tourism": null, "tents": null, "caravans": null, "backcountry": null, "fence_type": null, "barrier": null, "wheelchair": null, "unisex": null, "toilets:disposal": null, "building:levels": null, "addr:street": null, "addr:state": null, "addr:postcode": null, "addr:housenumber": null, "addr:city": null, "man_made": null, "building": "yes", "payment:website_pay": null, "payment:credit_cards": null, "charge": null, "capacity": null, "sport": null, "leisure": null, "access": null, "surface": null, "parking": null, "fee": null, "amenity": null, "ele": null, "tiger:STATEFP": null, "tiger:PLCIDFP": null, "tiger:PLACEFP": null, "tiger:PCINECTA": null, "tiger:PCICBSA": null, "tiger:NAMELSAD": null, "tiger:NAME": null, "tiger:MTFCC": null, "tiger:LSAD": null, "tiger:FUNCSTAT": null, "tiger:CPI": null, "tiger:CLASSFP": null, "place": null, "owner": null, "leaf_cycle": null, "landuse": null, "source:population": null, "website": null, "population": null, "nist:state_fips": null, "nist:fips_code": null, "border_type": null, "attribution": null, "alt_name": null, "admin_level": null, "leaf_type": null, "waterway": null, "ref:US:NID": null, "water": null, "natural": null, "wikipedia": null, "wikidata": null, "type": null, "ref:US:USFS:proclaimed_forest_number": null, "protection_title": null, "protected_area": null, "protected": null, "protect_class": null, "ownership": null, "operator:wikipedia": null, "operator:wikidata": null, "operator:type": null, "operator:short": null, "operator": null, "name": null, "gnis:feature_id": null, "boundary": null }, "geometry": { "type": "MultiPolygon", "coordinates": [ [ [ [ -104.9341412, 38.8537798 ], [ -104.9341761, 38.8538202 ], [ -104.9338928, 38.8539884 ], [ -104.9337211, 38.8541179 ], [ -104.9335468, 38.8542641 ], [ -104.9334288, 38.8543727 ], [ -104.9333349, 38.854475 ], [ -104.9332732, 38.8544458 ], [ -104.9333537, 38.8543518 ], [ -104.9334529, 38.8542578 ], [ -104.9335817, 38.854145 ], [ -104.9337345, 38.8540301 ], [ -104.9338794, 38.8539299 ], [ -104.9341412, 38.8537798 ] ] ] ] } },
{ "type": "Feature", "properties": { "full_id": "w305662971", "osm_id": "305662971", "osm_type": "way", "roof:shape": null, "shelter_type": null, "train": null, "tactile_paving": null, "shelter": null, "railway": null, "public_transport": null, "lit": null, "bin": null, "bench": null, "tourism": null, "tents": null, "caravans": null, "backcountry": null, "fence_type": null, "barrier": null, "wheelchair": null, "unisex": null, "toilets:disposal": null, "building:levels": null, "addr:street": null, "addr:state": null, "addr:postcode": null, "addr:housenumber": null, "addr:city": null, "man_made": null, "building": "yes", "payment:website_pay": null, "payment:credit_cards": null, "charge": null, "capacity": null, "sport": null, "leisure": null, "access": null, "surface": null, "parking": null, "fee": null, "amenity": null, "ele": null, "tiger:STATEFP": null, "tiger:PLCIDFP": null, "tiger:PLACEFP": null, "tiger:PCINECTA": null, "tiger:PCICBSA": null, "tiger:NAMELSAD": null, "tiger:NAME": null, "tiger:MTFCC": null, "tiger:LSAD": null, "tiger:FUNCSTAT": null, "tiger:CPI": null, "tiger:CLASSFP": null, "place": null, "owner": null, "leaf_cycle": null, "landuse": null, "source:population": null, "website": null, "population": null, "nist:state_fips": null, "nist:fips_code": null, "border_type": null, "attribution": null, "alt_name": null, "admin_level": null, "leaf_type": null, "waterway": null, "ref:US:NID": null, "water": null, "natural": null, "wikipedia": null, "wikidata": null, "type": null, "ref:US:USFS:proclaimed_forest_number": null, "protection_title": null, "protected_area": null, "protected": null, "protect_class": null, "ownership": null, "operator:wikipedia": null, "operator:wikidata": null, "operator:type": null, "operator:short": null, "operator": null, "name": null, "gnis:feature_id": null, "boundary": null }, "geometry": { "type": "MultiPolygon", "coordinates": [ [ [ [ -104.9328415, 38.8554806 ], [ -104.9328025, 38.855519 ], [ -104.932848, 38.855547 ], [ -104.932829, 38.8555657 ], [ -104.9328813, 38.8555979 ], [ -104.9329393, 38.8555409 ], [ -104.9328415, 38.8554806 ] ] ] ] } },
{ "type": "Feature", "properties": { "full_id": "w305662968", "osm_id": "305662968", "osm_type": "way", "roof:shape": null, "shelter_type": null, "train": null, "tactile_paving": null, "shelter": null, "railway": null, "public_transport": null, "lit": null, "bin": null, "bench": null, "tourism": null, "tents": null, "caravans": null, "backcountry": null, "fence_type": null, "barrier": null, "wheelchair": null, "unisex": null, "toilets:disposal": null, "building:levels": null, "addr:street": null, "addr:state": null, "addr:postcode": null, "addr:housenumber": null, "addr:city": null, "man_made": null, "building": "yes", "payment:website_pay": null, "payment:credit_cards": null, "charge": null, "capacity": null, "sport": null, "leisure": null, "access": null, "surface": null, "parking": null, "fee": null, "amenity": null, "ele": null, "tiger:STATEFP": null, "tiger:PLCIDFP": null, "tiger:PLACEFP": null, "tiger:PCINECTA": null, "tiger:PCICBSA": null, "tiger:NAMELSAD": null, "tiger:NAME": null, "tiger:MTFCC": null, "tiger:LSAD": null, "tiger:FUNCSTAT": null, "tiger:CPI": null, "tiger:CLASSFP": null, "place": null, "owner": null, "leaf_cycle": null, "landuse": null, "source:population": null, "website": null, "population": null, "nist:state_fips": null, "nist:fips_code": null, "border_type": null, "attribution": null, "alt_name": null, "admin_level": null, "leaf_type": null, "waterway": null, "ref:US:NID": null, "water": null, "natural": null, "wikipedia": null, "wikidata": null, "type": null, "ref:US:USFS:proclaimed_forest_number": null, "protection_title": null, "protected_area": null, "protected": null, "protect_class": null, "ownership": null, "operator:wikipedia": null, "operator:wikidata": null, "operator:type": null, "operator:short": null, "operator": null, "name": null, "gnis:feature_id": null, "boundary": null }, "geometry": { "type": "MultiPolygon", "coordinates": [ [ [ [ -104.930032, 38.8562217 ], [ -104.9299619, 38.8562936 ], [ -104.930022, 38.8563291 ], [ -104.9299943, 38.8563576 ], [ -104.9300577, 38.8563951 ], [ -104.9300716, 38.8563808 ], [ -104.9302271, 38.8564727 ], [ -104.9303848, 38.856311 ], [ -104.9302578, 38.8562359 ], [ -104.930184, 38.8563116 ], [ -104.930032, 38.8562217 ] ] ] ] } },
{ "type": "Feature", "properties": { "full_id": "w305662967", "osm_id": "305662967", "osm_type": "way", "roof:shape": null, "shelter_type": null, "train": null, "tactile_paving": null, "shelter": null, "railway": null, "public_transport": null, "lit": null, "bin": null, "bench": null, "tourism": null, "tents": null, "caravans": null, "backcountry": null, "fence_type": null, "barrier": null, "wheelchair": null, "unisex": null, "toilets:disposal": null, "building:levels": null, "addr:street": null, "addr:state": null, "addr:postcode": null, "addr:housenumber": null, "addr:city": null, "man_made": null, "building": "train_station", "payment:website_pay": null, "payment:credit_cards": null, "charge": null, "capacity": null, "sport": null, "leisure": null, "access": null, "surface": null, "parking": null, "fee": null, "amenity": null, "ele": null, "tiger:STATEFP": null, "tiger:PLCIDFP": null, "tiger:PLACEFP": null, "tiger:PCINECTA": null, "tiger:PCICBSA": null, "tiger:NAMELSAD": null, "tiger:NAME": null, "tiger:MTFCC": null, "tiger:LSAD": null, "tiger:FUNCSTAT": null, "tiger:CPI": null, "tiger:CLASSFP": null, "place": null, "owner": null, "leaf_cycle": null, "landuse": null, "source:population": null, "website": null, "population": null, "nist:state_fips": null, "nist:fips_code": null, "border_type": null, "attribution": null, "alt_name": null, "admin_level": null, "leaf_type": null, "waterway": null, "ref:US:NID": null, "water": null, "natural": null, "wikipedia": null, "wikidata": null, "type": null, "ref:US:USFS:proclaimed_forest_number": null, "protection_title": null, "protected_area": null, "protected": null, "protect_class": null, "ownership": null, "operator:wikipedia": null, "operator:wikidata": null, "operator:type": null, "operator:short": null, "operator": null, "name": null, "gnis:feature_id": null, "boundary": null }, "geometry": { "type": "MultiPolygon", "coordinates": [ [ [ [ -104.9333555, 38.8545463 ], [ -104.9328326, 38.8552477 ], [ -104.932881, 38.8552696 ], [ -104.9328397, 38.8553249 ], [ -104.9327926, 38.8553036 ], [ -104.9327094, 38.8554151 ], [ -104.9325934, 38.8555117 ], [ -104.9325005, 38.8554501 ], [ -104.9326336, 38.855338 ], [ -104.9327406, 38.8551945 ], [ -104.9326961, 38.8551743 ], [ -104.9329075, 38.8548908 ], [ -104.932897, 38.8548861 ], [ -104.9330172, 38.8547249 ], [ -104.9330636, 38.8547459 ], [ -104.9332074, 38.8545529 ], [ -104.9332469, 38.8545707 ], [ -104.9332879, 38.8545157 ], [ -104.9333555, 38.8545463 ] ] ] ] } },
{ "type": "Feature", "properties": { "full_id": "w305662999", "osm_id": "305662999", "osm_type": "way", "roof:shape": null, "shelter_type": null, "train": null, "tactile_paving": null, "shelter": null, "railway": null, "public_transport": null, "lit": null, "bin": null, "bench": null, "tourism": null, "tents": null, "caravans": null, "backcountry": null, "fence_type": null, "barrier": null, "wheelchair": null, "unisex": null, "toilets:disposal": null, "building:levels": null, "addr:street": null, "addr:state": null, "addr:postcode": null, "addr:housenumber": null, "addr:city": null, "man_made": null, "building": null, "payment:website_pay": null, "payment:credit_cards": null, "charge": null, "capacity": null, "sport": null, "leisure": null, "access": null, "surface": null, "parking": null, "fee": null, "amenity": null, "ele": null, "tiger:STATEFP": null, "tiger:PLCIDFP": null, "tiger:PLACEFP": null, "tiger:PCINECTA": null, "tiger:PCICBSA": null, "tiger:NAMELSAD": null, "tiger:NAME": null, "tiger:MTFCC": null, "tiger:LSAD": null, "tiger:FUNCSTAT": null, "tiger:CPI": null, "tiger:CLASSFP": null, "place": null, "owner": null, "leaf_cycle": null, "landuse": "residential", "source:population": null, "website": null, "population": null, "nist:state_fips": null, "nist:fips_code": null, "border_type": null, "attribution": null, "alt_name": null, "admin_level": null, "leaf_type": null, "waterway": null, "ref:US:NID": null, "water": null, "natural": null, "wikipedia": null, "wikidata": null, "type": null, "ref:US:USFS:proclaimed_forest_number": null, "protection_title": null, "protected_area": null, "protected": null, "protect_class": null, "ownership": null, "operator:wikipedia": null, "operator:wikidata": null, "operator:type": null, "operator:short": null, "operator": null, "name": null, "gnis:feature_id": null, "boundary": null }, "geometry": { "type": "MultiPolygon", "coordinates": [ [ [ [ -104.9314842, 38.8547424 ], [ -104.9316344, 38.8551518 ], [ -104.9312428, 38.8553732 ], [ -104.9305722, 38.8557826 ], [ -104.929563, 38.8562028 ], [ -104.929384, 38.8562776 ], [ -104.9291131, 38.8564176 ], [ -104.9288905, 38.8564364 ], [ -104.9282843, 38.8565157 ], [ -104.9272972, 38.85671 ], [ -104.9272275, 38.8566974 ], [ -104.9272168, 38.8563821 ], [ -104.9276459, 38.8563152 ], [ -104.9282333, 38.8561962 ], [ -104.9284184, 38.856052 ], [ -104.9286062, 38.8558411 ], [ -104.9293652, 38.8554923 ], [ -104.9308136, 38.8549701 ], [ -104.9314842, 38.8547424 ] ] ] ] } },
{ "type": "Feature", "properties": { "full_id": "w305662996", "osm_id": "305662996", "osm_type": "way", "roof:shape": null, "shelter_type": null, "train": null, "tactile_paving": null, "shelter": null, "railway": null, "public_transport": null, "lit": null, "bin": null, "bench": null, "tourism": null, "tents": null, "caravans": null, "backcountry": null, "fence_type": null, "barrier": null, "wheelchair": null, "unisex": null, "toilets:disposal": null, "building:levels": null, "addr:street": null, "addr:state": null, "addr:postcode": null, "addr:housenumber": null, "addr:city": null, "man_made": null, "building": "yes", "payment:website_pay": null, "payment:credit_cards": null, "charge": null, "capacity": null, "sport": null, "leisure": null, "access": null, "surface": null, "parking": null, "fee": null, "amenity": null, "ele": null, "tiger:STATEFP": null, "tiger:PLCIDFP": null, "tiger:PLACEFP": null, "tiger:PCINECTA": null, "tiger:PCICBSA": null, "tiger:NAMELSAD": null, "tiger:NAME": null, "tiger:MTFCC": null, "tiger:LSAD": null, "tiger:FUNCSTAT": null, "tiger:CPI": null, "tiger:CLASSFP": null, "place": null, "owner": null, "leaf_cycle": null, "landuse": null, "source:population": null, "website": null, "population": null, "nist:state_fips": null, "nist:fips_code": null, "border_type": null, "attribution": null, "alt_name": null, "admin_level": null, "leaf_type": null, "waterway": null, "ref:US:NID": null, "water": null, "natural": null, "wikipedia": null, "wikidata": null, "type": null, "ref:US:USFS:proclaimed_forest_number": null, "protection_title": null, "protected_area": null, "protected": null, "protect_class": null, "ownership": null, "operator:wikipedia": null, "operator:wikidata": null, "operator:type": null, "operator:short": null, "operator": null, "name": null, "gnis:feature_id": null, "boundary": null }, "geometry": { "type": "MultiPolygon", "coordinates": [ [ [ [ -104.9326615, 38.8552012 ], [ -104.9323407, 38.8554939 ], [ -104.9323834, 38.8555223 ], [ -104.9327043, 38.8552297 ], [ -104.9326615, 38.8552012 ] ] ] ] } },
{ "type": "Feature", "properties": { "full_id": "w305662988", "osm_id": "305662988", "osm_type": "way", "roof:shape": null, "shelter_type": null, "train": null, "tactile_paving": null, "shelter": null, "railway": null, "public_transport": null, "lit": null, "bin": null, "bench": null, "tourism": null, "tents": null, "caravans": null, "backcountry": null, "fence_type": null, "barrier": null, "wheelchair": null, "unisex": null, "toilets:disposal": null, "building:levels": null, "addr:street": null, "addr:state": null, "addr:postcode": null, "addr:housenumber": null, "addr:city": null, "man_made": null, "building": "yes", "payment:website_pay": null, "payment:credit_cards": null, "charge": null, "capacity": null, "sport": null, "leisure": null, "access": null, "surface": null, "parking": null, "fee": null, "amenity": null, "ele": null, "tiger:STATEFP": null, "tiger:PLCIDFP": null, "tiger:PLACEFP": null, "tiger:PCINECTA": null, "tiger:PCICBSA": null, "tiger:NAMELSAD": null, "tiger:NAME": null, "tiger:MTFCC": null, "tiger:LSAD": null, "tiger:FUNCSTAT": null, "tiger:CPI": null, "tiger:CLASSFP": null, "place": null, "owner": null, "leaf_cycle": null, "landuse": null, "source:population": null, "website": null, "population": null, "nist:state_fips": null, "nist:fips_code": null, "border_type": null, "attribution": null, "alt_name": null, "admin_level": null, "leaf_type": null, "waterway": null, "ref:US:NID": null, "water": null, "natural": null, "wikipedia": null, "wikidata": null, "type": null, "ref:US:USFS:proclaimed_forest_number": null, "protection_title": null, "protected_area": null, "protected": null, "protect_class": null, "ownership": null, "operator:wikipedia": null, "operator:wikidata": null, "operator:type": null, "operator:short": null, "operator": null, "name": null, "gnis:feature_id": null, "boundary": null }, "geometry": { "type": "MultiPolygon", "coordinates": [ [ [ [ -104.930155, 38.8566582 ], [ -104.9301968, 38.8567405 ], [ -104.9303081, 38.8567062 ], [ -104.9302663, 38.8566239 ], [ -104.930155, 38.8566582 ] ] ] ] } },
{ "type": "Feature", "properties": { "full_id": "w305662985", "osm_id": "305662985", "osm_type": "way", "roof:shape": null, "shelter_type": null, "train": null, "tactile_paving": null, "shelter": null, "railway": null, "public_transport": null, "lit": null, "bin": null, "bench": null, "tourism": null, "tents": null, "caravans": null, "backcountry": null, "fence_type": null, "barrier": null, "wheelchair": null, "unisex": null, "toilets:disposal": null, "building:levels": null, "addr:street": null, "addr:state": null, "addr:postcode": null, "addr:housenumber": null, "addr:city": null, "man_made": null, "building": "yes", "payment:website_pay": null, "payment:credit_cards": null, "charge": null, "capacity": null, "sport": null, "leisure": null, "access": null, "surface": null, "parking": null, "fee": null, "amenity": null, "ele": null, "tiger:STATEFP": null, "tiger:PLCIDFP": null, "tiger:PLACEFP": null, "tiger:PCINECTA": null, "tiger:PCICBSA": null, "tiger:NAMELSAD": null, "tiger:NAME": null, "tiger:MTFCC": null, "tiger:LSAD": null, "tiger:FUNCSTAT": null, "tiger:CPI": null, "tiger:CLASSFP": null, "place": null, "owner": null, "leaf_cycle": null, "landuse": null, "source:population": null, "website": null, "population": null, "nist:state_fips": null, "nist:fips_code": null, "border_type": null, "attribution": null, "alt_name": null, "admin_level": null, "leaf_type": null, "waterway": null, "ref:US:NID": null, "water": null, "natural": null, "wikipedia": null, "wikidata": null, "type": null, "ref:US:USFS:proclaimed_forest_number": null, "protection_title": null, "protected_area": null, "protected": null, "protect_class": null, "ownership": null, "operator:wikipedia": null, "operator:wikidata": null, "operator:type": null, "operator:short": null, "operator": null, "name": null, "gnis:feature_id": null, "boundary": null }, "geometry": { "type": "MultiPolygon", "coordinates": [ [ [ [ -104.9316054, 38.8556959 ], [ -104.9314512, 38.8557363 ], [ -104.9314958, 38.8558396 ], [ -104.93165, 38.8557992 ], [ -104.9316054, 38.8556959 ] ] ] ] } },
{ "type": "Feature", "properties": { "full_id": "w169282488", "osm_id": "169282488", "osm_type": "way", "roof:shape": null, "shelter_type": null, "train": null, "tactile_paving": null, "shelter": null, "railway": null, "public_transport": null, "lit": null, "bin": null, "bench": null, "tourism": null, "tents": null, "caravans": null, "backcountry": null, "fence_type": null, "barrier": null, "wheelchair": null, "unisex": null, "toilets:disposal": null, "building:levels": null, "addr:street": null, "addr:state": null, "addr:postcode": null, "addr:housenumber": null, "addr:city": null, "man_made": null, "building": null, "payment:website_pay": null, "payment:credit_cards": null, "charge": null, "capacity": null, "sport": null, "leisure": null, "access": null, "surface": null, "parking": null, "fee": null, "amenity": null, "ele": null, "tiger:STATEFP": null, "tiger:PLCIDFP": null, "tiger:PLACEFP": null, "tiger:PCINECTA": null, "tiger:PCICBSA": null, "tiger:NAMELSAD": null, "tiger:NAME": null, "tiger:MTFCC": null, "tiger:LSAD": null, "tiger:FUNCSTAT": null, "tiger:CPI": null, "tiger:CLASSFP": null, "place": null, "owner": null, "leaf_cycle": null, "landuse": "residential", "source:population": null, "website": null, "population": null, "nist:state_fips": null, "nist:fips_code": null, "border_type": null, "attribution": null, "alt_name": null, "admin_level": null, "leaf_type": null, "waterway": null, "ref:US:NID": null, "water": null, "natural": null, "wikipedia": null, "wikidata": null, "type": null, "ref:US:USFS:proclaimed_forest_number": null, "protection_title": null, "protected_area": null, "protected": null, "protect_class": null, "ownership": null, "operator:wikipedia": null, "operator:wikidata": null, "operator:type": null, "operator:short": null, "operator": null, "name": "Crystal Park", "gnis:feature_id": null, "boundary": null }, "geometry": { "type": "MultiPolygon", "coordinates": [ [ [ [ -104.9419077, 38.8248748 ], [ -104.9333949, 38.85036 ], [ -104.9382452, 38.8464835 ], [ -104.9410015, 38.8390296 ], [ -104.9454671, 38.8390235 ], [ -104.9439448, 38.8325997 ], [ -104.9414616, 38.8321765 ], [ -104.9419077, 38.8248748 ] ] ] ] } },
{ "type": "Feature", "properties": { "full_id": "w158940664", "osm_id": "158940664", "osm_type": "way", "roof:shape": null, "shelter_type": null, "train": null, "tactile_paving": null, "shelter": null, "railway": null, "public_transport": null, "lit": null, "bin": null, "bench": null, "tourism": null, "tents": null, "caravans": null, "backcountry": null, "fence_type": null, "barrier": null, "wheelchair": null, "unisex": null, "toilets:disposal": null, "building:levels": null, "addr:street": null, "addr:state": null, "addr:postcode": null, "addr:housenumber": null, "addr:city": null, "man_made": null, "building": "yes", "payment:website_pay": null, "payment:credit_cards": null, "charge": null, "capacity": null, "sport": null, "leisure": null, "access": null, "surface": null, "parking": null, "fee": null, "amenity": null, "ele": null, "tiger:STATEFP": null, "tiger:PLCIDFP": null, "tiger:PLACEFP": null, "tiger:PCINECTA": null, "tiger:PCICBSA": null, "tiger:NAMELSAD": null, "tiger:NAME": null, "tiger:MTFCC": null, "tiger:LSAD": null, "tiger:FUNCSTAT": null, "tiger:CPI": null, "tiger:CLASSFP": null, "place": null, "owner": null, "leaf_cycle": null, "landuse": null, "source:population": null, "website": null, "population": null, "nist:state_fips": null, "nist:fips_code": null, "border_type": null, "attribution": null, "alt_name": null, "admin_level": null, "leaf_type": null, "waterway": null, "ref:US:NID": null, "water": null, "natural": null, "wikipedia": null, "wikidata": null, "type": null, "ref:US:USFS:proclaimed_forest_number": null, "protection_title": null, "protected_area": null, "protected": null, "protect_class": null, "ownership": null, "operator:wikipedia": null, "operator:wikidata": null, "operator:type": null, "operator:short": null, "operator": null, "name": null, "gnis:feature_id": null, "boundary": null }, "geometry": { "type": "MultiPolygon", "coordinates": [ [ [ [ -104.929855, 38.8568374 ], [ -104.9297898, 38.8567123 ], [ -104.9296646, 38.8567518 ], [ -104.9297299, 38.856877 ], [ -104.929855, 38.8568374 ] ] ] ] } },
{ "type": "Feature", "properties": { "full_id": "w119571845", "osm_id": "119571845", "osm_type": "way", "roof:shape": null, "shelter_type": null, "train": null, "tactile_paving": null, "shelter": null, "railway": null, "public_transport": null, "lit": null, "bin": null, "bench": null, "tourism": null, "tents": null, "caravans": null, "backcountry": null, "fence_type": null, "barrier": null, "wheelchair": null, "unisex": null, "toilets:disposal": null, "building:levels": null, "addr:street": null, "addr:state": null, "addr:postcode": null, "addr:housenumber": null, "addr:city": null, "man_made": null, "building": null, "payment:website_pay": null, "payment:credit_cards": null, "charge": null, "capacity": null, "sport": null, "leisure": null, "access": null, "surface": null, "parking": null, "fee": null, "amenity": null, "ele": null, "tiger:STATEFP": null, "tiger:PLCIDFP": null, "tiger:PLACEFP": null, "tiger:PCINECTA": null, "tiger:PCICBSA": null, "tiger:NAMELSAD": null, "tiger:NAME": null, "tiger:MTFCC": null, "tiger:LSAD": null, "tiger:FUNCSTAT": null, "tiger:CPI": null, "tiger:CLASSFP": null, "place": null, "owner": null, "leaf_cycle": null, "landuse": null, "source:population": null, "website": null, "population": null, "nist:state_fips": null, "nist:fips_code": null, "border_type": null, "attribution": null, "alt_name": null, "admin_level": null, "leaf_type": null, "waterway": null, "ref:US:NID": null, "water": "basin", "natural": "water", "wikipedia": null, "wikidata": null, "type": null, "ref:US:USFS:proclaimed_forest_number": null, "protection_title": null, "protected_area": null, "protected": null, "protect_class": null, "ownership": null, "operator:wikipedia": null, "operator:wikidata": null, "operator:type": null, "operator:short": null, "operator": null, "name": null, "gnis:feature_id": null, "boundary": null }, "geometry": { "type": "MultiPolygon", "coordinates": [ [ [ [ -104.974035, 38.8418826 ], [ -104.9739687, 38.8419325 ], [ -104.973882, 38.8419505 ], [ -104.9737924, 38.8419668 ], [ -104.9737121, 38.84195 ], [ -104.9736424, 38.8419148 ], [ -104.9735894, 38.8418785 ], [ -104.9735513, 38.8418156 ], [ -104.9735452, 38.8417497 ], [ -104.9735541, 38.8416922 ], [ -104.9736045, 38.8416224 ], [ -104.9736873, 38.8415818 ], [ -104.9737649, 38.8415586 ], [ -104.9738479, 38.8415552 ], [ -104.9739333, 38.8415822 ], [ -104.9740016, 38.8416269 ], [ -104.9740628, 38.8416768 ], [ -104.9740851, 38.8417466 ], [ -104.9740511, 38.8418166 ], [ -104.974035, 38.8418826 ] ] ] ] } },
{ "type": "Feature", "properties": { "full_id": "w222832222", "osm_id": "222832222", "osm_type": "way", "roof:shape": null, "shelter_type": null, "train": null, "tactile_paving": null, "shelter": null, "railway": null, "public_transport": null, "lit": null, "bin": null, "bench": null, "tourism": null, "tents": null, "caravans": null, "backcountry": null, "fence_type": null, "barrier": null, "wheelchair": null, "unisex": null, "toilets:disposal": null, "building:levels": null, "addr:street": "Spruce Trail", "addr:state": "CO", "addr:postcode": null, "addr:housenumber": "1", "addr:city": null, "man_made": null, "building": "house", "payment:website_pay": null, "payment:credit_cards": null, "charge": null, "capacity": null, "sport": null, "leisure": null, "access": null, "surface": null, "parking": null, "fee": null, "amenity": null, "ele": null, "tiger:STATEFP": null, "tiger:PLCIDFP": null, "tiger:PLACEFP": null, "tiger:PCINECTA": null, "tiger:PCICBSA": null, "tiger:NAMELSAD": null, "tiger:NAME": null, "tiger:MTFCC": null, "tiger:LSAD": null, "tiger:FUNCSTAT": null, "tiger:CPI": null, "tiger:CLASSFP": null, "place": null, "owner": null, "leaf_cycle": null, "landuse": null, "source:population": null, "website": null, "population": null, "nist:state_fips": null, "nist:fips_code": null, "border_type": null, "attribution": null, "alt_name": null, "admin_level": null, "leaf_type": null, "waterway": null, "ref:US:NID": null, "water": null, "natural": null, "wikipedia": null, "wikidata": null, "type": null, "ref:US:USFS:proclaimed_forest_number": null, "protection_title": null, "protected_area": null, "protected": null, "protect_class": null, "ownership": null, "operator:wikipedia": null, "operator:wikidata": null, "operator:type": null, "operator:short": null, "operator": null, "name": null, "gnis:feature_id": null, "boundary": null }, "geometry": null },
{ "type": "Feature", "properties": { "full_id": "w222721008", "osm_id": "222721008", "osm_type": "way", "roof:shape": null, "shelter_type": null, "train": null, "tactile_paving": null, "shelter": null, "railway": null, "public_transport": null, "lit": null, "bin": null, "bench": null, "tourism": null, "tents": null, "caravans": null, "backcountry": null, "fence_type": null, "barrier": null, "wheelchair": null, "unisex": null, "toilets:disposal": null, "building:levels": null, "addr:street": null, "addr:state": null, "addr:postcode": null, "addr:housenumber": null, "addr:city": null, "man_made": null, "building": null, "payment:website_pay": null, "payment:credit_cards": null, "charge": null, "capacity": null, "sport": null, "leisure": null, "access": null, "surface": null, "parking": null, "fee": null, "amenity": null, "ele": null, "tiger:STATEFP": null, "tiger:PLCIDFP": null, "tiger:PLACEFP": null, "tiger:PCINECTA": null, "tiger:PCICBSA": null, "tiger:NAMELSAD": null, "tiger:NAME": null, "tiger:MTFCC": null, "tiger:LSAD": null, "tiger:FUNCSTAT": null, "tiger:CPI": null, "tiger:CLASSFP": null, "place": null, "owner": null, "leaf_cycle": null, "landuse": null, "source:population": null, "website": null, "population": null, "nist:state_fips": null, "nist:fips_code": null, "border_type": null, "attribution": null, "alt_name": null, "admin_level": null, "leaf_type": null, "waterway": null, "ref:US:NID": null, "water": "reservoir", "natural": "water", "wikipedia": null, "wikidata": null, "type": null, "ref:US:USFS:proclaimed_forest_number": null, "protection_title": null, "protected_area": null, "protected": null, "protect_class": null, "ownership": null, "operator:wikipedia": null, "operator:wikidata": null, "operator:type": null, "operator:short": null, "operator": null, "name": null, "gnis:feature_id": null, "boundary": null }, "geometry": { "type": "MultiPolygon", "coordinates": [ [ [ [ -104.964772, 38.8787607 ], [ -104.9648034, 38.8787744 ], [ -104.9648358, 38.8787713 ], [ -104.9648534, 38.8787629 ], [ -104.9648547, 38.8787698 ], [ -104.9648573, 38.8787835 ], [ -104.9647828, 38.8788072 ], [ -104.9647897, 38.8788171 ], [ -104.9648054, 38.878811 ], [ -104.9648397, 38.8788354 ], [ -104.9648338, 38.8788522 ], [ -104.9648073, 38.8788713 ], [ -104.964796, 38.8788529 ], [ -104.964776, 38.8788347 ], [ -104.9647475, 38.8788148 ], [ -104.9647338, 38.8788087 ], [ -104.964772, 38.8787607 ] ] ] ] } },
{ "type": "Feature", "properties": { "full_id": "w1553332771", "osm_id": "1553332771", "osm_type": "way", "roof:shape": null, "shelter_type": null, "train": null, "tactile_paving": null, "shelter": null, "railway": null, "public_transport": null, "lit": null, "bin": null, "bench": null, "tourism": null, "tents": null, "caravans": null, "backcountry": null, "fence_type": null, "barrier": null, "wheelchair": null, "unisex": null, "toilets:disposal": null, "building:levels": null, "addr:street": null, "addr:state": null, "addr:postcode": null, "addr:housenumber": null, "addr:city": null, "man_made": null, "building": null, "payment:website_pay": null, "payment:credit_cards": null, "charge": null, "capacity": null, "sport": null, "leisure": null, "access": null, "surface": null, "parking": null, "fee": null, "amenity": null, "ele": null, "tiger:STATEFP": null, "tiger:PLCIDFP": null, "tiger:PLACEFP": null, "tiger:PCINECTA": null, "tiger:PCICBSA": null, "tiger:NAMELSAD": null, "tiger:NAME": null, "tiger:MTFCC": null, "tiger:LSAD": null, "tiger:FUNCSTAT": null, "tiger:CPI": null, "tiger:CLASSFP": null, "place": null, "owner": null, "leaf_cycle": null, "landuse": "residential", "source:population": null, "website": null, "population": null, "nist:state_fips": null, "nist:fips_code": null, "border_type": null, "attribution": null, "alt_name": null, "admin_level": null, "leaf_type": null, "waterway": null, "ref:US:NID": null, "water": null, "natural": null, "wikipedia": null, "wikidata": null, "type": null, "ref:US:USFS:proclaimed_forest_number": null, "protection_title": null, "protected_area": null, "protected": null, "protect_class": null, "ownership": null, "operator:wikipedia": null, "operator:wikidata": null, "operator:type": null, "operator:short": null, "operator": null, "name": null, "gnis:feature_id": null, "boundary": null }, "geometry": { "type": "MultiPolygon", "coordinates": [ [ [ [ -104.9854872, 38.8963335 ], [ -104.9507217, 38.8961377 ], [ -104.9513127, 38.8872492 ], [ -104.9517365, 38.8826786 ], [ -104.9385878, 38.8824035 ], [ -104.9389933, 38.8698924 ], [ -104.9392865, 38.8679441 ], [ -104.9565171, 38.8681307 ], [ -104.9564185, 38.87176 ], [ -104.9608199, 38.8718112 ], [ -104.9608092, 38.8754586 ], [ -104.9650984, 38.8755244 ], [ -104.9650253, 38.8822216 ], [ -104.9650135, 38.883301 ], [ -104.96936, 38.8832307 ], [ -104.9785615, 38.8832598 ], [ -104.978204, 38.8905501 ], [ -104.986834, 38.8907357 ], [ -104.9865541, 38.8963061 ], [ -104.9854872, 38.8963335 ] ] ] ] } },
{ "type": "Feature", "properties": { "full_id": "w1551456791", "osm_id": "1551456791", "osm_type": "way", "roof:shape": null, "shelter_type": null, "train": null, "tactile_paving": null, "shelter": null, "railway": null, "public_transport": null, "lit": null, "bin": null, "bench": null, "tourism": null, "tents": null, "caravans": null, "backcountry": null, "fence_type": null, "barrier": null, "wheelchair": null, "unisex": null, "toilets:disposal": null, "building:levels": null, "addr:street": null, "addr:state": null, "addr:postcode": null, "addr:housenumber": null, "addr:city": null, "man_made": null, "building": "yes", "payment:website_pay": null, "payment:credit_cards": null, "charge": null, "capacity": null, "sport": null, "leisure": null, "access": null, "surface": null, "parking": null, "fee": null, "amenity": null, "ele": null, "tiger:STATEFP": null, "tiger:PLCIDFP": null, "tiger:PLACEFP": null, "tiger:PCINECTA": null, "tiger:PCICBSA": null, "tiger:NAMELSAD": null, "tiger:NAME": null, "tiger:MTFCC": null, "tiger:LSAD": null, "tiger:FUNCSTAT": null, "tiger:CPI": null, "tiger:CLASSFP": null, "place": null, "owner": null, "leaf_cycle": null, "landuse": null, "source:population": null, "website": null, "population": null, "nist:state_fips": null, "nist:fips_code": null, "border_type": null, "attribution": null, "alt_name": null, "admin_level": null, "leaf_type": null, "waterway": null, "ref:US:NID": null, "water": null, "natural": null, "wikipedia": null, "wikidata": null, "type": null, "ref:US:USFS:proclaimed_forest_number": null, "protection_title": null, "protected_area": null, "protected": null, "protect_class": null, "ownership": null, "operator:wikipedia": null, "operator:wikidata": null, "operator:type": null, "operator:short": null, "operator": null, "name": null, "gnis:feature_id": null, "boundary": null }, "geometry": { "type": "MultiPolygon", "coordinates": [ [ [ [ -104.9350669, 38.8541288 ], [ -104.9350403, 38.8541086 ], [ -104.9349916, 38.8541476 ], [ -104.9348954, 38.8540748 ], [ -104.9350141, 38.8539798 ], [ -104.9351368, 38.8540729 ], [ -104.9350669, 38.8541288 ] ] ] ] } },
{ "type": "Feature", "properties": { "full_id": "w1551456789", "osm_id": "1551456789", "osm_type": "way", "roof:shape": null, "shelter_type": null, "train": null, "tactile_paving": null, "shelter": null, "railway": null, "public_transport": null, "lit": null, "bin": null, "bench": null, "tourism": null, "tents": null, "caravans": null, "backcountry": null, "fence_type": null, "barrier": null, "wheelchair": null, "unisex": null, "toilets:disposal": null, "building:levels": null, "addr:street": null, "addr:state": null, "addr:postcode": null, "addr:housenumber": null, "addr:city": null, "man_made": null, "building": "yes", "payment:website_pay": null, "payment:credit_cards": null, "charge": null, "capacity": null, "sport": null, "leisure": null, "access": null, "surface": null, "parking": null, "fee": null, "amenity": null, "ele": null, "tiger:STATEFP": null, "tiger:PLCIDFP": null, "tiger:PLACEFP": null, "tiger:PCINECTA": null, "tiger:PCICBSA": null, "tiger:NAMELSAD": null, "tiger:NAME": null, "tiger:MTFCC": null, "tiger:LSAD": null, "tiger:FUNCSTAT": null, "tiger:CPI": null, "tiger:CLASSFP": null, "place": null, "owner": null, "leaf_cycle": null, "landuse": null, "source:population": null, "website": null, "population": null, "nist:state_fips": null, "nist:fips_code": null, "border_type": null, "attribution": null, "alt_name": null, "admin_level": null, "leaf_type": null, "waterway": null, "ref:US:NID": null, "water": null, "natural": null, "wikipedia": null, "wikidata": null, "type": null, "ref:US:USFS:proclaimed_forest_number": null, "protection_title": null, "protected_area": null, "protected": null, "protect_class": null, "ownership": null, "operator:wikipedia": null, "operator:wikidata": null, "operator:type": null, "operator:short": null, "operator": null, "name": null, "gnis:feature_id": null, "boundary": null }, "geometry": { "type": "MultiPolygon", "coordinates": [ [ [ [ -104.9332917, 38.8549011 ], [ -104.9332504, 38.8548877 ], [ -104.93328, 38.8548324 ], [ -104.9333213, 38.8548457 ], [ -104.9332917, 38.8549011 ] ] ] ] } },
{ "type": "Feature", "properties": { "full_id": "w1551456788", "osm_id": "1551456788", "osm_type": "way", "roof:shape": null, "shelter_type": null, "train": null, "tactile_paving": null, "shelter": null, "railway": null, "public_transport": null, "lit": null, "bin": null, "bench": null, "tourism": null, "tents": null, "caravans": null, "backcountry": null, "fence_type": null, "barrier": null, "wheelchair": null, "unisex": null, "toilets:disposal": null, "building:levels": null, "addr:street": null, "addr:state": null, "addr:postcode": null, "addr:housenumber": null, "addr:city": null, "man_made": null, "building": "yes", "payment:website_pay": null, "payment:credit_cards": null, "charge": null, "capacity": null, "sport": null, "leisure": null, "access": null, "surface": null, "parking": null, "fee": null, "amenity": null, "ele": null, "tiger:STATEFP": null, "tiger:PLCIDFP": null, "tiger:PLACEFP": null, "tiger:PCINECTA": null, "tiger:PCICBSA": null, "tiger:NAMELSAD": null, "tiger:NAME": null, "tiger:MTFCC": null, "tiger:LSAD": null, "tiger:FUNCSTAT": null, "tiger:CPI": null, "tiger:CLASSFP": null, "place": null, "owner": null, "leaf_cycle": null, "landuse": null, "source:population": null, "website": null, "population": null, "nist:state_fips": null, "nist:fips_code": null, "border_type": null, "attribution": null, "alt_name": null, "admin_level": null, "leaf_type": null, "waterway": null, "ref:US:NID": null, "water": null, "natural": null, "wikipedia": null, "wikidata": null, "type": null, "ref:US:USFS:proclaimed_forest_number": null, "protection_title": null, "protected_area": null, "protected": null, "protect_class": null, "ownership": null, "operator:wikipedia": null, "operator:wikidata": null, "operator:type": null, "operator:short": null, "operator": null, "name": null, "gnis:feature_id": null, "boundary": null }, "geometry": { "type": "MultiPolygon", "coordinates": [ [ [ [ -104.9334519, 38.8546418 ], [ -104.9334807, 38.854608 ], [ -104.9334404, 38.8545872 ], [ -104.9334116, 38.854621 ], [ -104.9334519, 38.8546418 ] ] ] ] } },
{ "type": "Feature", "properties": { "full_id": "w79291992", "osm_id": "79291992", "osm_type": "way", "roof:shape": null, "shelter_type": null, "train": null, "tactile_paving": null, "shelter": null, "railway": null, "public_transport": null, "lit": null, "bin": null, "bench": null, "tourism": null, "tents": null, "caravans": null, "backcountry": null, "fence_type": null, "barrier": null, "wheelchair": null, "unisex": null, "toilets:disposal": null, "building:levels": null, "addr:street": null, "addr:state": null, "addr:postcode": null, "addr:housenumber": null, "addr:city": null, "man_made": null, "building": "yes", "payment:website_pay": null, "payment:credit_cards": null, "charge": null, "capacity": null, "sport": null, "leisure": null, "access": null, "surface": null, "parking": null, "fee": null, "amenity": null, "ele": null, "tiger:STATEFP": null, "tiger:PLCIDFP": null, "tiger:PLACEFP": null, "tiger:PCINECTA": null, "tiger:PCICBSA": null, "tiger:NAMELSAD": null, "tiger:NAME": null, "tiger:MTFCC": null, "tiger:LSAD": null, "tiger:FUNCSTAT": null, "tiger:CPI": null, "tiger:CLASSFP": null, "place": null, "owner": null, "leaf_cycle": null, "landuse": null, "source:population": null, "website": null, "population": null, "nist:state_fips": null, "nist:fips_code": null, "border_type": null, "attribution": null, "alt_name": null, "admin_level": null, "leaf_type": null, "waterway": null, "ref:US:NID": null, "water": null, "natural": null, "wikipedia": null, "wikidata": null, "type": null, "ref:US:USFS:proclaimed_forest_number": null, "protection_title": null, "protected_area": null, "protected": null, "protect_class": null, "ownership": null, "operator:wikipedia": null, "operator:wikidata": null, "operator:type": null, "operator:short": null, "operator": null, "name": null, "gnis:feature_id": null, "boundary": null }, "geometry": { "type": "MultiPolygon", "coordinates": [ [ [ [ -104.930948, 38.8567132 ], [ -104.9309405, 38.8567357 ], [ -104.9307758, 38.8567023 ], [ -104.9308039, 38.8566184 ], [ -104.9309686, 38.8566518 ], [ -104.930948, 38.8567132 ] ] ] ] } },
{ "type": "Feature", "properties": { "full_id": "w1551456787", "osm_id": "1551456787", "osm_type": "way", "roof:shape": null, "shelter_type": null, "train": null, "tactile_paving": null, "shelter": null, "railway": null, "public_transport": null, "lit": null, "bin": null, "bench": null, "tourism": null, "tents": null, "caravans": null, "backcountry": null, "fence_type": null, "barrier": null, "wheelchair": null, "unisex": null, "toilets:disposal": null, "building:levels": null, "addr:street": null, "addr:state": null, "addr:postcode": null, "addr:housenumber": null, "addr:city": null, "man_made": null, "building": "yes", "payment:website_pay": null, "payment:credit_cards": null, "charge": null, "capacity": null, "sport": null, "leisure": null, "access": null, "surface": null, "parking": null, "fee": null, "amenity": null, "ele": null, "tiger:STATEFP": null, "tiger:PLCIDFP": null, "tiger:PLACEFP": null, "tiger:PCINECTA": null, "tiger:PCICBSA": null, "tiger:NAMELSAD": null, "tiger:NAME": null, "tiger:MTFCC": null, "tiger:LSAD": null, "tiger:FUNCSTAT": null, "tiger:CPI": null, "tiger:CLASSFP": null, "place": null, "owner": null, "leaf_cycle": null, "landuse": null, "source:population": null, "website": null, "population": null, "nist:state_fips": null, "nist:fips_code": null, "border_type": null, "attribution": null, "alt_name": null, "admin_level": null, "leaf_type": null, "waterway": null, "ref:US:NID": null, "water": null, "natural": null, "wikipedia": null, "wikidata": null, "type": null, "ref:US:USFS:proclaimed_forest_number": null, "protection_title": null, "protected_area": null, "protected": null, "protect_class": null, "ownership": null, "operator:wikipedia": null, "operator:wikidata": null, "operator:type": null, "operator:short": null, "operator": null, "name": null, "gnis:feature_id": null, "boundary": null }, "geometry": { "type": "MultiPolygon", "coordinates": [ [ [ [ -104.9334894, 38.8547803 ], [ -104.933428, 38.8547464 ], [ -104.93344, 38.8547332 ], [ -104.9334164, 38.8547201 ], [ -104.9334771, 38.8546535 ], [ -104.9334592, 38.8546436 ], [ -104.9334726, 38.8546289 ], [ -104.9335308, 38.8546611 ], [ -104.9335686, 38.8546197 ], [ -104.9336315, 38.8546545 ], [ -104.9335686, 38.8547236 ], [ -104.9335794, 38.8547296 ], [ -104.9335541, 38.8547573 ], [ -104.9335372, 38.854748 ], [ -104.933513, 38.8547746 ], [ -104.9335008, 38.8547678 ], [ -104.9334894, 38.8547803 ] ] ] ] } },
{ "type": "Feature", "properties": { "full_id": "w1551456795", "osm_id": "1551456795", "osm_type": "way", "roof:shape": null, "shelter_type": null, "train": null, "tactile_paving": null, "shelter": null, "railway": null, "public_transport": null, "lit": null, "bin": null, "bench": null, "tourism": null, "tents": null, "caravans": null, "backcountry": null, "fence_type": null, "barrier": null, "wheelchair": null, "unisex": null, "toilets:disposal": null, "building:levels": null, "addr:street": null, "addr:state": null, "addr:postcode": null, "addr:housenumber": null, "addr:city": null, "man_made": null, "building": "yes", "payment:website_pay": null, "payment:credit_cards": null, "charge": null, "capacity": null, "sport": null, "leisure": null, "access": null, "surface": null, "parking": null, "fee": null, "amenity": null, "ele": null, "tiger:STATEFP": null, "tiger:PLCIDFP": null, "tiger:PLACEFP": null, "tiger:PCINECTA": null, "tiger:PCICBSA": null, "tiger:NAMELSAD": null, "tiger:NAME": null, "tiger:MTFCC": null, "tiger:LSAD": null, "tiger:FUNCSTAT": null, "tiger:CPI": null, "tiger:CLASSFP": null, "place": null, "owner": null, "leaf_cycle": null, "landuse": null, "source:population": null, "website": null, "population": null, "nist:state_fips": null, "nist:fips_code": null, "border_type": null, "attribution": null, "alt_name": null, "admin_level": null, "leaf_type": null, "waterway": null, "ref:US:NID": null, "water": null, "natural": null, "wikipedia": null, "wikidata": null, "type": null, "ref:US:USFS:proclaimed_forest_number": null, "protection_title": null, "protected_area": null, "protected": null, "protect_class": null, "ownership": null, "operator:wikipedia": null, "operator:wikidata": null, "operator:type": null, "operator:short": null, "operator": null, "name": null, "gnis:feature_id": null, "boundary": null }, "geometry": { "type": "MultiPolygon", "coordinates": [ [ [ [ -104.9346799, 38.8543553 ], [ -104.9346362, 38.8543882 ], [ -104.9346073, 38.854365 ], [ -104.9346511, 38.8543321 ], [ -104.9346799, 38.8543553 ] ] ] ] } },
{ "type": "Feature", "properties": { "full_id": "w1551456794", "osm_id": "1551456794", "osm_type": "way", "roof:shape": null, "shelter_type": null, "train": null, "tactile_paving": null, "shelter": null, "railway": null, "public_transport": null, "lit": null, "bin": null, "bench": null, "tourism": null, "tents": null, "caravans": null, "backcountry": null, "fence_type": null, "barrier": null, "wheelchair": null, "unisex": null, "toilets:disposal": null, "building:levels": null, "addr:street": null, "addr:state": null, "addr:postcode": null, "addr:housenumber": null, "addr:city": null, "man_made": null, "building": "yes", "payment:website_pay": null, "payment:credit_cards": null, "charge": null, "capacity": null, "sport": null, "leisure": null, "access": null, "surface": null, "parking": null, "fee": null, "amenity": null, "ele": null, "tiger:STATEFP": null, "tiger:PLCIDFP": null, "tiger:PLACEFP": null, "tiger:PCINECTA": null, "tiger:PCICBSA": null, "tiger:NAMELSAD": null, "tiger:NAME": null, "tiger:MTFCC": null, "tiger:LSAD": null, "tiger:FUNCSTAT": null, "tiger:CPI": null, "tiger:CLASSFP": null, "place": null, "owner": null, "leaf_cycle": null, "landuse": null, "source:population": null, "website": null, "population": null, "nist:state_fips": null, "nist:fips_code": null, "border_type": null, "attribution": null, "alt_name": null, "admin_level": null, "leaf_type": null, "waterway": null, "ref:US:NID": null, "water": null, "natural": null, "wikipedia": null, "wikidata": null, "type": null, "ref:US:USFS:proclaimed_forest_number": null, "protection_title": null, "protected_area": null, "protected": null, "protect_class": null, "ownership": null, "operator:wikipedia": null, "operator:wikidata": null, "operator:type": null, "operator:short": null, "operator": null, "name": null, "gnis:feature_id": null, "boundary": null }, "geometry": { "type": "MultiPolygon", "coordinates": [ [ [ [ -104.934508, 38.8543955 ], [ -104.9344531, 38.8543487 ], [ -104.9345306, 38.8542936 ], [ -104.934583, 38.8543384 ], [ -104.9345649, 38.8543513 ], [ -104.9345898, 38.8543724 ], [ -104.934541, 38.8544071 ], [ -104.9345186, 38.8543879 ], [ -104.934508, 38.8543955 ] ] ] ] } },
{ "type": "Feature", "properties": { "full_id": "w1551456793", "osm_id": "1551456793", "osm_type": "way", "roof:shape": null, "shelter_type": null, "train": null, "tactile_paving": null, "shelter": null, "railway": null, "public_transport": null, "lit": null, "bin": null, "bench": null, "tourism": null, "tents": null, "caravans": null, "backcountry": null, "fence_type": null, "barrier": null, "wheelchair": null, "unisex": null, "toilets:disposal": null, "building:levels": null, "addr:street": null, "addr:state": null, "addr:postcode": null, "addr:housenumber": null, "addr:city": null, "man_made": null, "building": "yes", "payment:website_pay": null, "payment:credit_cards": null, "charge": null, "capacity": null, "sport": null, "leisure": null, "access": null, "surface": null, "parking": null, "fee": null, "amenity": null, "ele": null, "tiger:STATEFP": null, "tiger:PLCIDFP": null, "tiger:PLACEFP": null, "tiger:PCINECTA": null, "tiger:PCICBSA": null, "tiger:NAMELSAD": null, "tiger:NAME": null, "tiger:MTFCC": null, "tiger:LSAD": null, "tiger:FUNCSTAT": null, "tiger:CPI": null, "tiger:CLASSFP": null, "place": null, "owner": null, "leaf_cycle": null, "landuse": null, "source:population": null, "website": null, "population": null, "nist:state_fips": null, "nist:fips_code": null, "border_type": null, "attribution": null, "alt_name": null, "admin_level": null, "leaf_type": null, "waterway": null, "ref:US:NID": null, "water": null, "natural": null, "wikipedia": null, "wikidata": null, "type": null, "ref:US:USFS:proclaimed_forest_number": null, "protection_title": null, "protected_area": null, "protected": null, "protect_class": null, "ownership": null, "operator:wikipedia": null, "operator:wikidata": null, "operator:type": null, "operator:short": null, "operator": null, "name": null, "gnis:feature_id": null, "boundary": null }, "geometry": { "type": "MultiPolygon", "coordinates": [ [ [ [ -104.9350213, 38.8538568 ], [ -104.934977, 38.8538088 ], [ -104.934924, 38.8538385 ], [ -104.9349684, 38.8538865 ], [ -104.9350213, 38.8538568 ] ] ] ] } },
{ "type": "Feature", "properties": { "full_id": "w1551456792", "osm_id": "1551456792", "osm_type": "way", "roof:shape": null, "shelter_type": null, "train": null, "tactile_paving": null, "shelter": null, "railway": null, "public_transport": null, "lit": null, "bin": null, "bench": null, "tourism": null, "tents": null, "caravans": null, "backcountry": null, "fence_type": null, "barrier": null, "wheelchair": null, "unisex": null, "toilets:disposal": null, "building:levels": null, "addr:street": null, "addr:state": null, "addr:postcode": null, "addr:housenumber": null, "addr:city": null, "man_made": null, "building": "yes", "payment:website_pay": null, "payment:credit_cards": null, "charge": null, "capacity": null, "sport": null, "leisure": null, "access": null, "surface": null, "parking": null, "fee": null, "amenity": null, "ele": null, "tiger:STATEFP": null, "tiger:PLCIDFP": null, "tiger:PLACEFP": null, "tiger:PCINECTA": null, "tiger:PCICBSA": null, "tiger:NAMELSAD": null, "tiger:NAME": null, "tiger:MTFCC": null, "tiger:LSAD": null, "tiger:FUNCSTAT": null, "tiger:CPI": null, "tiger:CLASSFP": null, "place": null, "owner": null, "leaf_cycle": null, "landuse": null, "source:population": null, "website": null, "population": null, "nist:state_fips": null, "nist:fips_code": null, "border_type": null, "attribution": null, "alt_name": null, "admin_level": null, "leaf_type": null, "waterway": null, "ref:US:NID": null, "water": null, "natural": null, "wikipedia": null, "wikidata": null, "type": null, "ref:US:USFS:proclaimed_forest_number": null, "protection_title": null, "protected_area": null, "protected": null, "protect_class": null, "ownership": null, "operator:wikipedia": null, "operator:wikidata": null, "operator:type": null, "operator:short": null, "operator": null, "name": null, "gnis:feature_id": null, "boundary": null }, "geometry": { "type": "MultiPolygon", "coordinates": [ [ [ [ -104.9353064, 38.8538503 ], [ -104.9351097, 38.8539288 ], [ -104.9350384, 38.8538205 ], [ -104.935174, 38.8537663 ], [ -104.9352073, 38.8538169 ], [ -104.9352683, 38.8537925 ], [ -104.9353064, 38.8538503 ] ] ] ] } },
{ "type": "Feature", "properties": { "full_id": "w1551456799", "osm_id": "1551456799", "osm_type": "way", "roof:shape": null, "shelter_type": null, "train": null, "tactile_paving": null, "shelter": null, "railway": null, "public_transport": null, "lit": null, "bin": null, "bench": null, "tourism": null, "tents": null, "caravans": null, "backcountry": null, "fence_type": null, "barrier": null, "wheelchair": null, "unisex": null, "toilets:disposal": null, "building:levels": null, "addr:street": null, "addr:state": null, "addr:postcode": null, "addr:housenumber": null, "addr:city": null, "man_made": null, "building": "yes", "payment:website_pay": null, "payment:credit_cards": null, "charge": null, "capacity": null, "sport": null, "leisure": null, "access": null, "surface": null, "parking": null, "fee": null, "amenity": null, "ele": null, "tiger:STATEFP": null, "tiger:PLCIDFP": null, "tiger:PLACEFP": null, "tiger:PCINECTA": null, "tiger:PCICBSA": null, "tiger:NAMELSAD": null, "tiger:NAME": null, "tiger:MTFCC": null, "tiger:LSAD": null, "tiger:FUNCSTAT": null, "tiger:CPI": null, "tiger:CLASSFP": null, "place": null, "owner": null, "leaf_cycle": null, "landuse": null, "source:population": null, "website": null, "population": null, "nist:state_fips": null, "nist:fips_code": null, "border_type": null, "attribution": null, "alt_name": null, "admin_level": null, "leaf_type": null, "waterway": null, "ref:US:NID": null, "water": null, "natural": null, "wikipedia": null, "wikidata": null, "type": null, "ref:US:USFS:proclaimed_forest_number": null, "protection_title": null, "protected_area": null, "protected": null, "protect_class": null, "ownership": null, "operator:wikipedia": null, "operator:wikidata": null, "operator:type": null, "operator:short": null, "operator": null, "name": null, "gnis:feature_id": null, "boundary": null }, "geometry": { "type": "MultiPolygon", "coordinates": [ [ [ [ -104.9314712, 38.8568763 ], [ -104.9314707, 38.8568544 ], [ -104.9313303, 38.8568562 ], [ -104.9313308, 38.8568781 ], [ -104.9314712, 38.8568763 ] ] ] ] } },
{ "type": "Feature", "properties": { "full_id": "w1551456798", "osm_id": "1551456798", "osm_type": "way", "roof:shape": null, "shelter_type": null, "train": null, "tactile_paving": null, "shelter": null, "railway": null, "public_transport": null, "lit": null, "bin": null, "bench": null, "tourism": null, "tents": null, "caravans": null, "backcountry": null, "fence_type": null, "barrier": null, "wheelchair": null, "unisex": null, "toilets:disposal": null, "building:levels": null, "addr:street": null, "addr:state": null, "addr:postcode": null, "addr:housenumber": null, "addr:city": null, "man_made": null, "building": "yes", "payment:website_pay": null, "payment:credit_cards": null, "charge": null, "capacity": null, "sport": null, "leisure": null, "access": null, "surface": null, "parking": null, "fee": null, "amenity": null, "ele": null, "tiger:STATEFP": null, "tiger:PLCIDFP": null, "tiger:PLACEFP": null, "tiger:PCINECTA": null, "tiger:PCICBSA": null, "tiger:NAMELSAD": null, "tiger:NAME": null, "tiger:MTFCC": null, "tiger:LSAD": null, "tiger:FUNCSTAT": null, "tiger:CPI": null, "tiger:CLASSFP": null, "place": null, "owner": null, "leaf_cycle": null, "landuse": null, "source:population": null, "website": null, "population": null, "nist:state_fips": null, "nist:fips_code": null, "border_type": null, "attribution": null, "alt_name": null, "admin_level": null, "leaf_type": null, "waterway": null, "ref:US:NID": null, "water": null, "natural": null, "wikipedia": null, "wikidata": null, "type": null, "ref:US:USFS:proclaimed_forest_number": null, "protection_title": null, "protected_area": null, "protected": null, "protect_class": null, "ownership": null, "operator:wikipedia": null, "operator:wikidata": null, "operator:type": null, "operator:short": null, "operator": null, "name": null, "gnis:feature_id": null, "boundary": null }, "geometry": { "type": "MultiPolygon", "coordinates": [ [ [ [ -104.9322159, 38.8568626 ], [ -104.9322175, 38.8568111 ], [ -104.9321865, 38.8568105 ], [ -104.932185, 38.8568621 ], [ -104.9322159, 38.8568626 ] ] ] ] } },
{ "type": "Feature", "properties": { "full_id": "w1551456797", "osm_id": "1551456797", "osm_type": "way", "roof:shape": null, "shelter_type": null, "train": null, "tactile_paving": null, "shelter": null, "railway": null, "public_transport": null, "lit": null, "bin": null, "bench": null, "tourism": null, "tents": null, "caravans": null, "backcountry": null, "fence_type": null, "barrier": null, "wheelchair": null, "unisex": null, "toilets:disposal": null, "building:levels": null, "addr:street": null, "addr:state": null, "addr:postcode": null, "addr:housenumber": null, "addr:city": null, "man_made": null, "building": "yes", "payment:website_pay": null, "payment:credit_cards": null, "charge": null, "capacity": null, "sport": null, "leisure": null, "access": null, "surface": null, "parking": null, "fee": null, "amenity": null, "ele": null, "tiger:STATEFP": null, "tiger:PLCIDFP": null, "tiger:PLACEFP": null, "tiger:PCINECTA": null, "tiger:PCICBSA": null, "tiger:NAMELSAD": null, "tiger:NAME": null, "tiger:MTFCC": null, "tiger:LSAD": null, "tiger:FUNCSTAT": null, "tiger:CPI": null, "tiger:CLASSFP": null, "place": null, "owner": null, "leaf_cycle": null, "landuse": null, "source:population": null, "website": null, "population": null, "nist:state_fips": null, "nist:fips_code": null, "border_type": null, "attribution": null, "alt_name": null, "admin_level": null, "leaf_type": null, "waterway": null, "ref:US:NID": null, "water": null, "natural": null, "wikipedia": null, "wikidata": null, "type": null, "ref:US:USFS:proclaimed_forest_number": null, "protection_title": null, "protected_area": null, "protected": null, "protect_class": null, "ownership": null, "operator:wikipedia": null, "operator:wikidata": null, "operator:type": null, "operator:short": null, "operator": null, "name": null, "gnis:feature_id": null, "boundary": null }, "geometry": { "type": "MultiPolygon", "coordinates": [ [ [ [ -104.9335835, 38.8558926 ], [ -104.9335533, 38.8559134 ], [ -104.9334775, 38.8558468 ], [ -104.9335078, 38.8558259 ], [ -104.9335835, 38.8558926 ] ] ] ] } },
{ "type": "Feature", "properties": { "full_id": "w1551456796", "osm_id": "1551456796", "osm_type": "way", "roof:shape": null, "shelter_type": null, "train": null, "tactile_paving": null, "shelter": null, "railway": null, "public_transport": null, "lit": null, "bin": null, "bench": null, "tourism": null, "tents": null, "caravans": null, "backcountry": null, "fence_type": null, "barrier": null, "wheelchair": null, "unisex": null, "toilets:disposal": null, "building:levels": null, "addr:street": null, "addr:state": null, "addr:postcode": null, "addr:housenumber": null, "addr:city": null, "man_made": null, "building": "yes", "payment:website_pay": null, "payment:credit_cards": null, "charge": null, "capacity": null, "sport": null, "leisure": null, "access": null, "surface": null, "parking": null, "fee": null, "amenity": null, "ele": null, "tiger:STATEFP": null, "tiger:PLCIDFP": null, "tiger:PLACEFP": null, "tiger:PCINECTA": null, "tiger:PCICBSA": null, "tiger:NAMELSAD": null, "tiger:NAME": null, "tiger:MTFCC": null, "tiger:LSAD": null, "tiger:FUNCSTAT": null, "tiger:CPI": null, "tiger:CLASSFP": null, "place": null, "owner": null, "leaf_cycle": null, "landuse": null, "source:population": null, "website": null, "population": null, "nist:state_fips": null, "nist:fips_code": null, "border_type": null, "attribution": null, "alt_name": null, "admin_level": null, "leaf_type": null, "waterway": null, "ref:US:NID": null, "water": null, "natural": null, "wikipedia": null, "wikidata": null, "type": null, "ref:US:USFS:proclaimed_forest_number": null, "protection_title": null, "protected_area": null, "protected": null, "protect_class": null, "ownership": null, "operator:wikipedia": null, "operator:wikidata": null, "operator:type": null, "operator:short": null, "operator": null, "name": null, "gnis:feature_id": null, "boundary": null }, "geometry": { "type": "MultiPolygon", "coordinates": [ [ [ [ -104.9334956, 38.855918 ], [ -104.9334574, 38.855945 ], [ -104.9334146, 38.8559083 ], [ -104.9334527, 38.8558813 ], [ -104.9334956, 38.855918 ] ] ] ] } },
{ "type": "Feature", "properties": { "full_id": "w1551456803", "osm_id": "1551456803", "osm_type": "way", "roof:shape": null, "shelter_type": null, "train": null, "tactile_paving": null, "shelter": null, "railway": null, "public_transport": null, "lit": null, "bin": null, "bench": null, "tourism": null, "tents": null, "caravans": null, "backcountry": null, "fence_type": null, "barrier": null, "wheelchair": null, "unisex": null, "toilets:disposal": null, "building:levels": null, "addr:street": null, "addr:state": null, "addr:postcode": null, "addr:housenumber": null, "addr:city": null, "man_made": null, "building": null, "payment:website_pay": null, "payment:credit_cards": null, "charge": null, "capacity": null, "sport": null, "leisure": null, "access": null, "surface": null, "parking": null, "fee": null, "amenity": null, "ele": null, "tiger:STATEFP": null, "tiger:PLCIDFP": null, "tiger:PLACEFP": null, "tiger:PCINECTA": null, "tiger:PCICBSA": null, "tiger:NAMELSAD": null, "tiger:NAME": null, "tiger:MTFCC": null, "tiger:LSAD": null, "tiger:FUNCSTAT": null, "tiger:CPI": null, "tiger:CLASSFP": null, "place": null, "owner": null, "leaf_cycle": null, "landuse": null, "source:population": null, "website": null, "population": null, "nist:state_fips": null, "nist:fips_code": null, "border_type": null, "attribution": null, "alt_name": null, "admin_level": null, "leaf_type": null, "waterway": null, "ref:US:NID": null, "water": null, "natural": "bare_rock", "wikipedia": null, "wikidata": null, "type": null, "ref:US:USFS:proclaimed_forest_number": null, "protection_title": null, "protected_area": null, "protected": null, "protect_class": null, "ownership": null, "operator:wikipedia": null, "operator:wikidata": null, "operator:type": null, "operator:short": null, "operator": null, "name": null, "gnis:feature_id": null, "boundary": null }, "geometry": { "type": "MultiPolygon", "coordinates": [ [ [ [ -104.9706542, 38.8501253 ], [ -104.9707536, 38.8500371 ], [ -104.9707797, 38.8500113 ], [ -104.9708041, 38.8499733 ], [ -104.9708268, 38.8499407 ], [ -104.9708738, 38.8499055 ], [ -104.9708965, 38.8498742 ], [ -104.9709244, 38.8498376 ], [ -104.9709488, 38.8497955 ], [ -104.9709679, 38.8497602 ], [ -104.9709836, 38.8497277 ], [ -104.9710028, 38.8496896 ], [ -104.971015, 38.8496571 ], [ -104.9710202, 38.8496245 ], [ -104.971022, 38.8495756 ], [ -104.9710272, 38.849539 ], [ -104.9710533, 38.8495091 ], [ -104.9711004, 38.8494833 ], [ -104.9711457, 38.8494603 ], [ -104.9711858, 38.8494263 ], [ -104.9712206, 38.8493965 ], [ -104.9712398, 38.8493625 ], [ -104.9712468, 38.8493123 ], [ -104.9712276, 38.849258 ], [ -104.9712102, 38.8492078 ], [ -104.9711649, 38.8491847 ], [ -104.9711527, 38.8491399 ], [ -104.9711056, 38.8491128 ], [ -104.971062, 38.8490951 ], [ -104.971022, 38.8490829 ], [ -104.9709679, 38.8490843 ], [ -104.9709226, 38.8491101 ], [ -104.9708494, 38.8491332 ], [ -104.9707902, 38.8491522 ], [ -104.9707414, 38.8491684 ], [ -104.97071, 38.8491929 ], [ -104.9706769, 38.8492309 ], [ -104.9705915, 38.8493164 ], [ -104.9705462, 38.8493218 ], [ -104.9704974, 38.849315 ], [ -104.9704155, 38.8493164 ], [ -104.9703632, 38.8493205 ], [ -104.9703231, 38.8493354 ], [ -104.9702795, 38.8493503 ], [ -104.9701784, 38.8493748 ], [ -104.9701087, 38.8493788 ], [ -104.9700425, 38.8493788 ], [ -104.9700007, 38.849387 ], [ -104.9699693, 38.8494182 ], [ -104.9699135, 38.8494399 ], [ -104.9698978, 38.8494752 ], [ -104.9698682, 38.8495308 ], [ -104.9698351, 38.8496082 ], [ -104.9698612, 38.8496367 ], [ -104.9699013, 38.849653 ], [ -104.9700111, 38.8496476 ], [ -104.9700704, 38.8496313 ], [ -104.9701384, 38.8496177 ], [ -104.9702028, 38.8496041 ], [ -104.9702778, 38.8496055 ], [ -104.9703701, 38.8496204 ], [ -104.9704015, 38.8496449 ], [ -104.9704224, 38.8496788 ], [ -104.970459, 38.8497249 ], [ -104.970473, 38.8497562 ], [ -104.9704782, 38.8497901 ], [ -104.9704869, 38.8498294 ], [ -104.9704869, 38.8498702 ], [ -104.9704869, 38.849934 ], [ -104.9704956, 38.8499679 ], [ -104.9705148, 38.8500059 ], [ -104.9705462, 38.8500303 ], [ -104.970581, 38.8500643 ], [ -104.9705985, 38.8500955 ], [ -104.9706542, 38.8501253 ] ] ] ] } },
{ "type": "Feature", "properties": { "full_id": "w1551456802", "osm_id": "1551456802", "osm_type": "way", "roof:shape": null, "shelter_type": null, "train": null, "tactile_paving": null, "shelter": null, "railway": null, "public_transport": null, "lit": null, "bin": null, "bench": null, "tourism": null, "tents": null, "caravans": null, "backcountry": null, "fence_type": null, "barrier": null, "wheelchair": null, "unisex": null, "toilets:disposal": null, "building:levels": null, "addr:street": null, "addr:state": null, "addr:postcode": null, "addr:housenumber": null, "addr:city": null, "man_made": null, "building": null, "payment:website_pay": null, "payment:credit_cards": null, "charge": null, "capacity": null, "sport": null, "leisure": null, "access": null, "surface": null, "parking": null, "fee": null, "amenity": null, "ele": null, "tiger:STATEFP": null, "tiger:PLCIDFP": null, "tiger:PLACEFP": null, "tiger:PCINECTA": null, "tiger:PCICBSA": null, "tiger:NAMELSAD": null, "tiger:NAME": null, "tiger:MTFCC": null, "tiger:LSAD": null, "tiger:FUNCSTAT": null, "tiger:CPI": null, "tiger:CLASSFP": null, "place": null, "owner": null, "leaf_cycle": null, "landuse": null, "source:population": null, "website": null, "population": null, "nist:state_fips": null, "nist:fips_code": null, "border_type": null, "attribution": null, "alt_name": null, "admin_level": null, "leaf_type": null, "waterway": null, "ref:US:NID": null, "water": null, "natural": "bare_rock", "wikipedia": null, "wikidata": null, "type": null, "ref:US:USFS:proclaimed_forest_number": null, "protection_title": null, "protected_area": null, "protected": null, "protect_class": null, "ownership": null, "operator:wikipedia": null, "operator:wikidata": null, "operator:type": null, "operator:short": null, "operator": null, "name": null, "gnis:feature_id": null, "boundary": null }, "geometry": { "type": "MultiPolygon", "coordinates": [ [ [ [ -104.9723164, 38.8498398 ], [ -104.9722855, 38.8498612 ], [ -104.9722426, 38.8498625 ], [ -104.9721533, 38.8498531 ], [ -104.9721139, 38.8498424 ], [ -104.972083, 38.849817 ], [ -104.9720778, 38.849785 ], [ -104.9720898, 38.8497315 ], [ -104.972107, 38.8496914 ], [ -104.9721242, 38.8496513 ], [ -104.9721259, 38.8496072 ], [ -104.9721156, 38.8495524 ], [ -104.9721018, 38.8495123 ], [ -104.9721018, 38.8494682 ], [ -104.9721173, 38.8494281 ], [ -104.9721465, 38.8493893 ], [ -104.9721825, 38.8493719 ], [ -104.9722254, 38.8493492 ], [ -104.9722666, 38.8493224 ], [ -104.972301, 38.8493011 ], [ -104.9723181, 38.8492516 ], [ -104.9723181, 38.8492008 ], [ -104.9723181, 38.849146 ], [ -104.9723181, 38.8490992 ], [ -104.972301, 38.8490457 ], [ -104.9722855, 38.8490056 ], [ -104.9722838, 38.8489548 ], [ -104.972325, 38.8489348 ], [ -104.9723645, 38.8489228 ], [ -104.9724108, 38.8489214 ], [ -104.9724503, 38.8489441 ], [ -104.9724692, 38.8489789 ], [ -104.972488, 38.849019 ], [ -104.9725001, 38.8490671 ], [ -104.9725104, 38.8491179 ], [ -104.9725121, 38.8491767 ], [ -104.9725138, 38.8492249 ], [ -104.9725189, 38.8492569 ], [ -104.9725155, 38.849293 ], [ -104.9724915, 38.8493291 ], [ -104.9724589, 38.8493492 ], [ -104.9724743, 38.8493813 ], [ -104.972488, 38.8494147 ], [ -104.9724932, 38.8494748 ], [ -104.972464, 38.8495029 ], [ -104.9724263, 38.8495216 ], [ -104.9723662, 38.8495363 ], [ -104.9723353, 38.8495657 ], [ -104.972325, 38.8496018 ], [ -104.972325, 38.8496379 ], [ -104.972325, 38.849682 ], [ -104.972325, 38.8497155 ], [ -104.972325, 38.8497622 ], [ -104.9723164, 38.8498398 ] ] ] ] } },
{ "type": "Feature", "properties": { "full_id": "w1551456801", "osm_id": "1551456801", "osm_type": "way", "roof:shape": null, "shelter_type": null, "train": null, "tactile_paving": null, "shelter": null, "railway": null, "public_transport": null, "lit": null, "bin": null, "bench": null, "tourism": null, "tents": null, "caravans": null, "backcountry": null, "fence_type": null, "barrier": null, "wheelchair": null, "unisex": null, "toilets:disposal": null, "building:levels": null, "addr:street": null, "addr:state": null, "addr:postcode": null, "addr:housenumber": null, "addr:city": null, "man_made": null, "building": null, "payment:website_pay": null, "payment:credit_cards": null, "charge": null, "capacity": null, "sport": null, "leisure": null, "access": null, "surface": null, "parking": null, "fee": null, "amenity": null, "ele": null, "tiger:STATEFP": null, "tiger:PLCIDFP": null, "tiger:PLACEFP": null, "tiger:PCINECTA": null, "tiger:PCICBSA": null, "tiger:NAMELSAD": null, "tiger:NAME": null, "tiger:MTFCC": null, "tiger:LSAD": null, "tiger:FUNCSTAT": null, "tiger:CPI": null, "tiger:CLASSFP": null, "place": null, "owner": null, "leaf_cycle": null, "landuse": null, "source:population": null, "website": null, "population": null, "nist:state_fips": null, "nist:fips_code": null, "border_type": null, "attribution": null, "alt_name": null, "admin_level": null, "leaf_type": null, "waterway": null, "ref:US:NID": null, "water": null, "natural": "bare_rock", "wikipedia": null, "wikidata": null, "type": null, "ref:US:USFS:proclaimed_forest_number": null, "protection_title": null, "protected_area": null, "protected": null, "protect_class": null, "ownership": null, "operator:wikipedia": null, "operator:wikidata": null, "operator:type": null, "operator:short": null, "operator": null, "name": null, "gnis:feature_id": null, "boundary": null }, "geometry": { "type": "MultiPolygon", "coordinates": [ [ [ [ -104.9745499, 38.8497015 ], [ -104.9744825, 38.849613 ], [ -104.9744657, 38.8495876 ], [ -104.9744457, 38.8495614 ], [ -104.9744289, 38.8495384 ], [ -104.9744047, 38.8495163 ], [ -104.9743836, 38.8494967 ], [ -104.9743615, 38.8494737 ], [ -104.9743194, 38.8494532 ], [ -104.9742795, 38.8494344 ], [ -104.97425, 38.8494155 ], [ -104.9742142, 38.849395 ], [ -104.9741911, 38.8493803 ], [ -104.9741648, 38.8493573 ], [ -104.9741532, 38.8493352 ], [ -104.9741385, 38.8493139 ], [ -104.974109, 38.8492992 ], [ -104.974048, 38.8492828 ], [ -104.974008, 38.8492779 ], [ -104.9739764, 38.8492721 ], [ -104.9739533, 38.8492582 ], [ -104.9739301, 38.849241 ], [ -104.9738943, 38.8492057 ], [ -104.9738733, 38.849182 ], [ -104.9738459, 38.8491549 ], [ -104.9738049, 38.8491197 ], [ -104.9737818, 38.8491033 ], [ -104.9737639, 38.8490877 ], [ -104.9737534, 38.8490673 ], [ -104.9737618, 38.8490476 ], [ -104.9737891, 38.8490181 ], [ -104.9737996, 38.8489919 ], [ -104.9738102, 38.8489632 ], [ -104.9738291, 38.8489501 ], [ -104.9738586, 38.8489378 ], [ -104.9738912, 38.8489296 ], [ -104.9739291, 38.8489279 ], [ -104.9739564, 38.8489279 ], [ -104.9739901, 38.8489304 ], [ -104.9740154, 38.8489501 ], [ -104.9740396, 38.8489771 ], [ -104.9740511, 38.8489951 ], [ -104.9740701, 38.8490279 ], [ -104.9740837, 38.8490451 ], [ -104.9740985, 38.849064 ], [ -104.9741279, 38.8490845 ], [ -104.9741511, 38.8490935 ], [ -104.9741721, 38.8491148 ], [ -104.9741974, 38.8491394 ], [ -104.9742132, 38.8491672 ], [ -104.9742153, 38.8491877 ], [ -104.9742321, 38.8492254 ], [ -104.9742584, 38.8492459 ], [ -104.9742942, 38.8492615 ], [ -104.9743184, 38.8492738 ], [ -104.9743405, 38.849291 ], [ -104.9743594, 38.8493164 ], [ -104.9743731, 38.8493434 ], [ -104.9743826, 38.8493647 ], [ -104.9743899, 38.8493885 ], [ -104.9743963, 38.8494106 ], [ -104.9744394, 38.8494516 ], [ -104.9744636, 38.8494712 ], [ -104.9744899, 38.8494967 ], [ -104.9745099, 38.8495245 ], [ -104.9745267, 38.8495499 ], [ -104.9745425, 38.8495737 ], [ -104.9745541, 38.8496015 ], [ -104.9745636, 38.8496228 ], [ -104.9745709, 38.8496482 ], [ -104.9745741, 38.8496687 ], [ -104.9745741, 38.84969 ], [ -104.9745499, 38.8497015 ] ] ] ] } },
{ "type": "Feature", "properties": { "full_id": "w1551456800", "osm_id": "1551456800", "osm_type": "way", "roof:shape": null, "shelter_type": null, "train": null, "tactile_paving": null, "shelter": null, "railway": null, "public_transport": null, "lit": null, "bin": null, "bench": null, "tourism": null, "tents": null, "caravans": null, "backcountry": null, "fence_type": null, "barrier": null, "wheelchair": null, "unisex": null, "toilets:disposal": null, "building:levels": null, "addr:street": null, "addr:state": null, "addr:postcode": null, "addr:housenumber": null, "addr:city": null, "man_made": null, "building": "yes", "payment:website_pay": null, "payment:credit_cards": null, "charge": null, "capacity": null, "sport": null, "leisure": null, "access": null, "surface": null, "parking": null, "fee": null, "amenity": null, "ele": null, "tiger:STATEFP": null, "tiger:PLCIDFP": null, "tiger:PLACEFP": null, "tiger:PCINECTA": null, "tiger:PCICBSA": null, "tiger:NAMELSAD": null, "tiger:NAME": null, "tiger:MTFCC": null, "tiger:LSAD": null, "tiger:FUNCSTAT": null, "tiger:CPI": null, "tiger:CLASSFP": null, "place": null, "owner": null, "leaf_cycle": null, "landuse": null, "source:population": null, "website": null, "population": null, "nist:state_fips": null, "nist:fips_code": null, "border_type": null, "attribution": null, "alt_name": null, "admin_level": null, "leaf_type": null, "waterway": null, "ref:US:NID": null, "water": null, "natural": null, "wikipedia": null, "wikidata": null, "type": null, "ref:US:USFS:proclaimed_forest_number": null, "protection_title": null, "protected_area": null, "protected": null, "protect_class": null, "ownership": null, "operator:wikipedia": null, "operator:wikidata": null, "operator:type": null, "operator:short": null, "operator": null, "name": null, "gnis:feature_id": null, "boundary": null }, "geometry": { "type": "MultiPolygon", "coordinates": [ [ [ [ -104.9312362, 38.8559359 ], [ -104.9312164, 38.8558845 ], [ -104.9310679, 38.8559193 ], [ -104.9310877, 38.8559706 ], [ -104.9312362, 38.8559359 ] ] ] ] } },
{ "type": "Feature", "properties": { "full_id": "w1543102662", "osm_id": "1543102662", "osm_type": "way", "roof:shape": null, "shelter_type": null, "train": null, "tactile_paving": null, "shelter": null, "railway": null, "public_transport": null, "lit": null, "bin": null, "bench": null, "tourism": null, "tents": null, "caravans": null, "backcountry": null, "fence_type": null, "barrier": null, "wheelchair": null, "unisex": null, "toilets:disposal": null, "building:levels": null, "addr:street": null, "addr:state": null, "addr:postcode": null, "addr:housenumber": null, "addr:city": null, "man_made": null, "building": "yes", "payment:website_pay": null, "payment:credit_cards": null, "charge": null, "capacity": null, "sport": null, "leisure": null, "access": null, "surface": null, "parking": null, "fee": null, "amenity": null, "ele": null, "tiger:STATEFP": null, "tiger:PLCIDFP": null, "tiger:PLACEFP": null, "tiger:PCINECTA": null, "tiger:PCICBSA": null, "tiger:NAMELSAD": null, "tiger:NAME": null, "tiger:MTFCC": null, "tiger:LSAD": null, "tiger:FUNCSTAT": null, "tiger:CPI": null, "tiger:CLASSFP": null, "place": null, "owner": null, "leaf_cycle": null, "landuse": null, "source:population": null, "website": null, "population": null, "nist:state_fips": null, "nist:fips_code": null, "border_type": null, "attribution": null, "alt_name": null, "admin_level": null, "leaf_type": null, "waterway": null, "ref:US:NID": null, "water": null, "natural": null, "wikipedia": null, "wikidata": null, "type": null, "ref:US:USFS:proclaimed_forest_number": null, "protection_title": null, "protected_area": null, "protected": null, "protect_class": null, "ownership": null, "operator:wikipedia": null, "operator:wikidata": null, "operator:type": null, "operator:short": null, "operator": null, "name": null, "gnis:feature_id": null, "boundary": null }, "geometry": { "type": "MultiPolygon", "coordinates": [ [ [ [ -104.9288581, 38.8562808 ], [ -104.9288232, 38.8562377 ], [ -104.9289015, 38.8561992 ], [ -104.9289364, 38.8562424 ], [ -104.9288581, 38.8562808 ] ] ] ] } },
{ "type": "Feature", "properties": { "full_id": "w1543102661", "osm_id": "1543102661", "osm_type": "way", "roof:shape": null, "shelter_type": null, "train": null, "tactile_paving": null, "shelter": null, "railway": null, "public_transport": null, "lit": null, "bin": null, "bench": null, "tourism": null, "tents": null, "caravans": null, "backcountry": null, "fence_type": null, "barrier": null, "wheelchair": null, "unisex": null, "toilets:disposal": null, "building:levels": null, "addr:street": null, "addr:state": null, "addr:postcode": null, "addr:housenumber": null, "addr:city": null, "man_made": null, "building": "yes", "payment:website_pay": null, "payment:credit_cards": null, "charge": null, "capacity": null, "sport": null, "leisure": null, "access": null, "surface": null, "parking": null, "fee": null, "amenity": null, "ele": null, "tiger:STATEFP": null, "tiger:PLCIDFP": null, "tiger:PLACEFP": null, "tiger:PCINECTA": null, "tiger:PCICBSA": null, "tiger:NAMELSAD": null, "tiger:NAME": null, "tiger:MTFCC": null, "tiger:LSAD": null, "tiger:FUNCSTAT": null, "tiger:CPI": null, "tiger:CLASSFP": null, "place": null, "owner": null, "leaf_cycle": null, "landuse": null, "source:population": null, "website": null, "population": null, "nist:state_fips": null, "nist:fips_code": null, "border_type": null, "attribution": null, "alt_name": null, "admin_level": null, "leaf_type": null, "waterway": null, "ref:US:NID": null, "water": null, "natural": null, "wikipedia": null, "wikidata": null, "type": null, "ref:US:USFS:proclaimed_forest_number": null, "protection_title": null, "protected_area": null, "protected": null, "protect_class": null, "ownership": null, "operator:wikipedia": null, "operator:wikidata": null, "operator:type": null, "operator:short": null, "operator": null, "name": null, "gnis:feature_id": null, "boundary": null }, "geometry": { "type": "MultiPolygon", "coordinates": [ [ [ [ -104.9287142, 38.8561313 ], [ -104.9286567, 38.8560473 ], [ -104.928481, 38.8561203 ], [ -104.9285002, 38.8561483 ], [ -104.9284715, 38.8561602 ], [ -104.9284993, 38.8562008 ], [ -104.9285582, 38.8561763 ], [ -104.9285688, 38.8561917 ], [ -104.9287142, 38.8561313 ] ] ] ] } },
{ "type": "Feature", "properties": { "full_id": "w1529315226", "osm_id": "1529315226", "osm_type": "way", "roof:shape": null, "shelter_type": null, "train": null, "tactile_paving": null, "shelter": null, "railway": null, "public_transport": null, "lit": null, "bin": null, "bench": null, "tourism": null, "tents": null, "caravans": null, "backcountry": null, "fence_type": null, "barrier": null, "wheelchair": null, "unisex": null, "toilets:disposal": null, "building:levels": null, "addr:street": null, "addr:state": null, "addr:postcode": null, "addr:housenumber": null, "addr:city": null, "man_made": null, "building": "yes", "payment:website_pay": null, "payment:credit_cards": null, "charge": null, "capacity": null, "sport": null, "leisure": null, "access": null, "surface": null, "parking": null, "fee": null, "amenity": "shelter", "ele": null, "tiger:STATEFP": null, "tiger:PLCIDFP": null, "tiger:PLACEFP": null, "tiger:PCINECTA": null, "tiger:PCICBSA": null, "tiger:NAMELSAD": null, "tiger:NAME": null, "tiger:MTFCC": null, "tiger:LSAD": null, "tiger:FUNCSTAT": null, "tiger:CPI": null, "tiger:CLASSFP": null, "place": null, "owner": null, "leaf_cycle": null, "landuse": null, "source:population": null, "website": null, "population": null, "nist:state_fips": null, "nist:fips_code": null, "border_type": null, "attribution": null, "alt_name": null, "admin_level": null, "leaf_type": null, "waterway": null, "ref:US:NID": null, "water": null, "natural": null, "wikipedia": null, "wikidata": null, "type": null, "ref:US:USFS:proclaimed_forest_number": null, "protection_title": null, "protected_area": null, "protected": null, "protect_class": null, "ownership": null, "operator:wikipedia": null, "operator:wikidata": null, "operator:type": null, "operator:short": null, "operator": null, "name": "A-Frame shelter", "gnis:feature_id": null, "boundary": null }, "geometry": { "type": "MultiPolygon", "coordinates": [ [ [ [ -105.0266249, 38.8419155 ], [ -105.0265806, 38.8419069 ], [ -105.0265925, 38.8418695 ], [ -105.0266368, 38.841878 ], [ -105.0266249, 38.8419155 ] ] ] ] } },
{ "type": "Feature", "properties": { "full_id": "w56228071", "osm_id": "56228071", "osm_type": "way", "roof:shape": null, "shelter_type": null, "train": null, "tactile_paving": null, "shelter": null, "railway": null, "public_transport": null, "lit": null, "bin": null, "bench": null, "tourism": null, "tents": null, "caravans": null, "backcountry": null, "fence_type": null, "barrier": null, "wheelchair": null, "unisex": null, "toilets:disposal": null, "building:levels": null, "addr:street": null, "addr:state": null, "addr:postcode": null, "addr:housenumber": null, "addr:city": null, "man_made": null, "building": null, "payment:website_pay": "yes", "payment:credit_cards": "yes", "charge": "$25", "capacity": "40", "sport": null, "leisure": null, "access": "customers", "surface": "asphalt", "parking": null, "fee": "yes", "amenity": "parking", "ele": null, "tiger:STATEFP": null, "tiger:PLCIDFP": null, "tiger:PLACEFP": null, "tiger:PCINECTA": null, "tiger:PCICBSA": null, "tiger:NAMELSAD": null, "tiger:NAME": null, "tiger:MTFCC": null, "tiger:LSAD": null, "tiger:FUNCSTAT": null, "tiger:CPI": null, "tiger:CLASSFP": null, "place": null, "owner": null, "leaf_cycle": null, "landuse": null, "source:population": null, "website": null, "population": null, "nist:state_fips": null, "nist:fips_code": null, "border_type": null, "attribution": null, "alt_name": null, "admin_level": null, "leaf_type": null, "waterway": null, "ref:US:NID": null, "water": null, "natural": null, "wikipedia": null, "wikidata": null, "type": null, "ref:US:USFS:proclaimed_forest_number": null, "protection_title": null, "protected_area": null, "protected": null, "protect_class": null, "ownership": null, "operator:wikipedia": null, "operator:wikidata": null, "operator:type": "public", "operator:short": null, "operator": "City of Manitou Springs", "name": "Barr Trail Parking", "gnis:feature_id": null, "boundary": null }, "geometry": { "type": "MultiPolygon", "coordinates": [ [ [ [ -104.9338358, 38.8558766 ], [ -104.9337653, 38.8558627 ], [ -104.9336438, 38.8560389 ], [ -104.9337058, 38.8560762 ], [ -104.9336865, 38.8560893 ], [ -104.9337578, 38.8561362 ], [ -104.9338045, 38.8561543 ], [ -104.9338877, 38.8561757 ], [ -104.9339683, 38.8561873 ], [ -104.9340003, 38.8561824 ], [ -104.9341906, 38.8559306 ], [ -104.9341415, 38.855882 ], [ -104.9339785, 38.8557762 ], [ -104.9339014, 38.8558025 ], [ -104.9338358, 38.8558766 ] ] ] ] } },
{ "type": "Feature", "properties": { "full_id": "w56228065", "osm_id": "56228065", "osm_type": "way", "roof:shape": null, "shelter_type": null, "train": null, "tactile_paving": null, "shelter": null, "railway": null, "public_transport": null, "lit": null, "bin": null, "bench": null, "tourism": null, "tents": null, "caravans": null, "backcountry": null, "fence_type": null, "barrier": null, "wheelchair": null, "unisex": null, "toilets:disposal": null, "building:levels": null, "addr:street": null, "addr:state": null, "addr:postcode": null, "addr:housenumber": null, "addr:city": null, "man_made": null, "building": null, "payment:website_pay": null, "payment:credit_cards": null, "charge": null, "capacity": null, "sport": "tennis", "leisure": "pitch", "access": "unknown", "surface": null, "parking": null, "fee": null, "amenity": null, "ele": null, "tiger:STATEFP": null, "tiger:PLCIDFP": null, "tiger:PLACEFP": null, "tiger:PCINECTA": null, "tiger:PCICBSA": null, "tiger:NAMELSAD": null, "tiger:NAME": null, "tiger:MTFCC": null, "tiger:LSAD": null, "tiger:FUNCSTAT": null, "tiger:CPI": null, "tiger:CLASSFP": null, "place": null, "owner": null, "leaf_cycle": null, "landuse": null, "source:population": null, "website": null, "population": null, "nist:state_fips": null, "nist:fips_code": null, "border_type": null, "attribution": null, "alt_name": null, "admin_level": null, "leaf_type": null, "waterway": null, "ref:US:NID": null, "water": null, "natural": null, "wikipedia": null, "wikidata": null, "type": null, "ref:US:USFS:proclaimed_forest_number": null, "protection_title": null, "protected_area": null, "protected": null, "protect_class": null, "ownership": null, "operator:wikipedia": null, "operator:wikidata": null, "operator:type": null, "operator:short": null, "operator": null, "name": null, "gnis:feature_id": null, "boundary": null }, "geometry": { "type": "MultiPolygon", "coordinates": [ [ [ [ -104.9297574, 38.855996 ], [ -104.9294313, 38.8561648 ], [ -104.9293182, 38.8560324 ], [ -104.9296444, 38.8558635 ], [ -104.9297574, 38.855996 ] ] ] ] } },
{ "type": "Feature", "properties": { "full_id": "w1543102666", "osm_id": "1543102666", "osm_type": "way", "roof:shape": null, "shelter_type": null, "train": null, "tactile_paving": null, "shelter": null, "railway": null, "public_transport": null, "lit": null, "bin": null, "bench": null, "tourism": null, "tents": null, "caravans": null, "backcountry": null, "fence_type": null, "barrier": null, "wheelchair": null, "unisex": null, "toilets:disposal": null, "building:levels": null, "addr:street": null, "addr:state": null, "addr:postcode": null, "addr:housenumber": null, "addr:city": null, "man_made": null, "building": "yes", "payment:website_pay": null, "payment:credit_cards": null, "charge": null, "capacity": null, "sport": null, "leisure": null, "access": null, "surface": null, "parking": null, "fee": null, "amenity": null, "ele": null, "tiger:STATEFP": null, "tiger:PLCIDFP": null, "tiger:PLACEFP": null, "tiger:PCINECTA": null, "tiger:PCICBSA": null, "tiger:NAMELSAD": null, "tiger:NAME": null, "tiger:MTFCC": null, "tiger:LSAD": null, "tiger:FUNCSTAT": null, "tiger:CPI": null, "tiger:CLASSFP": null, "place": null, "owner": null, "leaf_cycle": null, "landuse": null, "source:population": null, "website": null, "population": null, "nist:state_fips": null, "nist:fips_code": null, "border_type": null, "attribution": null, "alt_name": null, "admin_level": null, "leaf_type": null, "waterway": null, "ref:US:NID": null, "water": null, "natural": null, "wikipedia": null, "wikidata": null, "type": null, "ref:US:USFS:proclaimed_forest_number": null, "protection_title": null, "protected_area": null, "protected": null, "protect_class": null, "ownership": null, "operator:wikipedia": null, "operator:wikidata": null, "operator:type": null, "operator:short": null, "operator": null, "name": null, "gnis:feature_id": null, "boundary": null }, "geometry": { "type": "MultiPolygon", "coordinates": [ [ [ [ -104.9291414, 38.8559648 ], [ -104.92908, 38.8558881 ], [ -104.9290493, 38.855903 ], [ -104.9290323, 38.8558819 ], [ -104.929041, 38.8558387 ], [ -104.9291562, 38.8557826 ], [ -104.9291736, 38.8558044 ], [ -104.9293543, 38.8557165 ], [ -104.9294402, 38.8558236 ], [ -104.9293499, 38.8558675 ], [ -104.9293039, 38.8558101 ], [ -104.929203, 38.8558592 ], [ -104.9291803, 38.8558309 ], [ -104.9291529, 38.8558442 ], [ -104.9292192, 38.855927 ], [ -104.9291414, 38.8559648 ] ] ] ] } },
{ "type": "Feature", "properties": { "full_id": "w53435332", "osm_id": "53435332", "osm_type": "way", "roof:shape": null, "shelter_type": null, "train": null, "tactile_paving": null, "shelter": null, "railway": null, "public_transport": null, "lit": null, "bin": null, "bench": null, "tourism": null, "tents": null, "caravans": null, "backcountry": null, "fence_type": null, "barrier": null, "wheelchair": null, "unisex": null, "toilets:disposal": null, "building:levels": null, "addr:street": null, "addr:state": null, "addr:postcode": null, "addr:housenumber": null, "addr:city": null, "man_made": null, "building": null, "payment:website_pay": null, "payment:credit_cards": null, "charge": null, "capacity": null, "sport": null, "leisure": null, "access": null, "surface": "dirt", "parking": "lane", "fee": null, "amenity": "parking", "ele": null, "tiger:STATEFP": null, "tiger:PLCIDFP": null, "tiger:PLACEFP": null, "tiger:PCINECTA": null, "tiger:PCICBSA": null, "tiger:NAMELSAD": null, "tiger:NAME": null, "tiger:MTFCC": null, "tiger:LSAD": null, "tiger:FUNCSTAT": null, "tiger:CPI": null, "tiger:CLASSFP": null, "place": null, "owner": null, "leaf_cycle": null, "landuse": null, "source:population": null, "website": null, "population": null, "nist:state_fips": null, "nist:fips_code": null, "border_type": null, "attribution": null, "alt_name": null, "admin_level": null, "leaf_type": null, "waterway": null, "ref:US:NID": null, "water": null, "natural": null, "wikipedia": null, "wikidata": null, "type": null, "ref:US:USFS:proclaimed_forest_number": null, "protection_title": null, "protected_area": null, "protected": null, "protect_class": null, "ownership": null, "operator:wikipedia": null, "operator:wikidata": null, "operator:type": null, "operator:short": null, "operator": null, "name": null, "gnis:feature_id": null, "boundary": null }, "geometry": null },
{ "type": "Feature", "properties": { "full_id": "w1543102665", "osm_id": "1543102665", "osm_type": "way", "roof:shape": null, "shelter_type": null, "train": null, "tactile_paving": null, "shelter": null, "railway": null, "public_transport": null, "lit": null, "bin": null, "bench": null, "tourism": null, "tents": null, "caravans": null, "backcountry": null, "fence_type": null, "barrier": null, "wheelchair": null, "unisex": null, "toilets:disposal": null, "building:levels": null, "addr:street": null, "addr:state": null, "addr:postcode": null, "addr:housenumber": null, "addr:city": null, "man_made": null, "building": "yes", "payment:website_pay": null, "payment:credit_cards": null, "charge": null, "capacity": null, "sport": null, "leisure": null, "access": null, "surface": null, "parking": null, "fee": null, "amenity": null, "ele": null, "tiger:STATEFP": null, "tiger:PLCIDFP": null, "tiger:PLACEFP": null, "tiger:PCINECTA": null, "tiger:PCICBSA": null, "tiger:NAMELSAD": null, "tiger:NAME": null, "tiger:MTFCC": null, "tiger:LSAD": null, "tiger:FUNCSTAT": null, "tiger:CPI": null, "tiger:CLASSFP": null, "place": null, "owner": null, "leaf_cycle": null, "landuse": null, "source:population": null, "website": null, "population": null, "nist:state_fips": null, "nist:fips_code": null, "border_type": null, "attribution": null, "alt_name": null, "admin_level": null, "leaf_type": null, "waterway": null, "ref:US:NID": null, "water": null, "natural": null, "wikipedia": null, "wikidata": null, "type": null, "ref:US:USFS:proclaimed_forest_number": null, "protection_title": null, "protected_area": null, "protected": null, "protect_class": null, "ownership": null, "operator:wikipedia": null, "operator:wikidata": null, "operator:type": null, "operator:short": null, "operator": null, "name": null, "gnis:feature_id": null, "boundary": null }, "geometry": { "type": "MultiPolygon", "coordinates": [ [ [ [ -104.9289127, 38.8559709 ], [ -104.928872, 38.8559371 ], [ -104.9289154, 38.8559054 ], [ -104.9289561, 38.8559392 ], [ -104.9289127, 38.8559709 ] ] ] ] } },
{ "type": "Feature", "properties": { "full_id": "w39172104", "osm_id": "39172104", "osm_type": "way", "roof:shape": null, "shelter_type": null, "train": null, "tactile_paving": null, "shelter": null, "railway": null, "public_transport": null, "lit": null, "bin": null, "bench": null, "tourism": null, "tents": null, "caravans": null, "backcountry": null, "fence_type": null, "barrier": null, "wheelchair": null, "unisex": null, "toilets:disposal": null, "building:levels": null, "addr:street": null, "addr:state": null, "addr:postcode": null, "addr:housenumber": null, "addr:city": null, "man_made": null, "building": null, "payment:website_pay": null, "payment:credit_cards": null, "charge": null, "capacity": null, "sport": null, "leisure": null, "access": null, "surface": null, "parking": null, "fee": "no", "amenity": "parking", "ele": null, "tiger:STATEFP": null, "tiger:PLCIDFP": null, "tiger:PLACEFP": null, "tiger:PCINECTA": null, "tiger:PCICBSA": null, "tiger:NAMELSAD": null, "tiger:NAME": null, "tiger:MTFCC": null, "tiger:LSAD": null, "tiger:FUNCSTAT": null, "tiger:CPI": null, "tiger:CLASSFP": null, "place": null, "owner": null, "leaf_cycle": null, "landuse": null, "source:population": null, "website": null, "population": null, "nist:state_fips": null, "nist:fips_code": null, "border_type": null, "attribution": null, "alt_name": null, "admin_level": null, "leaf_type": null, "waterway": null, "ref:US:NID": null, "water": null, "natural": null, "wikipedia": null, "wikidata": null, "type": null, "ref:US:USFS:proclaimed_forest_number": null, "protection_title": null, "protected_area": null, "protected": null, "protect_class": null, "ownership": null, "operator:wikipedia": null, "operator:wikidata": null, "operator:type": null, "operator:short": null, "operator": null, "name": null, "gnis:feature_id": null, "boundary": null }, "geometry": null },
{ "type": "Feature", "properties": { "full_id": "w1543102664", "osm_id": "1543102664", "osm_type": "way", "roof:shape": null, "shelter_type": null, "train": null, "tactile_paving": null, "shelter": null, "railway": null, "public_transport": null, "lit": null, "bin": null, "bench": null, "tourism": null, "tents": null, "caravans": null, "backcountry": null, "fence_type": null, "barrier": null, "wheelchair": null, "unisex": null, "toilets:disposal": null, "building:levels": null, "addr:street": null, "addr:state": null, "addr:postcode": null, "addr:housenumber": null, "addr:city": null, "man_made": null, "building": "yes", "payment:website_pay": null, "payment:credit_cards": null, "charge": null, "capacity": null, "sport": null, "leisure": null, "access": null, "surface": null, "parking": null, "fee": null, "amenity": null, "ele": null, "tiger:STATEFP": null, "tiger:PLCIDFP": null, "tiger:PLACEFP": null, "tiger:PCINECTA": null, "tiger:PCICBSA": null, "tiger:NAMELSAD": null, "tiger:NAME": null, "tiger:MTFCC": null, "tiger:LSAD": null, "tiger:FUNCSTAT": null, "tiger:CPI": null, "tiger:CLASSFP": null, "place": null, "owner": null, "leaf_cycle": null, "landuse": null, "source:population": null, "website": null, "population": null, "nist:state_fips": null, "nist:fips_code": null, "border_type": null, "attribution": null, "alt_name": null, "admin_level": null, "leaf_type": null, "waterway": null, "ref:US:NID": null, "water": null, "natural": null, "wikipedia": null, "wikidata": null, "type": null, "ref:US:USFS:proclaimed_forest_number": null, "protection_title": null, "protected_area": null, "protected": null, "protect_class": null, "ownership": null, "operator:wikipedia": null, "operator:wikidata": null, "operator:type": null, "operator:short": null, "operator": null, "name": null, "gnis:feature_id": null, "boundary": null }, "geometry": { "type": "MultiPolygon", "coordinates": [ [ [ [ -104.9287988, 38.8561 ], [ -104.9287036, 38.8559778 ], [ -104.9287651, 38.8559487 ], [ -104.928793, 38.8559845 ], [ -104.9288255, 38.8559691 ], [ -104.9288792, 38.8560381 ], [ -104.9288324, 38.8560602 ], [ -104.928846, 38.8560777 ], [ -104.9287988, 38.8561 ] ] ] ] } },
{ "type": "Feature", "properties": { "full_id": "w56228895", "osm_id": "56228895", "osm_type": "way", "roof:shape": null, "shelter_type": null, "train": null, "tactile_paving": null, "shelter": null, "railway": null, "public_transport": null, "lit": null, "bin": null, "bench": null, "tourism": null, "tents": null, "caravans": null, "backcountry": null, "fence_type": null, "barrier": null, "wheelchair": null, "unisex": null, "toilets:disposal": null, "building:levels": null, "addr:street": null, "addr:state": null, "addr:postcode": null, "addr:housenumber": null, "addr:city": null, "man_made": null, "building": "yes", "payment:website_pay": null, "payment:credit_cards": null, "charge": null, "capacity": null, "sport": null, "leisure": null, "access": null, "surface": null, "parking": null, "fee": null, "amenity": null, "ele": null, "tiger:STATEFP": null, "tiger:PLCIDFP": null, "tiger:PLACEFP": null, "tiger:PCINECTA": null, "tiger:PCICBSA": null, "tiger:NAMELSAD": null, "tiger:NAME": null, "tiger:MTFCC": null, "tiger:LSAD": null, "tiger:FUNCSTAT": null, "tiger:CPI": null, "tiger:CLASSFP": null, "place": null, "owner": null, "leaf_cycle": null, "landuse": null, "source:population": null, "website": null, "population": null, "nist:state_fips": null, "nist:fips_code": null, "border_type": null, "attribution": null, "alt_name": null, "admin_level": null, "leaf_type": null, "waterway": null, "ref:US:NID": null, "water": null, "natural": null, "wikipedia": null, "wikidata": null, "type": null, "ref:US:USFS:proclaimed_forest_number": null, "protection_title": null, "protected_area": null, "protected": null, "protect_class": null, "ownership": null, "operator:wikipedia": null, "operator:wikidata": null, "operator:type": null, "operator:short": null, "operator": null, "name": null, "gnis:feature_id": null, "boundary": null }, "geometry": { "type": "MultiPolygon", "coordinates": [ [ [ [ -104.9327357, 38.8631284 ], [ -104.9327008, 38.8631597 ], [ -104.9326365, 38.863118 ], [ -104.9326687, 38.8630867 ], [ -104.9327357, 38.8631284 ] ] ] ] } },
{ "type": "Feature", "properties": { "full_id": "w1543102663", "osm_id": "1543102663", "osm_type": "way", "roof:shape": null, "shelter_type": null, "train": null, "tactile_paving": null, "shelter": null, "railway": null, "public_transport": null, "lit": null, "bin": null, "bench": null, "tourism": null, "tents": null, "caravans": null, "backcountry": null, "fence_type": null, "barrier": null, "wheelchair": null, "unisex": null, "toilets:disposal": null, "building:levels": null, "addr:street": null, "addr:state": null, "addr:postcode": null, "addr:housenumber": null, "addr:city": null, "man_made": null, "building": "yes", "payment:website_pay": null, "payment:credit_cards": null, "charge": null, "capacity": null, "sport": null, "leisure": null, "access": null, "surface": null, "parking": null, "fee": null, "amenity": null, "ele": null, "tiger:STATEFP": null, "tiger:PLCIDFP": null, "tiger:PLACEFP": null, "tiger:PCINECTA": null, "tiger:PCICBSA": null, "tiger:NAMELSAD": null, "tiger:NAME": null, "tiger:MTFCC": null, "tiger:LSAD": null, "tiger:FUNCSTAT": null, "tiger:CPI": null, "tiger:CLASSFP": null, "place": null, "owner": null, "leaf_cycle": null, "landuse": null, "source:population": null, "website": null, "population": null, "nist:state_fips": null, "nist:fips_code": null, "border_type": null, "attribution": null, "alt_name": null, "admin_level": null, "leaf_type": null, "waterway": null, "ref:US:NID": null, "water": null, "natural": null, "wikipedia": null, "wikidata": null, "type": null, "ref:US:USFS:proclaimed_forest_number": null, "protection_title": null, "protected_area": null, "protected": null, "protect_class": null, "ownership": null, "operator:wikipedia": null, "operator:wikidata": null, "operator:type": null, "operator:short": null, "operator": null, "name": null, "gnis:feature_id": null, "boundary": null }, "geometry": { "type": "MultiPolygon", "coordinates": [ [ [ [ -104.929146, 38.856336 ], [ -104.929099, 38.8562639 ], [ -104.9290466, 38.8562846 ], [ -104.9290935, 38.8563567 ], [ -104.929146, 38.856336 ] ] ] ] } },
{ "type": "Feature", "properties": { "full_id": "w56228894", "osm_id": "56228894", "osm_type": "way", "roof:shape": null, "shelter_type": null, "train": null, "tactile_paving": null, "shelter": null, "railway": null, "public_transport": null, "lit": null, "bin": null, "bench": null, "tourism": null, "tents": null, "caravans": null, "backcountry": null, "fence_type": null, "barrier": null, "wheelchair": null, "unisex": null, "toilets:disposal": null, "building:levels": null, "addr:street": null, "addr:state": null, "addr:postcode": null, "addr:housenumber": null, "addr:city": null, "man_made": null, "building": "yes", "payment:website_pay": null, "payment:credit_cards": null, "charge": null, "capacity": null, "sport": null, "leisure": null, "access": null, "surface": null, "parking": null, "fee": null, "amenity": null, "ele": null, "tiger:STATEFP": null, "tiger:PLCIDFP": null, "tiger:PLACEFP": null, "tiger:PCINECTA": null, "tiger:PCICBSA": null, "tiger:NAMELSAD": null, "tiger:NAME": null, "tiger:MTFCC": null, "tiger:LSAD": null, "tiger:FUNCSTAT": null, "tiger:CPI": null, "tiger:CLASSFP": null, "place": null, "owner": null, "leaf_cycle": null, "landuse": null, "source:population": null, "website": null, "population": null, "nist:state_fips": null, "nist:fips_code": null, "border_type": null, "attribution": null, "alt_name": null, "admin_level": null, "leaf_type": null, "waterway": null, "ref:US:NID": null, "water": null, "natural": null, "wikipedia": null, "wikidata": null, "type": null, "ref:US:USFS:proclaimed_forest_number": null, "protection_title": null, "protected_area": null, "protected": null, "protect_class": null, "ownership": null, "operator:wikipedia": null, "operator:wikidata": null, "operator:type": null, "operator:short": null, "operator": null, "name": null, "gnis:feature_id": null, "boundary": null }, "geometry": { "type": "MultiPolygon", "coordinates": [ [ [ [ -104.9326231, 38.8629321 ], [ -104.9325265, 38.8630407 ], [ -104.9323307, 38.8629363 ], [ -104.9324219, 38.8628193 ], [ -104.9326231, 38.8629321 ] ] ] ] } },
{ "type": "Feature", "properties": { "full_id": "w1551456782", "osm_id": "1551456782", "osm_type": "way", "roof:shape": null, "shelter_type": null, "train": null, "tactile_paving": null, "shelter": null, "railway": null, "public_transport": null, "lit": null, "bin": null, "bench": null, "tourism": null, "tents": null, "caravans": null, "backcountry": null, "fence_type": null, "barrier": null, "wheelchair": null, "unisex": null, "toilets:disposal": null, "building:levels": null, "addr:street": null, "addr:state": null, "addr:postcode": null, "addr:housenumber": null, "addr:city": null, "man_made": null, "building": "yes", "payment:website_pay": null, "payment:credit_cards": null, "charge": null, "capacity": null, "sport": null, "leisure": null, "access": null, "surface": null, "parking": null, "fee": null, "amenity": null, "ele": null, "tiger:STATEFP": null, "tiger:PLCIDFP": null, "tiger:PLACEFP": null, "tiger:PCINECTA": null, "tiger:PCICBSA": null, "tiger:NAMELSAD": null, "tiger:NAME": null, "tiger:MTFCC": null, "tiger:LSAD": null, "tiger:FUNCSTAT": null, "tiger:CPI": null, "tiger:CLASSFP": null, "place": null, "owner": null, "leaf_cycle": null, "landuse": null, "source:population": null, "website": null, "population": null, "nist:state_fips": null, "nist:fips_code": null, "border_type": null, "attribution": null, "alt_name": null, "admin_level": null, "leaf_type": null, "waterway": null, "ref:US:NID": null, "water": null, "natural": null, "wikipedia": null, "wikidata": null, "type": null, "ref:US:USFS:proclaimed_forest_number": null, "protection_title": null, "protected_area": null, "protected": null, "protect_class": null, "ownership": null, "operator:wikipedia": null, "operator:wikidata": null, "operator:type": null, "operator:short": null, "operator": null, "name": null, "gnis:feature_id": null, "boundary": null }, "geometry": { "type": "MultiPolygon", "coordinates": [ [ [ [ -104.9333656, 38.8553611 ], [ -104.9333015, 38.8553186 ], [ -104.9333764, 38.85525 ], [ -104.933404, 38.8552683 ], [ -104.9334207, 38.855253 ], [ -104.9334572, 38.8552772 ], [ -104.9333656, 38.8553611 ] ] ] ] } },
{ "type": "Feature", "properties": { "full_id": "w56228893", "osm_id": "56228893", "osm_type": "way", "roof:shape": null, "shelter_type": null, "train": null, "tactile_paving": null, "shelter": null, "railway": null, "public_transport": null, "lit": null, "bin": null, "bench": null, "tourism": null, "tents": null, "caravans": null, "backcountry": null, "fence_type": null, "barrier": null, "wheelchair": null, "unisex": null, "toilets:disposal": null, "building:levels": null, "addr:street": null, "addr:state": null, "addr:postcode": null, "addr:housenumber": null, "addr:city": null, "man_made": null, "building": null, "payment:website_pay": null, "payment:credit_cards": null, "charge": null, "capacity": null, "sport": null, "leisure": null, "access": null, "surface": null, "parking": null, "fee": null, "amenity": null, "ele": null, "tiger:STATEFP": null, "tiger:PLCIDFP": null, "tiger:PLACEFP": null, "tiger:PCINECTA": null, "tiger:PCICBSA": null, "tiger:NAMELSAD": null, "tiger:NAME": null, "tiger:MTFCC": null, "tiger:LSAD": null, "tiger:FUNCSTAT": null, "tiger:CPI": null, "tiger:CLASSFP": null, "place": null, "owner": null, "leaf_cycle": null, "landuse": null, "source:population": null, "website": null, "population": null, "nist:state_fips": null, "nist:fips_code": null, "border_type": null, "attribution": null, "alt_name": null, "admin_level": null, "leaf_type": null, "waterway": null, "ref:US:NID": null, "water": "reservoir", "natural": "water", "wikipedia": null, "wikidata": null, "type": null, "ref:US:USFS:proclaimed_forest_number": null, "protection_title": null, "protected_area": null, "protected": null, "protect_class": null, "ownership": null, "operator:wikipedia": null, "operator:wikidata": null, "operator:type": null, "operator:short": null, "operator": null, "name": null, "gnis:feature_id": null, "boundary": null }, "geometry": { "type": "MultiPolygon", "coordinates": [ [ [ [ -104.9335565, 38.8634751 ], [ -104.9335216, 38.8634751 ], [ -104.9334787, 38.8634876 ], [ -104.933425, 38.8634709 ], [ -104.9333902, 38.8634459 ], [ -104.9333499, 38.8633978 ], [ -104.9333258, 38.8633644 ], [ -104.9333017, 38.8633352 ], [ -104.9333258, 38.8633143 ], [ -104.9333741, 38.8633143 ], [ -104.9334492, 38.8633227 ], [ -104.9335189, 38.8633477 ], [ -104.9335752, 38.8633728 ], [ -104.9335994, 38.8633999 ], [ -104.9335833, 38.8634375 ], [ -104.9335565, 38.8634751 ] ] ] ] } },
{ "type": "Feature", "properties": { "full_id": "w1543102669", "osm_id": "1543102669", "osm_type": "way", "roof:shape": null, "shelter_type": null, "train": null, "tactile_paving": null, "shelter": null, "railway": null, "public_transport": null, "lit": null, "bin": null, "bench": null, "tourism": null, "tents": null, "caravans": null, "backcountry": null, "fence_type": null, "barrier": null, "wheelchair": null, "unisex": null, "toilets:disposal": null, "building:levels": null, "addr:street": null, "addr:state": null, "addr:postcode": null, "addr:housenumber": null, "addr:city": null, "man_made": null, "building": "yes", "payment:website_pay": null, "payment:credit_cards": null, "charge": null, "capacity": null, "sport": null, "leisure": null, "access": null, "surface": null, "parking": null, "fee": null, "amenity": null, "ele": null, "tiger:STATEFP": null, "tiger:PLCIDFP": null, "tiger:PLACEFP": null, "tiger:PCINECTA": null, "tiger:PCICBSA": null, "tiger:NAMELSAD": null, "tiger:NAME": null, "tiger:MTFCC": null, "tiger:LSAD": null, "tiger:FUNCSTAT": null, "tiger:CPI": null, "tiger:CLASSFP": null, "place": null, "owner": null, "leaf_cycle": null, "landuse": null, "source:population": null, "website": null, "population": null, "nist:state_fips": null, "nist:fips_code": null, "border_type": null, "attribution": null, "alt_name": null, "admin_level": null, "leaf_type": null, "waterway": null, "ref:US:NID": null, "water": null, "natural": null, "wikipedia": null, "wikidata": null, "type": null, "ref:US:USFS:proclaimed_forest_number": null, "protection_title": null, "protected_area": null, "protected": null, "protect_class": null, "ownership": null, "operator:wikipedia": null, "operator:wikidata": null, "operator:type": null, "operator:short": null, "operator": null, "name": null, "gnis:feature_id": null, "boundary": null }, "geometry": { "type": "MultiPolygon", "coordinates": [ [ [ [ -104.9312605, 38.8550748 ], [ -104.9312332, 38.8551562 ], [ -104.9310809, 38.8551253 ], [ -104.9310994, 38.8550699 ], [ -104.9311728, 38.8550848 ], [ -104.9311815, 38.8550587 ], [ -104.9312605, 38.8550748 ] ] ] ] } },
{ "type": "Feature", "properties": { "full_id": "w56228892", "osm_id": "56228892", "osm_type": "way", "roof:shape": null, "shelter_type": null, "train": null, "tactile_paving": null, "shelter": null, "railway": null, "public_transport": null, "lit": null, "bin": null, "bench": null, "tourism": null, "tents": null, "caravans": null, "backcountry": null, "fence_type": null, "barrier": null, "wheelchair": null, "unisex": null, "toilets:disposal": null, "building:levels": null, "addr:street": null, "addr:state": null, "addr:postcode": null, "addr:housenumber": null, "addr:city": null, "man_made": "reservoir_covered", "building": "yes", "payment:website_pay": null, "payment:credit_cards": null, "charge": null, "capacity": null, "sport": null, "leisure": null, "access": null, "surface": null, "parking": null, "fee": null, "amenity": null, "ele": null, "tiger:STATEFP": null, "tiger:PLCIDFP": null, "tiger:PLACEFP": null, "tiger:PCINECTA": null, "tiger:PCICBSA": null, "tiger:NAMELSAD": null, "tiger:NAME": null, "tiger:MTFCC": null, "tiger:LSAD": null, "tiger:FUNCSTAT": null, "tiger:CPI": null, "tiger:CLASSFP": null, "place": null, "owner": null, "leaf_cycle": null, "landuse": null, "source:population": null, "website": null, "population": null, "nist:state_fips": null, "nist:fips_code": null, "border_type": null, "attribution": null, "alt_name": null, "admin_level": null, "leaf_type": null, "waterway": null, "ref:US:NID": null, "water": null, "natural": null, "wikipedia": null, "wikidata": null, "type": null, "ref:US:USFS:proclaimed_forest_number": null, "protection_title": null, "protected_area": null, "protected": null, "protect_class": null, "ownership": null, "operator:wikipedia": null, "operator:wikidata": null, "operator:type": null, "operator:short": null, "operator": null, "name": null, "gnis:feature_id": null, "boundary": null }, "geometry": { "type": "MultiPolygon", "coordinates": [ [ [ [ -104.9286641, 38.8616999 ], [ -104.9285971, 38.8616957 ], [ -104.9285407, 38.8616748 ], [ -104.9284925, 38.8616372 ], [ -104.9284764, 38.8615892 ], [ -104.9284764, 38.8615411 ], [ -104.9284978, 38.8615015 ], [ -104.928538, 38.8614701 ], [ -104.9285729, 38.8614472 ], [ -104.9286427, 38.8614409 ], [ -104.9287017, 38.8614493 ], [ -104.928758, 38.8614848 ], [ -104.9287929, 38.861537 ], [ -104.9288009, 38.8615934 ], [ -104.9287768, 38.8616435 ], [ -104.9287312, 38.8616811 ], [ -104.9286641, 38.8616999 ] ] ] ] } },
{ "type": "Feature", "properties": { "full_id": "w1543102668", "osm_id": "1543102668", "osm_type": "way", "roof:shape": null, "shelter_type": null, "train": null, "tactile_paving": null, "shelter": null, "railway": null, "public_transport": null, "lit": null, "bin": null, "bench": null, "tourism": null, "tents": null, "caravans": null, "backcountry": null, "fence_type": null, "barrier": null, "wheelchair": null, "unisex": null, "toilets:disposal": null, "building:levels": null, "addr:street": null, "addr:state": null, "addr:postcode": null, "addr:housenumber": null, "addr:city": null, "man_made": null, "building": "yes", "payment:website_pay": null, "payment:credit_cards": null, "charge": null, "capacity": null, "sport": null, "leisure": null, "access": null, "surface": null, "parking": null, "fee": null, "amenity": null, "ele": null, "tiger:STATEFP": null, "tiger:PLCIDFP": null, "tiger:PLACEFP": null, "tiger:PCINECTA": null, "tiger:PCICBSA": null, "tiger:NAMELSAD": null, "tiger:NAME": null, "tiger:MTFCC": null, "tiger:LSAD": null, "tiger:FUNCSTAT": null, "tiger:CPI": null, "tiger:CLASSFP": null, "place": null, "owner": null, "leaf_cycle": null, "landuse": null, "source:population": null, "website": null, "population": null, "nist:state_fips": null, "nist:fips_code": null, "border_type": null, "attribution": null, "alt_name": null, "admin_level": null, "leaf_type": null, "waterway": null, "ref:US:NID": null, "water": null, "natural": null, "wikipedia": null, "wikidata": null, "type": null, "ref:US:USFS:proclaimed_forest_number": null, "protection_title": null, "protected_area": null, "protected": null, "protect_class": null, "ownership": null, "operator:wikipedia": null, "operator:wikidata": null, "operator:type": null, "operator:short": null, "operator": null, "name": null, "gnis:feature_id": null, "boundary": null }, "geometry": { "type": "MultiPolygon", "coordinates": [ [ [ [ -104.930346, 38.8557666 ], [ -104.9303244, 38.8556693 ], [ -104.9301216, 38.8556966 ], [ -104.9301331, 38.8557483 ], [ -104.9301915, 38.8557404 ], [ -104.9302016, 38.8557861 ], [ -104.930346, 38.8557666 ] ] ] ] } },
{ "type": "Feature", "properties": { "full_id": "w56229330", "osm_id": "56229330", "osm_type": "way", "roof:shape": null, "shelter_type": null, "train": null, "tactile_paving": null, "shelter": null, "railway": null, "public_transport": null, "lit": null, "bin": null, "bench": null, "tourism": null, "tents": null, "caravans": null, "backcountry": null, "fence_type": null, "barrier": null, "wheelchair": null, "unisex": null, "toilets:disposal": null, "building:levels": null, "addr:street": null, "addr:state": null, "addr:postcode": null, "addr:housenumber": null, "addr:city": null, "man_made": null, "building": null, "payment:website_pay": null, "payment:credit_cards": null, "charge": null, "capacity": null, "sport": null, "leisure": null, "access": "permissive", "surface": null, "parking": "surface", "fee": "yes", "amenity": "parking", "ele": null, "tiger:STATEFP": null, "tiger:PLCIDFP": null, "tiger:PLACEFP": null, "tiger:PCINECTA": null, "tiger:PCICBSA": null, "tiger:NAMELSAD": null, "tiger:NAME": null, "tiger:MTFCC": null, "tiger:LSAD": null, "tiger:FUNCSTAT": null, "tiger:CPI": null, "tiger:CLASSFP": null, "place": null, "owner": null, "leaf_cycle": null, "landuse": null, "source:population": null, "website": null, "population": null, "nist:state_fips": null, "nist:fips_code": null, "border_type": null, "attribution": null, "alt_name": null, "admin_level": null, "leaf_type": null, "waterway": null, "ref:US:NID": null, "water": null, "natural": null, "wikipedia": null, "wikidata": null, "type": null, "ref:US:USFS:proclaimed_forest_number": null, "protection_title": null, "protected_area": null, "protected": null, "protect_class": null, "ownership": null, "operator:wikipedia": null, "operator:wikidata": null, "operator:type": null, "operator:short": null, "operator": "Cog Railway", "name": "Cog Railway Roundtrip Parking", "gnis:feature_id": null, "boundary": null }, "geometry": { "type": "MultiPolygon", "coordinates": [ [ [ [ -104.9319042, 38.8565702 ], [ -104.9319632, 38.8567812 ], [ -104.9320088, 38.8568982 ], [ -104.9318452, 38.856917 ], [ -104.9314617, 38.8569295 ], [ -104.9314566, 38.8568903 ], [ -104.9314559, 38.8568754 ], [ -104.9314563, 38.8568648 ], [ -104.931459, 38.8567896 ], [ -104.9312954, 38.8567749 ], [ -104.9311868, 38.8567566 ], [ -104.9311478, 38.8567499 ], [ -104.930948, 38.8567132 ], [ -104.9309686, 38.8566518 ], [ -104.9309064, 38.8565577 ], [ -104.9307777, 38.8565473 ], [ -104.9307053, 38.8565306 ], [ -104.9306489, 38.8565076 ], [ -104.9306731, 38.85647 ], [ -104.9307509, 38.856424 ], [ -104.9308796, 38.8563885 ], [ -104.9308635, 38.8563363 ], [ -104.9310325, 38.8562799 ], [ -104.9311747, 38.8562444 ], [ -104.9314938, 38.856165 ], [ -104.9316709, 38.8561254 ], [ -104.9318318, 38.8560648 ], [ -104.9327598, 38.8555362 ], [ -104.9330167, 38.8557143 ], [ -104.932417, 38.8560863 ], [ -104.9322128, 38.856247 ], [ -104.9321942, 38.8564976 ], [ -104.9321027, 38.8565034 ], [ -104.9319042, 38.8565702 ] ] ] ] } },
{ "type": "Feature", "properties": { "full_id": "w1543102667", "osm_id": "1543102667", "osm_type": "way", "roof:shape": null, "shelter_type": null, "train": null, "tactile_paving": null, "shelter": null, "railway": null, "public_transport": null, "lit": null, "bin": null, "bench": null, "tourism": null, "tents": null, "caravans": null, "backcountry": null, "fence_type": null, "barrier": null, "wheelchair": null, "unisex": null, "toilets:disposal": null, "building:levels": null, "addr:street": null, "addr:state": null, "addr:postcode": null, "addr:housenumber": null, "addr:city": null, "man_made": null, "building": "yes", "payment:website_pay": null, "payment:credit_cards": null, "charge": null, "capacity": null, "sport": null, "leisure": null, "access": null, "surface": null, "parking": null, "fee": null, "amenity": null, "ele": null, "tiger:STATEFP": null, "tiger:PLCIDFP": null, "tiger:PLACEFP": null, "tiger:PCINECTA": null, "tiger:PCICBSA": null, "tiger:NAMELSAD": null, "tiger:NAME": null, "tiger:MTFCC": null, "tiger:LSAD": null, "tiger:FUNCSTAT": null, "tiger:CPI": null, "tiger:CLASSFP": null, "place": null, "owner": null, "leaf_cycle": null, "landuse": null, "source:population": null, "website": null, "population": null, "nist:state_fips": null, "nist:fips_code": null, "border_type": null, "attribution": null, "alt_name": null, "admin_level": null, "leaf_type": null, "waterway": null, "ref:US:NID": null, "water": null, "natural": null, "wikipedia": null, "wikidata": null, "type": null, "ref:US:USFS:proclaimed_forest_number": null, "protection_title": null, "protected_area": null, "protected": null, "protect_class": null, "ownership": null, "operator:wikipedia": null, "operator:wikidata": null, "operator:type": null, "operator:short": null, "operator": null, "name": null, "gnis:feature_id": null, "boundary": null }, "geometry": { "type": "MultiPolygon", "coordinates": [ [ [ [ -104.9297056, 38.8556059 ], [ -104.9297197, 38.8555809 ], [ -104.9296712, 38.8554775 ], [ -104.9294228, 38.855548 ], [ -104.9294799, 38.85567 ], [ -104.9297056, 38.8556059 ] ] ] ] } },
{ "type": "Feature", "properties": { "full_id": "w56229313", "osm_id": "56229313", "osm_type": "way", "roof:shape": null, "shelter_type": null, "train": null, "tactile_paving": null, "shelter": null, "railway": null, "public_transport": null, "lit": null, "bin": null, "bench": null, "tourism": null, "tents": null, "caravans": null, "backcountry": null, "fence_type": null, "barrier": null, "wheelchair": "yes", "unisex": "yes", "toilets:disposal": "flush", "building:levels": null, "addr:street": null, "addr:state": null, "addr:postcode": null, "addr:housenumber": null, "addr:city": null, "man_made": null, "building": "yes", "payment:website_pay": null, "payment:credit_cards": null, "charge": null, "capacity": null, "sport": null, "leisure": null, "access": "yes", "surface": null, "parking": null, "fee": null, "amenity": "toilets", "ele": null, "tiger:STATEFP": null, "tiger:PLCIDFP": null, "tiger:PLACEFP": null, "tiger:PCINECTA": null, "tiger:PCICBSA": null, "tiger:NAMELSAD": null, "tiger:NAME": null, "tiger:MTFCC": null, "tiger:LSAD": null, "tiger:FUNCSTAT": null, "tiger:CPI": null, "tiger:CLASSFP": null, "place": null, "owner": null, "leaf_cycle": null, "landuse": null, "source:population": null, "website": null, "population": null, "nist:state_fips": null, "nist:fips_code": null, "border_type": null, "attribution": null, "alt_name": null, "admin_level": null, "leaf_type": null, "waterway": null, "ref:US:NID": null, "water": null, "natural": null, "wikipedia": null, "wikidata": null, "type": null, "ref:US:USFS:proclaimed_forest_number": null, "protection_title": null, "protected_area": null, "protected": null, "protect_class": null, "ownership": null, "operator:wikipedia": null, "operator:wikidata": null, "operator:type": null, "operator:short": null, "operator": null, "name": null, "gnis:feature_id": null, "boundary": null }, "geometry": { "type": "MultiPolygon", "coordinates": [ [ [ [ -104.9338679, 38.8554914 ], [ -104.9338244, 38.8555056 ], [ -104.9337966, 38.8555146 ], [ -104.9337661, 38.8554577 ], [ -104.9338374, 38.8554346 ], [ -104.9338679, 38.8554914 ] ] ] ] } },
{ "type": "Feature", "properties": { "full_id": "w1551456786", "osm_id": "1551456786", "osm_type": "way", "roof:shape": null, "shelter_type": null, "train": null, "tactile_paving": null, "shelter": null, "railway": null, "public_transport": null, "lit": null, "bin": null, "bench": null, "tourism": null, "tents": null, "caravans": null, "backcountry": null, "fence_type": null, "barrier": null, "wheelchair": null, "unisex": null, "toilets:disposal": null, "building:levels": null, "addr:street": null, "addr:state": null, "addr:postcode": null, "addr:housenumber": null, "addr:city": null, "man_made": null, "building": "yes", "payment:website_pay": null, "payment:credit_cards": null, "charge": null, "capacity": null, "sport": null, "leisure": null, "access": null, "surface": null, "parking": null, "fee": null, "amenity": null, "ele": null, "tiger:STATEFP": null, "tiger:PLCIDFP": null, "tiger:PLACEFP": null, "tiger:PCINECTA": null, "tiger:PCICBSA": null, "tiger:NAMELSAD": null, "tiger:NAME": null, "tiger:MTFCC": null, "tiger:LSAD": null, "tiger:FUNCSTAT": null, "tiger:CPI": null, "tiger:CLASSFP": null, "place": null, "owner": null, "leaf_cycle": null, "landuse": null, "source:population": null, "website": null, "population": null, "nist:state_fips": null, "nist:fips_code": null, "border_type": null, "attribution": null, "alt_name": null, "admin_level": null, "leaf_type": null, "waterway": null, "ref:US:NID": null, "water": null, "natural": null, "wikipedia": null, "wikidata": null, "type": null, "ref:US:USFS:proclaimed_forest_number": null, "protection_title": null, "protected_area": null, "protected": null, "protect_class": null, "ownership": null, "operator:wikipedia": null, "operator:wikidata": null, "operator:type": null, "operator:short": null, "operator": null, "name": null, "gnis:feature_id": null, "boundary": null }, "geometry": { "type": "MultiPolygon", "coordinates": [ [ [ [ -104.9335333, 38.8550802 ], [ -104.9334912, 38.8550274 ], [ -104.9334276, 38.8550581 ], [ -104.9334696, 38.8551109 ], [ -104.9335333, 38.8550802 ] ] ] ] } },
{ "type": "Feature", "properties": { "full_id": "w56229311", "osm_id": "56229311", "osm_type": "way", "roof:shape": null, "shelter_type": null, "train": null, "tactile_paving": null, "shelter": null, "railway": null, "public_transport": null, "lit": null, "bin": null, "bench": null, "tourism": null, "tents": null, "caravans": null, "backcountry": null, "fence_type": null, "barrier": null, "wheelchair": null, "unisex": null, "toilets:disposal": null, "building:levels": "2", "addr:street": "Ruxton Avenue", "addr:state": "CO", "addr:postcode": "80829", "addr:housenumber": "515", "addr:city": "Manitou Springs", "man_made": null, "building": "train_station", "payment:website_pay": null, "payment:credit_cards": null, "charge": null, "capacity": null, "sport": null, "leisure": null, "access": null, "surface": null, "parking": null, "fee": null, "amenity": null, "ele": null, "tiger:STATEFP": null, "tiger:PLCIDFP": null, "tiger:PLACEFP": null, "tiger:PCINECTA": null, "tiger:PCICBSA": null, "tiger:NAMELSAD": null, "tiger:NAME": null, "tiger:MTFCC": null, "tiger:LSAD": null, "tiger:FUNCSTAT": null, "tiger:CPI": null, "tiger:CLASSFP": null, "place": null, "owner": null, "leaf_cycle": null, "landuse": null, "source:population": null, "website": null, "population": null, "nist:state_fips": null, "nist:fips_code": null, "border_type": null, "attribution": null, "alt_name": null, "admin_level": null, "leaf_type": null, "waterway": null, "ref:US:NID": null, "water": null, "natural": null, "wikipedia": null, "wikidata": "Q121211165", "type": null, "ref:US:USFS:proclaimed_forest_number": null, "protection_title": null, "protected_area": null, "protected": null, "protect_class": null, "ownership": null, "operator:wikipedia": null, "operator:wikidata": null, "operator:type": null, "operator:short": null, "operator": null, "name": null, "gnis:feature_id": null, "boundary": null }, "geometry": { "type": "MultiPolygon", "coordinates": [ [ [ [ -104.9314591, 38.8560738 ], [ -104.9310948, 38.8561599 ], [ -104.9310597, 38.8560696 ], [ -104.9312235, 38.8560309 ], [ -104.9312431, 38.8560813 ], [ -104.9312692, 38.8560751 ], [ -104.931249, 38.8560234 ], [ -104.9314249, 38.8559818 ], [ -104.9314285, 38.855991 ], [ -104.9314658, 38.8559822 ], [ -104.9314911, 38.8560472 ], [ -104.9314523, 38.8560564 ], [ -104.9314591, 38.8560738 ] ] ] ] } },
{ "type": "Feature", "properties": { "full_id": "w1551456785", "osm_id": "1551456785", "osm_type": "way", "roof:shape": null, "shelter_type": null, "train": null, "tactile_paving": null, "shelter": null, "railway": null, "public_transport": null, "lit": null, "bin": null, "bench": null, "tourism": null, "tents": null, "caravans": null, "backcountry": null, "fence_type": null, "barrier": null, "wheelchair": null, "unisex": null, "toilets:disposal": null, "building:levels": null, "addr:street": null, "addr:state": null, "addr:postcode": null, "addr:housenumber": null, "addr:city": null, "man_made": null, "building": "yes", "payment:website_pay": null, "payment:credit_cards": null, "charge": null, "capacity": null, "sport": null, "leisure": null, "access": null, "surface": null, "parking": null, "fee": null, "amenity": null, "ele": null, "tiger:STATEFP": null, "tiger:PLCIDFP": null, "tiger:PLACEFP": null, "tiger:PCINECTA": null, "tiger:PCICBSA": null, "tiger:NAMELSAD": null, "tiger:NAME": null, "tiger:MTFCC": null, "tiger:LSAD": null, "tiger:FUNCSTAT": null, "tiger:CPI": null, "tiger:CLASSFP": null, "place": null, "owner": null, "leaf_cycle": null, "landuse": null, "source:population": null, "website": null, "population": null, "nist:state_fips": null, "nist:fips_code": null, "border_type": null, "attribution": null, "alt_name": null, "admin_level": null, "leaf_type": null, "waterway": null, "ref:US:NID": null, "water": null, "natural": null, "wikipedia": null, "wikidata": null, "type": null, "ref:US:USFS:proclaimed_forest_number": null, "protection_title": null, "protected_area": null, "protected": null, "protect_class": null, "ownership": null, "operator:wikipedia": null, "operator:wikidata": null, "operator:type": null, "operator:short": null, "operator": null, "name": null, "gnis:feature_id": null, "boundary": null }, "geometry": { "type": "MultiPolygon", "coordinates": [ [ [ [ -104.9336805, 38.8550388 ], [ -104.9336391, 38.8549834 ], [ -104.9335902, 38.8550055 ], [ -104.9335457, 38.8549458 ], [ -104.9334903, 38.8549709 ], [ -104.9335575, 38.8550609 ], [ -104.9336082, 38.855038 ], [ -104.9336269, 38.855063 ], [ -104.9336805, 38.8550388 ] ] ] ] } },
{ "type": "Feature", "properties": { "full_id": "w56228901", "osm_id": "56228901", "osm_type": "way", "roof:shape": null, "shelter_type": null, "train": null, "tactile_paving": null, "shelter": null, "railway": null, "public_transport": null, "lit": null, "bin": null, "bench": null, "tourism": null, "tents": null, "caravans": null, "backcountry": null, "fence_type": null, "barrier": null, "wheelchair": null, "unisex": null, "toilets:disposal": null, "building:levels": null, "addr:street": null, "addr:state": null, "addr:postcode": null, "addr:housenumber": null, "addr:city": null, "man_made": null, "building": null, "payment:website_pay": null, "payment:credit_cards": null, "charge": null, "capacity": null, "sport": null, "leisure": null, "access": null, "surface": null, "parking": null, "fee": null, "amenity": null, "ele": null, "tiger:STATEFP": null, "tiger:PLCIDFP": null, "tiger:PLACEFP": null, "tiger:PCINECTA": null, "tiger:PCICBSA": null, "tiger:NAMELSAD": null, "tiger:NAME": null, "tiger:MTFCC": null, "tiger:LSAD": null, "tiger:FUNCSTAT": null, "tiger:CPI": null, "tiger:CLASSFP": null, "place": null, "owner": null, "leaf_cycle": null, "landuse": null, "source:population": null, "website": null, "population": null, "nist:state_fips": null, "nist:fips_code": null, "border_type": null, "attribution": null, "alt_name": null, "admin_level": null, "leaf_type": null, "waterway": null, "ref:US:NID": null, "water": "reservoir", "natural": "water", "wikipedia": null, "wikidata": null, "type": null, "ref:US:USFS:proclaimed_forest_number": null, "protection_title": null, "protected_area": null, "protected": null, "protect_class": null, "ownership": null, "operator:wikipedia": null, "operator:wikidata": null, "operator:type": null, "operator:short": null, "operator": null, "name": null, "gnis:feature_id": null, "boundary": null }, "geometry": { "type": "MultiPolygon", "coordinates": [ [ [ [ -104.933999, 38.8638302 ], [ -104.9339534, 38.8638218 ], [ -104.9338917, 38.8637926 ], [ -104.93383, 38.8637362 ], [ -104.9337764, 38.8636798 ], [ -104.9337415, 38.8636338 ], [ -104.9337228, 38.8635983 ], [ -104.9337362, 38.8635586 ], [ -104.9337523, 38.8635211 ], [ -104.9337737, 38.8635043 ], [ -104.9338247, 38.8635336 ], [ -104.9338864, 38.8635837 ], [ -104.9339347, 38.8636401 ], [ -104.9339776, 38.8636965 ], [ -104.9340178, 38.8637591 ], [ -104.9340285, 38.863803 ], [ -104.933999, 38.8638302 ] ] ] ] } },
{ "type": "Feature", "properties": { "full_id": "w1551456784", "osm_id": "1551456784", "osm_type": "way", "roof:shape": null, "shelter_type": null, "train": null, "tactile_paving": null, "shelter": null, "railway": null, "public_transport": null, "lit": null, "bin": null, "bench": null, "tourism": null, "tents": null, "caravans": null, "backcountry": null, "fence_type": null, "barrier": null, "wheelchair": null, "unisex": null, "toilets:disposal": null, "building:levels": null, "addr:street": null, "addr:state": null, "addr:postcode": null, "addr:housenumber": null, "addr:city": null, "man_made": null, "building": "yes", "payment:website_pay": null, "payment:credit_cards": null, "charge": null, "capacity": null, "sport": null, "leisure": null, "access": null, "surface": null, "parking": null, "fee": null, "amenity": null, "ele": null, "tiger:STATEFP": null, "tiger:PLCIDFP": null, "tiger:PLACEFP": null, "tiger:PCINECTA": null, "tiger:PCICBSA": null, "tiger:NAMELSAD": null, "tiger:NAME": null, "tiger:MTFCC": null, "tiger:LSAD": null, "tiger:FUNCSTAT": null, "tiger:CPI": null, "tiger:CLASSFP": null, "place": null, "owner": null, "leaf_cycle": null, "landuse": null, "source:population": null, "website": null, "population": null, "nist:state_fips": null, "nist:fips_code": null, "border_type": null, "attribution": null, "alt_name": null, "admin_level": null, "leaf_type": null, "waterway": null, "ref:US:NID": null, "water": null, "natural": null, "wikipedia": null, "wikidata": null, "type": null, "ref:US:USFS:proclaimed_forest_number": null, "protection_title": null, "protected_area": null, "protected": null, "protect_class": null, "ownership": null, "operator:wikipedia": null, "operator:wikidata": null, "operator:type": null, "operator:short": null, "operator": null, "name": null, "gnis:feature_id": null, "boundary": null }, "geometry": { "type": "MultiPolygon", "coordinates": [ [ [ [ -104.9340185, 38.8550254 ], [ -104.9339552, 38.8550439 ], [ -104.933916, 38.8549629 ], [ -104.9338843, 38.8549722 ], [ -104.9338187, 38.8548365 ], [ -104.9338662, 38.8548226 ], [ -104.933857, 38.8548035 ], [ -104.9339677, 38.8547711 ], [ -104.9340313, 38.8549025 ], [ -104.9339681, 38.8549211 ], [ -104.9340185, 38.8550254 ] ] ] ] } },
{ "type": "Feature", "properties": { "full_id": "w79290563", "osm_id": "79290563", "osm_type": "way", "roof:shape": null, "shelter_type": null, "train": null, "tactile_paving": null, "shelter": null, "railway": null, "public_transport": null, "lit": null, "bin": null, "bench": null, "tourism": null, "tents": null, "caravans": null, "backcountry": null, "fence_type": "chain", "barrier": "fence", "wheelchair": null, "unisex": null, "toilets:disposal": null, "building:levels": null, "addr:street": null, "addr:state": null, "addr:postcode": null, "addr:housenumber": null, "addr:city": null, "man_made": null, "building": null, "payment:website_pay": null, "payment:credit_cards": null, "charge": null, "capacity": null, "sport": null, "leisure": null, "access": null, "surface": null, "parking": null, "fee": null, "amenity": null, "ele": null, "tiger:STATEFP": null, "tiger:PLCIDFP": null, "tiger:PLACEFP": null, "tiger:PCINECTA": null, "tiger:PCICBSA": null, "tiger:NAMELSAD": null, "tiger:NAME": null, "tiger:MTFCC": null, "tiger:LSAD": null, "tiger:FUNCSTAT": null, "tiger:CPI": null, "tiger:CLASSFP": null, "place": null, "owner": null, "leaf_cycle": null, "landuse": "industrial", "source:population": null, "website": null, "population": null, "nist:state_fips": null, "nist:fips_code": null, "border_type": null, "attribution": null, "alt_name": null, "admin_level": null, "leaf_type": null, "waterway": null, "ref:US:NID": null, "water": null, "natural": null, "wikipedia": null, "wikidata": null, "type": null, "ref:US:USFS:proclaimed_forest_number": null, "protection_title": null, "protected_area": null, "protected": null, "protect_class": null, "ownership": null, "operator:wikipedia": null, "operator:wikidata": null, "operator:type": null, "operator:short": null, "operator": null, "name": "Manitou Springs Water Reservior", "gnis:feature_id": null, "boundary": null }, "geometry": { "type": "MultiPolygon", "coordinates": [ [ [ [ -104.9322063, 38.8628403 ], [ -104.9322947, 38.8627327 ], [ -104.932378, 38.8626315 ], [ -104.932445, 38.8627254 ], [ -104.9325067, 38.8627735 ], [ -104.9326355, 38.8628382 ], [ -104.932732, 38.8628862 ], [ -104.9328983, 38.8629552 ], [ -104.9330566, 38.863022 ], [ -104.933196, 38.8630763 ], [ -104.9333623, 38.8631348 ], [ -104.9335769, 38.8632121 ], [ -104.9337915, 38.8633332 ], [ -104.9339497, 38.8634397 ], [ -104.9340704, 38.8635525 ], [ -104.9341348, 38.8636444 ], [ -104.9342287, 38.8637885 ], [ -104.9344206, 38.8638769 ], [ -104.9344459, 38.8638929 ], [ -104.9341204, 38.8641633 ], [ -104.9338286, 38.8643366 ], [ -104.933512, 38.8640707 ], [ -104.9334387, 38.8640438 ], [ -104.9331718, 38.8636572 ], [ -104.9330404, 38.8635593 ], [ -104.9328814, 38.8634656 ], [ -104.9321071, 38.8630113 ], [ -104.9322063, 38.8628403 ] ] ] ] } },
{ "type": "Feature", "properties": { "full_id": "w1551456783", "osm_id": "1551456783", "osm_type": "way", "roof:shape": null, "shelter_type": null, "train": null, "tactile_paving": null, "shelter": null, "railway": null, "public_transport": null, "lit": null, "bin": null, "bench": null, "tourism": null, "tents": null, "caravans": null, "backcountry": null, "fence_type": null, "barrier": null, "wheelchair": null, "unisex": null, "toilets:disposal": null, "building:levels": null, "addr:street": null, "addr:state": null, "addr:postcode": null, "addr:housenumber": null, "addr:city": null, "man_made": null, "building": "yes", "payment:website_pay": null, "payment:credit_cards": null, "charge": null, "capacity": null, "sport": null, "leisure": null, "access": null, "surface": null, "parking": null, "fee": null, "amenity": null, "ele": null, "tiger:STATEFP": null, "tiger:PLCIDFP": null, "tiger:PLACEFP": null, "tiger:PCINECTA": null, "tiger:PCICBSA": null, "tiger:NAMELSAD": null, "tiger:NAME": null, "tiger:MTFCC": null, "tiger:LSAD": null, "tiger:FUNCSTAT": null, "tiger:CPI": null, "tiger:CLASSFP": null, "place": null, "owner": null, "leaf_cycle": null, "landuse": null, "source:population": null, "website": null, "population": null, "nist:state_fips": null, "nist:fips_code": null, "border_type": null, "attribution": null, "alt_name": null, "admin_level": null, "leaf_type": null, "waterway": null, "ref:US:NID": null, "water": null, "natural": null, "wikipedia": null, "wikidata": null, "type": null, "ref:US:USFS:proclaimed_forest_number": null, "protection_title": null, "protected_area": null, "protected": null, "protect_class": null, "ownership": null, "operator:wikipedia": null, "operator:wikidata": null, "operator:type": null, "operator:short": null, "operator": null, "name": null, "gnis:feature_id": null, "boundary": null }, "geometry": { "type": "MultiPolygon", "coordinates": [ [ [ [ -104.933297, 38.8553065 ], [ -104.9332038, 38.8552414 ], [ -104.9332978, 38.8551597 ], [ -104.9333138, 38.8551709 ], [ -104.9333748, 38.8551179 ], [ -104.9334164, 38.855147 ], [ -104.9333598, 38.8551962 ], [ -104.9333954, 38.855221 ], [ -104.933297, 38.8553065 ] ] ] ] } },
{ "type": "Feature", "properties": { "full_id": "w79059403", "osm_id": "79059403", "osm_type": "way", "roof:shape": null, "shelter_type": null, "train": null, "tactile_paving": null, "shelter": null, "railway": null, "public_transport": null, "lit": null, "bin": null, "bench": null, "tourism": null, "tents": null, "caravans": null, "backcountry": null, "fence_type": null, "barrier": null, "wheelchair": null, "unisex": null, "toilets:disposal": null, "building:levels": null, "addr:street": null, "addr:state": null, "addr:postcode": null, "addr:housenumber": null, "addr:city": null, "man_made": null, "building": "yes", "payment:website_pay": null, "payment:credit_cards": null, "charge": null, "capacity": null, "sport": null, "leisure": null, "access": null, "surface": null, "parking": null, "fee": null, "amenity": null, "ele": null, "tiger:STATEFP": null, "tiger:PLCIDFP": null, "tiger:PLACEFP": null, "tiger:PCINECTA": null, "tiger:PCICBSA": null, "tiger:NAMELSAD": null, "tiger:NAME": null, "tiger:MTFCC": null, "tiger:LSAD": null, "tiger:FUNCSTAT": null, "tiger:CPI": null, "tiger:CLASSFP": null, "place": null, "owner": null, "leaf_cycle": null, "landuse": null, "source:population": null, "website": null, "population": null, "nist:state_fips": null, "nist:fips_code": null, "border_type": null, "attribution": null, "alt_name": null, "admin_level": null, "leaf_type": null, "waterway": null, "ref:US:NID": null, "water": null, "natural": null, "wikipedia": null, "wikidata": null, "type": null, "ref:US:USFS:proclaimed_forest_number": null, "protection_title": null, "protected_area": null, "protected": null, "protect_class": null, "ownership": null, "operator:wikipedia": null, "operator:wikidata": null, "operator:type": null, "operator:short": null, "operator": null, "name": "Barr Camp", "gnis:feature_id": null, "boundary": null }, "geometry": { "type": "MultiPolygon", "coordinates": [ [ [ [ -105.0070988, 38.8479322 ], [ -105.0069728, 38.8479468 ], [ -105.0069594, 38.8478862 ], [ -105.0069976, 38.8478805 ], [ -105.0069754, 38.8477985 ], [ -105.0070398, 38.847788 ], [ -105.0070613, 38.8478679 ], [ -105.0070881, 38.8478632 ], [ -105.0070921, 38.8478841 ], [ -105.0071055, 38.8478836 ], [ -105.0071102, 38.8479102 ], [ -105.0070961, 38.8479118 ], [ -105.0070988, 38.8479322 ] ] ] ] } }
]
}
