{
"type": "FeatureCollection",
"name": "BarIncline",
"crs": { "type": "name", "properties": { "name": "urn:ogc:def:crs:OGC:1.3:CRS84" } },
"features": [
{ "type": "Feature", "properties": { "full_id": "r4467561", "osm_id": "4467561", "osm_type": "relation", "route": "hiking", "to": null, "from": null, "roundtrip": "no", "operator": "U.S. Forest Service", "distance": "19", "descriptio": "Barr Trail is a 13-mile (21 km) trail in the Pike National Forest that begins in Manitou Springs, Colorado and ends at the Pikes Peak summit.", "ascent": "2210", "modifier": null, "website": "https://www.fs.usda.gov/recarea/psicc/recarea/?recid=12559", "old_railwa": null, "wikipedia": "en:Barr Trail", "wikidata": "Q4863113", "type": "route", "symbol": null, "ref": null, "network": "lnw", "name": "Barr Trail", "is_in_stat": null }, "geometry": { "type": "MultiLineString", "coordinates": [ [ [ -104.9339455, 38.8558216 ], [ -104.9339411, 38.8557681 ], [ -104.9339369, 38.8557161 ] ], [ [ -104.9339369, 38.8557161 ], [ -104.9339958, 38.8557194 ], [ -104.9340184, 38.8557239 ], [ -104.9340466, 38.8557505 ], [ -104.9340665, 38.8557457 ], [ -104.9341115, 38.8557634 ] ], [ [ -104.9341115, 38.8557634 ], [ -104.9341208, 38.8557282 ], [ -104.9341258, 38.8556797 ], [ -104.9341218, 38.8556567 ], [ -104.9340991, 38.8555906 ], [ -104.9340817, 38.8555555 ], [ -104.9340739, 38.8555198 ] ], [ [ -104.9340739, 38.8555198 ], [ -104.9340762, 38.8555029 ], [ -104.9340809, 38.8554877 ], [ -104.9341034, 38.8554558 ], [ -104.9341311, 38.8554364 ], [ -104.934137, 38.855485 ], [ -104.9341185, 38.8555094 ], [ -104.9341413, 38.8555245 ] ], [ [ -104.9341413, 38.8555245 ], [ -104.9341807, 38.855523 ], [ -104.934204, 38.8555366 ], [ -104.934223, 38.8555695 ], [ -104.9342519, 38.8555624 ], [ -104.9344228, 38.8556679 ], [ -104.9345086, 38.8557306 ] ], [ [ -104.9345086, 38.8557306 ], [ -104.9345462, 38.8557807 ], [ -104.9345811, 38.8558225 ], [ -104.9346025, 38.8558225 ], [ -104.9345945, 38.8557849 ], [ -104.9345623, 38.8557452 ], [ -104.9345435, 38.8556951 ] ], [ [ -104.9345435, 38.8556951 ], [ -104.9345247, 38.8556575 ], [ -104.9345033, 38.8556262 ], [ -104.9344389, 38.8555718 ], [ -104.9344067, 38.855528 ], [ -104.934404, 38.8554883 ], [ -104.9344201, 38.8554298 ], [ -104.934463, 38.8553818 ], [ -104.9344872, 38.8553337 ], [ -104.9344872, 38.8552878 ] ], [ [ -104.9344872, 38.8552878 ], [ -104.9344791, 38.8552293 ], [ -104.9344791, 38.8551896 ], [ -104.9344872, 38.8551541 ], [ -104.9345221, 38.8551165 ], [ -104.9346106, 38.855081 ] ], [ [ -104.9346106, 38.855081 ], [ -104.9346884, 38.8550434 ], [ -104.9347769, 38.8549891 ], [ -104.9348168, 38.8549146 ] ], [ [ -104.9348168, 38.8549146 ], [ -104.9348379, 38.854914 ], [ -104.9348339, 38.8549855 ], [ -104.9348117, 38.8550413 ] ], [ [ -104.9348117, 38.8550413 ], [ -104.9347742, 38.8551061 ], [ -104.934742, 38.8551541 ], [ -104.9347044, 38.8551854 ], [ -104.9346696, 38.855223 ], [ -104.9346562, 38.8552606 ], [ -104.9346745, 38.8553048 ], [ -104.9346861, 38.8553565 ], [ -104.9346903, 38.8554038 ], [ -104.9347098, 38.8554423 ] ], [ [ -104.9347098, 38.8554423 ], [ -104.9347653, 38.855476 ], [ -104.934789, 38.855487 ], [ -104.9347904, 38.8554788 ], [ -104.9347652, 38.8554529 ], [ -104.9347635, 38.8553964 ] ], [ [ -104.9347635, 38.8553964 ], [ -104.9347876, 38.8553484 ], [ -104.9348251, 38.8552752 ], [ -104.9348842, 38.8552335 ] ], [ [ -104.9348842, 38.8552335 ], [ -104.9349828, 38.8552026 ], [ -104.9350478, 38.8551499 ], [ -104.9350907, 38.8551061 ], [ -104.9350853, 38.8550664 ] ], [ [ -104.9350853, 38.8550664 ], [ -104.9350853, 38.8550392 ], [ -104.9351041, 38.8550037 ], [ -104.9351336, 38.8549786 ], [ -104.9351416, 38.8549369 ], [ -104.9351363, 38.8548951 ], [ -104.9351416, 38.8548429 ], [ -104.9351604, 38.8547865 ], [ -104.9352007, 38.854705 ], [ -104.9352355, 38.8546716 ], [ -104.9353079, 38.8546465 ], [ -104.9353696, 38.8545922 ], [ -104.9353938, 38.8545609 ], [ -104.9354447, 38.8545379 ], [ -104.9355037, 38.8544794 ], [ -104.9355467, 38.8544293 ], [ -104.9355869, 38.8543646 ], [ -104.9356405, 38.8543311 ], [ -104.9357156, 38.8542956 ], [ -104.9358176, 38.8542852 ], [ -104.9359195, 38.8542685 ], [ -104.9360241, 38.8542392 ], [ -104.9361019, 38.8542037 ], [ -104.9361743, 38.8542142 ], [ -104.9362977, 38.8541682 ], [ -104.9363165, 38.8541348 ], [ -104.9363299, 38.8540847 ], [ -104.9363594, 38.8540095 ], [ -104.9364076, 38.8539217 ], [ -104.9365498, 38.8537922 ], [ -104.9366732, 38.8537024 ], [ -104.9367134, 38.8536586 ], [ -104.9367617, 38.8535854 ], [ -104.9368046, 38.8535687 ], [ -104.936869, 38.8535667 ], [ -104.936928, 38.8535416 ], [ -104.9370111, 38.8535311 ], [ -104.9371265, 38.8535249 ], [ -104.9372069, 38.8535082 ], [ -104.9373464, 38.8535332 ], [ -104.9374403, 38.853527 ], [ -104.9374859, 38.853504 ], [ -104.9374966, 38.8534852 ], [ -104.9375342, 38.853458 ], [ -104.9375878, 38.8534518 ], [ -104.9376334, 38.8534037 ], [ -104.9377192, 38.8533766 ], [ -104.9377541, 38.8533369 ], [ -104.9377783, 38.853316 ], [ -104.9378855, 38.8532429 ], [ -104.9379285, 38.8532074 ], [ -104.9381109, 38.8531468 ], [ -104.9382289, 38.8531197 ], [ -104.938312, 38.8530821 ], [ -104.938371, 38.8530382 ], [ -104.9384748, 38.8528897 ], [ -104.9385115, 38.8528519 ] ], [ [ -104.9385115, 38.8528519 ], [ -104.9385615, 38.8528293 ] ], [ [ -104.9385615, 38.8528293 ], [ -104.9385615, 38.8528544 ], [ -104.9385159, 38.8528982 ], [ -104.9384917, 38.8529505 ], [ -104.9385025, 38.8530152 ], [ -104.9384998, 38.8530695 ], [ -104.9384381, 38.8531259 ], [ -104.9383281, 38.8532596 ], [ -104.9382557, 38.8533264 ], [ -104.9382128, 38.853387 ], [ -104.9381672, 38.8536022 ], [ -104.9381243, 38.8536648 ], [ -104.9380867, 38.8537066 ], [ -104.9380197, 38.8537338 ], [ -104.938017, 38.8537901 ], [ -104.9379875, 38.8538403 ], [ -104.9379338, 38.8538946 ], [ -104.9378587, 38.8539301 ], [ -104.9377997, 38.8539531 ], [ -104.9377568, 38.8539969 ], [ -104.9377327, 38.8540575 ], [ -104.9376924, 38.8541181 ], [ -104.9376227, 38.8541787 ], [ -104.9375422, 38.8541995 ], [ -104.9374162, 38.8541995 ], [ -104.9373384, 38.8542371 ], [ -104.9373142, 38.8542601 ], [ -104.9373276, 38.8542935 ], [ -104.937384, 38.8543646 ], [ -104.9374457, 38.8544544 ], [ -104.9374805, 38.8545191 ], [ -104.937502, 38.8545839 ], [ -104.9375637, 38.8546528 ], [ -104.9377434, 38.8548032 ], [ -104.9378936, 38.8548533 ], [ -104.938245, 38.8549306 ], [ -104.9383254, 38.8549933 ], [ -104.9383791, 38.8550497 ], [ -104.9384461, 38.8550768 ], [ -104.9384595, 38.8550476 ], [ -104.9384113, 38.8549849 ], [ -104.9383657, 38.8549431 ], [ -104.9383308, 38.8548867 ], [ -104.9383227, 38.8548262 ], [ -104.9383871, 38.8547029 ], [ -104.9383898, 38.8546612 ], [ -104.938363, 38.8546048 ], [ -104.9383496, 38.8545233 ], [ -104.9383603, 38.8544794 ], [ -104.9383925, 38.8544523 ], [ -104.9384971, 38.854398 ], [ -104.9385588, 38.8543813 ], [ -104.9385856, 38.8543437 ], [ -104.9386285, 38.8543207 ], [ -104.9387278, 38.8542915 ], [ -104.9387841, 38.8542601 ], [ -104.9388431, 38.8542142 ], [ -104.9388672, 38.8541703 ], [ -104.9388806, 38.8541076 ], [ -104.9389102, 38.8540596 ], [ -104.9389504, 38.8540136 ], [ -104.9389692, 38.8540387 ], [ -104.9389477, 38.8541139 ], [ -104.9389343, 38.8542371 ], [ -104.9389155, 38.8542956 ], [ -104.938886, 38.8543458 ], [ -104.938827, 38.854398 ], [ -104.9387787, 38.8544565 ], [ -104.9387576, 38.8545426 ], [ -104.9387769, 38.8545932 ], [ -104.938878, 38.854705 ], [ -104.9389504, 38.8547698 ], [ -104.9391419, 38.8549856 ], [ -104.9392841, 38.855184 ], [ -104.9393216, 38.8552153 ], [ -104.9393055, 38.8552592 ], [ -104.939276, 38.8553177 ], [ -104.9393645, 38.855278 ], [ -104.9394664, 38.8551714 ], [ -104.9394906, 38.8550148 ], [ -104.939453, 38.8548038 ], [ -104.9393726, 38.8546493 ], [ -104.9393538, 38.8545887 ], [ -104.9393753, 38.8545553 ], [ -104.9394048, 38.854595 ], [ -104.9394718, 38.8546534 ], [ -104.9395764, 38.8547078 ], [ -104.9396703, 38.8547809 ], [ -104.9397749, 38.8549271 ], [ -104.9398795, 38.8550294 ], [ -104.9400109, 38.8551046 ], [ -104.9400995, 38.8552383 ], [ -104.9400646, 38.8553135 ], [ -104.9400726, 38.8553845 ], [ -104.9401075, 38.8554597 ], [ -104.9401263, 38.8555307 ], [ -104.9402067, 38.8555892 ], [ -104.9402711, 38.8557458 ], [ -104.9403248, 38.8558482 ], [ -104.9403891, 38.8558879 ], [ -104.940416, 38.8558336 ], [ -104.9403945, 38.855727 ], [ -104.9403918, 38.8556331 ], [ -104.9404884, 38.8555244 ], [ -104.9404702, 38.855358 ], [ -104.9405045, 38.8553093 ], [ -104.940593, 38.8553949 ], [ -104.9406574, 38.8554952 ], [ -104.9406627, 38.8556184 ], [ -104.9406788, 38.8556644 ], [ -104.9407029, 38.8556665 ], [ -104.940719, 38.855608 ], [ -104.940762, 38.8555432 ], [ -104.9407539, 38.8553761 ], [ -104.9407083, 38.8551694 ], [ -104.9405581, 38.8547683 ], [ -104.940475, 38.8546242 ], [ -104.9403596, 38.8544738 ], [ -104.9403543, 38.8544195 ], [ -104.9404079, 38.8544362 ], [ -104.9406171, 38.8546367 ], [ -104.9407325, 38.8547997 ], [ -104.9407941, 38.8548728 ], [ -104.9408746, 38.8549145 ], [ -104.9410355, 38.8550545 ], [ -104.9411777, 38.855138 ], [ -104.9414352, 38.8554848 ], [ -104.9414701, 38.8555829 ], [ -104.941521, 38.8556331 ], [ -104.9416766, 38.8557458 ], [ -104.9417249, 38.8557939 ], [ -104.9417731, 38.8559464 ], [ -104.9417785, 38.8560069 ], [ -104.941749, 38.8561009 ], [ -104.9417436, 38.8561385 ], [ -104.9417758, 38.8561406 ], [ -104.9418187, 38.8560863 ], [ -104.9418965, 38.8559526 ], [ -104.941926, 38.8558419 ], [ -104.9419314, 38.855727 ], [ -104.9419716, 38.8556957 ], [ -104.9420065, 38.855727 ], [ -104.9420172, 38.8558524 ], [ -104.9420119, 38.8559902 ], [ -104.9420145, 38.8561093 ], [ -104.9420253, 38.856243 ], [ -104.9421299, 38.8564121 ], [ -104.9421916, 38.8565625 ], [ -104.9423606, 38.8571098 ], [ -104.9424169, 38.8573395 ], [ -104.9424464, 38.8574335 ], [ -104.9424544, 38.8575839 ], [ -104.9423901, 38.8577009 ], [ -104.942433, 38.8576946 ], [ -104.942602, 38.8575379 ], [ -104.9426154, 38.8574607 ], [ -104.9426046, 38.8573103 ], [ -104.9426368, 38.8571035 ], [ -104.9426824, 38.8570012 ], [ -104.9427629, 38.8568633 ], [ -104.9427227, 38.856715 ], [ -104.94272, 38.8564142 ], [ -104.9427259, 38.8563418 ], [ -104.9427736, 38.8562973 ], [ -104.9428729, 38.8561114 ], [ -104.9428755, 38.8560007 ], [ -104.9429533, 38.8558983 ], [ -104.9430096, 38.8557897 ], [ -104.9430043, 38.8555704 ], [ -104.9429694, 38.8554555 ], [ -104.9427736, 38.8552591 ], [ -104.9427629, 38.8552069 ], [ -104.9427629, 38.8550858 ], [ -104.9427173, 38.8546681 ], [ -104.9426744, 38.8546033 ], [ -104.9425972, 38.8545372 ], [ -104.9426106, 38.8544933 ], [ -104.9426556, 38.8544592 ], [ -104.9427495, 38.8544759 ], [ -104.9429211, 38.8545219 ], [ -104.9430901, 38.8545386 ], [ -104.9433047, 38.8545239 ], [ -104.9434656, 38.8545594 ], [ -104.9435595, 38.8546179 ], [ -104.9437097, 38.8546576 ], [ -104.9438492, 38.8547036 ], [ -104.9439323, 38.8546952 ], [ -104.9439645, 38.8546096 ], [ -104.9439779, 38.8544759 ], [ -104.9440645, 38.8544277 ], [ -104.9441584, 38.8544264 ], [ -104.9441871, 38.8544446 ], [ -104.9440906, 38.8544989 ], [ -104.9442059, 38.8548978 ], [ -104.9441898, 38.8549459 ], [ -104.944163, 38.8549876 ], [ -104.9440986, 38.8550148 ], [ -104.9439672, 38.8550503 ], [ -104.9439377, 38.8550795 ], [ -104.9439672, 38.8551004 ], [ -104.9441791, 38.8551339 ], [ -104.9442837, 38.8551318 ], [ -104.9444393, 38.8549751 ], [ -104.944509, 38.8548435 ], [ -104.944686, 38.85476 ], [ -104.9449113, 38.8547621 ], [ -104.9452117, 38.8547412 ], [ -104.9454022, 38.8547433 ], [ -104.9455202, 38.8547119 ], [ -104.9456463, 38.8547015 ], [ -104.9456945, 38.8547265 ], [ -104.9457401, 38.8548017 ], [ -104.9458152, 38.8549041 ], [ -104.9459038, 38.8549396 ], [ -104.9460272, 38.8549772 ], [ -104.9460513, 38.8550002 ], [ -104.9460352, 38.8550232 ], [ -104.9456919, 38.8550754 ], [ -104.9452976, 38.8551171 ], [ -104.9451983, 38.8551568 ], [ -104.9452144, 38.855184 ], [ -104.9453888, 38.8552174 ], [ -104.9456945, 38.8553469 ], [ -104.9458742, 38.8554096 ], [ -104.9460781, 38.8554534 ], [ -104.9461773, 38.8554931 ], [ -104.9463275, 38.8555913 ], [ -104.9464563, 38.8556581 ], [ -104.9465984, 38.8557438 ], [ -104.9467138, 38.8557897 ], [ -104.9467728, 38.8558378 ], [ -104.9467946, 38.8559313 ], [ -104.9468645, 38.8559763 ], [ -104.9469155, 38.8559617 ], [ -104.9469985, 38.8559637 ], [ -104.9471715, 38.8560023 ], [ -104.9472694, 38.8560023 ], [ -104.9474143, 38.8560211 ], [ -104.9474867, 38.8560577 ], [ -104.9475296, 38.8561036 ], [ -104.9475779, 38.856135 ], [ -104.9476195, 38.8561412 ], [ -104.9476624, 38.8561151 ], [ -104.9476612, 38.856064 ], [ -104.9476906, 38.8560222 ], [ -104.9476745, 38.8558927 ], [ -104.9476088, 38.8557382 ], [ -104.9475162, 38.8556587 ], [ -104.9475136, 38.8556045 ], [ -104.9475243, 38.8555887 ], [ -104.9476007, 38.8556588 ], [ -104.9476021, 38.8555804 ], [ -104.9475712, 38.8554665 ], [ -104.9475927, 38.8553402 ], [ -104.9476182, 38.855287 ], [ -104.9476062, 38.8551544 ], [ -104.9476383, 38.8550979 ], [ -104.9476946, 38.8550728 ], [ -104.9478019, 38.8550519 ], [ -104.9479132, 38.8550572 ], [ -104.9480219, 38.855075 ], [ -104.9481479, 38.855075 ], [ -104.9482968, 38.8550583 ], [ -104.9483518, 38.8550207 ], [ -104.948451, 38.854981 ], [ -104.9485087, 38.8549674 ], [ -104.9486428, 38.8550259 ], [ -104.9487165, 38.855077 ], [ -104.9490437, 38.8550677 ], [ -104.9491229, 38.8550864 ], [ -104.9492597, 38.8551115 ], [ -104.9495091, 38.8551094 ], [ -104.9496003, 38.8551512 ], [ -104.9496566, 38.8551992 ], [ -104.9498552, 38.8553747 ], [ -104.949949, 38.8554833 ], [ -104.9501394, 38.8555919 ], [ -104.9502414, 38.855665 ], [ -104.9503861, 38.8557315 ], [ -104.9504354, 38.8557808 ], [ -104.9506383, 38.8558634 ], [ -104.9507456, 38.8559073 ], [ -104.9509977, 38.8560452 ], [ -104.9510997, 38.8560869 ], [ -104.9511721, 38.8560953 ], [ -104.9513062, 38.8560953 ], [ -104.9514886, 38.8561015 ], [ -104.9516039, 38.8561141 ], [ -104.9517139, 38.8561371 ], [ -104.9518265, 38.8561893 ], [ -104.9519553, 38.8562143 ], [ -104.9521135, 38.8562248 ], [ -104.952363, 38.8561851 ], [ -104.9524703, 38.8562164 ], [ -104.9526124, 38.8562666 ], [ -104.9527734, 38.8562874 ], [ -104.9528833, 38.8562791 ], [ -104.9529504, 38.8562582 ], [ -104.9530791, 38.8562018 ], [ -104.9532281, 38.856111 ], [ -104.9532723, 38.8560995 ], [ -104.9533769, 38.8561099 ], [ -104.9534815, 38.856112 ], [ -104.9535914, 38.8561224 ], [ -104.9536719, 38.8561015 ], [ -104.9537551, 38.8560995 ], [ -104.9538784, 38.8561078 ], [ -104.9539321, 38.8561496 ], [ -104.9540447, 38.8562102 ], [ -104.9541011, 38.8562248 ], [ -104.9541252, 38.8562624 ], [ -104.9541266, 38.856299 ], [ -104.9540769, 38.8562979 ], [ -104.9539884, 38.8563 ], [ -104.9538892, 38.856325 ], [ -104.9537792, 38.8563449 ], [ -104.953696, 38.8563835 ], [ -104.9536585, 38.8564327 ], [ -104.9537364, 38.856416 ], [ -104.9538046, 38.856419 ], [ -104.9539548, 38.8564639 ], [ -104.9542352, 38.8565339 ], [ -104.954313, 38.8565444 ], [ -104.9543867, 38.8564984 ], [ -104.9545141, 38.8564357 ], [ -104.9545999, 38.8564107 ], [ -104.9546938, 38.8564149 ], [ -104.9548279, 38.8564149 ], [ -104.9548916, 38.8564221 ], [ -104.9550532, 38.8564316 ], [ -104.955178, 38.8564859 ], [ -104.9553, 38.8564963 ], [ -104.9555521, 38.8565193 ], [ -104.9557238, 38.8565256 ], [ -104.9558633, 38.8565235 ], [ -104.9560081, 38.8565068 ], [ -104.9561825, 38.8565068 ], [ -104.9564065, 38.856512 ], [ -104.956609, 38.8565485 ], [ -104.9567216, 38.856515 ], [ -104.9568745, 38.8564524 ], [ -104.9570032, 38.8564127 ], [ -104.9571749, 38.856396 ], [ -104.9573479, 38.8564284 ], [ -104.9575101, 38.8564775 ], [ -104.9576738, 38.8566655 ], [ -104.9577247, 38.8567031 ], [ -104.9577918, 38.8566885 ], [ -104.9578615, 38.8566342 ], [ -104.9579822, 38.8566028 ], [ -104.9581887, 38.8565109 ], [ -104.9584194, 38.8563731 ], [ -104.9585507, 38.8562769 ], [ -104.9587185, 38.8561913 ], [ -104.9588487, 38.856088 ], [ -104.9588889, 38.8560849 ], [ -104.958911, 38.8560959 ], [ -104.9589572, 38.8561548 ], [ -104.9589399, 38.8562113 ], [ -104.9588822, 38.8562562 ], [ -104.9588526, 38.8563167 ], [ -104.9589438, 38.856301 ], [ -104.9590349, 38.8562853 ], [ -104.9591102, 38.8562656 ], [ -104.9591798, 38.8561297 ], [ -104.9593099, 38.8560577 ], [ -104.9594105, 38.8560222 ], [ -104.9597712, 38.8559626 ], [ -104.9600877, 38.8559323 ], [ -104.9602943, 38.8559136 ], [ -104.9604794, 38.8557653 ], [ -104.9606081, 38.8556713 ], [ -104.9607275, 38.8555961 ], [ -104.9608307, 38.855475 ], [ -104.9608951, 38.8554771 ], [ -104.9609488, 38.8554813 ], [ -104.9609447, 38.855523 ], [ -104.9608146, 38.8557382 ], [ -104.96071, 38.8560097 ], [ -104.9606269, 38.8561203 ], [ -104.9606027, 38.8561872 ], [ -104.9606349, 38.8562415 ], [ -104.9606672, 38.8562468 ], [ -104.9607073, 38.8562123 ], [ -104.9608227, 38.8561183 ], [ -104.9609086, 38.8560578 ], [ -104.9609595, 38.8559741 ], [ -104.961056, 38.855901 ], [ -104.9611526, 38.8558634 ], [ -104.961217, 38.8558676 ], [ -104.9612238, 38.8558823 ], [ -104.9611848, 38.8559177 ], [ -104.9611714, 38.8559679 ], [ -104.9612223, 38.8559908 ], [ -104.961504, 38.8559115 ], [ -104.9616273, 38.8558425 ], [ -104.9617561, 38.8557611 ], [ -104.9619277, 38.8556922 ], [ -104.9621209, 38.8556023 ], [ -104.9624561, 38.8554353 ], [ -104.9626385, 38.8552723 ], [ -104.962888, 38.8551011 ], [ -104.9631616, 38.8548807 ], [ -104.9632554, 38.854746 ], [ -104.9633493, 38.8546582 ], [ -104.9634915, 38.854583 ], [ -104.96369, 38.8545246 ], [ -104.9638643, 38.8544577 ], [ -104.9639474, 38.8544222 ], [ -104.9640012, 38.8543617 ], [ -104.9640574, 38.8542154 ], [ -104.9641325, 38.854134 ], [ -104.9642089, 38.8540995 ], [ -104.9643122, 38.8540692 ], [ -104.9644732, 38.8540212 ], [ -104.9649211, 38.8539314 ], [ -104.9650767, 38.8539063 ], [ -104.9652054, 38.8539063 ], [ -104.9654951, 38.8538854 ], [ -104.9656372, 38.8538687 ], [ -104.9658035, 38.8538102 ], [ -104.9659779, 38.8537684 ], [ -104.9665572, 38.8536055 ], [ -104.9667343, 38.8535825 ], [ -104.9669408, 38.8535637 ], [ -104.9673163, 38.8535011 ], [ -104.9675228, 38.8534718 ], [ -104.967783, 38.8533987 ], [ -104.9679547, 38.8533695 ], [ -104.9682417, 38.8533632 ], [ -104.9683704, 38.8533235 ], [ -104.9685448, 38.8533361 ], [ -104.9687674, 38.853334 ], [ -104.9690302, 38.8533131 ], [ -104.9691885, 38.8533319 ], [ -104.9695828, 38.8534426 ], [ -104.9697437, 38.853453 ], [ -104.9701648, 38.8534217 ], [ -104.9704411, 38.853405 ], [ -104.9705913, 38.8534008 ], [ -104.9709909, 38.8534175 ], [ -104.9714523, 38.8534676 ], [ -104.9716052, 38.8534718 ], [ -104.9717929, 38.8534844 ], [ -104.9722623, 38.8535658 ], [ -104.9724742, 38.8535951 ], [ -104.9727424, 38.8536515 ], [ -104.9729382, 38.8537016 ], [ -104.9730965, 38.8537705 ], [ -104.9732091, 38.8538123 ], [ -104.973421, 38.8538457 ], [ -104.9735846, 38.8539 ], [ -104.973767, 38.8539773 ], [ -104.973936, 38.8540567 ], [ -104.9742954, 38.8542363 ], [ -104.9743866, 38.8542426 ], [ -104.9745475, 38.8542217 ], [ -104.9747889, 38.8541716 ], [ -104.9749713, 38.8541528 ], [ -104.9750947, 38.8541528 ], [ -104.9754595, 38.8540755 ], [ -104.9756312, 38.8540483 ], [ -104.9758162, 38.8540337 ], [ -104.9759289, 38.8539919 ], [ -104.9759852, 38.8539293 ], [ -104.976063, 38.8538833 ], [ -104.9762132, 38.8538457 ], [ -104.9763312, 38.8537956 ], [ -104.9764626, 38.8537935 ], [ -104.9766289, 38.8537851 ], [ -104.9768113, 38.853758 ], [ -104.9775516, 38.8536911 ], [ -104.9781122, 38.8536765 ], [ -104.9782302, 38.8536535 ], [ -104.9783885, 38.8535721 ], [ -104.9784743, 38.8535094 ], [ -104.9785441, 38.8534906 ], [ -104.9787237, 38.8534509 ], [ -104.9788337, 38.8533382 ], [ -104.9789222, 38.8532755 ], [ -104.9790241, 38.8532254 ], [ -104.9792145, 38.8531689 ], [ -104.9793273, 38.8530708 ], [ -104.9793836, 38.8529685 ], [ -104.9795096, 38.8528619 ], [ -104.9796035, 38.8528118 ], [ -104.9797108, 38.8527637 ], [ -104.979743, 38.8526802 ], [ -104.9798046, 38.8526029 ], [ -104.9798476, 38.8525528 ], [ -104.9800327, 38.8523731 ], [ -104.9801668, 38.8521872 ], [ -104.9804457, 38.8520285 ], [ -104.9806254, 38.8518781 ], [ -104.9807166, 38.8518091 ], [ -104.9808266, 38.8517486 ], [ -104.9809714, 38.8517089 ], [ -104.9810787, 38.8516734 ], [ -104.9811182, 38.8516443 ], [ -104.9811619, 38.8515982 ], [ -104.9811994, 38.8515125 ], [ -104.9812531, 38.8514582 ], [ -104.9813523, 38.8514081 ], [ -104.9814462, 38.851358 ], [ -104.9815481, 38.8513183 ], [ -104.9817493, 38.8512744 ], [ -104.9819424, 38.8512264 ], [ -104.9820953, 38.8511972 ], [ -104.9821999, 38.8511888 ], [ -104.9823072, 38.8512013 ], [ -104.982444, 38.8512452 ], [ -104.9825995, 38.8512598 ], [ -104.982798, 38.8512452 ], [ -104.9829134, 38.8512201 ], [ -104.9829858, 38.8511595 ], [ -104.9832004, 38.8509172 ], [ -104.9832647, 38.8508149 ], [ -104.9833881, 38.8506895 ], [ -104.9834096, 38.8506101 ], [ -104.9833666, 38.8505015 ], [ -104.9833774, 38.8503657 ], [ -104.9833801, 38.8501632 ], [ -104.9833935, 38.8500608 ], [ -104.9833264, 38.8500002 ], [ -104.9832191, 38.8498916 ], [ -104.9829697, 38.849668 ], [ -104.9829697, 38.849595 ], [ -104.9831065, 38.8495156 ], [ -104.9832728, 38.8494362 ], [ -104.9834766, 38.8493819 ], [ -104.9838816, 38.8493401 ], [ -104.9840131, 38.8492774 ], [ -104.984123, 38.8492607 ], [ -104.9842947, 38.8492795 ], [ -104.9845066, 38.8493317 ], [ -104.9847185, 38.8493651 ], [ -104.9848714, 38.8493547 ], [ -104.9849921, 38.8493317 ], [ -104.9851825, 38.8493192 ], [ -104.9853595, 38.8493297 ], [ -104.9855902, 38.8493359 ], [ -104.9858933, 38.8493338 ], [ -104.9860623, 38.8493547 ], [ -104.9862393, 38.8493819 ], [ -104.9865477, 38.8494613 ], [ -104.9867597, 38.8495135 ], [ -104.9868696, 38.849503 ], [ -104.9869984, 38.8495323 ], [ -104.9872988, 38.8496827 ], [ -104.9874302, 38.8497641 ], [ -104.9875777, 38.8498122 ], [ -104.9877467, 38.8498185 ], [ -104.9879344, 38.8498352 ], [ -104.9881705, 38.8498352 ], [ -104.9883851, 38.8498728 ], [ -104.9887445, 38.8499835 ], [ -104.9888464, 38.8499814 ], [ -104.9889403, 38.8499751 ], [ -104.9890288, 38.8499417 ], [ -104.9890797, 38.8498686 ], [ -104.9891253, 38.8497495 ], [ -104.9892112, 38.8496284 ], [ -104.9894365, 38.8494069 ], [ -104.9895652, 38.8493067 ], [ -104.9896725, 38.8492545 ], [ -104.9897691, 38.8492586 ], [ -104.9901016, 38.8493255 ], [ -104.9902036, 38.8493213 ], [ -104.990453, 38.8493046 ], [ -104.9906032, 38.8492628 ], [ -104.9906568, 38.849221 ], [ -104.9906998, 38.849104 ], [ -104.9907374, 38.8489829 ], [ -104.9907454, 38.8489411 ], [ -104.9908071, 38.848868 ], [ -104.990909, 38.8488304 ], [ -104.9911155, 38.8488576 ], [ -104.9912792, 38.8488701 ], [ -104.9915018, 38.8488806 ], [ -104.9915796, 38.8488638 ], [ -104.991711, 38.8488095 ], [ -104.9917968, 38.8487552 ], [ -104.9918639, 38.848703 ], [ -104.9919309, 38.8486361 ], [ -104.9920007, 38.8486006 ], [ -104.9923413, 38.8485296 ], [ -104.9925157, 38.8485317 ], [ -104.9927007, 38.8485568 ], [ -104.9929153, 38.8485797 ], [ -104.9930548, 38.848609 ], [ -104.9932533, 38.8486361 ], [ -104.9933606, 38.8486299 ], [ -104.9934839, 38.8486153 ], [ -104.9936046, 38.8486111 ], [ -104.9937548, 38.848632 ], [ -104.9939533, 38.8486341 ], [ -104.9940821, 38.8486111 ], [ -104.9941545, 38.8485589 ], [ -104.9941813, 38.8485025 ], [ -104.9941464, 38.8483228 ], [ -104.9941438, 38.8482768 ], [ -104.9941947, 38.8482184 ], [ -104.9943181, 38.8481724 ], [ -104.9944737, 38.848162 ], [ -104.9946239, 38.848139 ], [ -104.9947499, 38.8481557 ], [ -104.9949028, 38.8481661 ], [ -104.9950047, 38.8481661 ], [ -104.995155, 38.8481808 ], [ -104.9953078, 38.8481578 ], [ -104.9954178, 38.8481306 ], [ -104.9955278, 38.8480909 ], [ -104.9956646, 38.8480659 ], [ -104.9957772, 38.8480742 ], [ -104.9959865, 38.8480408 ], [ -104.9960615, 38.8480345 ], [ -104.9962681, 38.8480951 ], [ -104.996378, 38.8481014 ], [ -104.9964907, 38.8480805 ], [ -104.9966677, 38.8480638 ], [ -104.996893, 38.8480638 ], [ -104.9970861, 38.8480533 ], [ -104.9972658, 38.8480345 ], [ -104.9974187, 38.8479802 ], [ -104.9975502, 38.8479593 ], [ -104.9977889, 38.847859 ], [ -104.9978586, 38.8478695 ], [ -104.9980732, 38.8479426 ], [ -104.9982127, 38.8479447 ], [ -104.9983709, 38.8479238 ], [ -104.9986499, 38.8478758 ], [ -104.9989449, 38.8478152 ], [ -104.9991488, 38.8477922 ], [ -104.9992802, 38.8477713 ], [ -104.9993553, 38.8477316 ], [ -104.9993928, 38.8477003 ], [ -104.9994814, 38.8476836 ], [ -104.9996208, 38.847669 ], [ -104.9997335, 38.8476355 ], [ -104.999873, 38.8476147 ], [ -104.9999883, 38.8476126 ], [ -105.0001734, 38.8476209 ], [ -105.0003021, 38.8476188 ], [ -105.0004067, 38.8476042 ], [ -105.0005221, 38.8475645 ], [ -105.0006964, 38.847481 ], [ -105.0010826, 38.8473368 ], [ -105.0013187, 38.8472407 ], [ -105.001485, 38.8471676 ], [ -105.0016995, 38.8471049 ], [ -105.001957, 38.8470068 ], [ -105.0020724, 38.8469817 ], [ -105.0021046, 38.847013 ], [ -105.0020053, 38.8471154 ], [ -105.0019838, 38.8471634 ], [ -105.0021046, 38.8471384 ], [ -105.0023916, 38.8470966 ], [ -105.0028824, 38.8469984 ], [ -105.0030084, 38.846965 ], [ -105.0030299, 38.8469023 ], [ -105.0030594, 38.8468501 ], [ -105.0031238, 38.8467937 ], [ -105.0033947, 38.8465743 ], [ -105.0034859, 38.8465347 ], [ -105.0036415, 38.8464845 ], [ -105.0038185, 38.8464615 ], [ -105.0039097, 38.8464365 ], [ -105.0040438, 38.8463529 ], [ -105.0041108, 38.8463529 ], [ -105.0041806, 38.8463989 ], [ -105.0042906, 38.8464824 ], [ -105.0044059, 38.8465848 ], [ -105.0045051, 38.8467206 ], [ -105.0046151, 38.8468417 ], [ -105.0047278, 38.8469504 ], [ -105.0048619, 38.8470172 ], [ -105.0051059, 38.8471718 ], [ -105.0052883, 38.847293 ], [ -105.0054493, 38.8474141 ], [ -105.0055726, 38.8474935 ], [ -105.0057604, 38.8476 ], [ -105.0058301, 38.8476021 ], [ -105.0059213, 38.8475896 ], [ -105.006034, 38.8476063 ], [ -105.0061627, 38.8476481 ], [ -105.0062861, 38.8476606 ], [ -105.0065463, 38.8476042 ], [ -105.0066563, 38.8475457 ], [ -105.0067394, 38.847529 ], [ -105.0068226, 38.8475436 ], [ -105.0068708, 38.8475603 ], [ -105.0069513, 38.8474684 ], [ -105.007021, 38.8474162 ], [ -105.0070827, 38.8473556 ], [ -105.0071337, 38.8473285 ], [ -105.0072517, 38.8471572 ], [ -105.0073215, 38.8471321 ], [ -105.0074314, 38.8471008 ], [ -105.0074931, 38.8470569 ], [ -105.0075843, 38.8469002 ], [ -105.0076138, 38.8468396 ], [ -105.0076113, 38.8466424 ], [ -105.0076675, 38.8465555 ], [ -105.007705, 38.8464741 ], [ -105.0077533, 38.8464051 ], [ -105.0078311, 38.846378 ], [ -105.0079223, 38.8463675 ], [ -105.008051, 38.8462422 ], [ -105.008169, 38.84619 ], [ -105.0082334, 38.8461482 ], [ -105.0083085, 38.8461148 ], [ -105.0085052, 38.8459864 ], [ -105.0085794, 38.8459811 ], [ -105.008743, 38.8458912 ], [ -105.0089093, 38.8457952 ], [ -105.009024, 38.845686 ], [ -105.0090723, 38.8456839 ], [ -105.0091272, 38.8457022 ], [ -105.0092124, 38.8457737 ], [ -105.0092734, 38.8458296 ], [ -105.0093384, 38.845863 ], [ -105.0094484, 38.8457931 ], [ -105.0095021, 38.8457346 ], [ -105.0095772, 38.8456656 ], [ -105.0096791, 38.8456092 ], [ -105.0098773, 38.8455195 ], [ -105.0099272, 38.8454745 ], [ -105.0099527, 38.8454306 ], [ -105.0099835, 38.8454348 ], [ -105.0101592, 38.8455158 ], [ -105.0102075, 38.8455299 ], [ -105.0102371, 38.8455132 ], [ -105.01028, 38.8454693 ], [ -105.0103524, 38.8453711 ], [ -105.0103953, 38.845298 ], [ -105.0104516, 38.8452312 ], [ -105.0104892, 38.845181 ], [ -105.0105267, 38.8451643 ], [ -105.0107386, 38.8451768 ], [ -105.0108512, 38.8452081 ], [ -105.010921, 38.8452813 ], [ -105.0109746, 38.8453272 ], [ -105.0110712, 38.8453627 ], [ -105.0112187, 38.8454254 ], [ -105.0115111, 38.845628 ], [ -105.0117015, 38.8457784 ], [ -105.0117444, 38.8458213 ], [ -105.0117432, 38.8458725 ], [ -105.0116694, 38.8459218 ], [ -105.0116224, 38.8460191 ], [ -105.0115929, 38.846144 ], [ -105.0116411, 38.8462735 ], [ -105.0116466, 38.8463582 ], [ -105.0116908, 38.8464114 ], [ -105.0117512, 38.8465514 ], [ -105.0118651, 38.8466129 ], [ -105.0119939, 38.8466516 ], [ -105.0120609, 38.8466684 ], [ -105.012179, 38.8467195 ], [ -105.0122675, 38.8467216 ], [ -105.0123426, 38.846707 ], [ -105.0124177, 38.8467195 ], [ -105.0125813, 38.8467696 ], [ -105.01282, 38.8468459 ], [ -105.0129996, 38.8468856 ], [ -105.0131204, 38.8468919 ], [ -105.0132236, 38.8469127 ], [ -105.0132317, 38.8471415 ], [ -105.0133618, 38.8474413 ], [ -105.0134449, 38.8475624 ], [ -105.0134878, 38.8476063 ], [ -105.0135361, 38.847623 ], [ -105.0135871, 38.8476209 ], [ -105.013622, 38.8476 ], [ -105.0136461, 38.8475374 ], [ -105.0137051, 38.8474371 ], [ -105.0137507, 38.8473222 ], [ -105.013795, 38.8472919 ], [ -105.0138674, 38.8472073 ], [ -105.014145, 38.8470778 ], [ -105.0142537, 38.8470246 ], [ -105.0143918, 38.8468981 ], [ -105.0145259, 38.8467686 ], [ -105.0146559, 38.8466475 ], [ -105.01466, 38.8465952 ], [ -105.0146895, 38.8465681 ] ], [ [ -105.0146895, 38.8465681 ], [ -105.0147109, 38.8465806 ], [ -105.0147243, 38.8466391 ], [ -105.0147646, 38.846731 ], [ -105.0148061, 38.8468229 ], [ -105.0148758, 38.8470569 ], [ -105.0149178, 38.847281 ], [ -105.0149912, 38.8474705 ], [ -105.0150195, 38.8475562 ], [ -105.0150797, 38.8475948 ], [ -105.0150851, 38.8476501 ], [ -105.015301, 38.8478141 ], [ -105.0154754, 38.8481118 ], [ -105.0157088, 38.8485203 ], [ -105.0157289, 38.8486257 ], [ -105.0158148, 38.8487636 ], [ -105.0159555, 38.848914 ], [ -105.0162733, 38.8492283 ], [ -105.0164745, 38.8494268 ], [ -105.0164934, 38.8494989 ], [ -105.0166985, 38.849737 ], [ -105.0168138, 38.8499166 ], [ -105.0169399, 38.8499679 ], [ -105.017023, 38.8500775 ], [ -105.0171008, 38.8501464 ], [ -105.0171061, 38.8501986 ], [ -105.0171276, 38.8502279 ], [ -105.0171652, 38.8502644 ], [ -105.0172067, 38.8502028 ], [ -105.0172416, 38.8501453 ], [ -105.0172108, 38.8499647 ], [ -105.0171639, 38.8498875 ], [ -105.0171102, 38.8496263 ], [ -105.0171357, 38.8492231 ], [ -105.0171276, 38.848867 ], [ -105.0171451, 38.8487542 ], [ -105.017133, 38.8486215 ], [ -105.0171544, 38.8484314 ], [ -105.0173248, 38.8480878 ], [ -105.0173718, 38.8479782 ], [ -105.0173812, 38.8478539 ], [ -105.0174549, 38.8476481 ], [ -105.0175032, 38.8472721 ], [ -105.0175273, 38.847153 ], [ -105.0176989, 38.8466621 ], [ -105.0178894, 38.8463759 ], [ -105.0180154, 38.8461419 ], [ -105.0181388, 38.8460061 ], [ -105.0182729, 38.8457993 ], [ -105.0184258, 38.8454985 ], [ -105.0185706, 38.8454024 ], [ -105.0187476, 38.8451705 ], [ -105.019032, 38.8447945 ], [ -105.0191607, 38.8446315 ], [ -105.0196569, 38.8443245 ], [ -105.0198152, 38.8441469 ], [ -105.0198742, 38.8439317 ], [ -105.0200405, 38.8437082 ], [ -105.0201183, 38.8435306 ], [ -105.020137, 38.8434261 ], [ -105.0202926, 38.8432173 ], [ -105.0204026, 38.8430877 ], [ -105.0206896, 38.8427263 ], [ -105.0207808, 38.8425341 ], [ -105.0208451, 38.8423712 ], [ -105.0209042, 38.8422709 ], [ -105.0210316, 38.8420892 ], [ -105.0211148, 38.8421967 ], [ -105.0211939, 38.8424631 ], [ -105.0211922, 38.8428702 ], [ -105.0211817, 38.8430157 ], [ -105.0211143, 38.8435586 ], [ -105.0211114, 38.8436002 ], [ -105.0211412, 38.8435752 ], [ -105.0212206, 38.8434335 ], [ -105.0213548, 38.8432967 ], [ -105.0218577, 38.8428903 ], [ -105.0219851, 38.8427515 ], [ -105.0220616, 38.8427097 ], [ -105.0221005, 38.8426543 ], [ -105.0222132, 38.8426314 ], [ -105.0222591, 38.8425399 ], [ -105.0224576, 38.8424032 ], [ -105.0225819, 38.8423137 ], [ -105.0226437, 38.8421373 ], [ -105.0227898, 38.8420203 ], [ -105.0228699, 38.8419787 ], [ -105.022885, 38.8419902 ], [ -105.0228556, 38.8420665 ], [ -105.02281, 38.8421362 ], [ -105.0227974, 38.8422943 ], [ -105.0227986, 38.8424798 ], [ -105.0226304, 38.8430334 ], [ -105.0225349, 38.8433708 ], [ -105.0224759, 38.8435202 ], [ -105.022492, 38.8435536 ], [ -105.0225886, 38.8434784 ], [ -105.0229841, 38.8431242 ], [ -105.0231332, 38.8430325 ], [ -105.0232767, 38.8428967 ], [ -105.0235555, 38.842653 ], [ -105.023757, 38.8424948 ], [ -105.0240852, 38.8423023 ], [ -105.0242247, 38.8421853 ], [ -105.0242617, 38.8421671 ], [ -105.0242622, 38.8422187 ], [ -105.0242193, 38.8423023 ], [ -105.0241389, 38.8423942 ], [ -105.024112, 38.8424318 ], [ -105.0241001, 38.8424883 ], [ -105.0241408, 38.8424705 ], [ -105.0242273, 38.8424443 ], [ -105.0243281, 38.8423927 ], [ -105.0243628, 38.8423404 ], [ -105.0244111, 38.8422944 ], [ -105.0244272, 38.8423989 ], [ -105.0242932, 38.8426224 ], [ -105.0242235, 38.842647 ], [ -105.0241657, 38.8427097 ], [ -105.0241027, 38.842788 ], [ -105.0241081, 38.8428633 ], [ -105.024135, 38.8429134 ], [ -105.0241228, 38.8429813 ], [ -105.0240853, 38.8431191 ], [ -105.0240705, 38.8431796 ], [ -105.0241188, 38.8431723 ], [ -105.0241563, 38.8431473 ], [ -105.0242315, 38.8430606 ], [ -105.0243643, 38.8430001 ], [ -105.024485, 38.8428789 ], [ -105.0246619, 38.8427452 ], [ -105.0249449, 38.8425206 ], [ -105.0251889, 38.8423743 ], [ -105.0253298, 38.8422918 ], [ -105.0255511, 38.8421571 ], [ -105.0256826, 38.8421299 ], [ -105.0256917, 38.8421455 ], [ -105.0256357, 38.8421937 ], [ -105.0256423, 38.8422469 ], [ -105.0257013, 38.8422323 ], [ -105.0257979, 38.8421822 ], [ -105.0259091, 38.8421059 ], [ -105.0259682, 38.8420746 ], [ -105.0260139, 38.842084 ], [ -105.0259669, 38.8422041 ], [ -105.0258421, 38.8423211 ], [ -105.0257925, 38.84239 ], [ -105.0257589, 38.8424569 ], [ -105.025881, 38.8424119 ], [ -105.0259455, 38.8423995 ], [ -105.0259816, 38.8424098 ], [ -105.0258716, 38.842484 ], [ -105.025834, 38.8425509 ], [ -105.0257965, 38.8425958 ], [ -105.0258703, 38.8425916 ], [ -105.0259843, 38.8425676 ], [ -105.0260728, 38.8425049 ], [ -105.0262445, 38.8424527 ], [ -105.0264617, 38.8423577 ], [ -105.0265624, 38.8423431 ], [ -105.0266522, 38.8423462 ], [ -105.0266723, 38.8423869 ], [ -105.0265515, 38.8424496 ], [ -105.0264282, 38.8425999 ], [ -105.0265381, 38.8425718 ], [ -105.0268157, 38.8425049 ], [ -105.026982, 38.8424339 ], [ -105.0271256, 38.8423837 ] ], [ [ -105.0271256, 38.8423837 ], [ -105.0271176, 38.8424339 ], [ -105.0271054, 38.8424986 ], [ -105.0269699, 38.8425906 ], [ -105.0268036, 38.8427536 ], [ -105.0267017, 38.8428214 ], [ -105.0265904, 38.842952 ], [ -105.0264509, 38.8430512 ], [ -105.026412, 38.8431357 ], [ -105.0265112, 38.8431327 ], [ -105.0267353, 38.8430596 ], [ -105.027222, 38.8429634 ], [ -105.027312, 38.8429603 ], [ -105.0273415, 38.8429844 ], [ -105.0271162, 38.8431442 ], [ -105.0268855, 38.843375 ], [ -105.0266977, 38.8435829 ], [ -105.0265475, 38.8437583 ], [ -105.0265368, 38.8438168 ], [ -105.0265958, 38.8438085 ], [ -105.0266615, 38.8437468 ], [ -105.0267032, 38.8437563 ], [ -105.0266494, 38.8438419 ], [ -105.0264309, 38.844031 ], [ -105.0263812, 38.8441594 ], [ -105.026349, 38.8442221 ], [ -105.0261613, 38.8443433 ], [ -105.0261586, 38.8443662 ], [ -105.0262069, 38.8443756 ], [ -105.0262525, 38.8444174 ], [ -105.0263115, 38.844665 ], [ -105.0263236, 38.8448385 ], [ -105.0263827, 38.844922 ], [ -105.0263853, 38.8450316 ], [ -105.0264268, 38.8450609 ], [ -105.0264912, 38.8451601 ], [ -105.0265208, 38.8451455 ], [ -105.0265167, 38.8450671 ], [ -105.0265314, 38.8449512 ], [ -105.0266173, 38.8447193 ], [ -105.0267031, 38.8445866 ], [ -105.0268385, 38.8445375 ], [ -105.0268936, 38.8444478 ], [ -105.0270947, 38.8443015 ], [ -105.0270988, 38.8442588 ], [ -105.0271913, 38.8441762 ], [ -105.0273307, 38.8440717 ], [ -105.0274917, 38.844009 ], [ -105.0275628, 38.8439715 ], [ -105.0275775, 38.8440163 ], [ -105.0275078, 38.8440759 ], [ -105.0274018, 38.8442106 ], [ -105.0273307, 38.8443349 ], [ -105.02732, 38.8443851 ], [ -105.0273509, 38.8443934 ], [ -105.0276097, 38.844197 ], [ -105.0277317, 38.8441542 ], [ -105.0276446, 38.8443851 ], [ -105.0275721, 38.8445052 ], [ -105.0275292, 38.8445397 ], [ -105.0275238, 38.8445981 ], [ -105.0276674, 38.8445314 ], [ -105.0278028, 38.8444436 ], [ -105.0280522, 38.8443224 ], [ -105.0280348, 38.8443976 ], [ -105.0279772, 38.8444853 ], [ -105.0279678, 38.8445502 ], [ -105.0278403, 38.8447611 ], [ -105.0277908, 38.8448843 ], [ -105.0278618, 38.8449627 ], [ -105.0278256, 38.8450807 ], [ -105.0278431, 38.8451894 ], [ -105.0278886, 38.8452677 ], [ -105.0279129, 38.8452954 ], [ -105.0279503, 38.8452541 ], [ -105.0279691, 38.8452207 ], [ -105.0279906, 38.8451162 ], [ -105.0280952, 38.8450097 ], [ -105.0282588, 38.8449376 ], [ -105.0282226, 38.8450327 ], [ -105.0282306, 38.8451288 ], [ -105.0283312, 38.8450138 ], [ -105.0283688, 38.845064 ], [ -105.0284546, 38.8450138 ], [ -105.0284559, 38.8450995 ], [ -105.0285109, 38.8451236 ], [ -105.0285994, 38.845065 ], [ -105.0288234, 38.8449355 ], [ -105.0290139, 38.8448541 ], [ -105.0293745, 38.8448415 ], [ -105.0294725, 38.8448091 ], [ -105.0299244, 38.8448248 ], [ -105.0299888, 38.8447872 ], [ -105.0300465, 38.8447288 ], [ -105.0300935, 38.8447236 ], [ -105.0301967, 38.8447329 ], [ -105.0303053, 38.844757 ], [ -105.0304421, 38.8448405 ], [ -105.0305467, 38.8448363 ], [ -105.0307666, 38.8447256 ], [ -105.0307639, 38.8448164 ], [ -105.0306674, 38.8451466 ], [ -105.0306513, 38.8452103 ], [ -105.0305601, 38.8452959 ], [ -105.0305883, 38.8453147 ], [ -105.0308096, 38.8452583 ], [ -105.0309007, 38.8451445 ], [ -105.031059, 38.8449825 ], [ -105.0311502, 38.8449449 ], [ -105.0311798, 38.8449659 ], [ -105.0311824, 38.8450285 ], [ -105.0311502, 38.8451789 ], [ -105.0310697, 38.8453293 ], [ -105.0310658, 38.8454547 ], [ -105.0310403, 38.8455017 ], [ -105.0310282, 38.8456124 ], [ -105.0309934, 38.8456709 ], [ -105.0309692, 38.846 ], [ -105.0309275, 38.8461022 ], [ -105.03087, 38.8463613 ], [ -105.0307734, 38.8466182 ], [ -105.0307895, 38.8467154 ], [ -105.0308364, 38.8467603 ], [ -105.0309745, 38.8467801 ], [ -105.0310295, 38.8469503 ], [ -105.0310456, 38.8469786 ], [ -105.0310818, 38.8469974 ], [ -105.0311864, 38.8468814 ], [ -105.0314452, 38.8466767 ], [ -105.031637, 38.8465963 ], [ -105.0318127, 38.8463895 ], [ -105.031971, 38.8462485 ], [ -105.0320052, 38.846178 ], [ -105.0320427, 38.8460218 ], [ -105.0320985, 38.8460167 ], [ -105.0321225, 38.846075 ], [ -105.0321909, 38.846027 ], [ -105.0322272, 38.8459785 ], [ -105.032256, 38.8458985 ], [ -105.0322782, 38.8458965 ], [ -105.0323102, 38.84598 ], [ -105.0323392, 38.8460287 ], [ -105.0323714, 38.8460653 ], [ -105.03236, 38.8460945 ], [ -105.032384, 38.846169 ], [ -105.032417, 38.8461786 ], [ -105.0324444, 38.8461739 ], [ -105.0324672, 38.846178 ], [ -105.0324693, 38.8462136 ], [ -105.0324597, 38.8462437 ], [ -105.0325048, 38.8462689 ], [ -105.0325349, 38.8462343 ], [ -105.0325657, 38.8461273 ], [ -105.0325866, 38.8460715 ], [ -105.0325672, 38.8460172 ], [ -105.032608, 38.8458641 ], [ -105.0326576, 38.8457638 ], [ -105.0328883, 38.8455633 ], [ -105.0330278, 38.8454808 ], [ -105.0331673, 38.8452333 ], [ -105.0334998, 38.8448405 ], [ -105.0336769, 38.8446202 ], [ -105.0336903, 38.8445533 ], [ -105.0337721, 38.8445062 ], [ -105.0338713, 38.8442524 ], [ -105.0339947, 38.8441334 ], [ -105.0340081, 38.8442535 ], [ -105.0340027, 38.8443286 ], [ -105.0340711, 38.8442754 ], [ -105.0341557, 38.8441532 ], [ -105.0342456, 38.8440948 ], [ -105.0342657, 38.8439997 ], [ -105.0343876, 38.8438534 ], [ -105.0346317, 38.8436497 ], [ -105.0347712, 38.8435432 ], [ -105.0349415, 38.843235 ], [ -105.0350408, 38.8431577 ], [ -105.0352379, 38.8428475 ], [ -105.0353479, 38.8426762 ], [ -105.035364, 38.842599 ], [ -105.0354311, 38.8425196 ], [ -105.035549, 38.8424757 ], [ -105.0357261, 38.8423252 ] ], [ [ -105.0357261, 38.8423252 ], [ -105.0358763, 38.8422208 ], [ -105.0359514, 38.8420892 ], [ -105.0361498, 38.8419408 ], [ -105.0364421, 38.8416692 ], [ -105.036453, 38.8416181 ], [ -105.036504, 38.8415659 ], [ -105.0365335, 38.8414416 ], [ -105.036622, 38.8413685 ], [ -105.0366782, 38.8412598 ], [ -105.0366998, 38.8411972 ], [ -105.0368714, 38.8409945 ], [ -105.0370524, 38.8406497 ], [ -105.0371731, 38.8403478 ], [ -105.0372362, 38.8399875 ], [ -105.0371638, 38.8397389 ], [ -105.0370028, 38.8393628 ], [ -105.036874, 38.8390818 ], [ -105.036705, 38.8388468 ], [ -105.0365817, 38.8386504 ], [ -105.0364958, 38.8385293 ], [ -105.0364476, 38.838429 ], [ -105.0364301, 38.838384 ], [ -105.036528, 38.8384415 ], [ -105.0366474, 38.8385208 ], [ -105.0366448, 38.8384959 ], [ -105.0365857, 38.8384248 ], [ -105.0365857, 38.8383965 ], [ -105.0366997, 38.8384708 ], [ -105.0369304, 38.8385878 ], [ -105.0371503, 38.8387131 ], [ -105.0373127, 38.8388093 ], [ -105.0373407, 38.8387967 ], [ -105.0372643, 38.8386963 ], [ -105.0368754, 38.8382106 ], [ -105.0368245, 38.8381658 ], [ -105.0368485, 38.838148 ], [ -105.036976, 38.8382117 ], [ -105.0369438, 38.8381418 ], [ -105.0370645, 38.8382075 ], [ -105.037098, 38.8382409 ], [ -105.0372536, 38.8383684 ], [ -105.0374882, 38.838477 ], [ -105.0375152, 38.8385544 ], [ -105.0376572, 38.838688 ], [ -105.0377645, 38.8387278 ], [ -105.0377149, 38.8386745 ], [ -105.0376733, 38.8385659 ], [ -105.0380287, 38.8387424 ], [ -105.0380838, 38.8387696 ], [ -105.038081, 38.8387257 ], [ -105.0380489, 38.8386641 ], [ -105.0380744, 38.8386484 ], [ -105.0381079, 38.8386629 ], [ -105.0381668, 38.8387089 ], [ -105.0382956, 38.8388385 ], [ -105.038376, 38.8388844 ], [ -105.0383238, 38.838711 ], [ -105.0385249, 38.8388906 ], [ -105.0386657, 38.839062 ], [ -105.0390037, 38.8392155 ], [ -105.0392357, 38.8393002 ], [ -105.0393376, 38.8393492 ], [ -105.0394543, 38.8394798 ], [ -105.0394946, 38.8397452 ], [ -105.0395857, 38.8399625 ], [ -105.0396582, 38.8405014 ], [ -105.0396743, 38.8408671 ], [ -105.0396528, 38.8410697 ], [ -105.0396287, 38.8411114 ], [ -105.0396554, 38.8411689 ], [ -105.039693, 38.841148 ], [ -105.0398326, 38.840934 ], [ -105.0399385, 38.8408169 ], [ -105.0400685, 38.840376 ], [ -105.0402053, 38.8400982 ], [ -105.0402429, 38.8398224 ], [ -105.0402858, 38.8396595 ], [ -105.0403113, 38.8395999 ], [ -105.0404346, 38.8394569 ], [ -105.0404307, 38.8393274 ], [ -105.0404602, 38.8392343 ], [ -105.040389, 38.8391549 ], [ -105.0403623, 38.8390788 ], [ -105.0402711, 38.8389733 ], [ -105.0402616, 38.838945 ], [ -105.040314, 38.8389607 ], [ -105.0405299, 38.8391529 ], [ -105.0405902, 38.839179 ], [ -105.0406721, 38.8392761 ], [ -105.0406881, 38.8393743 ], [ -105.0406613, 38.8395101 ], [ -105.0406103, 38.8396135 ], [ -105.0406224, 38.8396825 ], [ -105.0407083, 38.839718 ], [ -105.0407606, 38.8396878 ], [ -105.0407901, 38.8396261 ], [ -105.0408598, 38.8396135 ], [ -105.0408813, 38.839647 ], [ -105.0408759, 38.8397932 ], [ -105.0408961, 38.83981 ], [ -105.0409283, 38.8397452 ], [ -105.0410074, 38.8397003 ], [ -105.0410141, 38.8397807 ], [ -105.0410637, 38.8397535 ], [ -105.0410958, 38.8397107 ], [ -105.0411615, 38.8395362 ], [ -105.0411857, 38.8396386 ], [ -105.0412421, 38.8395635 ], [ -105.0412621, 38.8396073 ], [ -105.0412278, 38.8397722 ], [ -105.0411634, 38.8398809 ], [ -105.0410942, 38.8399474 ], [ -105.041071, 38.8399718 ], [ -105.0411664, 38.8399891 ], [ -105.0410689, 38.8400554 ], [ -105.0410758, 38.8402842 ], [ -105.0411111, 38.8403861 ], [ -105.0411817, 38.8404367 ], [ -105.0412139, 38.8404806 ], [ -105.0411817, 38.8405349 ], [ -105.0411817, 38.8405829 ], [ -105.0411737, 38.8406404 ], [ -105.0410557, 38.8407553 ], [ -105.0411616, 38.8407364 ], [ -105.0410784, 38.8408045 ], [ -105.0412045, 38.8408034 ], [ -105.0411201, 38.8408676 ], [ -105.0410919, 38.840888 ], [ -105.0410797, 38.8409256 ], [ -105.0410959, 38.8409418 ], [ -105.0411448, 38.8409372 ], [ -105.0412121, 38.8409225 ], [ -105.0413332, 38.8408556 ], [ -105.0414525, 38.8406968 ], [ -105.0414418, 38.8407667 ], [ -105.041462, 38.8408252 ], [ -105.0415746, 38.8406612 ], [ -105.0416242, 38.8405202 ], [ -105.0416604, 38.8404763 ], [ -105.04169, 38.8406143 ], [ -105.0416873, 38.8407584 ], [ -105.0416551, 38.8408242 ], [ -105.0416645, 38.8408461 ], [ -105.0417972, 38.8407302 ], [ -105.0418213, 38.8406602 ], [ -105.0418522, 38.840539 ], [ -105.0418778, 38.8405114 ], [ -105.0419059, 38.8405286 ], [ -105.0419328, 38.8405501 ], [ -105.0419585, 38.840526 ], [ -105.041978, 38.8403984 ], [ -105.0420638, 38.8402882 ], [ -105.0421426, 38.840225 ], [ -105.0421738, 38.840244 ], [ -105.0421861, 38.840274 ], [ -105.042202, 38.8405091 ], [ -105.0423029, 38.8410325 ] ] ] } },
{ "type": "Feature", "properties": { "full_id": "w56228063", "osm_id": "56228063", "osm_type": "way", "route": null, "to": null, "from": null, "roundtrip": null, "operator": null, "distance": null, "descriptio": "Considered difficult, no dogs, parking restricted - plan on using public transportation during summer. Check hours of use: http://www.manitouincline.net http://www.manitouincline.net/main.htm", "ascent": null, "modifier": null, "website": null, "old_railwa": null, "wikipedia": "en:Manitou Incline", "wikidata": "Q6750238", "type": null, "symbol": null, "ref": null, "network": null, "name": "The Incline", "is_in_stat": null }, "geometry": { "type": "MultiLineString", "coordinates": [ [ [ -104.9322837, 38.8568783 ], [ -104.9398023, 38.8576196 ], [ -104.9424912, 38.8578848 ], [ -104.9475039, 38.858379 ] ] ] } },
{ "type": "Feature", "properties": { "full_id": "w78822878", "osm_id": "78822878", "osm_type": "way", "route": null, "to": null, "from": null, "roundtrip": null, "operator": null, "distance": null, "descriptio": null, "ascent": null, "modifier": null, "website": null, "old_railwa": null, "wikipedia": null, "wikidata": null, "type": null, "symbol": null, "ref": null, "network": null, "name": null, "is_in_stat": null }, "geometry": { "type": "MultiLineString", "coordinates": [ [ [ -104.9475039, 38.858379 ], [ -104.9475453, 38.8583024 ], [ -104.9475694, 38.8581854 ], [ -104.9475284, 38.8580304 ], [ -104.9475753, 38.8579355 ], [ -104.9477255, 38.8577935 ], [ -104.9477491, 38.85768 ], [ -104.9476283, 38.8576744 ], [ -104.9473488, 38.8577242 ], [ -104.9471911, 38.8578362 ], [ -104.9471986, 38.8577143 ], [ -104.9472609, 38.8576357 ], [ -104.9474824, 38.857532 ], [ -104.9476516, 38.8574223 ], [ -104.9478413, 38.8573493 ], [ -104.9479072, 38.8572963 ], [ -104.9478305, 38.8572829 ], [ -104.9475318, 38.8573541 ], [ -104.9474058, 38.8574001 ], [ -104.9468881, 38.8573541 ], [ -104.9467648, 38.8573834 ], [ -104.9466634, 38.8575094 ], [ -104.9465448, 38.8576278 ], [ -104.9465025, 38.8571376 ], [ -104.9463093, 38.8573507 ], [ -104.9462739, 38.8571202 ], [ -104.9463141, 38.8569089 ], [ -104.9464319, 38.8567807 ], [ -104.94634, 38.8568053 ], [ -104.9462662, 38.8568467 ], [ -104.9462177, 38.8569297 ], [ -104.9461645, 38.8570624 ], [ -104.9460733, 38.8571209 ], [ -104.9460733, 38.8568744 ], [ -104.9461264, 38.8567004 ], [ -104.9461752, 38.8565444 ], [ -104.9461591, 38.8564609 ], [ -104.9460647, 38.8564372 ], [ -104.9459574, 38.8564789 ], [ -104.9459145, 38.8565458 ], [ -104.9458153, 38.8568027 ], [ -104.9457246, 38.8566238 ], [ -104.9456763, 38.8564191 ], [ -104.9457102, 38.8562254 ], [ -104.9456582, 38.8560639 ], [ -104.9457252, 38.8559903 ], [ -104.9458099, 38.8559714 ], [ -104.9462096, 38.8559401 ], [ -104.9459547, 38.8557918 ], [ -104.9462766, 38.8558429 ], [ -104.9465019, 38.8558837 ], [ -104.9466789, 38.8559004 ], [ -104.9467946, 38.8559313 ] ] ] } },
{ "type": "Feature", "properties": { "full_id": "w79290959", "osm_id": "79290959", "osm_type": "way", "route": null, "to": null, "from": null, "roundtrip": null, "operator": null, "distance": null, "descriptio": null, "ascent": null, "modifier": null, "website": null, "old_railwa": null, "wikipedia": null, "wikidata": null, "type": null, "symbol": null, "ref": null, "network": null, "name": "Longs Ranch Road", "is_in_stat": null }, "geometry": { "type": "MultiLineString", "coordinates": [ [ [ -104.955532, 38.8644008 ], [ -104.9555722, 38.8643444 ], [ -104.9555936, 38.8642692 ], [ -104.9556205, 38.8641961 ], [ -104.9556741, 38.8641606 ], [ -104.9557412, 38.8641585 ], [ -104.9558216, 38.8641731 ], [ -104.9559262, 38.8641961 ], [ -104.9559826, 38.8642003 ], [ -104.9560174, 38.8641585 ], [ -104.9560174, 38.8641209 ], [ -104.9560067, 38.8640562 ], [ -104.9559692, 38.8639538 ], [ -104.9558753, 38.8634234 ], [ -104.9558243, 38.8631915 ], [ -104.9557841, 38.8631498 ], [ -104.9557197, 38.8630829 ], [ -104.9556956, 38.8630307 ], [ -104.955709, 38.8629681 ], [ -104.9557814, 38.8629138 ], [ -104.9558941, 38.8628574 ], [ -104.9559638, 38.8628595 ], [ -104.9560523, 38.8627968 ], [ -104.9563608, 38.8625754 ], [ -104.9564278, 38.8625149 ], [ -104.956468, 38.8624459 ], [ -104.9565136, 38.862377 ], [ -104.9566129, 38.8622914 ], [ -104.9566853, 38.8622225 ], [ -104.9567524, 38.8621556 ], [ -104.9568838, 38.862118 ], [ -104.9571225, 38.8620784 ], [ -104.9573934, 38.8620115 ], [ -104.9575141, 38.861999 ], [ -104.9575731, 38.862022 ], [ -104.9576375, 38.8620199 ], [ -104.9576858, 38.8619927 ], [ -104.9577501, 38.8619719 ], [ -104.9579647, 38.861951 ], [ -104.9580908, 38.8619008 ], [ -104.9581471, 38.8618716 ], [ -104.9582088, 38.8618236 ], [ -104.9582678, 38.8618006 ], [ -104.9583456, 38.8617818 ], [ -104.9584046, 38.8617505 ], [ -104.9584448, 38.8617003 ], [ -104.9585092, 38.861669 ], [ -104.9586567, 38.8616502 ], [ -104.9588364, 38.8616272 ], [ -104.9590215, 38.8616231 ], [ -104.9593058, 38.8615938 ], [ -104.9594051, 38.861598 ], [ -104.9596089, 38.8616105 ], [ -104.959676, 38.8616043 ], [ -104.9597538, 38.8615625 ], [ -104.9598181, 38.8615061 ], [ -104.9600247, 38.861314 ], [ -104.9601319, 38.8611907 ], [ -104.9602339, 38.8610341 ], [ -104.9602795, 38.8609318 ], [ -104.960435, 38.8606811 ], [ -104.9605477, 38.8605266 ], [ -104.9606094, 38.8604639 ], [ -104.9606657, 38.8604493 ], [ -104.9607408, 38.8604535 ], [ -104.9608749, 38.8604869 ] ] ] } },
{ "type": "Feature", "properties": { "full_id": "w79290960", "osm_id": "79290960", "osm_type": "way", "route": null, "to": null, "from": null, "roundtrip": null, "operator": null, "distance": null, "descriptio": null, "ascent": null, "modifier": null, "website": null, "old_railwa": null, "wikipedia": null, "wikidata": null, "type": null, "symbol": null, "ref": null, "network": null, "name": "Longs Ranch Road", "is_in_stat": null }, "geometry": { "type": "MultiLineString", "coordinates": [ [ [ -104.9608749, 38.8604869 ], [ -104.9610171, 38.8605287 ], [ -104.9611726, 38.8605704 ], [ -104.9613014, 38.8606018 ], [ -104.9613765, 38.8606435 ], [ -104.9614784, 38.8606937 ], [ -104.9616688, 38.8607772 ], [ -104.9620658, 38.8608273 ], [ -104.9622643, 38.8608837 ], [ -104.9624628, 38.8609506 ], [ -104.9626881, 38.8609589 ], [ -104.9628597, 38.8609986 ], [ -104.9631441, 38.8610863 ], [ -104.9632245, 38.8611135 ], [ -104.9632782, 38.8611531 ], [ -104.9633989, 38.8612847 ], [ -104.9634713, 38.8613348 ], [ -104.9635571, 38.8613745 ], [ -104.9636751, 38.8613745 ], [ -104.9643457, 38.8612993 ], [ -104.9644101, 38.8612743 ], [ -104.9644691, 38.8612346 ], [ -104.9645415, 38.8611657 ], [ -104.9646407, 38.8611093 ], [ -104.9647078, 38.8610633 ], [ -104.9647668, 38.8610195 ], [ -104.9648231, 38.860938 ], [ -104.9650028, 38.8607939 ], [ -104.9651209, 38.8607229 ], [ -104.9651718, 38.8606728 ], [ -104.9652013, 38.8606143 ], [ -104.965212, 38.860537 ], [ -104.9652335, 38.8604263 ], [ -104.9653381, 38.8601715 ], [ -104.9653488, 38.8601026 ], [ -104.9653327, 38.8600462 ], [ -104.9652764, 38.8599919 ], [ -104.9651799, 38.8599522 ], [ -104.9649224, 38.8598854 ], [ -104.9648607, 38.8598833 ], [ -104.964563, 38.8599898 ], [ -104.9645013, 38.8600378 ], [ -104.9644449, 38.8601151 ], [ -104.9643886, 38.860253 ], [ -104.9643457, 38.8602947 ], [ -104.9642786, 38.8603261 ], [ -104.9642116, 38.8603365 ], [ -104.9641472, 38.8603282 ], [ -104.9640721, 38.8602927 ], [ -104.9640185, 38.8602425 ], [ -104.9639648, 38.8601861 ], [ -104.9638897, 38.8599835 ], [ -104.9638066, 38.8597684 ], [ -104.9637234, 38.8596348 ], [ -104.9636081, 38.8595303 ], [ -104.9634901, 38.8594322 ], [ -104.963415, 38.8593528 ], [ -104.9633479, 38.8592525 ], [ -104.9632433, 38.8591335 ], [ -104.9630985, 38.8590186 ], [ -104.9629804, 38.8589351 ], [ -104.9627954, 38.8588369 ], [ -104.9626371, 38.8587116 ], [ -104.9624655, 38.858603 ], [ -104.9623448, 38.8585487 ], [ -104.9622536, 38.8585173 ], [ -104.9621677, 38.8585111 ], [ -104.962106, 38.8584818 ], [ -104.9620873, 38.8584213 ], [ -104.9620283, 38.8582751 ], [ -104.9620068, 38.858227 ], [ -104.9619934, 38.8581477 ], [ -104.9619934, 38.8580704 ], [ -104.9620041, 38.8579973 ], [ -104.9620095, 38.8579618 ], [ -104.9619961, 38.8579242 ], [ -104.9619532, 38.8578928 ], [ -104.9618942, 38.857872 ], [ -104.9618298, 38.8578364 ], [ -104.9617547, 38.857778 ], [ -104.9616849, 38.8577028 ], [ -104.9615669, 38.8575607 ], [ -104.9615374, 38.8575315 ], [ -104.9614757, 38.8574876 ], [ -104.9613658, 38.857448 ], [ -104.9610841, 38.857354 ], [ -104.9609742, 38.8573393 ], [ -104.9608588, 38.8573352 ], [ -104.960781, 38.8573247 ], [ -104.9605879, 38.8572683 ], [ -104.9603009, 38.8571952 ], [ -104.9599227, 38.8570908 ], [ -104.9597242, 38.8570407 ], [ -104.9596438, 38.8570323 ], [ -104.9589491, 38.8571012 ], [ -104.9587399, 38.8571138 ], [ -104.9586192, 38.8570866 ], [ -104.9585119, 38.8570344 ], [ -104.9584073, 38.8570031 ], [ -104.9583081, 38.8569342 ], [ -104.9582008, 38.8568673 ], [ -104.9580533, 38.856813 ], [ -104.9578226, 38.8567691 ], [ -104.9577582, 38.8567441 ], [ -104.9577247, 38.8567031 ] ] ] } },
{ "type": "Feature", "properties": { "full_id": "w82805116", "osm_id": "82805116", "osm_type": "way", "route": null, "to": null, "from": null, "roundtrip": null, "operator": null, "distance": null, "descriptio": null, "ascent": null, "modifier": null, "website": null, "old_railwa": null, "wikipedia": null, "wikidata": null, "type": null, "symbol": null, "ref": null, "network": null, "name": null, "is_in_stat": null }, "geometry": { "type": "MultiLineString", "coordinates": [ [ [ -104.9475039, 38.858379 ], [ -104.9476893, 38.8583801 ], [ -104.9479816, 38.8584073 ], [ -104.9480621, 38.8584532 ], [ -104.9481989, 38.8586099 ], [ -104.9483974, 38.8587248 ], [ -104.9486334, 38.8587895 ], [ -104.9488534, 38.858825 ], [ -104.9491135, 38.8588563 ], [ -104.9494005, 38.8588584 ], [ -104.949658, 38.8588229 ], [ -104.9498216, 38.8587749 ], [ -104.949945, 38.8587958 ], [ -104.9501381, 38.8588542 ], [ -104.9503366, 38.8589044 ], [ -104.9505405, 38.8589336 ], [ -104.9506478, 38.8589691 ], [ -104.950798, 38.8589921 ], [ -104.9510179, 38.85899 ], [ -104.9511976, 38.8589796 ], [ -104.9513478, 38.8589378 ], [ -104.951447, 38.8588918 ], [ -104.9514712, 38.8588292 ], [ -104.9514497, 38.8587603 ], [ -104.9513934, 38.8586872 ], [ -104.9513237, 38.8585744 ], [ -104.9512378, 38.8583551 ], [ -104.9511037, 38.8580752 ], [ -104.9510581, 38.8579373 ], [ -104.9511064, 38.8577744 ], [ -104.9511654, 38.8576219 ], [ -104.9511708, 38.8575342 ], [ -104.9511601, 38.8574716 ], [ -104.9511842, 38.8574068 ], [ -104.951262, 38.8573713 ], [ -104.9513961, 38.8573692 ], [ -104.9515329, 38.8573964 ], [ -104.9516938, 38.8574361 ], [ -104.9519003, 38.8574528 ], [ -104.9520371, 38.8574632 ], [ -104.9521203, 38.8574193 ], [ -104.9521954, 38.8573504 ], [ -104.9522544, 38.8572523 ], [ -104.9523214, 38.8572021 ], [ -104.9525172, 38.8571938 ], [ -104.9526514, 38.8571708 ], [ -104.9528069, 38.8571228 ], [ -104.9529679, 38.8571207 ], [ -104.9531476, 38.8570998 ], [ -104.9533192, 38.8570622 ], [ -104.9535311, 38.8570538 ], [ -104.9536572, 38.8570246 ], [ -104.9537564, 38.8569452 ], [ -104.9538718, 38.8568888 ], [ -104.9540247, 38.8568366 ], [ -104.9542821, 38.8568032 ], [ -104.9544323, 38.856776 ], [ -104.9545504, 38.8567196 ], [ -104.9546845, 38.8566152 ], [ -104.9547596, 38.8565129 ], [ -104.9548916, 38.8564221 ] ] ] } },
{ "type": "Feature", "properties": { "full_id": "w56228896", "osm_id": "56228896", "osm_type": "way", "route": null, "to": null, "from": null, "roundtrip": null, "operator": null, "distance": null, "descriptio": null, "ascent": null, "modifier": null, "website": null, "old_railwa": null, "wikipedia": null, "wikidata": null, "type": null, "symbol": null, "ref": null, "network": null, "name": "Path from Ruxton to base of Incline", "is_in_stat": null }, "geometry": { "type": "MultiLineString", "coordinates": [ [ [ -104.9307767, 38.8565975 ], [ -104.9307921, 38.8565803 ], [ -104.9309386, 38.8565831 ], [ -104.9309772, 38.8566455 ], [ -104.9309636, 38.8567009 ], [ -104.9311868, 38.8567566 ], [ -104.9312111, 38.8568404 ], [ -104.9313826, 38.8569123 ], [ -104.9313785, 38.8569337 ], [ -104.931585, 38.8569671 ], [ -104.931746, 38.8569734 ], [ -104.9319874, 38.8569567 ], [ -104.9322261, 38.8569358 ], [ -104.9324004, 38.8569462 ], [ -104.932607, 38.8569859 ], [ -104.9328645, 38.8570548 ], [ -104.933079, 38.8571613 ], [ -104.9332319, 38.8572344 ], [ -104.9333821, 38.8573034 ], [ -104.9335243, 38.8573326 ], [ -104.9336584, 38.8573702 ], [ -104.9337576, 38.8573994 ], [ -104.9338274, 38.8574496 ], [ -104.9338837, 38.8575143 ], [ -104.9339373, 38.8576501 ], [ -104.9339776, 38.8577629 ], [ -104.9340393, 38.8578464 ], [ -104.934117, 38.8579112 ], [ -104.934227, 38.8579822 ], [ -104.9343128, 38.8580699 ], [ -104.9343826, 38.8581764 ], [ -104.9344791, 38.8583226 ], [ -104.9345596, 38.8584271 ], [ -104.9346374, 38.8585169 ], [ -104.9347313, 38.8586318 ], [ -104.9348627, 38.8587028 ], [ -104.9349727, 38.858732 ], [ -104.9350499, 38.858741 ], [ -104.9349778, 38.8588218 ], [ -104.9349035, 38.8588737 ], [ -104.9347688, 38.8589659 ], [ -104.9346812, 38.8590015 ], [ -104.9345752, 38.8589901 ], [ -104.9344807, 38.8589827 ], [ -104.9344251, 38.8589957 ], [ -104.9344658, 38.8590252 ], [ -104.9345276, 38.8590599 ], [ -104.9345695, 38.8591324 ], [ -104.9347253, 38.8592496 ], [ -104.9348758, 38.8593241 ], [ -104.9349443, 38.8594026 ], [ -104.9350943, 38.8595116 ], [ -104.9352085, 38.8596374 ], [ -104.9352937, 38.8597197 ], [ -104.9352946, 38.859789 ], [ -104.9352859, 38.8598471 ], [ -104.935277, 38.8599052 ], [ -104.9353555, 38.8598822 ], [ -104.9354873, 38.8598931 ], [ -104.935517, 38.8599295 ], [ -104.9355195, 38.8599743 ], [ -104.9354919, 38.8600371 ], [ -104.9354692, 38.8600866 ], [ -104.9354041, 38.8601142 ], [ -104.9353581, 38.8601197 ], [ -104.9352559, 38.8600679 ], [ -104.9351999, 38.8600212 ], [ -104.9351659, 38.8599812 ], [ -104.9350544, 38.8599154 ], [ -104.9349726, 38.8598734 ], [ -104.9348437, 38.8597797 ], [ -104.9347705, 38.8597691 ], [ -104.9346495, 38.8597338 ], [ -104.934586, 38.8597822 ], [ -104.9344917, 38.8598222 ], [ -104.934373, 38.8598479 ], [ -104.9343864, 38.8598835 ], [ -104.9344789, 38.8599243 ], [ -104.9346021, 38.8599123 ], [ -104.9346791, 38.8598979 ], [ -104.9348039, 38.8599339 ], [ -104.9350211, 38.8600826 ], [ -104.9351459, 38.8602326 ], [ -104.9352938, 38.8603873 ], [ -104.9353477, 38.8604725 ], [ -104.9354402, 38.8605469 ], [ -104.9354848, 38.8605769 ], [ -104.9355234, 38.8605781 ], [ -104.9356235, 38.8605709 ], [ -104.9357823, 38.8605837 ], [ -104.9358128, 38.8605703 ], [ -104.9358311, 38.8605537 ], [ -104.9358464, 38.860518 ], [ -104.9358758, 38.8604207 ], [ -104.9358768, 38.8603795 ], [ -104.9359053, 38.8603162 ], [ -104.935948, 38.8602711 ], [ -104.936012, 38.8602316 ], [ -104.9361391, 38.8601738 ], [ -104.9361929, 38.86015 ], [ -104.9362356, 38.86012 ], [ -104.9362458, 38.8601002 ], [ -104.9363159, 38.8599965 ], [ -104.9363352, 38.8599609 ], [ -104.9363413, 38.8599387 ], [ -104.9363251, 38.8598865 ], [ -104.9362966, 38.859824 ], [ -104.9362488, 38.8597591 ], [ -104.9362305, 38.8596973 ], [ -104.9362366, 38.8596688 ], [ -104.936261, 38.8596419 ], [ -104.9363251, 38.8596332 ], [ -104.9364003, 38.8596324 ], [ -104.9364968, 38.8596356 ], [ -104.9365995, 38.859634 ], [ -104.9366513, 38.8596214 ], [ -104.9366727, 38.8596111 ], [ -104.9366889, 38.8595921 ], [ -104.9367093, 38.8595422 ], [ -104.9367509, 38.8594338 ], [ -104.9367824, 38.8594093 ], [ -104.9367885, 38.8594219 ], [ -104.9367987, 38.8594623 ], [ -104.9368058, 38.8595058 ], [ -104.9368139, 38.8595541 ], [ -104.936818, 38.8595984 ], [ -104.9368017, 38.8596483 ], [ -104.9367875, 38.8597029 ], [ -104.9367499, 38.8597306 ], [ -104.9366981, 38.8597527 ], [ -104.9366269, 38.8597868 ], [ -104.9366046, 38.8598034 ], [ -104.9365924, 38.8598271 ], [ -104.9365893, 38.8598469 ], [ -104.9366046, 38.8598461 ], [ -104.9366584, 38.8598192 ], [ -104.9367916, 38.8597622 ], [ -104.9368475, 38.8597266 ], [ -104.9368739, 38.8596926 ], [ -104.9368942, 38.8596578 ], [ -104.9369074, 38.8596301 ], [ -104.9369572, 38.8596087 ], [ -104.9370345, 38.8596396 ], [ -104.937068, 38.8596601 ], [ -104.9371341, 38.8597084 ], [ -104.937193, 38.8597037 ], [ -104.9372317, 38.8596855 ], [ -104.9372906, 38.8596427 ], [ -104.9373211, 38.8596119 ], [ -104.9373689, 38.8595755 ], [ -104.9374075, 38.8595232 ], [ -104.937436, 38.8594852 ], [ -104.9374908, 38.8594275 ], [ -104.9375539, 38.8593483 ], [ -104.9376067, 38.859285 ], [ -104.9376646, 38.8591766 ], [ -104.9376951, 38.8590982 ], [ -104.9376839, 38.8590436 ], [ -104.9376596, 38.8589882 ], [ -104.9376128, 38.8589114 ], [ -104.9376026, 38.8588782 ], [ -104.9376016, 38.8588545 ], [ -104.9376504, 38.8588038 ], [ -104.9376778, 38.8587927 ], [ -104.9377764, 38.8587698 ], [ -104.9378354, 38.858746 ], [ -104.9379258, 38.8586985 ], [ -104.9379899, 38.8586614 ], [ -104.9380478, 38.858617 ], [ -104.9380681, 38.858598 ], [ -104.9381535, 38.8585751 ], [ -104.9381667, 38.8585775 ], [ -104.9381708, 38.8585893 ], [ -104.9381027, 38.8586392 ], [ -104.9380509, 38.8586653 ], [ -104.9380072, 38.8587009 ], [ -104.9379858, 38.8587373 ], [ -104.9379675, 38.8587832 ], [ -104.9379604, 38.858803 ], [ -104.9379269, 38.8588434 ], [ -104.9378801, 38.858894 ], [ -104.9378588, 38.8589304 ], [ -104.9378679, 38.8590017 ], [ -104.9378862, 38.8590444 ], [ -104.9379258, 38.8591133 ], [ -104.9379289, 38.859141 ], [ -104.9379258, 38.8591813 ], [ -104.9379055, 38.859228 ], [ -104.9378872, 38.8592834 ], [ -104.9378801, 38.859338 ], [ -104.9378638, 38.8594298 ], [ -104.9378506, 38.8594718 ], [ -104.9378273, 38.8595209 ], [ -104.9378029, 38.8595628 ], [ -104.9377429, 38.8596253 ], [ -104.9377002, 38.8596776 ], [ -104.9376575, 38.8597385 ], [ -104.9376189, 38.8598042 ], [ -104.9375701, 38.8598833 ], [ -104.9375437, 38.8599403 ], [ -104.9375284, 38.8599949 ], [ -104.9375183, 38.8600353 ], [ -104.9375051, 38.8600812 ], [ -104.9374847, 38.8601358 ], [ -104.937439, 38.8601864 ], [ -104.9374268, 38.8602347 ], [ -104.9374227, 38.8602767 ], [ -104.9374268, 38.8603131 ], [ -104.9374156, 38.8603526 ], [ -104.9373943, 38.8604167 ], [ -104.937374, 38.8604761 ], [ -104.937379, 38.8605093 ], [ -104.9373882, 38.8605109 ], [ -104.9374105, 38.8604793 ], [ -104.9374207, 38.8604429 ], [ -104.9374807, 38.8603534 ], [ -104.9375183, 38.8602846 ], [ -104.9375762, 38.8602355 ], [ -104.9376179, 38.8601817 ], [ -104.9376839, 38.8600772 ], [ -104.9377439, 38.8599759 ], [ -104.9378303, 38.8598683 ], [ -104.9379492, 38.859763 ], [ -104.9380011, 38.8597076 ], [ -104.9380529, 38.8596657 ], [ -104.9381037, 38.8596309 ], [ -104.9381535, 38.859577 ], [ -104.9382145, 38.8595011 ], [ -104.9382806, 38.8594203 ], [ -104.9382958, 38.8594045 ], [ -104.938306, 38.8593824 ], [ -104.9383293, 38.8593657 ], [ -104.9383527, 38.8593744 ], [ -104.9383771, 38.8594029 ], [ -104.938434, 38.8594544 ], [ -104.9385031, 38.8595034 ], [ -104.9385814, 38.8595414 ], [ -104.9386505, 38.8595493 ], [ -104.9387369, 38.8595707 ], [ -104.9388101, 38.859604 ], [ -104.9388663, 38.8596162 ], [ -104.9389527, 38.8596542 ], [ -104.9390564, 38.8596874 ], [ -104.9391235, 38.8597024 ], [ -104.9391682, 38.859723 ], [ -104.9392231, 38.8597452 ], [ -104.9392475, 38.8597428 ], [ -104.9393152, 38.859729 ], [ -104.9393711, 38.8596839 ], [ -104.9394148, 38.8596556 ], [ -104.9394595, 38.8596762 ], [ -104.9395093, 38.8596849 ], [ -104.9395419, 38.8596762 ], [ -104.9395815, 38.8596516 ], [ -104.9395917, 38.8596152 ], [ -104.9395927, 38.8595796 ], [ -104.9395622, 38.8595337 ], [ -104.9395022, 38.859468 ], [ -104.9394534, 38.8594293 ], [ -104.9394138, 38.8593968 ], [ -104.9393813, 38.8593644 ], [ -104.9393721, 38.8593248 ], [ -104.9394656, 38.8592526 ], [ -104.939553, 38.8591884 ], [ -104.9395967, 38.8591607 ], [ -104.9396587, 38.8591291 ], [ -104.9396706, 38.8591011 ], [ -104.9397082, 38.8590678 ], [ -104.9397366, 38.8590299 ], [ -104.9397286, 38.8590123 ], [ -104.9396872, 38.8589445 ], [ -104.9396728, 38.8588832 ], [ -104.9396685, 38.8588399 ], [ -104.9396923, 38.8587756 ], [ -104.9397349, 38.8587075 ], [ -104.9398796, 38.8586436 ], [ -104.9398094, 38.8587312 ], [ -104.9397938, 38.8587716 ], [ -104.9397842, 38.8588323 ], [ -104.9397852, 38.8588727 ], [ -104.9397923, 38.8588893 ], [ -104.9398167, 38.8589257 ], [ -104.9398492, 38.8589629 ], [ -104.9399413, 38.8590228 ], [ -104.9399525, 38.8590553 ], [ -104.9399342, 38.8590996 ], [ -104.9399128, 38.8591352 ], [ -104.9398925, 38.8591613 ], [ -104.9398786, 38.8592041 ], [ -104.9398562, 38.85925 ], [ -104.9398247, 38.8593252 ], [ -104.9398359, 38.8593244 ], [ -104.9398806, 38.8592967 ], [ -104.9399508, 38.859231 ], [ -104.940013, 38.8591643 ], [ -104.9400677, 38.8591201 ], [ -104.9400947, 38.8590913 ], [ -104.9401019, 38.8590771 ], [ -104.9401029, 38.8590257 ], [ -104.9401022, 38.8590006 ], [ -104.9400393, 38.8589281 ], [ -104.9399854, 38.8588742 ], [ -104.93996, 38.858822 ], [ -104.9399671, 38.858765 ], [ -104.9399905, 38.8587223 ], [ -104.9400372, 38.8586677 ], [ -104.9400901, 38.8586226 ], [ -104.9401551, 38.8585743 ], [ -104.940207, 38.85853 ], [ -104.9402202, 38.8584975 ], [ -104.9402151, 38.8584722 ], [ -104.9401765, 38.858439 ], [ -104.9401063, 38.8583717 ], [ -104.9400321, 38.8582981 ], [ -104.9400118, 38.8582704 ], [ -104.9399549, 38.858234 ], [ -104.9399092, 38.8581952 ], [ -104.9398911, 38.8581632 ], [ -104.939885, 38.8581378 ], [ -104.9398799, 38.8580769 ], [ -104.9398789, 38.8580421 ], [ -104.9398758, 38.8579969 ], [ -104.9398657, 38.8579471 ], [ -104.9398586, 38.8579289 ], [ -104.9398543, 38.8578901 ], [ -104.939836, 38.8578363 ], [ -104.9398146, 38.8577675 ], [ -104.9398004, 38.8577176 ], [ -104.9398023, 38.8576196 ] ] ] } },
{ "type": "Feature", "properties": { "full_id": "w79290963", "osm_id": "79290963", "osm_type": "way", "route": null, "to": null, "from": null, "roundtrip": null, "operator": null, "distance": null, "descriptio": null, "ascent": null, "modifier": null, "website": null, "old_railwa": null, "wikipedia": null, "wikidata": null, "type": null, "symbol": null, "ref": null, "network": null, "name": null, "is_in_stat": null }, "geometry": { "type": "MultiLineString", "coordinates": [ [ [ -104.955709, 38.8629681 ], [ -104.9556178, 38.8629179 ], [ -104.9555293, 38.8628261 ], [ -104.9554139, 38.8626799 ], [ -104.9553093, 38.8625608 ], [ -104.9551833, 38.8624104 ], [ -104.9551082, 38.8622956 ], [ -104.9549875, 38.8619322 ], [ -104.9548936, 38.8617129 ], [ -104.9548668, 38.8616398 ], [ -104.954856, 38.8615583 ], [ -104.9548453, 38.8615124 ], [ -104.9548051, 38.8614769 ], [ -104.9547407, 38.8614539 ], [ -104.9544215, 38.8614184 ], [ -104.954333, 38.8613996 ], [ -104.9542257, 38.8613704 ], [ -104.9541077, 38.8612889 ], [ -104.9539763, 38.8611824 ], [ -104.9538958, 38.861126 ], [ -104.9537939, 38.86108 ], [ -104.9536732, 38.8610278 ], [ -104.953626, 38.8609437 ], [ -104.9534211, 38.8607479 ], [ -104.9533473, 38.8606735 ], [ -104.9532134, 38.8606267 ], [ -104.9530768, 38.8605607 ], [ -104.9529402, 38.8603841 ], [ -104.952779, 38.8603522 ], [ -104.9527052, 38.8602139 ], [ -104.9525413, 38.8600267 ], [ -104.9525577, 38.8597841 ], [ -104.9526888, 38.8595969 ], [ -104.9528282, 38.8596841 ], [ -104.9529675, 38.859716 ], [ -104.9531096, 38.8596798 ], [ -104.9533227, 38.8595969 ], [ -104.9534758, 38.8595607 ], [ -104.9535796, 38.8595352 ], [ -104.9537545, 38.8595926 ], [ -104.9537763, 38.8594735 ], [ -104.9537791, 38.8592926 ], [ -104.9540441, 38.8593075 ], [ -104.9541561, 38.8592352 ], [ -104.9544266, 38.8592288 ], [ -104.9545851, 38.8591607 ], [ -104.9547299, 38.8590415 ], [ -104.9547901, 38.8590139 ], [ -104.9548884, 38.8591245 ], [ -104.9549513, 38.8591373 ], [ -104.9550797, 38.8592054 ], [ -104.9553775, 38.8593139 ], [ -104.9555606, 38.8593373 ], [ -104.9555879, 38.8593032 ], [ -104.9556262, 38.8592203 ], [ -104.9557109, 38.8591394 ], [ -104.9558967, 38.8589926 ] ], [ [ -104.9514497, 38.8587603 ], [ -104.9514319, 38.8585979 ], [ -104.9513882, 38.8584638 ], [ -104.9514046, 38.8582521 ], [ -104.9514415, 38.8581351 ], [ -104.9515207, 38.858034 ], [ -104.9516204, 38.8579808 ], [ -104.9516723, 38.8579713 ], [ -104.9516942, 38.8579766 ], [ -104.9516997, 38.858034 ], [ -104.9517366, 38.8582032 ], [ -104.9517857, 38.8582692 ], [ -104.9518226, 38.8582872 ], [ -104.9518691, 38.8582245 ], [ -104.9519019, 38.8581904 ], [ -104.9519278, 38.8582053 ], [ -104.9519511, 38.8582936 ], [ -104.9519579, 38.8583351 ], [ -104.9521956, 38.8582532 ], [ -104.9521437, 38.858316 ], [ -104.9520945, 38.8584128 ], [ -104.9521437, 38.8585256 ], [ -104.9522994, 38.8586968 ], [ -104.9523172, 38.8586022 ], [ -104.9523254, 38.8585479 ], [ -104.9523828, 38.8585745 ], [ -104.9525235, 38.8587298 ], [ -104.9525659, 38.8587053 ], [ -104.952626, 38.8586298 ], [ -104.9529074, 38.8585053 ], [ -104.9531205, 38.8584649 ], [ -104.953167, 38.8584841 ], [ -104.9531588, 38.8585266 ], [ -104.9529361, 38.8588426 ], [ -104.9529033, 38.8591564 ], [ -104.9528992, 38.8592873 ], [ -104.9528036, 38.8594266 ], [ -104.9526888, 38.8595969 ] ] ] } },
{ "type": "Feature", "properties": { "full_id": "w454609908", "osm_id": "454609908", "osm_type": "way", "route": null, "to": null, "from": null, "roundtrip": null, "operator": null, "distance": null, "descriptio": null, "ascent": null, "modifier": null, "website": null, "old_railwa": null, "wikipedia": null, "wikidata": null, "type": null, "symbol": null, "ref": null, "network": null, "name": "Manitou and Pike's Peak Railway", "is_in_stat": null }, "geometry": { "type": "MultiLineString", "coordinates": [ [ [ -105.0422494, 38.8402588 ], [ -105.0422026, 38.8399588 ], [ -105.0421895, 38.8397891 ], [ -105.042184, 38.8396421 ], [ -105.0421842, 38.8395111 ], [ -105.0422095, 38.839255 ], [ -105.0422932, 38.8390159 ], [ -105.0425411, 38.8384512 ], [ -105.04338, 38.8365122 ], [ -105.0440358, 38.8348459 ], [ -105.0441099, 38.8345741 ], [ -105.0440946, 38.8343675 ], [ -105.0440385, 38.8341558 ], [ -105.0438792, 38.8338953 ], [ -105.0435866, 38.8335328 ], [ -105.0432677, 38.8332158 ], [ -105.0429187, 38.8329474 ], [ -105.0394597, 38.8307678 ], [ -105.0365501, 38.8299253 ], [ -105.0358634, 38.8295174 ], [ -105.0354171, 38.8291029 ], [ -105.0350566, 38.8286081 ], [ -105.0348335, 38.8278458 ], [ -105.0346189, 38.8275048 ], [ -105.0341468, 38.8272106 ], [ -105.033546, 38.8271036 ], [ -105.0301557, 38.8268161 ], [ -105.029809, 38.826709 ], [ -105.029438, 38.826529 ], [ -105.0291343, 38.8261742 ], [ -105.0272632, 38.8215469 ], [ -105.0270658, 38.8204301 ], [ -105.0267139, 38.819641 ], [ -105.0262246, 38.8190258 ], [ -105.0254092, 38.8184373 ], [ -105.0244394, 38.8180762 ], [ -105.0241779, 38.8179748 ], [ -105.0238491, 38.8177631 ], [ -105.0234456, 38.8173505 ], [ -105.0233836, 38.8172871 ], [ -105.0233319, 38.8172232 ], [ -105.0226084, 38.8163294 ], [ -105.0224309, 38.8161101 ], [ -105.0221305, 38.8159496 ], [ -105.0217529, 38.8158426 ], [ -105.0213752, 38.8158091 ], [ -105.0209639, 38.8159552 ], [ -105.0196914, 38.81659 ], [ -105.0192332, 38.816734 ], [ -105.0188103, 38.8168229 ], [ -105.0174613, 38.8170463 ], [ -105.0163627, 38.8174275 ], [ -105.0154529, 38.8179558 ], [ -105.0114618, 38.8207645 ], [ -105.0110755, 38.8212326 ], [ -105.0106905, 38.8222493 ], [ -105.0106464, 38.8228107 ], [ -105.0106528, 38.8232543 ], [ -105.0110154, 38.8241347 ], [ -105.0115476, 38.8250308 ], [ -105.0116163, 38.8254453 ], [ -105.0114961, 38.8258064 ], [ -105.0111871, 38.8261207 ], [ -105.0106034, 38.8263146 ], [ -105.0101485, 38.8264082 ], [ -105.0097795, 38.8266155 ], [ -105.0095477, 38.826883 ], [ -105.0091247, 38.8272657 ], [ -105.0085546, 38.8278117 ], [ -105.0083649, 38.8281153 ], [ -105.0080379, 38.8289877 ], [ -105.0078474, 38.8295509 ], [ -105.0078291, 38.8297533 ], [ -105.0078292, 38.8304948 ], [ -105.00775, 38.830858 ], [ -105.0075977, 38.8311414 ], [ -105.0072872, 38.8313815 ], [ -105.0068698, 38.8315032 ], [ -105.0040717, 38.8319445 ], [ -105.0009455, 38.8323715 ], [ -105.000532, 38.832428 ], [ -104.9926764, 38.8336261 ], [ -104.992215, 38.8336629 ], [ -104.9908266, 38.8337736 ], [ -104.9905028, 38.8337994 ], [ -104.9891973, 38.8339035 ], [ -104.9888196, 38.8340105 ], [ -104.9871888, 38.8349866 ], [ -104.9866395, 38.8351872 ], [ -104.9861589, 38.8352741 ], [ -104.9801336, 38.8355015 ], [ -104.979404, 38.8356352 ], [ -104.9785457, 38.8359427 ], [ -104.9768548, 38.8370258 ], [ -104.9765115, 38.8375072 ], [ -104.975604, 38.839764 ], [ -104.9746145, 38.8417773 ], [ -104.9742198, 38.8424209 ], [ -104.9740066, 38.8426839 ], [ -104.9736877, 38.8429089 ], [ -104.9732671, 38.8431295 ], [ -104.9727092, 38.84329 ], [ -104.972324, 38.843476 ], [ -104.9719453, 38.8437445 ], [ -104.9697652, 38.8460174 ], [ -104.9693704, 38.8462848 ], [ -104.9683404, 38.8466458 ], [ -104.9663749, 38.8471605 ], [ -104.9654307, 38.8471694 ], [ -104.9639459, 38.8475816 ], [ -104.9631734, 38.8476953 ], [ -104.9628043, 38.8478089 ], [ -104.9614053, 38.8489052 ], [ -104.961092, 38.849061 ], [ -104.9609018, 38.8490875 ], [ -104.9600996, 38.8492047 ], [ -104.9596271, 38.8492795 ], [ -104.9590793, 38.8493731 ], [ -104.958633, 38.8495402 ], [ -104.9582896, 38.8496137 ], [ -104.9578862, 38.8495937 ], [ -104.9575515, 38.8495135 ], [ -104.957204, 38.849349 ], [ -104.9565861, 38.8491851 ], [ -104.956385, 38.8491587 ], [ -104.9561731, 38.849167 ], [ -104.9559572, 38.8492015 ] ], [ [ -104.9558687, 38.8492276 ], [ -104.9555843, 38.8493049 ], [ -104.9554207, 38.8493279 ], [ -104.9552641, 38.8493363 ], [ -104.9530883, 38.8491926 ], [ -104.9518695, 38.8495201 ], [ -104.9507194, 38.8495201 ], [ -104.9503589, 38.8496137 ], [ -104.950068, 38.849765 ], [ -104.9491229, 38.8506966 ], [ -104.9487796, 38.8513049 ], [ -104.9485479, 38.8515455 ], [ -104.948299, 38.8517126 ], [ -104.9479814, 38.8518062 ], [ -104.9473119, 38.8518129 ], [ -104.9447541, 38.8514519 ], [ -104.944016, 38.8511846 ], [ -104.94272, 38.8504159 ], [ -104.9423166, 38.850349 ], [ -104.941896, 38.8503423 ], [ -104.9403854, 38.8504092 ], [ -104.9400935, 38.8504827 ], [ -104.939836, 38.8505763 ], [ -104.9386773, 38.851238 ], [ -104.9383254, 38.8516591 ], [ -104.9361453, 38.8528623 ], [ -104.9345145, 38.8534973 ], [ -104.9338708, 38.8538181 ], [ -104.9334588, 38.8541189 ], [ -104.9332065, 38.8543399 ], [ -104.9327369, 38.8547601 ], [ -104.9325576, 38.8549344 ], [ -104.9322471, 38.8553685 ], [ -104.9318324, 38.8557639 ], [ -104.9318177, 38.8557778 ], [ -104.931618, 38.855885 ], [ -104.9314842, 38.8559308 ], [ -104.9309069, 38.8560735 ] ] ] } },
{ "type": "Feature", "properties": { "full_id": "w222721007", "osm_id": "222721007", "osm_type": "way", "route": null, "to": null, "from": null, "roundtrip": null, "operator": null, "distance": null, "descriptio": null, "ascent": null, "modifier": null, "website": null, "old_railwa": null, "wikipedia": null, "wikidata": null, "type": null, "symbol": null, "ref": null, "network": null, "name": "South Fork French Creek", "is_in_stat": null }, "geometry": { "type": "MultiLineString", "coordinates": [ [ [ -105.0161466, 38.856877 ], [ -105.0150958, 38.8559976 ], [ -105.0142018, 38.8552648 ], [ -105.0132608, 38.854251 ], [ -105.0124922, 38.8537991 ], [ -105.0118335, 38.8537625 ], [ -105.0102808, 38.8541289 ], [ -105.0090731, 38.854422 ], [ -105.0089006, 38.8548373 ], [ -105.0089633, 38.8557655 ], [ -105.0085227, 38.8563472 ], [ -105.0076954, 38.8559045 ], [ -105.0053114, 38.8552205 ], [ -105.004935, 38.8548297 ], [ -105.0029902, 38.8549274 ], [ -105.0019654, 38.8543841 ], [ -105.0005957, 38.8545741 ], [ -105.0000745, 38.8545309 ], [ -104.9992316, 38.8525272 ], [ -104.9979187, 38.8517312 ], [ -104.9963282, 38.8517789 ], [ -104.9938813, 38.850969 ], [ -104.9924132, 38.8507785 ], [ -104.9911898, 38.8510166 ], [ -104.9884982, 38.8527316 ], [ -104.9864832, 38.854183 ], [ -104.9843385, 38.8556852 ], [ -104.9829316, 38.8546848 ], [ -104.9813411, 38.8548753 ], [ -104.9796895, 38.8564473 ], [ -104.9773038, 38.8581622 ], [ -104.9767532, 38.8596865 ], [ -104.9754074, 38.8614013 ], [ -104.9748569, 38.8635923 ] ] ] } },
{ "type": "Feature", "properties": { "full_id": "w304561640", "osm_id": "304561640", "osm_type": "way", "route": null, "to": null, "from": null, "roundtrip": null, "operator": null, "distance": null, "descriptio": null, "ascent": null, "modifier": null, "website": null, "old_railwa": null, "wikipedia": null, "wikidata": null, "type": null, "symbol": null, "ref": null, "network": null, "name": "Elk Park Trail", "is_in_stat": null }, "geometry": { "type": "MultiLineString", "coordinates": [ [ [ -105.0210254, 38.8627084 ], [ -105.02089, 38.8625645 ], [ -105.0207439, 38.8623102 ], [ -105.0206536, 38.8620509 ], [ -105.0206193, 38.8619371 ], [ -105.0203636, 38.8615891 ], [ -105.0201251, 38.8612311 ], [ -105.0200821, 38.8610872 ], [ -105.0200757, 38.8610069 ], [ -105.0197663, 38.8607309 ], [ -105.0192592, 38.8605 ], [ -105.018997, 38.860495 ], [ -105.018765, 38.8605234 ], [ -105.0186812, 38.8604799 ], [ -105.018505, 38.8605234 ], [ -105.018404, 38.8606037 ], [ -105.0183825, 38.8607141 ], [ -105.0182235, 38.8608145 ], [ -105.0179571, 38.8608296 ], [ -105.017826, 38.860848 ], [ -105.017695, 38.8608614 ], [ -105.0175961, 38.8610186 ], [ -105.0176563, 38.8611926 ], [ -105.0176713, 38.8614285 ], [ -105.0176649, 38.8614804 ], [ -105.0175875, 38.8614787 ], [ -105.0175102, 38.8614469 ], [ -105.0174479, 38.8613767 ], [ -105.0172867, 38.8613783 ], [ -105.0170955, 38.8613047 ], [ -105.0168978, 38.8611525 ], [ -105.0167925, 38.861104 ], [ -105.0165519, 38.8608262 ], [ -105.0165048, 38.8604673 ], [ -105.0164765, 38.8602523 ], [ -105.0166145, 38.8598941 ], [ -105.0164942, 38.8596323 ], [ -105.0162464, 38.8594063 ], [ -105.0163066, 38.8592106 ], [ -105.0162358, 38.8589598 ], [ -105.0164092, 38.8582212 ], [ -105.0165508, 38.8578547 ], [ -105.0170923, 38.8577307 ], [ -105.0176267, 38.8576314 ], [ -105.0176833, 38.8575791 ], [ -105.017432, 38.8574881 ], [ -105.017071, 38.8574027 ], [ -105.0167525, 38.8572925 ], [ -105.0163986, 38.8573228 ], [ -105.0162429, 38.8572677 ], [ -105.016119, 38.8571629 ], [ -105.0158854, 38.8569259 ], [ -105.0155633, 38.856416 ], [ -105.0154713, 38.8562341 ], [ -105.0153899, 38.8562121 ], [ -105.015259, 38.8559503 ], [ -105.0150749, 38.8557325 ], [ -105.014675, 38.8554266 ], [ -105.0142184, 38.8551648 ], [ -105.0139035, 38.8548506 ], [ -105.0137513, 38.8547459 ], [ -105.0135531, 38.854699 ], [ -105.013362, 38.8544041 ], [ -105.013185, 38.8540706 ], [ -105.0132452, 38.8540155 ], [ -105.0131355, 38.8537288 ], [ -105.0131708, 38.8534367 ], [ -105.013316, 38.8532686 ], [ -105.0136239, 38.8531445 ], [ -105.0135637, 38.8529709 ], [ -105.0133974, 38.8528358 ], [ -105.0130293, 38.8526787 ], [ -105.0129443, 38.8525437 ], [ -105.012417, 38.8521744 ], [ -105.0120383, 38.8518188 ], [ -105.0119781, 38.8516782 ], [ -105.0120772, 38.8514715 ], [ -105.012194, 38.8512951 ], [ -105.0122188, 38.8511353 ], [ -105.0120808, 38.8509478 ], [ -105.0114225, 38.8504076 ], [ -105.0112561, 38.8501678 ], [ -105.0112137, 38.8499363 ], [ -105.0112951, 38.8496965 ], [ -105.0112068, 38.849555 ], [ -105.0109576, 38.8494379 ], [ -105.0104527, 38.8494563 ], [ -105.0099048, 38.8494346 ], [ -105.0090528, 38.8489205 ], [ -105.0086015, 38.8487883 ], [ -105.0081869, 38.8486093 ], [ -105.0076841, 38.848124 ], [ -105.0073704, 38.8477977 ], [ -105.0071899, 38.8474747 ], [ -105.007021, 38.8474162 ] ] ] } },
{ "type": "Feature", "properties": { "full_id": "w708571437", "osm_id": "708571437", "osm_type": "way", "route": null, "to": null, "from": null, "roundtrip": null, "operator": null, "distance": null, "descriptio": null, "ascent": null, "modifier": null, "website": null, "old_railwa": null, "wikipedia": null, "wikidata": null, "type": null, "symbol": null, "ref": null, "network": null, "name": "Lake Moraine", "is_in_stat": null }, "geometry": { "type": "MultiLineString", "coordinates": [ [ [ -105.0041806, 38.8463989 ], [ -105.0042497, 38.8463277 ], [ -105.0042605, 38.8462901 ], [ -105.0042417, 38.8462148 ], [ -105.0042497, 38.846125 ], [ -105.0042122, 38.8460832 ], [ -105.0041666, 38.8460039 ], [ -105.0041559, 38.8459057 ], [ -105.0041988, 38.8458555 ], [ -105.0041478, 38.8457699 ], [ -105.0040781, 38.8457156 ], [ -105.0039788, 38.8456069 ], [ -105.0038474, 38.8455464 ], [ -105.0037803, 38.8454983 ], [ -105.0037052, 38.8455505 ], [ -105.0035845, 38.8456278 ], [ -105.0034424, 38.845703 ], [ -105.0032869, 38.8456857 ], [ -105.0031159, 38.8455467 ], [ -105.0030856, 38.8454524 ], [ -105.0030454, 38.8453479 ], [ -105.0029784, 38.8452476 ], [ -105.0028389, 38.8451996 ], [ -105.002804, 38.8451265 ], [ -105.0027155, 38.8450262 ], [ -105.0025841, 38.8449907 ], [ -105.0024312, 38.8449134 ], [ -105.0023856, 38.8448528 ], [ -105.0023024, 38.8447003 ], [ -105.0021925, 38.8445478 ], [ -105.0020691, 38.8444956 ], [ -105.0019591, 38.8444287 ], [ -105.0018787, 38.8443264 ], [ -105.0018331, 38.8441718 ], [ -105.0017311, 38.8440172 ], [ -105.0016507, 38.8439921 ], [ -105.0015917, 38.8439336 ], [ -105.0014871, 38.8438542 ], [ -105.00142, 38.8437728 ], [ -105.0012644, 38.8435973 ], [ -105.001141, 38.8434949 ], [ -105.0011196, 38.8433696 ], [ -105.0010767, 38.8432756 ], [ -105.0010043, 38.8431147 ], [ -105.0009292, 38.8429539 ], [ -105.000846, 38.8426948 ], [ -105.0007468, 38.8424838 ], [ -105.0006545, 38.8423413 ], [ -105.0006052, 38.8421901 ], [ -105.0005713, 38.8420413 ], [ -105.0005929, 38.8418709 ], [ -105.0006853, 38.841751 ], [ -105.0009041, 38.8415998 ], [ -105.0010828, 38.8413934 ], [ -105.0011875, 38.8412494 ], [ -105.0012954, 38.841163 ], [ -105.0013539, 38.8410478 ], [ -105.0014402, 38.8408726 ], [ -105.0014494, 38.8407814 ], [ -105.0014371, 38.8406999 ], [ -105.0014926, 38.8406783 ], [ -105.0015141, 38.8405847 ], [ -105.0015018, 38.8405175 ], [ -105.0015018, 38.8404095 ], [ -105.0014371, 38.8402943 ], [ -105.0013539, 38.8402079 ], [ -105.0012553, 38.8401263 ], [ -105.0011352, 38.8399703 ], [ -105.0010088, 38.8398767 ], [ -105.0009103, 38.8397711 ], [ -105.0007993, 38.8397543 ], [ -105.0006823, 38.8396799 ], [ -105.0005621, 38.8396055 ], [ -105.0004234, 38.8395623 ], [ -105.0002232, 38.8395527 ], [ -105.0000383, 38.8394903 ], [ -104.9998535, 38.8394519 ], [ -104.9997456, 38.8394519 ], [ -104.9996686, 38.8393679 ], [ -104.9995946, 38.8392648 ], [ -104.9995423, 38.8391424 ], [ -104.9995392, 38.839032 ], [ -104.9995238, 38.838996 ], [ -104.999493, 38.8388448 ], [ -104.9994683, 38.83872 ], [ -104.9995207, 38.8385736 ], [ -104.9995916, 38.8384608 ], [ -104.9995885, 38.8383624 ], [ -104.9995854, 38.8382664 ], [ -104.9996255, 38.8381824 ], [ -104.9995885, 38.8381104 ], [ -104.9994591, 38.8379928 ], [ -104.9993759, 38.8378872 ], [ -104.9992588, 38.8377576 ], [ -104.9991633, 38.8376616 ], [ -104.9990555, 38.8375128 ], [ -104.9989661, 38.8373904 ], [ -104.9988737, 38.8373472 ], [ -104.9987874, 38.8373544 ], [ -104.9986796, 38.8373352 ], [ -104.9985563, 38.8372656 ], [ -104.9984516, 38.8372512 ], [ -104.9983653, 38.8372368 ], [ -104.9982636, 38.8372224 ], [ -104.9981804, 38.83728 ], [ -104.9980634, 38.837304 ], [ -104.9979278, 38.8373472 ], [ -104.9977984, 38.8374264 ], [ -104.9976505, 38.8374696 ], [ -104.9974472, 38.8374672 ], [ -104.9973362, 38.8374192 ], [ -104.9972192, 38.8373256 ], [ -104.9971514, 38.8372968 ], [ -104.9970836, 38.8373616 ], [ -104.996985, 38.8374168 ], [ -104.9969111, 38.837376 ], [ -104.9968402, 38.837364 ], [ -104.9967786, 38.8372944 ], [ -104.9966923, 38.8371529 ], [ -104.9966707, 38.8370065 ], [ -104.9966923, 38.8368817 ], [ -104.9965906, 38.8367977 ], [ -104.996492, 38.8366921 ], [ -104.9963102, 38.8365625 ], [ -104.9962271, 38.8365025 ], [ -104.9960935, 38.8364706 ], [ -104.9958857, 38.8364924 ], [ -104.9957315, 38.8365215 ], [ -104.9956451, 38.8365215 ], [ -104.9955611, 38.8365361 ], [ -104.9954654, 38.8365451 ], [ -104.9953556, 38.8366288 ], [ -104.9952786, 38.8367398 ], [ -104.9952132, 38.8368161 ], [ -104.9951501, 38.8368744 ], [ -104.9948653, 38.8370581 ], [ -104.9947742, 38.8370762 ], [ -104.9947041, 38.8370526 ], [ -104.9945384, 38.8370308 ], [ -104.9943796, 38.8369889 ], [ -104.9943119, 38.8369125 ], [ -104.9941624, 38.8368834 ], [ -104.9940714, 38.8367925 ], [ -104.9939639, 38.8367325 ], [ -104.9938332, 38.8366415 ], [ -104.9937304, 38.8364906 ], [ -104.9935717, 38.8363742 ], [ -104.993518, 38.836276 ], [ -104.9932354, 38.8360068 ], [ -104.993149, 38.8358431 ], [ -104.9930977, 38.835794 ], [ -104.9929879, 38.8357467 ], [ -104.9929085, 38.8356557 ], [ -104.9928128, 38.8355466 ], [ -104.9927287, 38.8354629 ], [ -104.9925466, 38.8354247 ], [ -104.9924275, 38.8353338 ], [ -104.9922944, 38.835312 ], [ -104.992187, 38.835272 ], [ -104.9920936, 38.8351756 ], [ -104.9919885, 38.8350792 ], [ -104.9917457, 38.8350173 ], [ -104.9916079, 38.8348991 ], [ -104.9914608, 38.8348573 ], [ -104.9913908, 38.8348209 ], [ -104.991302, 38.8347227 ], [ -104.9912203, 38.8346608 ], [ -104.9911386, 38.8346445 ], [ -104.9910919, 38.8346044 ], [ -104.9910008, 38.8345481 ], [ -104.9908771, 38.8344971 ], [ -104.990793, 38.8344371 ], [ -104.9906996, 38.8344044 ], [ -104.9906109, 38.8344153 ], [ -104.9904941, 38.8344262 ], [ -104.9904381, 38.834408 ], [ -104.9903774, 38.834388 ], [ -104.99034, 38.8343662 ], [ -104.9903564, 38.8343407 ], [ -104.9904171, 38.8343134 ], [ -104.9905082, 38.8342934 ], [ -104.9906296, 38.834277 ], [ -104.9906903, 38.8342534 ], [ -104.9906553, 38.8342279 ], [ -104.9905432, 38.8342061 ], [ -104.9904825, 38.8341606 ], [ -104.9904148, 38.8341224 ], [ -104.99034, 38.8341133 ], [ -104.9903657, 38.8340806 ], [ -104.9904171, 38.8340588 ], [ -104.9904918, 38.8340424 ], [ -104.9905222, 38.8339751 ], [ -104.9905245, 38.8339278 ], [ -104.990512, 38.8338516 ], [ -104.9905028, 38.8337994 ], [ -104.9904934, 38.8337438 ], [ -104.9904893, 38.833656 ], [ -104.9905255, 38.8336372 ], [ -104.9905671, 38.8336362 ], [ -104.9906181, 38.8336331 ], [ -104.9906677, 38.8335735 ], [ -104.9907093, 38.8335192 ], [ -104.9907213, 38.8334513 ], [ -104.9906972, 38.8333176 ], [ -104.9905872, 38.8331431 ], [ -104.9904692, 38.8330888 ], [ -104.9900615, 38.8329342 ], [ -104.989863, 38.8327336 ], [ -104.9895412, 38.8325706 ], [ -104.9893534, 38.8325246 ], [ -104.9888706, 38.8326291 ], [ -104.9885005, 38.8326834 ], [ -104.9881625, 38.8326793 ], [ -104.9879909, 38.8325832 ], [ -104.9878085, 38.8323074 ], [ -104.9878353, 38.8321527 ], [ -104.9880499, 38.8320357 ], [ -104.9881572, 38.8317892 ], [ -104.9882054, 38.8314674 ], [ -104.9884629, 38.8311874 ], [ -104.9887848, 38.8310788 ], [ -104.9888974, 38.8308907 ], [ -104.9888438, 38.8307277 ], [ -104.9885541, 38.8304519 ], [ -104.9883825, 38.830431 ], [ -104.9882484, 38.8303725 ], [ -104.9882752, 38.8301678 ], [ -104.9888492, 38.8296747 ], [ -104.9895412, 38.8294991 ], [ -104.9897933, 38.8294782 ], [ -104.99026, 38.829378 ], [ -104.9905926, 38.8289768 ], [ -104.9905443, 38.8285463 ], [ -104.9897611, 38.8276186 ], [ -104.9892139, 38.826975 ], [ -104.9887151, 38.8265111 ], [ -104.9887204, 38.8261893 ], [ -104.9896324, 38.8255332 ], [ -104.9904317, 38.8251738 ], [ -104.9904317, 38.824923 ], [ -104.9902922, 38.8247768 ], [ -104.989965, 38.8246556 ], [ -104.9896216, 38.8246347 ], [ -104.9890745, 38.8246388 ], [ -104.9881142, 38.8248771 ], [ -104.9878299, 38.8248812 ], [ -104.9873579, 38.8248185 ], [ -104.9869502, 38.8246848 ], [ -104.986741, 38.8245093 ], [ -104.9872345, 38.8245302 ], [ -104.9875832, 38.8245553 ], [ -104.987964, 38.8243881 ], [ -104.9883986, 38.8242627 ], [ -104.9888331, 38.8241624 ], [ -104.9897021, 38.823966 ], [ -104.989847, 38.8237445 ], [ -104.989171, 38.8233683 ], [ -104.9884147, 38.8229253 ], [ -104.9881464, 38.8224447 ], [ -104.9881491, 38.8222357 ], [ -104.9883986, 38.8219808 ], [ -104.988538, 38.821847 ], [ -104.9886346, 38.8217217 ], [ -104.9886641, 38.8216005 ], [ -104.9887928, 38.8214479 ], [ -104.9890396, 38.8213037 ], [ -104.9891469, 38.8210049 ], [ -104.9892381, 38.8208126 ], [ -104.9893481, 38.8206747 ], [ -104.9894419, 38.8204845 ], [ -104.9893212, 38.820403 ], [ -104.9891523, 38.8204845 ], [ -104.9890128, 38.8205556 ], [ -104.9889216, 38.8206455 ], [ -104.988876, 38.8206308 ], [ -104.9888787, 38.8205535 ], [ -104.9889296, 38.8204992 ], [ -104.9889484, 38.8204407 ], [ -104.9888787, 38.820449 ], [ -104.9887472, 38.8205849 ], [ -104.9886239, 38.8205932 ], [ -104.9886963, 38.8205075 ], [ -104.9887365, 38.8203968 ], [ -104.9887607, 38.8203006 ], [ -104.9887151, 38.8202526 ], [ -104.9885944, 38.8202818 ], [ -104.9884763, 38.820286 ], [ -104.9883637, 38.8202275 ], [ -104.9883905, 38.8200144 ], [ -104.9883851, 38.819912 ], [ -104.9883771, 38.81982 ], [ -104.9883637, 38.8197657 ], [ -104.9882671, 38.8197072 ], [ -104.9881169, 38.8196695 ], [ -104.9880794, 38.8195985 ], [ -104.9881062, 38.8194146 ], [ -104.9882832, 38.8188336 ], [ -104.9883154, 38.818656 ], [ -104.9884039, 38.8185536 ], [ -104.9886131, 38.8184533 ], [ -104.9888518, 38.8184198 ], [ -104.9889806, 38.818307 ], [ -104.9891067, 38.8181774 ], [ -104.9892381, 38.8180897 ], [ -104.9893776, 38.8180876 ], [ -104.9894366, 38.8182485 ], [ -104.9893749, 38.8183404 ], [ -104.9893749, 38.8184596 ], [ -104.9895626, 38.8184616 ], [ -104.9897665, 38.8184282 ], [ -104.9898255, 38.8183383 ], [ -104.989796, 38.8181795 ], [ -104.9896967, 38.8180771 ], [ -104.9895868, 38.8179016 ], [ -104.9895868, 38.8177532 ], [ -104.9895519, 38.8175923 ], [ -104.9894071, 38.8174815 ], [ -104.9893346, 38.817306 ], [ -104.9893346, 38.817168 ], [ -104.9894419, 38.8171701 ], [ -104.9894795, 38.8172057 ], [ -104.9895492, 38.8172161 ], [ -104.9895358, 38.8170907 ], [ -104.9894446, 38.816865 ], [ -104.9892998, 38.8167271 ], [ -104.9891925, 38.8165641 ], [ -104.9891469, 38.8163864 ], [ -104.9890772, 38.816259 ], [ -104.9890155, 38.8161691 ], [ -104.9889162, 38.8161085 ], [ -104.9888197, 38.8160395 ], [ -104.9889296, 38.8160249 ], [ -104.9890718, 38.8160395 ], [ -104.9891737, 38.8160709 ], [ -104.9892408, 38.8161565 ], [ -104.9893239, 38.8162464 ], [ -104.9893749, 38.8162025 ], [ -104.9893373, 38.8160562 ], [ -104.9892247, 38.8159308 ], [ -104.9890745, 38.8158117 ], [ -104.9889618, 38.8156571 ], [ -104.9889565, 38.8154648 ], [ -104.9889618, 38.8152913 ], [ -104.9888116, 38.814842 ], [ -104.9885595, 38.8142735 ], [ -104.9885005, 38.8140395 ], [ -104.9884227, 38.8135734 ], [ -104.9883717, 38.8134125 ], [ -104.98831, 38.8133456 ], [ -104.9882269, 38.8133101 ], [ -104.9881116, 38.8133017 ], [ -104.9879935, 38.8133289 ], [ -104.9878004, 38.8134062 ], [ -104.9876073, 38.8135212 ], [ -104.9873579, 38.813634 ], [ -104.987146, 38.8136382 ], [ -104.9869877, 38.8136696 ], [ -104.9868053, 38.8137009 ], [ -104.9866229, 38.8137887 ], [ -104.9864888, 38.813843 ], [ -104.9864298, 38.8138033 ], [ -104.9865747, 38.8136988 ], [ -104.9866873, 38.813586 ], [ -104.98658, 38.8135818 ], [ -104.986403, 38.8136716 ], [ -104.986285, 38.8137615 ], [ -104.986226, 38.8137511 ], [ -104.9862474, 38.813657 ], [ -104.9863896, 38.813563 ], [ -104.9865505, 38.8134041 ], [ -104.9866551, 38.8132098 ], [ -104.9869528, 38.8130656 ], [ -104.9870923, 38.8129945 ], [ -104.9872828, 38.8128837 ], [ -104.9874035, 38.8128022 ], [ -104.9874732, 38.8127124 ], [ -104.9875724, 38.8126476 ], [ -104.9877656, 38.8125243 ], [ -104.988015, 38.8123926 ], [ -104.9880204, 38.8123466 ], [ -104.9879158, 38.8123633 ], [ -104.9878353, 38.8124093 ], [ -104.9877226, 38.8124156 ], [ -104.987618, 38.8124072 ], [ -104.987441, 38.8123466 ], [ -104.9872533, 38.8122923 ], [ -104.9870548, 38.8122902 ], [ -104.9868616, 38.8123278 ], [ -104.9867383, 38.8123612 ], [ -104.9865854, 38.8123905 ], [ -104.9865156, 38.8123424 ], [ -104.9865666, 38.8122463 ], [ -104.9867946, 38.812123 ], [ -104.9869368, 38.8120164 ], [ -104.9870923, 38.8118492 ], [ -104.9871326, 38.811682 ], [ -104.9872398, 38.8112431 ], [ -104.987331, 38.8110905 ], [ -104.9875376, 38.8109359 ], [ -104.9875939, 38.8108523 ], [ -104.9875993, 38.8107937 ], [ -104.9875161, 38.8107206 ], [ -104.9870735, 38.8105325 ], [ -104.986918, 38.810474 ] ] ] } },
{ "type": "Feature", "properties": { "full_id": "r6457461", "osm_id": "6457461", "osm_type": "relation", "route": "mtb", "to": null, "from": null, "roundtrip": null, "operator": null, "distance": null, "descriptio": null, "ascent": null, "modifier": null, "website": null, "old_railwa": null, "wikipedia": null, "wikidata": null, "type": null, "symbol": null, "ref": null, "network": null, "name": "Heizer Trail", "is_in_stat": null }, "geometry": { "type": "MultiLineString", "coordinates": [ [ [ -104.9811182, 38.8516443 ], [ -104.9811852, 38.8516903 ], [ -104.9812898, 38.8517467 ], [ -104.9813756, 38.8518156 ], [ -104.98144, 38.8518804 ], [ -104.9815768, 38.8519284 ], [ -104.9818236, 38.8519723 ], [ -104.9820864, 38.8520412 ], [ -104.9823922, 38.8521289 ], [ -104.9826604, 38.8521937 ], [ -104.9828804, 38.8522731 ], [ -104.9830976, 38.8524548 ], [ -104.9831432, 38.8525655 ], [ -104.9831325, 38.8527577 ], [ -104.9832183, 38.8529122 ], [ -104.9833471, 38.8530606 ], [ -104.9835402, 38.8532694 ], [ -104.9836421, 38.8534616 ], [ -104.9837226, 38.8536997 ], [ -104.9838245, 38.8538606 ], [ -104.9840283, 38.8539838 ], [ -104.9842268, 38.8540611 ], [ -104.9844951, 38.8540548 ], [ -104.9846801, 38.8541008 ], [ -104.9848652, 38.8541801 ], [ -104.9849591, 38.8542908 ], [ -104.9850047, 38.8543159 ], [ -104.9850717, 38.8543305 ], [ -104.9850851, 38.8544057 ], [ -104.9850074, 38.854529 ], [ -104.9850261, 38.8546459 ], [ -104.9850074, 38.8547316 ], [ -104.9848947, 38.8548214 ], [ -104.9847391, 38.8549112 ], [ -104.9846882, 38.8549571 ], [ -104.9846748, 38.8549927 ], [ -104.9847311, 38.855024 ], [ -104.9849457, 38.8550595 ], [ -104.985171, 38.8550908 ], [ -104.9853185, 38.8551117 ], [ -104.9855223, 38.8551639 ], [ -104.9857047, 38.8552579 ], [ -104.9860105, 38.8553686 ], [ -104.9862412, 38.8554167 ], [ -104.9864343, 38.8554668 ], [ -104.986673, 38.8555169 ], [ -104.9869707, 38.8556109 ], [ -104.987239, 38.8556986 ], [ -104.9873892, 38.8557321 ], [ -104.9875474, 38.8557571 ], [ -104.9877003, 38.8559221 ], [ -104.9878129, 38.8561018 ], [ -104.9878559, 38.8561958 ], [ -104.9878156, 38.8563357 ], [ -104.9878317, 38.8564694 ], [ -104.987931, 38.8565487 ], [ -104.9881107, 38.8566031 ], [ -104.9883923, 38.8566469 ], [ -104.988631, 38.8566699 ], [ -104.9888134, 38.8566615 ], [ -104.9890924, 38.8566135 ], [ -104.9893579, 38.8565571 ], [ -104.9896744, 38.8564422 ], [ -104.9903047, 38.8562354 ], [ -104.9907044, 38.8561247 ], [ -104.9908653, 38.8561185 ], [ -104.9910155, 38.8561415 ], [ -104.9911255, 38.8561832 ], [ -104.9912033, 38.8562396 ], [ -104.9912489, 38.8563441 ], [ -104.9912784, 38.8565634 ], [ -104.9913132, 38.8567326 ], [ -104.991273, 38.8569748 ], [ -104.9912596, 38.8572088 ], [ -104.9912381, 38.8574928 ], [ -104.9912408, 38.8578061 ], [ -104.9913025, 38.8580192 ], [ -104.9913535, 38.8582761 ], [ -104.9913561, 38.8585434 ], [ -104.9913749, 38.8587481 ], [ -104.991324, 38.8590029 ], [ -104.9913401, 38.8591992 ], [ -104.9914608, 38.859429 ], [ -104.9915063, 38.8596253 ], [ -104.99156, 38.859782 ], [ -104.9916539, 38.8598968 ], [ -104.9918282, 38.8600556 ], [ -104.9924773, 38.86082 ], [ -104.9926865, 38.8611019 ], [ -104.9928421, 38.8612836 ], [ -104.9930728, 38.8613985 ], [ -104.9933276, 38.8614904 ], [ -104.9936253, 38.8616115 ], [ -104.9938479, 38.8617181 ], [ -104.9939928, 38.8618079 ], [ -104.9940062, 38.8619227 ], [ -104.9938586, 38.8621065 ], [ -104.9937111, 38.8623404 ], [ -104.9936816, 38.8625013 ], [ -104.993695, 38.862683 ], [ -104.9937245, 38.8629043 ], [ -104.9937192, 38.8631445 ], [ -104.9937916, 38.863439 ], [ -104.9938533, 38.863627 ], [ -104.9937782, 38.8638087 ], [ -104.9935395, 38.8640467 ], [ -104.9933785, 38.8642994 ], [ -104.9965945, 38.8644623 ], [ -104.9971175, 38.864383 ], [ -104.9975494, 38.8642702 ], [ -104.99778, 38.8640572 ], [ -104.998177, 38.8639005 ], [ -104.9984533, 38.8637251 ], [ -104.9985579, 38.8636938 ], [ -104.9986249, 38.8637126 ], [ -104.9986705, 38.8638295 ], [ -104.9987564, 38.8642827 ], [ -104.9987751, 38.8644331 ] ] ] } },
{ "type": "Feature", "properties": { "full_id": "w79291928", "osm_id": "79291928", "osm_type": "way", "route": null, "to": null, "from": null, "roundtrip": null, "operator": null, "distance": null, "descriptio": null, "ascent": null, "modifier": null, "website": null, "old_railwa": null, "wikipedia": null, "wikidata": null, "type": null, "symbol": null, "ref": null, "network": null, "name": "Longs Ranch Road", "is_in_stat": null }, "geometry": { "type": "MultiLineString", "coordinates": [ [ [ -104.9585507, 38.8562769 ], [ -104.9585585, 38.8562142 ], [ -104.9585209, 38.8561745 ], [ -104.9584458, 38.8561515 ], [ -104.9581588, 38.8561473 ], [ -104.9580274, 38.8561452 ], [ -104.9578879, 38.8561369 ], [ -104.9575875, 38.8560471 ], [ -104.9575446, 38.8560136 ], [ -104.9575205, 38.855976 ], [ -104.9575285, 38.8559343 ], [ -104.9575661, 38.8558862 ], [ -104.9576197, 38.8558194 ], [ -104.9576546, 38.8557358 ], [ -104.9576573, 38.8556795 ], [ -104.9576438, 38.8556293 ], [ -104.9576117, 38.8555792 ], [ -104.9575714, 38.8555332 ], [ -104.9574212, 38.8553557 ], [ -104.9573408, 38.8552241 ], [ -104.9573005, 38.8551197 ], [ -104.9572469, 38.8549296 ], [ -104.9572415, 38.8548857 ], [ -104.9572683, 38.8548147 ], [ -104.957322, 38.8546163 ], [ -104.9573971, 38.8544596 ], [ -104.9574615, 38.8543406 ], [ -104.9574775, 38.8542863 ], [ -104.9574856, 38.8542257 ], [ -104.9574802, 38.8541609 ], [ -104.9574641, 38.8541129 ], [ -104.9574212, 38.8540774 ], [ -104.9573408, 38.8540085 ], [ -104.9571369, 38.8537453 ], [ -104.9570028, 38.8535573 ], [ -104.9569492, 38.8534758 ], [ -104.9569277, 38.8533839 ], [ -104.9569545, 38.8533233 ], [ -104.9570108, 38.8532293 ], [ -104.9570886, 38.8531437 ], [ -104.9573461, 38.8530246 ], [ -104.9575982, 38.8529139 ], [ -104.9577109, 38.8528492 ], [ -104.9577833, 38.8527635 ], [ -104.9578772, 38.8526696 ], [ -104.9580435, 38.8525588 ], [ -104.9581776, 38.8524983 ], [ -104.9582152, 38.8524064 ], [ -104.9582849, 38.8523479 ], [ -104.9583895, 38.8523082 ], [ -104.9585022, 38.8522957 ], [ -104.9587006, 38.8523019 ], [ -104.9589715, 38.8522977 ], [ -104.9593819, 38.8523521 ], [ -104.9596501, 38.8523688 ], [ -104.9599801, 38.8523437 ], [ -104.9601222, 38.8523165 ], [ -104.9601866, 38.8522852 ], [ -104.9602617, 38.8522267 ], [ -104.9602885, 38.8521787 ], [ -104.9603207, 38.8521348 ], [ -104.9604173, 38.8520868 ], [ -104.9606613, 38.8520387 ], [ -104.9609537, 38.8520053 ], [ -104.9611844, 38.8519782 ], [ -104.9613641, 38.8519531 ], [ -104.9614901, 38.8519218 ], [ -104.9615733, 38.8518779 ], [ -104.9616377, 38.8518278 ], [ -104.9617423, 38.8516857 ], [ -104.9618066, 38.8515917 ], [ -104.9618174, 38.8515019 ], [ -104.9618066, 38.8513996 ], [ -104.9618227, 38.8512429 ], [ -104.9618522, 38.85108 ], [ -104.9619193, 38.8508418 ], [ -104.9619488, 38.8507186 ], [ -104.9619783, 38.8506559 ], [ -104.9620507, 38.8506162 ], [ -104.9621661, 38.8505724 ], [ -104.9622868, 38.8504846 ], [ -104.9624718, 38.8503635 ], [ -104.9626006, 38.8503238 ], [ -104.9627186, 38.8502966 ], [ -104.9627883, 38.8502966 ], [ -104.9628822, 38.8503217 ], [ -104.9631665, 38.8504073 ], [ -104.963373, 38.8505013 ], [ -104.9634562, 38.8505264 ], [ -104.9635554, 38.8504888 ], [ -104.9637888, 38.8503593 ], [ -104.9639068, 38.8503029 ], [ -104.963998, 38.8502799 ], [ -104.9642501, 38.8502381 ], [ -104.9644513, 38.8501985 ], [ -104.9646498, 38.8501525 ], [ -104.9647866, 38.850117 ], [ -104.9648992, 38.8501295 ], [ -104.9649743, 38.8501504 ], [ -104.9650226, 38.8501525 ], [ -104.9650682, 38.8501337 ], [ -104.9650816, 38.8500982 ], [ -104.9650843, 38.8500481 ], [ -104.9650655, 38.8500021 ], [ -104.9650092, 38.8499311 ], [ -104.9648992, 38.8498538 ], [ -104.9647302, 38.8497076 ], [ -104.9646256, 38.8496177 ], [ -104.9645827, 38.8495676 ], [ -104.964572, 38.8495217 ], [ -104.9646176, 38.8495112 ], [ -104.9646793, 38.8495217 ], [ -104.9648295, 38.8495989 ], [ -104.9649636, 38.84967 ], [ -104.9650011, 38.8496741 ], [ -104.9650199, 38.8496533 ], [ -104.9650119, 38.8496261 ], [ -104.9649421, 38.8495697 ], [ -104.9648509, 38.8494861 ], [ -104.9648322, 38.8494214 ], [ -104.9648617, 38.8492668 ], [ -104.9649126, 38.8490579 ], [ -104.9649743, 38.8488574 ], [ -104.965028, 38.8487989 ], [ -104.9651487, 38.8487676 ], [ -104.9654088, 38.8487049 ], [ -104.965602, 38.8486715 ], [ -104.9656905, 38.848661 ], [ -104.9657629, 38.8486276 ], [ -104.9657978, 38.8485733 ], [ -104.9657414, 38.8484897 ], [ -104.9657388, 38.8484312 ], [ -104.9657683, 38.848379 ], [ -104.9658675, 38.8482683 ], [ -104.965948, 38.8482098 ], [ -104.9660821, 38.8481346 ], [ -104.9662135, 38.8480782 ], [ -104.966361, 38.8480385 ], [ -104.9664925, 38.848026 ], [ -104.9667178, 38.8480281 ], [ -104.9668814, 38.8480051 ], [ -104.9670584, 38.8479529 ], [ -104.967391, 38.847838 ], [ -104.9676753, 38.8477419 ], [ -104.9679516, 38.847627 ], [ -104.9681393, 38.8474891 ], [ -104.9682842, 38.8474139 ], [ -104.9684478, 38.8473596 ], [ -104.9686972, 38.847297 ], [ -104.9688474, 38.8472552 ], [ -104.968995, 38.8472573 ], [ -104.9691344, 38.8472698 ], [ -104.9693088, 38.8472489 ], [ -104.9695073, 38.847228 ], [ -104.9697272, 38.8472238 ], [ -104.9698747, 38.8472447 ], [ -104.9701832, 38.8473241 ], [ -104.970438, 38.8473659 ], [ -104.9705211, 38.8473847 ], [ -104.9706285, 38.8473272 ] ] ] } },
{ "type": "Feature", "properties": { "full_id": "w79291929", "osm_id": "79291929", "osm_type": "way", "route": null, "to": null, "from": null, "roundtrip": null, "operator": null, "distance": null, "descriptio": null, "ascent": null, "modifier": null, "website": null, "old_railwa": null, "wikipedia": null, "wikidata": null, "type": null, "symbol": null, "ref": null, "network": null, "name": "Longs Ranch Road", "is_in_stat": null }, "geometry": { "type": "MultiLineString", "coordinates": [ [ [ -104.9712292, 38.8470066 ], [ -104.9712587, 38.8469836 ], [ -104.9712748, 38.8469481 ], [ -104.9712695, 38.8469147 ], [ -104.9712507, 38.8468645 ], [ -104.9712266, 38.8468165 ], [ -104.9711622, 38.8467288 ], [ -104.9710334, 38.8465073 ], [ -104.9709717, 38.8463653 ], [ -104.9709396, 38.8462378 ], [ -104.9709476, 38.8460791 ], [ -104.9710334, 38.8457845 ], [ -104.9710951, 38.8456216 ], [ -104.971138, 38.8454273 ], [ -104.9711702, 38.8453458 ], [ -104.9712802, 38.8452435 ], [ -104.9714304, 38.8450701 ], [ -104.9715055, 38.8449928 ], [ -104.9716021, 38.8449698 ], [ -104.9716906, 38.8448967 ], [ -104.9717254, 38.8448027 ], [ -104.971822, 38.8446648 ], [ -104.9723155, 38.8439274 ], [ -104.9724121, 38.8437979 ], [ -104.9724872, 38.8436454 ], [ -104.9726025, 38.8434949 ] ] ] } },
{ "type": "Feature", "properties": { "full_id": "w79291930", "osm_id": "79291930", "osm_type": "way", "route": null, "to": null, "from": null, "roundtrip": null, "operator": null, "distance": null, "descriptio": null, "ascent": null, "modifier": null, "website": null, "old_railwa": null, "wikipedia": null, "wikidata": null, "type": null, "symbol": null, "ref": null, "network": null, "name": "Longs Ranch Road", "is_in_stat": null }, "geometry": { "type": "MultiLineString", "coordinates": [ [ [ -104.9706285, 38.8473272 ], [ -104.9712292, 38.8470066 ] ] ] } },
{ "type": "Feature", "properties": { "full_id": "w79291931", "osm_id": "79291931", "osm_type": "way", "route": null, "to": null, "from": null, "roundtrip": null, "operator": null, "distance": null, "descriptio": null, "ascent": null, "modifier": null, "website": null, "old_railwa": null, "wikipedia": null, "wikidata": null, "type": null, "symbol": null, "ref": null, "network": null, "name": "Water Pipe Trail", "is_in_stat": null }, "geometry": { "type": "MultiLineString", "coordinates": [ [ [ -104.9705211, 38.8473847 ], [ -104.9706338, 38.8474682 ], [ -104.9707894, 38.8476563 ], [ -104.970894, 38.8477461 ], [ -104.9712024, 38.8480594 ], [ -104.9713928, 38.8482474 ], [ -104.9715913, 38.8484312 ], [ -104.9718461, 38.8486965 ], [ -104.9720017, 38.8488553 ] ] ] } },
{ "type": "Feature", "properties": { "full_id": "w79291779", "osm_id": "79291779", "osm_type": "way", "route": null, "to": null, "from": null, "roundtrip": null, "operator": null, "distance": null, "descriptio": null, "ascent": null, "modifier": null, "website": null, "old_railwa": null, "wikipedia": null, "wikidata": null, "type": null, "symbol": null, "ref": null, "network": null, "name": "Bob's Road", "is_in_stat": null }, "geometry": { "type": "MultiLineString", "coordinates": [ [ [ -104.9653327, 38.8600462 ], [ -104.9654262, 38.8600317 ], [ -104.9655282, 38.860015 ], [ -104.9656569, 38.8599941 ], [ -104.9657588, 38.8599398 ], [ -104.9659037, 38.8599252 ], [ -104.9660163, 38.8599252 ], [ -104.9661048, 38.8599106 ], [ -104.9661987, 38.8598625 ], [ -104.9663033, 38.8598354 ], [ -104.9665072, 38.859827 ], [ -104.9667352, 38.8598312 ], [ -104.9668183, 38.8598228 ], [ -104.9670034, 38.8597623 ], [ -104.9672314, 38.8596996 ], [ -104.9673467, 38.8596411 ], [ -104.9673816, 38.8596098 ], [ -104.9674218, 38.8595555 ], [ -104.967454, 38.859426 ], [ -104.9674996, 38.8591858 ], [ -104.967521, 38.859142 ], [ -104.9675693, 38.8590897 ], [ -104.9676712, 38.8590459 ], [ -104.9679341, 38.8589811 ], [ -104.9679958, 38.8589665 ], [ -104.9680441, 38.858931 ], [ -104.9681996, 38.8588266 ], [ -104.9683043, 38.8587618 ], [ -104.9683552, 38.8587389 ], [ -104.9684196, 38.8587389 ], [ -104.9685483, 38.8587472 ], [ -104.968602, 38.858743 ], [ -104.9686503, 38.8587159 ], [ -104.9686771, 38.8586929 ], [ -104.9686905, 38.8586449 ], [ -104.9686851, 38.8585571 ], [ -104.9687093, 38.8584924 ], [ -104.9687522, 38.8584277 ], [ -104.9687656, 38.8583608 ], [ -104.968771, 38.8582125 ], [ -104.9687924, 38.8581812 ], [ -104.9688353, 38.858154 ], [ -104.9689346, 38.8581499 ], [ -104.9690928, 38.8581666 ], [ -104.9692108, 38.8581645 ], [ -104.9693476, 38.8581269 ], [ -104.969463, 38.8580851 ], [ -104.9695059, 38.8580454 ], [ -104.9695327, 38.8579932 ], [ -104.9695837, 38.8579577 ], [ -104.969648, 38.8579389 ], [ -104.969707, 38.8579285 ], [ -104.9697366, 38.8579034 ], [ -104.9697392, 38.8578491 ], [ -104.9697366, 38.8578011 ], [ -104.9697097, 38.8577468 ], [ -104.9696936, 38.8577092 ], [ -104.969707, 38.8576737 ], [ -104.9697339, 38.8576465 ], [ -104.9697741, 38.8576298 ], [ -104.9698438, 38.8576193 ], [ -104.9700075, 38.8576402 ], [ -104.9700396, 38.8576465 ], [ -104.9700906, 38.8576131 ], [ -104.9701603, 38.8575504 ], [ -104.9702086, 38.8575421 ], [ -104.9702649, 38.8575421 ], [ -104.9703588, 38.857565 ], [ -104.9705037, 38.8576214 ], [ -104.9706995, 38.8576528 ], [ -104.970855, 38.8576799 ], [ -104.9709033, 38.8576757 ], [ -104.9709596, 38.8576507 ], [ -104.9709999, 38.8576444 ], [ -104.9710562, 38.857659 ], [ -104.9711179, 38.8576966 ], [ -104.9711662, 38.8577426 ], [ -104.9714639, 38.8577927 ], [ -104.9716141, 38.8578136 ], [ -104.971716, 38.8578115 ], [ -104.9717616, 38.8577906 ], [ -104.9718153, 38.857753 ], [ -104.9718501, 38.8577426 ], [ -104.9719065, 38.8577468 ], [ -104.971944, 38.8577697 ], [ -104.9719628, 38.8578052 ], [ -104.9719816, 38.8578512 ], [ -104.9720191, 38.8578867 ], [ -104.9720674, 38.8578867 ], [ -104.9721103, 38.8578721 ], [ -104.9721479, 38.8578428 ], [ -104.9721613, 38.8577969 ] ] ] } },
{ "type": "Feature", "properties": { "full_id": "w1360370142", "osm_id": "1360370142", "osm_type": "way", "route": null, "to": null, "from": null, "roundtrip": null, "operator": null, "distance": null, "descriptio": null, "ascent": null, "modifier": null, "website": null, "old_railwa": null, "wikipedia": null, "wikidata": null, "type": null, "symbol": null, "ref": null, "network": null, "name": "Ruxton Creek", "is_in_stat": null }, "geometry": { "type": "MultiLineString", "coordinates": [ [ [ -104.9703532, 38.8454984 ], [ -104.970249, 38.8458818 ], [ -104.9694644, 38.846391 ], [ -104.9688947, 38.8465874 ], [ -104.9687836, 38.8465462 ] ] ] } },
{ "type": "Feature", "properties": { "full_id": "w1360370146", "osm_id": "1360370146", "osm_type": "way", "route": null, "to": null, "from": null, "roundtrip": null, "operator": null, "distance": null, "descriptio": null, "ascent": null, "modifier": null, "website": null, "old_railwa": null, "wikipedia": null, "wikidata": null, "type": null, "symbol": null, "ref": null, "network": null, "name": "Ruxton Creek", "is_in_stat": null }, "geometry": { "type": "MultiLineString", "coordinates": [ [ [ -104.9686559, 38.8464989 ], [ -104.9684466, 38.8464214 ] ] ] } },
{ "type": "Feature", "properties": { "full_id": "w1360370121", "osm_id": "1360370121", "osm_type": "way", "route": null, "to": null, "from": null, "roundtrip": null, "operator": null, "distance": null, "descriptio": null, "ascent": null, "modifier": null, "website": null, "old_railwa": null, "wikipedia": null, "wikidata": null, "type": null, "symbol": null, "ref": null, "network": null, "name": "Ruxton Creek", "is_in_stat": null }, "geometry": { "type": "MultiLineString", "coordinates": [ [ [ -104.9937894, 38.8166139 ], [ -104.9939396, 38.8170619 ], [ -104.993964, 38.817461 ], [ -104.9936469, 38.8177778 ], [ -104.9922484, 38.8181199 ], [ -104.9908173, 38.8184873 ], [ -104.9901506, 38.8185633 ], [ -104.9894676, 38.819653 ], [ -104.9889279, 38.8205232 ], [ -104.9888769, 38.8205996 ], [ -104.9888195, 38.820987 ], [ -104.9885077, 38.8213327 ], [ -104.9879602, 38.8213882 ], [ -104.9874334, 38.8216037 ], [ -104.9863326, 38.8225161 ], [ -104.9860405, 38.8231004 ], [ -104.9860318, 38.8233415 ], [ -104.9858192, 38.823543 ], [ -104.9852558, 38.8246701 ], [ -104.9844264, 38.8253036 ], [ -104.9836459, 38.8261777 ], [ -104.9825075, 38.8264818 ], [ -104.9812391, 38.8273686 ], [ -104.981109, 38.8284074 ], [ -104.9814668, 38.8294969 ], [ -104.9815643, 38.8299529 ], [ -104.9811578, 38.8313718 ], [ -104.9808, 38.8318531 ], [ -104.9797755, 38.8323725 ], [ -104.9793913, 38.8327472 ], [ -104.9790325, 38.8329971 ], [ -104.9786584, 38.8333192 ], [ -104.9785656, 38.8338602 ], [ -104.977629, 38.834754 ], [ -104.9771574, 38.8360841 ], [ -104.9771736, 38.8366034 ], [ -104.9763931, 38.8371988 ], [ -104.9761166, 38.8377181 ], [ -104.9758327, 38.8379853 ] ] ] } },
{ "type": "Feature", "properties": { "full_id": "w1446783884", "osm_id": "1446783884", "osm_type": "way", "route": null, "to": null, "from": null, "roundtrip": null, "operator": null, "distance": null, "descriptio": null, "ascent": null, "modifier": null, "website": null, "old_railwa": null, "wikipedia": null, "wikidata": null, "type": null, "symbol": null, "ref": null, "network": null, "name": "Eagle Mountain Trail", "is_in_stat": null }, "geometry": { "type": "MultiLineString", "coordinates": [ [ [ -104.9320514, 38.8509445 ], [ -104.9319997, 38.8508119 ], [ -104.9319551, 38.8507289 ], [ -104.9319464, 38.8506797 ], [ -104.931966, 38.8506642 ], [ -104.9320474, 38.8506852 ], [ -104.9320992, 38.8506965 ], [ -104.9321385, 38.8507125 ], [ -104.9321569, 38.8507192 ], [ -104.9321116, 38.8506344 ], [ -104.932069, 38.8505605 ], [ -104.9320566, 38.850508 ], [ -104.9320592, 38.8504966 ], [ -104.9321536, 38.8505021 ], [ -104.9322173, 38.8505025 ], [ -104.9323203, 38.8505017 ], [ -104.9323014, 38.8503853 ], [ -104.9323009, 38.8503295 ], [ -104.932289, 38.8502845 ], [ -104.9322976, 38.8502644 ], [ -104.9323591, 38.850285 ], [ -104.932427, 38.8502955 ], [ -104.9324556, 38.8503001 ], [ -104.9325824, 38.8502745 ], [ -104.9327091, 38.850248 ], [ -104.932763, 38.8502383 ], [ -104.9328606, 38.8502064 ], [ -104.9328806, 38.8501863 ], [ -104.9328353, 38.8501245 ], [ -104.9328013, 38.850075 ], [ -104.9328418, 38.850046 ], [ -104.9330149, 38.8500367 ], [ -104.9331022, 38.8500195 ], [ -104.9332214, 38.8499939 ], [ -104.9333082, 38.8499813 ], [ -104.9333449, 38.8499737 ], [ -104.9333266, 38.8499393 ], [ -104.9332624, 38.849891 ], [ -104.9331874, 38.8498125 ], [ -104.9330726, 38.8496377 ], [ -104.9330305, 38.8495752 ], [ -104.9331607, 38.8495152 ], [ -104.9333522, 38.8494376 ], [ -104.9335297, 38.8493653 ], [ -104.9336321, 38.8493104 ], [ -104.9336574, 38.8492834 ], [ -104.9336208, 38.8492475 ], [ -104.9334208, 38.8492044 ], [ -104.9333316, 38.849162 ], [ -104.9333128, 38.8491203 ], [ -104.9334198, 38.8490903 ], [ -104.9335973, 38.8490581 ], [ -104.9336621, 38.8490391 ], [ -104.9337767, 38.8489141 ], [ -104.9339184, 38.8487861 ], [ -104.9339353, 38.8487481 ], [ -104.9339382, 38.8487152 ], [ -104.9338245, 38.8487122 ], [ -104.9336527, 38.8486859 ], [ -104.9335288, 38.8486698 ], [ -104.9334452, 38.848642 ], [ -104.9334039, 38.8486157 ], [ -104.9334715, 38.848555 ], [ -104.9335795, 38.8484936 ], [ -104.9338762, 38.8483883 ], [ -104.933971, 38.8483269 ], [ -104.9340076, 38.8482705 ], [ -104.9340574, 38.8481609 ], [ -104.9341954, 38.8479832 ], [ -104.9343785, 38.847744 ], [ -104.9345109, 38.8475897 ], [ -104.9347147, 38.8474325 ], [ -104.9350688, 38.8472268 ], [ -104.9351767, 38.8471645 ], [ -104.9354274, 38.8469544 ], [ -104.9355795, 38.8468181 ], [ -104.9358059, 38.8466832 ], [ -104.9358999, 38.8466577 ], [ -104.9359816, 38.8466501 ], [ -104.9361598, 38.8466698 ], [ -104.9362734, 38.8466787 ], [ -104.9363437, 38.8466622 ], [ -104.9364304, 38.8466157 ], [ -104.9365931, 38.8464814 ], [ -104.9367565, 38.8463458 ], [ -104.9368399, 38.8462662 ], [ -104.9368612, 38.8462337 ], [ -104.9369061, 38.8461669 ], [ -104.936965, 38.8461026 ], [ -104.9370917, 38.8459937 ], [ -104.9372601, 38.8459364 ], [ -104.9373361, 38.8459173 ], [ -104.9374015, 38.8458396 ], [ -104.9374906, 38.8457282 ], [ -104.9375658, 38.8456582 ], [ -104.937735, 38.8454895 ], [ -104.937811, 38.8454118 ], [ -104.9379263, 38.8453787 ], [ -104.9380579, 38.8453437 ], [ -104.938151, 38.8453189 ], [ -104.9382892, 38.8453061 ], [ -104.938487, 38.8453074 ], [ -104.938626, 38.8453265 ], [ -104.9387339, 38.845331 ], [ -104.9388933, 38.8453271 ], [ -104.939042, 38.845296 ], [ -104.9392717, 38.8452514 ], [ -104.9393706, 38.845252 ], [ -104.9395938, 38.8451451 ], [ -104.9398643, 38.8449745 ], [ -104.9399878, 38.8448923 ], [ -104.9402984, 38.8446409 ], [ -104.9404512, 38.8444868 ], [ -104.9406826, 38.8442302 ], [ -104.9407741, 38.8440424 ], [ -104.9408485, 38.8437909 ], [ -104.9409409, 38.8435815 ], [ -104.9409875, 38.8434382 ], [ -104.9410275, 38.8432848 ], [ -104.9410169, 38.8431842 ], [ -104.9410439, 38.8430721 ], [ -104.9410569, 38.8429448 ], [ -104.9410512, 38.8428474 ], [ -104.941021, 38.8427723 ], [ -104.9409703, 38.8427035 ], [ -104.9408959, 38.8426411 ], [ -104.9408362, 38.8425679 ], [ -104.9408322, 38.842489 ], [ -104.9408379, 38.8424342 ], [ -104.9408747, 38.8423839 ], [ -104.9408894, 38.8423406 ], [ -104.9408894, 38.8422801 ], [ -104.9408493, 38.8422171 ], [ -104.940788, 38.8421388 ], [ -104.9407798, 38.8420726 ] ] ] } },
{ "type": "Feature", "properties": { "full_id": "w1446783883", "osm_id": "1446783883", "osm_type": "way", "route": null, "to": null, "from": null, "roundtrip": null, "operator": null, "distance": null, "descriptio": null, "ascent": null, "modifier": null, "website": null, "old_railwa": null, "wikipedia": null, "wikidata": null, "type": null, "symbol": null, "ref": null, "network": null, "name": "Eagle Mountain Trail", "is_in_stat": null }, "geometry": { "type": "MultiLineString", "coordinates": [ [ [ -104.9320514, 38.8509445 ], [ -104.9319443, 38.8509291 ], [ -104.9319233, 38.8509195 ], [ -104.9317717, 38.8508501 ], [ -104.9316789, 38.8508283 ], [ -104.9315905, 38.8508888 ], [ -104.9315549, 38.8508969 ], [ -104.9313586, 38.8509417 ], [ -104.9311526, 38.8509753 ], [ -104.9310447, 38.8510064 ], [ -104.9308883, 38.8510921 ], [ -104.9307902, 38.8511845 ], [ -104.9307104, 38.8513289 ], [ -104.9306802, 38.8514112 ], [ -104.9306101, 38.8515087 ], [ -104.9304914, 38.851712 ], [ -104.9304267, 38.8518195 ], [ -104.9303933, 38.8518564 ], [ -104.9303232, 38.8518489 ], [ -104.9302574, 38.8518858 ], [ -104.9301991, 38.8519429 ], [ -104.9301463, 38.8520177 ], [ -104.9300934, 38.8520362 ], [ -104.9300449, 38.8520101 ], [ -104.9300276, 38.851974 ], [ -104.9300438, 38.85189 ], [ -104.9300568, 38.8517456 ], [ -104.9300514, 38.85168 ], [ -104.9300212, 38.8516028 ], [ -104.9299608, 38.851565 ], [ -104.9299068, 38.8515036 ], [ -104.9298335, 38.8514054 ], [ -104.929772, 38.8513449 ], [ -104.9296652, 38.8512391 ], [ -104.929593, 38.8511441 ], [ -104.9295412, 38.8510711 ], [ -104.9294894, 38.8510484 ], [ -104.9293945, 38.8510593 ], [ -104.9293417, 38.8511089 ], [ -104.9292856, 38.8512239 ], [ -104.9292068, 38.8513214 ], [ -104.9290591, 38.8514658 ], [ -104.9289404, 38.8516002 ], [ -104.9289091, 38.851675 ], [ -104.9288897, 38.851712 ], [ -104.9288045, 38.8517372 ], [ -104.9286848, 38.8518094 ], [ -104.9285662, 38.8518774 ], [ -104.9283979, 38.85189 ], [ -104.9282631, 38.8518858 ], [ -104.9280894, 38.8519891 ], [ -104.9279179, 38.8520773 ], [ -104.9277303, 38.8522504 ], [ -104.9275717, 38.8524671 ], [ -104.927429, 38.852684 ], [ -104.9273374, 38.8528712 ], [ -104.9273554, 38.8530723 ], [ -104.9273652, 38.8532849 ], [ -104.9273047, 38.8534593 ], [ -104.9271658, 38.8536338 ], [ -104.9271265, 38.8537585 ], [ -104.9271805, 38.8539941 ], [ -104.9271854, 38.8541048 ], [ -104.9271183, 38.8542219 ], [ -104.927048, 38.854292 ], [ -104.9269647, 38.8544333 ], [ -104.9268388, 38.8546281 ], [ -104.9267407, 38.8547312 ], [ -104.9266181, 38.8548636 ], [ -104.9265265, 38.8550036 ], [ -104.9266426, 38.8551462 ], [ -104.9267276, 38.8552455 ], [ -104.9266907, 38.8554581 ] ] ] } },
{ "type": "Feature", "properties": { "full_id": "w1446783882", "osm_id": "1446783882", "osm_type": "way", "route": null, "to": null, "from": null, "roundtrip": null, "operator": null, "distance": null, "descriptio": null, "ascent": null, "modifier": null, "website": null, "old_railwa": null, "wikipedia": null, "wikidata": null, "type": null, "symbol": null, "ref": null, "network": null, "name": null, "is_in_stat": null }, "geometry": { "type": "MultiLineString", "coordinates": [ [ [ -104.9389064, 38.8501229 ], [ -104.9386202, 38.8501267 ], [ -104.9383674, 38.8501469 ], [ -104.9381296, 38.8501701 ], [ -104.9379635, 38.8501305 ], [ -104.9377628, 38.8501045 ], [ -104.9376278, 38.8501296 ], [ -104.9373267, 38.8502473 ], [ -104.936955, 38.8503409 ], [ -104.9366598, 38.8504257 ], [ -104.9363556, 38.8505442 ], [ -104.9361715, 38.8505763 ], [ -104.9359086, 38.8505734 ], [ -104.9357884, 38.850569 ], [ -104.9356138, 38.8506407 ], [ -104.9354561, 38.8506831 ], [ -104.9352495, 38.8507825 ], [ -104.9350636, 38.8508908 ], [ -104.93475, 38.8509624 ], [ -104.9346335, 38.8509537 ], [ -104.9344927, 38.850961 ], [ -104.9341809, 38.8510165 ], [ -104.9340363, 38.8511248 ], [ -104.933796, 38.8511993 ], [ -104.933672, 38.8512154 ], [ -104.9335011, 38.8512652 ], [ -104.9333885, 38.8513354 ], [ -104.9333077, 38.8513456 ], [ -104.9331293, 38.8513003 ], [ -104.9329272, 38.8512545 ], [ -104.9327934, 38.8512074 ], [ -104.9326921, 38.8511402 ], [ -104.9325993, 38.8511226 ], [ -104.9323911, 38.8511243 ], [ -104.9322639, 38.8510831 ], [ -104.9321204, 38.8509882 ], [ -104.9320514, 38.8509445 ] ] ] } },
{ "type": "Feature", "properties": { "full_id": "w1360370123", "osm_id": "1360370123", "osm_type": "way", "route": null, "to": null, "from": null, "roundtrip": null, "operator": null, "distance": null, "descriptio": null, "ascent": null, "modifier": null, "website": null, "old_railwa": null, "wikipedia": null, "wikidata": null, "type": null, "symbol": null, "ref": null, "network": null, "name": "Ruxton Creek", "is_in_stat": null }, "geometry": { "type": "MultiLineString", "coordinates": [ [ [ -104.9757863, 38.838029 ], [ -104.975336, 38.8384528 ], [ -104.9749295, 38.8390734 ], [ -104.9748157, 38.8396054 ], [ -104.9748644, 38.8402007 ], [ -104.9745067, 38.8406694 ], [ -104.9736123, 38.8411761 ], [ -104.9736873, 38.8415818 ], [ -104.9737749, 38.8417207 ] ] ] } },
{ "type": "Feature", "properties": { "full_id": "w1360370122", "osm_id": "1360370122", "osm_type": "way", "route": null, "to": null, "from": null, "roundtrip": null, "operator": null, "distance": null, "descriptio": null, "ascent": null, "modifier": null, "website": null, "old_railwa": null, "wikipedia": null, "wikidata": null, "type": null, "symbol": null, "ref": null, "network": null, "name": "Ruxton Creek", "is_in_stat": null }, "geometry": { "type": "MultiLineString", "coordinates": [ [ [ -104.9737749, 38.8417207 ], [ -104.9737924, 38.8419668 ], [ -104.9736114, 38.8427392 ], [ -104.9727988, 38.8430956 ], [ -104.9723318, 38.8432338 ], [ -104.9716593, 38.8436921 ], [ -104.9705199, 38.8448852 ], [ -104.9704147, 38.845272 ] ] ] } },
{ "type": "Feature", "properties": { "full_id": "w1360370130", "osm_id": "1360370130", "osm_type": "way", "route": null, "to": null, "from": null, "roundtrip": null, "operator": null, "distance": null, "descriptio": null, "ascent": null, "modifier": null, "website": null, "old_railwa": null, "wikipedia": null, "wikidata": null, "type": null, "symbol": null, "ref": null, "network": null, "name": "Sheep Creek", "is_in_stat": null }, "geometry": { "type": "MultiLineString", "coordinates": [ [ [ -105.0011278, 38.8433511 ], [ -105.0008657, 38.8432845 ], [ -105.0002864, 38.8429836 ], [ -104.9994066, 38.841914 ], [ -104.9963596, 38.8415296 ], [ -104.9954155, 38.8413458 ], [ -104.9943426, 38.8412121 ], [ -104.993141, 38.8415296 ], [ -104.991124, 38.8421313 ], [ -104.9894717, 38.842382 ], [ -104.9878409, 38.8427664 ], [ -104.9861243, 38.8432176 ], [ -104.983764, 38.8430672 ], [ -104.9826053, 38.8430672 ], [ -104.9808028, 38.8432176 ], [ -104.977906, 38.8429502 ], [ -104.9768761, 38.842733 ], [ -104.9760214, 38.8420737 ], [ -104.9757248, 38.8419221 ], [ -104.9753819, 38.8419992 ], [ -104.9747477, 38.8422652 ], [ -104.9743411, 38.8424204 ], [ -104.9742814, 38.8424445 ] ] ] } },
{ "type": "Feature", "properties": { "full_id": "w1360370129", "osm_id": "1360370129", "osm_type": "way", "route": null, "to": null, "from": null, "roundtrip": null, "operator": null, "distance": null, "descriptio": null, "ascent": null, "modifier": null, "website": null, "old_railwa": null, "wikipedia": null, "wikidata": null, "type": null, "symbol": null, "ref": null, "network": null, "name": null, "is_in_stat": null }, "geometry": { "type": "MultiLineString", "coordinates": [ [ [ -104.9718108, 38.8283967 ], [ -104.9716179, 38.8297389 ], [ -104.9718932, 38.8299938 ], [ -104.9718686, 38.8307522 ], [ -104.9701678, 38.8313762 ], [ -104.9698104, 38.8318371 ], [ -104.9695146, 38.8331331 ], [ -104.9691326, 38.8334691 ], [ -104.9686396, 38.8338435 ], [ -104.9686766, 38.8345059 ], [ -104.9685041, 38.8350147 ], [ -104.9683931, 38.8357059 ], [ -104.9685164, 38.8362819 ], [ -104.9692682, 38.8366755 ], [ -104.9696872, 38.8374915 ], [ -104.9702171, 38.8379331 ], [ -104.9706238, 38.8385954 ], [ -104.9714249, 38.8391234 ], [ -104.9717083, 38.8394786 ], [ -104.9721274, 38.8396802 ], [ -104.9725341, 38.8411873 ], [ -104.9723985, 38.8421664 ], [ -104.9722136, 38.8428767 ], [ -104.9723318, 38.8432338 ] ] ] } },
{ "type": "Feature", "properties": { "full_id": "w117846924", "osm_id": "117846924", "osm_type": "way", "route": null, "to": null, "from": null, "roundtrip": null, "operator": null, "distance": null, "descriptio": null, "ascent": null, "modifier": null, "website": null, "old_railwa": null, "wikipedia": null, "wikidata": null, "type": null, "symbol": null, "ref": null, "network": null, "name": "Ruxton Creek", "is_in_stat": null }, "geometry": { "type": "MultiLineString", "coordinates": [ [ [ -104.9684466, 38.8464214 ], [ -104.9676292, 38.8466319 ], [ -104.9667412, 38.8468825 ], [ -104.9661718, 38.8469875 ], [ -104.9650846, 38.847035 ], [ -104.9642603, 38.8473151 ], [ -104.9635177, 38.847437 ], [ -104.9631074, 38.8475533 ], [ -104.9624185, 38.8478318 ], [ -104.9620321, 38.8480723 ], [ -104.9614389, 38.8485434 ], [ -104.961218, 38.8488238 ], [ -104.9609571, 38.8489215 ], [ -104.9601328, 38.8490187 ], [ -104.9596329, 38.8491521 ], [ -104.9591074, 38.8492742 ], [ -104.9587331, 38.8493655 ], [ -104.9583826, 38.8494648 ], [ -104.9577992, 38.8494087 ], [ -104.9571317, 38.8491583 ], [ -104.9564373, 38.8490208 ], [ -104.9560859, 38.8490333 ], [ -104.9558847, 38.8491106 ], [ -104.9559384, 38.849284 ], [ -104.9557832, 38.8493615 ], [ -104.9552714, 38.8494658 ], [ -104.954224, 38.8494769 ], [ -104.9534316, 38.8494609 ], [ -104.952665, 38.8494853 ], [ -104.9517471, 38.8497268 ], [ -104.9511958, 38.8497747 ], [ -104.9506421, 38.8498414 ], [ -104.9500429, 38.8501901 ], [ -104.9496823, 38.8504476 ], [ -104.9493063, 38.8509298 ], [ -104.9490692, 38.8512463 ], [ -104.9481908, 38.8519616 ], [ -104.9478502, 38.8520361 ], [ -104.9463672, 38.851937 ], [ -104.9454389, 38.8518729 ], [ -104.9448157, 38.8516987 ], [ -104.944268, 38.8514877 ], [ -104.9436946, 38.8512422 ], [ -104.9432006, 38.8510049 ], [ -104.9426353, 38.8507235 ], [ -104.9421656, 38.8505705 ], [ -104.9405569, 38.8506311 ], [ -104.9398752, 38.8507134 ], [ -104.9387014, 38.8515327 ], [ -104.9381463, 38.8519088 ], [ -104.9375043, 38.8522968 ], [ -104.9366931, 38.8526973 ], [ -104.9358704, 38.8530628 ] ] ] } },
{ "type": "Feature", "properties": { "full_id": "w1089984953", "osm_id": "1089984953", "osm_type": "way", "route": null, "to": null, "from": null, "roundtrip": null, "operator": null, "distance": null, "descriptio": null, "ascent": null, "modifier": null, "website": null, "old_railwa": null, "wikipedia": null, "wikidata": null, "type": null, "symbol": null, "ref": null, "network": null, "name": null, "is_in_stat": null }, "geometry": { "type": "MultiLineString", "coordinates": [ [ [ -104.9337979, 38.8560396 ], [ -104.9335955, 38.8560323 ], [ -104.9334309, 38.8559939 ], [ -104.9332497, 38.8559266 ], [ -104.9330893, 38.8558582 ], [ -104.9330336, 38.8558267 ], [ -104.9329792, 38.8558267 ], [ -104.9329374, 38.8558506 ], [ -104.9328607, 38.8558875 ], [ -104.9327952, 38.85597 ], [ -104.932745, 38.8559787 ], [ -104.9327087, 38.8559863 ], [ -104.9326739, 38.8560156 ], [ -104.9325944, 38.8560786 ], [ -104.9325832, 38.8560949 ], [ -104.932554, 38.8561654 ], [ -104.9325191, 38.8561828 ], [ -104.9325066, 38.8562208 ], [ -104.9324647, 38.8562914 ], [ -104.9324396, 38.8563674 ], [ -104.9324159, 38.8563924 ], [ -104.9324006, 38.8564412 ], [ -104.9323602, 38.8564792 ], [ -104.9323225, 38.8565628 ], [ -104.9323281, 38.8566345 ], [ -104.9323699, 38.8567181 ], [ -104.9322905, 38.8567691 ], [ -104.9322417, 38.8568082 ], [ -104.9322291, 38.8568473 ], [ -104.9322376, 38.8568927 ] ] ] } },
{ "type": "Feature", "properties": { "full_id": "w304563298", "osm_id": "304563298", "osm_type": "way", "route": null, "to": null, "from": null, "roundtrip": null, "operator": null, "distance": null, "descriptio": null, "ascent": null, "modifier": null, "website": null, "old_railwa": null, "wikipedia": null, "wikidata": null, "type": null, "symbol": null, "ref": null, "network": null, "name": null, "is_in_stat": null }, "geometry": { "type": "MultiLineString", "coordinates": [ [ [ -104.9385615, 38.8528293 ], [ -104.9386562, 38.8526452 ], [ -104.9387907, 38.8523641 ], [ -104.9388509, 38.8521105 ], [ -104.9390208, 38.8515924 ], [ -104.9391128, 38.8514656 ], [ -104.9389181, 38.8515483 ], [ -104.9387943, 38.8517164 ], [ -104.9384616, 38.8519231 ], [ -104.938182, 38.8520582 ], [ -104.9378988, 38.8525074 ], [ -104.9376476, 38.8526783 ], [ -104.9373255, 38.8528519 ], [ -104.9368831, 38.8528933 ], [ -104.936738, 38.8529731 ], [ -104.9365575, 38.8530724 ], [ -104.9361184, 38.8532703 ] ] ] } },
{ "type": "Feature", "properties": { "full_id": "w1481234155", "osm_id": "1481234155", "osm_type": "way", "route": null, "to": null, "from": null, "roundtrip": null, "operator": null, "distance": null, "descriptio": null, "ascent": null, "modifier": null, "website": null, "old_railwa": null, "wikipedia": null, "wikidata": null, "type": null, "symbol": null, "ref": null, "network": null, "name": null, "is_in_stat": null }, "geometry": { "type": "MultiLineString", "coordinates": [ [ [ -104.9984701, 38.8479067 ], [ -104.9984199, 38.8481817 ], [ -104.998548, 38.8486622 ], [ -104.9985053, 38.8487602 ], [ -104.9983724, 38.8488988 ], [ -104.9979832, 38.8490892 ], [ -104.9978432, 38.8493017 ], [ -104.9978123, 38.8496233 ], [ -104.9978432, 38.8497582 ], [ -104.9979144, 38.8498118 ], [ -104.9982846, 38.8500539 ], [ -104.9986833, 38.850795 ], [ -104.9990399, 38.8513268 ], [ -104.999842, 38.8519795 ], [ -105.0003959, 38.8519235 ], [ -105.0008312, 38.8519683 ], [ -105.0015613, 38.8524949 ], [ -105.0016081, 38.8525257 ], [ -105.0020685, 38.8525313 ], [ -105.0023023, 38.8525285 ], [ -105.0024426, 38.8525397 ], [ -105.0028346, 38.8529515 ], [ -105.0031799, 38.8532876 ], [ -105.0034893, 38.8535117 ], [ -105.0037051, 38.8536742 ], [ -105.0037878, 38.8537694 ], [ -105.0037842, 38.853817 ], [ -105.0037482, 38.853887 ], [ -105.0035612, 38.8539739 ], [ -105.0033454, 38.8540495 ], [ -105.0033022, 38.8541279 ], [ -105.0032519, 38.854352 ], [ -105.0032842, 38.8544613 ], [ -105.0034425, 38.8545901 ], [ -105.0037806, 38.8547498 ], [ -105.0038957, 38.854803 ], [ -105.0038705, 38.8550019 ], [ -105.0038454, 38.8550243 ], [ -105.0036116, 38.8550887 ], [ -105.0033921, 38.8550887 ], [ -105.0031835, 38.8550635 ], [ -105.003072, 38.8550159 ], [ -105.0029174, 38.8549879 ], [ -105.0026224, 38.8550635 ], [ -105.002608, 38.8551027 ], [ -105.00259, 38.8552287 ], [ -105.0025181, 38.8556013 ], [ -105.0024857, 38.8567721 ], [ -105.0024049, 38.857412 ], [ -105.0015553, 38.8583914 ], [ -105.0002552, 38.8589923 ], [ -104.9997417, 38.8593434 ], [ -104.9993346, 38.8599676 ], [ -104.9974621, 38.8608161 ], [ -104.9967544, 38.8608454 ], [ -104.9961532, 38.8606308 ], [ -104.9956146, 38.8604114 ], [ -104.9946815, 38.859792 ], [ -104.9944686, 38.8592849 ], [ -104.9942807, 38.8587631 ], [ -104.9942557, 38.8584461 ], [ -104.9942431, 38.8580365 ], [ -104.9941805, 38.8578365 ], [ -104.9939864, 38.8576219 ], [ -104.9938298, 38.8576415 ], [ -104.9935605, 38.8579145 ], [ -104.9934415, 38.8582705 ], [ -104.9933539, 38.8585631 ], [ -104.9933476, 38.8587485 ], [ -104.9933476, 38.8590167 ], [ -104.9931096, 38.8593532 ], [ -104.9927151, 38.8598164 ], [ -104.9926399, 38.8598408 ], [ -104.9924646, 38.8598213 ], [ -104.9924207, 38.8595872 ], [ -104.9924896, 38.8594458 ], [ -104.9924333, 38.8594019 ], [ -104.9920825, 38.8595482 ], [ -104.9919761, 38.8597335 ], [ -104.9917362, 38.8599717 ] ] ] } },
{ "type": "Feature", "properties": { "full_id": "w1481234154", "osm_id": "1481234154", "osm_type": "way", "route": null, "to": null, "from": null, "roundtrip": null, "operator": null, "distance": null, "descriptio": null, "ascent": null, "modifier": null, "website": null, "old_railwa": null, "wikipedia": null, "wikidata": null, "type": null, "symbol": null, "ref": null, "network": null, "name": null, "is_in_stat": null }, "geometry": { "type": "MultiLineString", "coordinates": [ [ [ -105.0011187, 38.8435477 ], [ -105.0005743, 38.8435198 ], [ -105.0002486, 38.8436515 ], [ -105.0001108, 38.8437052 ], [ -104.9999418, 38.8437076 ], [ -104.9995691, 38.8436345 ], [ -104.9993531, 38.8435174 ], [ -104.9992028, 38.8434857 ], [ -104.9989742, 38.8435296 ], [ -104.9988395, 38.8435759 ], [ -104.9987519, 38.8436467 ], [ -104.9987112, 38.8437125 ], [ -104.9987112, 38.8438003 ], [ -104.9987456, 38.8438271 ], [ -104.9988865, 38.843854 ], [ -104.998946, 38.8439223 ], [ -104.9989867, 38.8439735 ], [ -104.9987738, 38.8445417 ], [ -104.9986548, 38.8447661 ], [ -104.9985796, 38.844927 ], [ -104.9985452, 38.8450587 ], [ -104.9985859, 38.8451929 ], [ -104.9989084, 38.8456587 ], [ -104.9989585, 38.8457831 ], [ -104.9989241, 38.8458635 ], [ -104.9988583, 38.8459172 ], [ -104.9986239, 38.8462023 ], [ -104.9984697, 38.8465479 ], [ -104.9985243, 38.8468972 ], [ -104.9985836, 38.8469749 ], [ -104.9987806, 38.8470636 ], [ -104.9989396, 38.8471671 ], [ -104.9989087, 38.8472669 ], [ -104.998586, 38.8475459 ], [ -104.9984816, 38.847838 ], [ -104.9984701, 38.8479067 ] ] ] } },
{ "type": "Feature", "properties": { "full_id": "w1481234153", "osm_id": "1481234153", "osm_type": "way", "route": null, "to": null, "from": null, "roundtrip": null, "operator": null, "distance": null, "descriptio": null, "ascent": null, "modifier": null, "website": null, "old_railwa": null, "wikipedia": null, "wikidata": null, "type": null, "symbol": null, "ref": null, "network": null, "name": null, "is_in_stat": null }, "geometry": { "type": "MultiLineString", "coordinates": [ [ [ -104.9774927, 38.8536964 ], [ -104.9774271, 38.8527669 ], [ -104.977485, 38.8525545 ], [ -104.9777494, 38.852281 ], [ -104.9777659, 38.8521426 ], [ -104.9777453, 38.8520911 ], [ -104.9770511, 38.8515313 ], [ -104.9766504, 38.8512932 ], [ -104.976481, 38.8511451 ], [ -104.9760512, 38.8506625 ], [ -104.9757786, 38.850537 ], [ -104.9755017, 38.8501669 ], [ -104.9753612, 38.8499031 ], [ -104.9753365, 38.8497068 ], [ -104.9751216, 38.8493303 ], [ -104.9746836, 38.8488991 ], [ -104.9745184, 38.8488605 ], [ -104.9741754, 38.8488348 ], [ -104.9737127, 38.8489249 ], [ -104.9735598, 38.8489313 ], [ -104.9730516, 38.8488766 ], [ -104.9727293, 38.8488444 ], [ -104.972436, 38.8488702 ], [ -104.9721137, 38.8489056 ], [ -104.9720017, 38.8488553 ] ] ] } },
{ "type": "Feature", "properties": { "full_id": "w1481234152", "osm_id": "1481234152", "osm_type": "way", "route": null, "to": null, "from": null, "roundtrip": null, "operator": null, "distance": null, "descriptio": null, "ascent": null, "modifier": null, "website": null, "old_railwa": null, "wikipedia": null, "wikidata": null, "type": null, "symbol": null, "ref": null, "network": null, "name": null, "is_in_stat": null }, "geometry": { "type": "MultiLineString", "coordinates": [ [ [ -104.9721613, 38.8577969 ], [ -104.9725162, 38.8576871 ], [ -104.9727207, 38.8573543 ], [ -104.972852, 38.8572355 ], [ -104.9731084, 38.8571285 ], [ -104.9732977, 38.8568432 ], [ -104.9736396, 38.8565817 ], [ -104.973719, 38.8564462 ], [ -104.9736762, 38.8562466 ], [ -104.9736182, 38.8560183 ], [ -104.9736854, 38.855909 ], [ -104.9739662, 38.8557117 ], [ -104.9743234, 38.8555714 ], [ -104.9745004, 38.8553527 ], [ -104.97465, 38.8548773 ], [ -104.974824, 38.8544351 ], [ -104.9750041, 38.8541528 ] ] ] } },
{ "type": "Feature", "properties": { "full_id": "w1497365980", "osm_id": "1497365980", "osm_type": "way", "route": null, "to": null, "from": null, "roundtrip": null, "operator": null, "distance": null, "descriptio": null, "ascent": null, "modifier": null, "website": null, "old_railwa": null, "wikipedia": null, "wikidata": null, "type": null, "symbol": null, "ref": null, "network": null, "name": null, "is_in_stat": null }, "geometry": { "type": "MultiLineString", "coordinates": [ [ [ -104.9461591, 38.8564609 ], [ -104.9463057, 38.8564854 ], [ -104.9465886, 38.8566866 ], [ -104.9465975, 38.8568098 ], [ -104.9466933, 38.8569121 ], [ -104.9468314, 38.856952 ], [ -104.9469182, 38.8569832 ], [ -104.9470274, 38.8569555 ], [ -104.9471009, 38.8569676 ], [ -104.9471989, 38.8569988 ] ] ] } },
{ "type": "Feature", "properties": { "full_id": "w1497365979", "osm_id": "1497365979", "osm_type": "way", "route": null, "to": null, "from": null, "roundtrip": null, "operator": null, "distance": null, "descriptio": null, "ascent": null, "modifier": null, "website": null, "old_railwa": null, "wikipedia": null, "wikidata": null, "type": null, "symbol": null, "ref": null, "network": null, "name": null, "is_in_stat": null }, "geometry": { "type": "MultiLineString", "coordinates": [ [ [ -104.9461591, 38.8564609 ], [ -104.9462678, 38.8564056 ], [ -104.9463814, 38.856416 ], [ -104.9465128, 38.8564836 ], [ -104.9467111, 38.8565114 ], [ -104.9467846, 38.8565912 ], [ -104.9468626, 38.8566085 ], [ -104.9469762, 38.8566987 ], [ -104.9470532, 38.8567132 ] ] ] } },
{ "type": "Feature", "properties": { "full_id": "w1497365978", "osm_id": "1497365978", "osm_type": "way", "route": null, "to": null, "from": null, "roundtrip": null, "operator": null, "distance": null, "descriptio": null, "ascent": null, "modifier": null, "website": null, "old_railwa": null, "wikipedia": null, "wikidata": null, "type": null, "symbol": null, "ref": null, "network": null, "name": null, "is_in_stat": null }, "geometry": { "type": "MultiLineString", "coordinates": [ [ [ -104.947328, 38.8573932 ], [ -104.9474172, 38.8572746 ], [ -104.9474462, 38.8571879 ], [ -104.9474351, 38.8571012 ], [ -104.9474083, 38.8570405 ], [ -104.9473504, 38.8570006 ], [ -104.9473237, 38.8569815 ], [ -104.9472568, 38.856985 ], [ -104.9471989, 38.8569988 ], [ -104.9471566, 38.8569294 ], [ -104.9471432, 38.8568826 ], [ -104.9470519, 38.8568167 ], [ -104.9470408, 38.8567404 ], [ -104.9470532, 38.8567132 ], [ -104.9470742, 38.8566675 ], [ -104.9471165, 38.8565825 ], [ -104.9470965, 38.8565339 ], [ -104.9470074, 38.8564541 ], [ -104.9469227, 38.8563587 ], [ -104.9468737, 38.8563188 ], [ -104.9468626, 38.8562494 ], [ -104.9468492, 38.856135 ], [ -104.9468447, 38.8560933 ], [ -104.9467946, 38.8559313 ] ] ] } },
{ "type": "Feature", "properties": { "full_id": "w870680110", "osm_id": "870680110", "osm_type": "way", "route": null, "to": null, "from": null, "roundtrip": null, "operator": null, "distance": null, "descriptio": null, "ascent": null, "modifier": null, "website": null, "old_railwa": null, "wikipedia": null, "wikidata": null, "type": null, "symbol": null, "ref": null, "network": null, "name": "Ruxton Avenue", "is_in_stat": null }, "geometry": { "type": "MultiLineString", "coordinates": [ [ [ -104.9310513, 38.8562173 ], [ -104.9313694, 38.856138 ], [ -104.9314955, 38.8561061 ], [ -104.9315708, 38.8560816 ], [ -104.9316471, 38.8560604 ], [ -104.9317425, 38.8560311 ], [ -104.9318432, 38.8559928 ], [ -104.9319542, 38.855947 ], [ -104.9321231, 38.8558706 ], [ -104.9322843, 38.8557927 ], [ -104.9323956, 38.8557309 ], [ -104.9326892, 38.8555377 ], [ -104.9328454, 38.8553988 ], [ -104.9329959, 38.8552481 ] ] ] } },
{ "type": "Feature", "properties": { "full_id": "w1497365984", "osm_id": "1497365984", "osm_type": "way", "route": null, "to": null, "from": null, "roundtrip": null, "operator": null, "distance": null, "descriptio": null, "ascent": null, "modifier": null, "website": null, "old_railwa": null, "wikipedia": null, "wikidata": null, "type": null, "symbol": null, "ref": null, "network": null, "name": null, "is_in_stat": null }, "geometry": { "type": "MultiLineString", "coordinates": [ [ [ -104.9315549, 38.8508969 ], [ -104.9315373, 38.8511413 ], [ -104.9314427, 38.851273 ], [ -104.9314972, 38.8513779 ], [ -104.93148, 38.8515833 ], [ -104.9312535, 38.851773 ], [ -104.9311475, 38.8519426 ], [ -104.9312421, 38.8519672 ], [ -104.9312621, 38.8520654 ], [ -104.9311762, 38.8521882 ], [ -104.9311991, 38.8522909 ], [ -104.9313338, 38.8525297 ], [ -104.9312707, 38.8526324 ], [ -104.9313539, 38.8527105 ], [ -104.9312994, 38.8528154 ], [ -104.9313625, 38.8529069 ], [ -104.9312937, 38.8530163 ], [ -104.9313023, 38.8531078 ], [ -104.9312277, 38.8533957 ], [ -104.9309898, 38.8536613 ], [ -104.9309612, 38.8538109 ], [ -104.9308322, 38.8539515 ], [ -104.930709, 38.853985 ], [ -104.9305399, 38.8539627 ], [ -104.9302819, 38.8539471 ], [ -104.9300268, 38.8539761 ], [ -104.9298806, 38.8540475 ], [ -104.9298032, 38.8541457 ], [ -104.9297488, 38.8543109 ], [ -104.9297545, 38.8545118 ], [ -104.9298405, 38.8547305 ], [ -104.929786, 38.8548019 ], [ -104.9295567, 38.8548733 ], [ -104.929402, 38.8549738 ], [ -104.9292243, 38.8549425 ], [ -104.9290896, 38.8549202 ], [ -104.9288803, 38.8549738 ], [ -104.9287198, 38.8550832 ], [ -104.9285994, 38.8553577 ], [ -104.9285221, 38.8554961 ], [ -104.9285163, 38.8556121 ], [ -104.928502, 38.8556992 ], [ -104.9285335, 38.8557862 ], [ -104.9287342, 38.8558889 ], [ -104.9289336, 38.8561105 ] ] ] } },
{ "type": "Feature", "properties": { "full_id": "w1497365983", "osm_id": "1497365983", "osm_type": "way", "route": null, "to": null, "from": null, "roundtrip": null, "operator": null, "distance": null, "descriptio": null, "ascent": null, "modifier": null, "website": null, "old_railwa": null, "wikipedia": null, "wikidata": null, "type": null, "symbol": null, "ref": null, "network": null, "name": null, "is_in_stat": null }, "geometry": { "type": "MultiLineString", "coordinates": [ [ [ -104.936287, 38.861869 ], [ -104.9363102, 38.8618164 ], [ -104.9364261, 38.8617415 ], [ -104.9365243, 38.8616635 ], [ -104.9366224, 38.8615978 ], [ -104.9368699, 38.8615274 ], [ -104.9371154, 38.8615213 ], [ -104.9372234, 38.8615014 ], [ -104.9373353, 38.8614769 ], [ -104.9373942, 38.8614769 ], [ -104.9374944, 38.8614938 ], [ -104.9376063, 38.8614739 ], [ -104.937679, 38.8614005 ], [ -104.9377202, 38.8613194 ], [ -104.9376495, 38.8612812 ], [ -104.9374571, 38.8611176 ], [ -104.9375042, 38.8609754 ], [ -104.9375121, 38.8608683 ], [ -104.9374414, 38.8607445 ], [ -104.9373707, 38.8606252 ], [ -104.9373137, 38.8605319 ] ] ] } },
{ "type": "Feature", "properties": { "full_id": "w1497365982", "osm_id": "1497365982", "osm_type": "way", "route": null, "to": null, "from": null, "roundtrip": null, "operator": null, "distance": null, "descriptio": null, "ascent": null, "modifier": null, "website": null, "old_railwa": null, "wikipedia": null, "wikidata": null, "type": null, "symbol": null, "ref": null, "network": null, "name": null, "is_in_stat": null }, "geometry": { "type": "MultiLineString", "coordinates": [ [ [ -104.9638475, 38.8643914 ], [ -104.9639392, 38.8642196 ], [ -104.9639392, 38.8641147 ], [ -104.9639191, 38.8640344 ], [ -104.9639965, 38.8639652 ], [ -104.9641083, 38.8638112 ], [ -104.9641083, 38.8637264 ], [ -104.9640567, 38.8636594 ], [ -104.9639191, 38.8636572 ], [ -104.9638188, 38.8636148 ], [ -104.9637643, 38.8634318 ], [ -104.9636898, 38.8632086 ], [ -104.9635035, 38.8630033 ], [ -104.9634491, 38.8629386 ], [ -104.963386, 38.8627132 ], [ -104.9633803, 38.8626239 ], [ -104.9632714, 38.8624811 ], [ -104.9629761, 38.8623293 ], [ -104.962916, 38.8622311 ], [ -104.9628357, 38.8621084 ], [ -104.9627898, 38.8619678 ], [ -104.962658, 38.8619365 ], [ -104.9625577, 38.861845 ], [ -104.9625147, 38.861787 ], [ -104.9624373, 38.8617758 ], [ -104.9623886, 38.8617267 ], [ -104.9623198, 38.8615973 ], [ -104.9622883, 38.8615102 ], [ -104.9621679, 38.8614901 ], [ -104.9620446, 38.861383 ], [ -104.9618039, 38.8612201 ], [ -104.9615832, 38.8610683 ], [ -104.9612736, 38.8608563 ], [ -104.9610243, 38.8607559 ], [ -104.9608223, 38.860672 ], [ -104.9607643, 38.8606316 ], [ -104.9607276, 38.860565 ], [ -104.9606657, 38.8604493 ], [ -104.9605872, 38.8603844 ], [ -104.9604972, 38.8603249 ], [ -104.9603415, 38.8602774 ], [ -104.9601171, 38.8602453 ], [ -104.9599797, 38.8602465 ], [ -104.9597844, 38.8602465 ], [ -104.9595402, 38.8602893 ], [ -104.9594348, 38.8602988 ], [ -104.9593097, 38.8603226 ], [ -104.9591952, 38.8603119 ], [ -104.9591357, 38.8602905 ], [ -104.9589922, 38.8602691 ], [ -104.9589464, 38.8602619 ], [ -104.9588884, 38.8602096 ], [ -104.9588335, 38.8601728 ], [ -104.958748, 38.8601621 ], [ -104.9586732, 38.8601134 ], [ -104.9584504, 38.8600528 ], [ -104.9582962, 38.8599624 ], [ -104.9580673, 38.8599018 ], [ -104.9578948, 38.859865 ], [ -104.9577605, 38.8598709 ], [ -104.9575483, 38.8598079 ], [ -104.9574629, 38.8598174 ], [ -104.9573408, 38.8598305 ], [ -104.9572797, 38.8598472 ], [ -104.9571912, 38.859802 ], [ -104.9571133, 38.85972 ], [ -104.9570431, 38.8596903 ], [ -104.9569195, 38.8596819 ], [ -104.9568233, 38.8596356 ], [ -104.956718, 38.8596047 ], [ -104.9566081, 38.859613 ], [ -104.9565211, 38.8596237 ], [ -104.9564585, 38.8596094 ], [ -104.9563792, 38.8595536 ], [ -104.9562937, 38.8594858 ], [ -104.9562113, 38.8593777 ], [ -104.9561441, 38.8592874 ], [ -104.9560968, 38.859241 ], [ -104.9560327, 38.8591649 ], [ -104.95599, 38.8591459 ], [ -104.9558233, 38.8590506 ] ] ] } },
{ "type": "Feature", "properties": { "full_id": "w7680560", "osm_id": "7680560", "osm_type": "way", "route": null, "to": null, "from": null, "roundtrip": null, "operator": null, "distance": null, "descriptio": null, "ascent": null, "modifier": null, "website": null, "old_railwa": null, "wikipedia": null, "wikidata": null, "type": null, "symbol": null, "ref": null, "network": null, "name": "Hydro Street", "is_in_stat": null }, "geometry": { "type": "MultiLineString", "coordinates": [ [ [ -104.9329959, 38.8552481 ], [ -104.9332802, 38.8554027 ], [ -104.9334572, 38.8554758 ], [ -104.933594, 38.855553 ], [ -104.933712, 38.855647 ], [ -104.9337791, 38.8557222 ], [ -104.9338628, 38.8558139 ], [ -104.9339139, 38.8558688 ] ] ] } },
{ "type": "Feature", "properties": { "full_id": "w1551456790", "osm_id": "1551456790", "osm_type": "way", "route": null, "to": null, "from": null, "roundtrip": null, "operator": null, "distance": null, "descriptio": null, "ascent": null, "modifier": null, "website": null, "old_railwa": null, "wikipedia": null, "wikidata": null, "type": null, "symbol": null, "ref": null, "network": null, "name": null, "is_in_stat": null }, "geometry": { "type": "MultiLineString", "coordinates": [ [ [ -104.9339369, 38.8557161 ], [ -104.9338244, 38.8555056 ] ] ] } },
{ "type": "Feature", "properties": { "full_id": "w56228904", "osm_id": "56228904", "osm_type": "way", "route": null, "to": null, "from": null, "roundtrip": null, "operator": null, "distance": null, "descriptio": null, "ascent": null, "modifier": null, "website": null, "old_railwa": null, "wikipedia": null, "wikidata": null, "type": null, "symbol": null, "ref": null, "network": null, "name": "Ruxton Avenue", "is_in_stat": null }, "geometry": { "type": "MultiLineString", "coordinates": [ [ [ -104.9329959, 38.8552481 ], [ -104.9331595, 38.8550852 ], [ -104.9334143, 38.8549682 ], [ -104.9335644, 38.8548948 ], [ -104.9336247, 38.8548582 ], [ -104.9336731, 38.8548196 ], [ -104.9337883, 38.8546998 ], [ -104.9339293, 38.8545672 ], [ -104.9340875, 38.8544481 ], [ -104.9342887, 38.8543144 ], [ -104.9344117, 38.8542375 ], [ -104.9344602, 38.854208 ], [ -104.9344999, 38.8541782 ], [ -104.9345521, 38.854129 ], [ -104.9345998, 38.854068 ], [ -104.934707, 38.8539484 ], [ -104.9347688, 38.8539021 ], [ -104.9349566, 38.8537672 ], [ -104.9352436, 38.8536147 ], [ -104.935493, 38.8534998 ], [ -104.9358619, 38.8533371 ], [ -104.9359232, 38.8533145 ], [ -104.93598, 38.8532996 ], [ -104.9361184, 38.8532703 ] ] ] } },
{ "type": "Feature", "properties": { "full_id": "w7672045", "osm_id": "7672045", "osm_type": "way", "route": null, "to": null, "from": null, "roundtrip": null, "operator": null, "distance": null, "descriptio": null, "ascent": null, "modifier": null, "website": null, "old_railwa": null, "wikipedia": null, "wikidata": null, "type": null, "symbol": null, "ref": null, "network": null, "name": null, "is_in_stat": null }, "geometry": { "type": "MultiLineString", "coordinates": [ [ [ -104.9775859, 38.827044 ], [ -104.976771, 38.827188 ], [ -104.976179, 38.827524 ], [ -104.976099, 38.827668 ], [ -104.976019, 38.827892 ], [ -104.975859, 38.828052 ], [ -104.975379, 38.82826 ], [ -104.9751821, 38.8284468 ], [ -104.9750542, 38.8288059 ], [ -104.9752271, 38.8291587 ], [ -104.9752556, 38.8294733 ], [ -104.9752762, 38.8296748 ], [ -104.9749968, 38.8298476 ], [ -104.9746282, 38.8297975 ], [ -104.9740475, 38.829827 ], [ -104.973619, 38.830004 ], [ -104.9734725, 38.8302372 ], [ -104.9733326, 38.8304568 ], [ -104.9734122, 38.8308093 ], [ -104.973759, 38.8312299 ], [ -104.9740971, 38.8314401 ], [ -104.9742725, 38.8314224 ], [ -104.9745003, 38.8316839 ], [ -104.9749517, 38.8320088 ], [ -104.9755981, 38.8320225 ], [ -104.9760898, 38.8321152 ], [ -104.9764545, 38.8322082 ], [ -104.9767743, 38.8322437 ], [ -104.977043, 38.832308 ], [ -104.9769965, 38.8324216 ], [ -104.9768064, 38.8324865 ], [ -104.9767012, 38.832575 ], [ -104.9766704, 38.8326801 ], [ -104.9769265, 38.8328721 ], [ -104.9776826, 38.8331296 ] ] ] } },
{ "type": "Feature", "properties": { "full_id": "w7672042", "osm_id": "7672042", "osm_type": "way", "route": null, "to": null, "from": null, "roundtrip": null, "operator": null, "distance": null, "descriptio": null, "ascent": null, "modifier": null, "website": null, "old_railwa": null, "wikipedia": null, "wikidata": null, "type": null, "symbol": null, "ref": null, "network": null, "name": null, "is_in_stat": null }, "geometry": { "type": "MultiLineString", "coordinates": [ [ [ -104.9748331, 38.8418932 ], [ -104.9746145, 38.8417773 ], [ -104.9745275, 38.8417246 ], [ -104.9742793, 38.8416797 ], [ -104.9743986, 38.8414801 ], [ -104.9748225, 38.8408074 ], [ -104.974964, 38.840484 ], [ -104.975252, 38.8401 ], [ -104.9750952, 38.8395883 ], [ -104.975252, 38.839092 ], [ -104.975764, 38.838436 ], [ -104.9758306, 38.8380683 ], [ -104.9757661, 38.8377986 ], [ -104.975876, 38.837428 ], [ -104.9765035, 38.8367359 ], [ -104.9768783, 38.8363122 ], [ -104.977012, 38.835508 ], [ -104.977204, 38.834996 ], [ -104.9774972, 38.8343058 ], [ -104.978118, 38.8339681 ], [ -104.9782346, 38.8339115 ], [ -104.9783405, 38.8338164 ], [ -104.9783439, 38.8336854 ], [ -104.978326, 38.8335571 ], [ -104.9779304, 38.8332157 ], [ -104.9776826, 38.8331296 ], [ -104.9777199, 38.8330573 ], [ -104.9778552, 38.8329233 ], [ -104.9780365, 38.8327285 ], [ -104.9782358, 38.8325914 ], [ -104.9784983, 38.832453 ], [ -104.979347, 38.832308 ], [ -104.980003, 38.832084 ], [ -104.980339, 38.831732 ], [ -104.9807787, 38.8313709 ], [ -104.9811757, 38.8294402 ], [ -104.981047, 38.8285459 ], [ -104.9807626, 38.8280653 ], [ -104.9810201, 38.8269704 ], [ -104.9815405, 38.8264647 ], [ -104.9821359, 38.8256205 ], [ -104.982667, 38.8254074 ], [ -104.9825436, 38.8248725 ], [ -104.9823344, 38.8245465 ], [ -104.9823344, 38.823999 ], [ -104.9827099, 38.8236229 ], [ -104.98352, 38.8230586 ], [ -104.9837147, 38.8229219 ], [ -104.983841, 38.8227563 ], [ -104.983952, 38.822509 ], [ -104.9839366, 38.8222234 ], [ -104.9839057, 38.8221105 ] ] ] } },
{ "type": "Feature", "properties": { "full_id": "w56228898", "osm_id": "56228898", "osm_type": "way", "route": null, "to": null, "from": null, "roundtrip": null, "operator": null, "distance": null, "descriptio": null, "ascent": null, "modifier": null, "website": null, "old_railwa": null, "wikipedia": null, "wikidata": null, "type": null, "symbol": null, "ref": null, "network": null, "name": "Ute Indian Trail", "is_in_stat": null }, "geometry": { "type": "MultiLineString", "coordinates": [ [ [ -104.9350499, 38.858741 ], [ -104.9349778, 38.8588218 ], [ -104.9349035, 38.8588737 ], [ -104.9347688, 38.8589659 ], [ -104.9346968, 38.8589354 ], [ -104.9344488, 38.8588782 ], [ -104.9344028, 38.8589018 ], [ -104.9344563, 38.8589822 ], [ -104.9345674, 38.8590518 ], [ -104.9346336, 38.8591257 ], [ -104.9347253, 38.8592496 ], [ -104.934836, 38.8593618 ], [ -104.934953, 38.8594902 ], [ -104.9350874, 38.8596248 ], [ -104.9352184, 38.85982 ], [ -104.9352305, 38.8598808 ], [ -104.9352614, 38.8599214 ], [ -104.9353503, 38.8599051 ], [ -104.9354561, 38.8599174 ], [ -104.9354997, 38.859943 ], [ -104.9355195, 38.8599743 ], [ -104.9354919, 38.8600371 ], [ -104.9354692, 38.8600866 ], [ -104.9354041, 38.8601142 ], [ -104.9353581, 38.8601197 ], [ -104.9352559, 38.8600679 ], [ -104.9351999, 38.8600212 ], [ -104.9351659, 38.8599812 ], [ -104.9350544, 38.8599154 ], [ -104.9349726, 38.8598734 ], [ -104.9348437, 38.8597797 ], [ -104.9347792, 38.8597287 ], [ -104.9346495, 38.8597338 ], [ -104.934586, 38.8597822 ], [ -104.9344917, 38.8598222 ], [ -104.934373, 38.8598479 ], [ -104.9342537, 38.8598257 ], [ -104.9342006, 38.8597324 ], [ -104.9341283, 38.8596314 ], [ -104.9340395, 38.8595558 ], [ -104.9338951, 38.8595438 ], [ -104.9337578, 38.8595091 ], [ -104.933663, 38.8594247 ], [ -104.9336384, 38.8592732 ], [ -104.9336435, 38.8591322 ], [ -104.9335425, 38.8589908 ], [ -104.9335065, 38.8588655 ], [ -104.933329, 38.8587255 ], [ -104.9331201, 38.8586429 ], [ -104.9329429, 38.8586024 ], [ -104.9327629, 38.8586319 ], [ -104.9327763, 38.8587914 ], [ -104.9329016, 38.858893 ], [ -104.9330603, 38.8590186 ], [ -104.9331685, 38.8591174 ], [ -104.9332667, 38.859304 ], [ -104.9332736, 38.8594592 ], [ -104.9332982, 38.8596471 ], [ -104.9334769, 38.8598829 ], [ -104.9333244, 38.8600287 ], [ -104.9328245, 38.8601081 ], [ -104.9325095, 38.8600531 ], [ -104.9323655, 38.8601598 ], [ -104.9325169, 38.8603207 ], [ -104.932731, 38.8604072 ], [ -104.9329512, 38.8606696 ], [ -104.9330963, 38.8606445 ], [ -104.9332354, 38.8604792 ], [ -104.9332877, 38.860486 ], [ -104.933291, 38.860717 ], [ -104.9333437, 38.8608889 ], [ -104.9334209, 38.8609371 ], [ -104.9334653, 38.8607627 ], [ -104.9336212, 38.8606851 ], [ -104.933808, 38.8607611 ], [ -104.9338186, 38.8608247 ], [ -104.9339846, 38.8609331 ], [ -104.934132, 38.8610679 ], [ -104.9341249, 38.8611694 ], [ -104.9341417, 38.8612234 ], [ -104.9341251, 38.8612801 ], [ -104.9341814, 38.8613135 ], [ -104.934219, 38.8613824 ], [ -104.9342672, 38.8614158 ], [ -104.934337, 38.8614263 ], [ -104.9344148, 38.861466 ], [ -104.934463, 38.8615077 ], [ -104.9345113, 38.8615265 ], [ -104.9347098, 38.8615954 ], [ -104.9348332, 38.8616665 ], [ -104.9349753, 38.8617542 ], [ -104.9350263, 38.8617834 ], [ -104.9350639, 38.8618001 ], [ -104.93508, 38.8618315 ], [ -104.9351202, 38.8618461 ], [ -104.9351631, 38.8618398 ] ] ] } },
{ "type": "Feature", "properties": { "full_id": "w1431679757", "osm_id": "1431679757", "osm_type": "way", "route": null, "to": null, "from": null, "roundtrip": null, "operator": null, "distance": null, "descriptio": null, "ascent": null, "modifier": null, "website": null, "old_railwa": null, "wikipedia": null, "wikidata": null, "type": null, "symbol": null, "ref": null, "network": null, "name": "Gog and Magog Rocks Trail", "is_in_stat": null }, "geometry": { "type": "MultiLineString", "coordinates": [ [ [ -104.9501149, 38.8456645 ], [ -104.9502223, 38.8457481 ], [ -104.9503717, 38.8458209 ], [ -104.9503951, 38.8459518 ], [ -104.9504254, 38.8460828 ], [ -104.9505329, 38.846181 ], [ -104.9505772, 38.8462464 ], [ -104.9505329, 38.8463101 ], [ -104.950325, 38.8464792 ], [ -104.9499491, 38.8466974 ], [ -104.9496129, 38.8468302 ], [ -104.9494798, 38.846912 ], [ -104.949363, 38.8469157 ], [ -104.949293, 38.846912 ], [ -104.9492346, 38.8469993 ], [ -104.9489894, 38.8471594 ], [ -104.9487116, 38.8471885 ], [ -104.9486275, 38.8472594 ], [ -104.9486462, 38.8473721 ], [ -104.9486742, 38.8474558 ], [ -104.9487699, 38.8475431 ], [ -104.9487676, 38.8476122 ], [ -104.9484804, 38.8477667 ], [ -104.9482492, 38.8479068 ], [ -104.9480834, 38.847985 ], [ -104.9479807, 38.848105 ], [ -104.947941, 38.8482105 ], [ -104.9479107, 38.8483632 ], [ -104.9478219, 38.8484505 ], [ -104.9477168, 38.8484851 ], [ -104.9476701, 38.8485705 ], [ -104.9475884, 38.8486287 ], [ -104.9475651, 38.8486815 ], [ -104.9475697, 38.8487906 ], [ -104.9476281, 38.8488506 ], [ -104.9476141, 38.8489306 ], [ -104.9475814, 38.8490124 ], [ -104.9475838, 38.8491725 ], [ -104.947509, 38.8492688 ], [ -104.9473082, 38.8493834 ], [ -104.9471074, 38.8494216 ], [ -104.9468739, 38.849407 ], [ -104.9466824, 38.8493743 ], [ -104.9466124, 38.8493507 ], [ -104.946547, 38.8492852 ], [ -104.946477, 38.8491925 ], [ -104.9464279, 38.8492379 ], [ -104.9464326, 38.8493816 ], [ -104.9464583, 38.8494943 ], [ -104.9465283, 38.8496034 ], [ -104.9465657, 38.8496671 ], [ -104.9463859, 38.8496744 ], [ -104.9462341, 38.8496689 ], [ -104.9461524, 38.8496053 ], [ -104.946024, 38.849478 ], [ -104.9458769, 38.8493779 ], [ -104.9457858, 38.849167 ], [ -104.9457251, 38.8489779 ], [ -104.9456924, 38.8488724 ], [ -104.945627, 38.8487542 ], [ -104.9455079, 38.8487178 ], [ -104.9454215, 38.8486869 ], [ -104.9452768, 38.8485887 ], [ -104.9451764, 38.8486396 ], [ -104.9450783, 38.8486415 ], [ -104.9449521, 38.8486841 ], [ -104.9449012, 38.8487645 ], [ -104.9448985, 38.8489181 ], [ -104.9449159, 38.8490142 ], [ -104.9448851, 38.8491447 ], [ -104.9448395, 38.8492168 ], [ -104.9447952, 38.8492722 ], [ -104.944763, 38.8492836 ], [ -104.9446718, 38.8492252 ], [ -104.9445645, 38.8491583 ], [ -104.9444707, 38.8493317 ], [ -104.9444492, 38.8494508 ], [ -104.9443768, 38.8495197 ], [ -104.944291, 38.849527 ], [ -104.9441689, 38.849457 ], [ -104.9440429, 38.849387 ], [ -104.9439825, 38.8494455 ], [ -104.9439141, 38.8495113 ], [ -104.9438739, 38.8495448 ], [ -104.9437492, 38.8493996 ], [ -104.9437143, 38.8493411 ], [ -104.9436633, 38.849268 ], [ -104.9435788, 38.8492137 ], [ -104.9435587, 38.8491124 ], [ -104.9435051, 38.849058 ], [ -104.9434353, 38.8490183 ], [ -104.9432181, 38.8490204 ], [ -104.9430585, 38.8490152 ], [ -104.9429324, 38.8489964 ], [ -104.9428077, 38.8490309 ], [ -104.9426964, 38.8491489 ], [ -104.9425797, 38.8492178 ], [ -104.9424899, 38.8492889 ], [ -104.9423159, 38.8493877 ], [ -104.9422178, 38.8494332 ], [ -104.9422529, 38.8494678 ], [ -104.9423136, 38.8494823 ], [ -104.9423136, 38.8495387 ], [ -104.9422062, 38.8495787 ], [ -104.9419003, 38.8496551 ], [ -104.9417041, 38.8496987 ], [ -104.9415827, 38.8497733 ], [ -104.9413399, 38.8498042 ], [ -104.9411134, 38.8498315 ], [ -104.9409569, 38.8498278 ], [ -104.9406954, 38.8498915 ], [ -104.940318, 38.8499071 ], [ -104.9399157, 38.8499029 ], [ -104.9397011, 38.8499593 ], [ -104.939516, 38.8499551 ], [ -104.9392854, 38.849857 ], [ -104.9390413, 38.8500282 ], [ -104.9389064, 38.8501229 ], [ -104.9388508, 38.8501619 ], [ -104.9386363, 38.8502664 ], [ -104.9382527, 38.8505275 ], [ -104.9381696, 38.8506236 ], [ -104.9381427, 38.8506737 ], [ -104.9380167, 38.8507322 ], [ -104.9378987, 38.8508345 ], [ -104.9378343, 38.8509265 ], [ -104.9378289, 38.8509745 ], [ -104.9378853, 38.8510142 ], [ -104.937904, 38.8510434 ], [ -104.9379121, 38.8510894 ], [ -104.9379684, 38.851127 ], [ -104.9381293, 38.8511145 ], [ -104.9382929, 38.851081 ], [ -104.9383627, 38.8510831 ], [ -104.9383734, 38.8511395 ], [ -104.9382649, 38.8514678 ], [ -104.9380773, 38.8515836 ], [ -104.9378862, 38.8517407 ], [ -104.9378614, 38.8518262 ], [ -104.9375842, 38.8521291 ], [ -104.9372877, 38.852551 ], [ -104.9371071, 38.8526963 ], [ -104.9367893, 38.8528341 ], [ -104.936738, 38.8529731 ] ] ] } },
{ "type": "Feature", "properties": { "full_id": "w1481234151", "osm_id": "1481234151", "osm_type": "way", "route": null, "to": null, "from": null, "roundtrip": null, "operator": null, "distance": null, "descriptio": null, "ascent": null, "modifier": null, "website": null, "old_railwa": null, "wikipedia": null, "wikidata": null, "type": null, "symbol": null, "ref": null, "network": null, "name": null, "is_in_stat": null }, "geometry": { "type": "MultiLineString", "coordinates": [ [ [ -104.9521954, 38.8573504 ], [ -104.9527457, 38.8573166 ], [ -104.9532778, 38.8572013 ], [ -104.9536294, 38.8572193 ], [ -104.9541615, 38.8570752 ], [ -104.9547075, 38.8570355 ], [ -104.955309, 38.8568085 ], [ -104.9566092, 38.8567905 ], [ -104.9570581, 38.8566356 ], [ -104.9573079, 38.8565671 ], [ -104.9576738, 38.8566655 ] ] ] } },
{ "type": "Feature", "properties": { "full_id": "w923494760", "osm_id": "923494760", "osm_type": "way", "route": null, "to": null, "from": null, "roundtrip": null, "operator": null, "distance": null, "descriptio": null, "ascent": null, "modifier": null, "website": null, "old_railwa": null, "wikipedia": null, "wikidata": null, "type": null, "symbol": null, "ref": null, "network": null, "name": "Northern Incline Return Trail;", "is_in_stat": null }, "geometry": { "type": "MultiLineString", "coordinates": [ [ [ -104.934373, 38.8598479 ], [ -104.9343864, 38.8598835 ], [ -104.9344789, 38.8599243 ], [ -104.9346021, 38.8599123 ], [ -104.9346791, 38.8598979 ], [ -104.9348039, 38.8599339 ], [ -104.9350211, 38.8600826 ], [ -104.9351459, 38.8602326 ], [ -104.935296, 38.8603353 ], [ -104.9354647, 38.8605018 ], [ -104.9356235, 38.8605709 ], [ -104.9357823, 38.8605837 ], [ -104.9358128, 38.8605703 ], [ -104.9358311, 38.8605537 ], [ -104.9358464, 38.860518 ], [ -104.9358758, 38.8604207 ], [ -104.9358768, 38.8603795 ], [ -104.9359053, 38.8603162 ], [ -104.935948, 38.8602711 ], [ -104.936012, 38.8602316 ], [ -104.9361391, 38.8601738 ], [ -104.9361929, 38.86015 ], [ -104.9362356, 38.86012 ], [ -104.9362458, 38.8601002 ], [ -104.9363159, 38.8599965 ], [ -104.9363352, 38.8599609 ], [ -104.9363413, 38.8599387 ], [ -104.9363251, 38.8598865 ], [ -104.9362966, 38.859824 ], [ -104.9362488, 38.8597591 ], [ -104.9362305, 38.8596973 ], [ -104.9362366, 38.8596688 ], [ -104.936261, 38.8596419 ], [ -104.9363251, 38.8596332 ], [ -104.9364003, 38.8596324 ], [ -104.9364968, 38.8596356 ], [ -104.9365995, 38.859634 ], [ -104.9366513, 38.8596214 ], [ -104.9366727, 38.8596111 ], [ -104.9366889, 38.8595921 ], [ -104.9367093, 38.8595422 ], [ -104.9367509, 38.8594338 ], [ -104.9367824, 38.8594093 ], [ -104.9367885, 38.8594219 ], [ -104.9367987, 38.8594623 ], [ -104.9368058, 38.8595058 ], [ -104.9368139, 38.8595541 ], [ -104.936818, 38.8595984 ], [ -104.9368017, 38.8596483 ], [ -104.9367875, 38.8597029 ], [ -104.9367499, 38.8597306 ], [ -104.9366981, 38.8597527 ], [ -104.9366269, 38.8597868 ], [ -104.9366046, 38.8598034 ], [ -104.9365924, 38.8598271 ], [ -104.9365893, 38.8598469 ], [ -104.9366046, 38.8598461 ], [ -104.9366584, 38.8598192 ], [ -104.9367916, 38.8597622 ], [ -104.9368475, 38.8597266 ], [ -104.9368739, 38.8596926 ], [ -104.9368942, 38.8596578 ], [ -104.9369074, 38.8596301 ], [ -104.9369572, 38.8596087 ], [ -104.9370345, 38.8596396 ], [ -104.937068, 38.8596601 ], [ -104.9371341, 38.8597084 ], [ -104.937193, 38.8597037 ], [ -104.9372317, 38.8596855 ], [ -104.9372906, 38.8596427 ], [ -104.9373211, 38.8596119 ], [ -104.9373689, 38.8595755 ], [ -104.9374075, 38.8595232 ], [ -104.937436, 38.8594852 ], [ -104.9374908, 38.8594275 ], [ -104.9375539, 38.8593483 ], [ -104.9376067, 38.859285 ], [ -104.9376646, 38.8591766 ], [ -104.9376951, 38.8590982 ], [ -104.9376839, 38.8590436 ], [ -104.9376596, 38.8589882 ], [ -104.9376128, 38.8589114 ], [ -104.9376026, 38.8588782 ], [ -104.9376016, 38.8588545 ], [ -104.9376504, 38.8588038 ], [ -104.9376778, 38.8587927 ], [ -104.9377764, 38.8587698 ], [ -104.9378354, 38.858746 ], [ -104.9379258, 38.8586985 ], [ -104.9379899, 38.8586614 ], [ -104.9380478, 38.858617 ], [ -104.9380681, 38.858598 ], [ -104.9381535, 38.8585751 ], [ -104.9381667, 38.8585775 ], [ -104.9381708, 38.8585893 ], [ -104.9381027, 38.8586392 ], [ -104.9380509, 38.8586653 ], [ -104.9380072, 38.8587009 ], [ -104.9379858, 38.8587373 ], [ -104.9379675, 38.8587832 ], [ -104.9379604, 38.858803 ], [ -104.9379269, 38.8588434 ], [ -104.9378801, 38.858894 ], [ -104.9378588, 38.8589304 ], [ -104.9378679, 38.8590017 ], [ -104.9378862, 38.8590444 ], [ -104.9379258, 38.8591133 ], [ -104.9379289, 38.859141 ], [ -104.9379258, 38.8591813 ], [ -104.9379055, 38.859228 ], [ -104.9378872, 38.8592834 ], [ -104.9378801, 38.859338 ], [ -104.9378638, 38.8594298 ], [ -104.9378506, 38.8594718 ], [ -104.9378273, 38.8595209 ], [ -104.9378029, 38.8595628 ], [ -104.9377429, 38.8596253 ], [ -104.9377002, 38.8596776 ], [ -104.9376575, 38.8597385 ], [ -104.9376189, 38.8598042 ], [ -104.9375701, 38.8598833 ], [ -104.9375437, 38.8599403 ], [ -104.9375284, 38.8599949 ], [ -104.9375183, 38.8600353 ], [ -104.9374209, 38.8601211 ], [ -104.9373254, 38.8602409 ], [ -104.9373253, 38.8603841 ], [ -104.9373018, 38.8604582 ], [ -104.9373137, 38.8605319 ], [ -104.9374021, 38.8604687 ], [ -104.9374207, 38.8604429 ], [ -104.9374807, 38.8603534 ], [ -104.9375183, 38.8602846 ], [ -104.9375762, 38.8602355 ], [ -104.9376179, 38.8601817 ], [ -104.9376839, 38.8600772 ], [ -104.9377439, 38.8599759 ], [ -104.9378303, 38.8598683 ], [ -104.9379492, 38.859763 ], [ -104.9380011, 38.8597076 ], [ -104.9380529, 38.8596657 ], [ -104.9381037, 38.8596309 ], [ -104.9381535, 38.859577 ], [ -104.9382145, 38.8595011 ], [ -104.9382806, 38.8594203 ], [ -104.9382958, 38.8594045 ], [ -104.938306, 38.8593824 ], [ -104.9383293, 38.8593657 ], [ -104.9383527, 38.8593744 ], [ -104.9383771, 38.8594029 ], [ -104.938434, 38.8594544 ], [ -104.9385031, 38.8595034 ], [ -104.9385814, 38.8595414 ], [ -104.9386505, 38.8595493 ], [ -104.9387369, 38.8595707 ], [ -104.9388101, 38.859604 ], [ -104.9388663, 38.8596162 ], [ -104.9389527, 38.8596542 ], [ -104.9390564, 38.8596874 ], [ -104.9391235, 38.8597024 ], [ -104.9391682, 38.859723 ], [ -104.9392231, 38.8597452 ], [ -104.9392475, 38.8597428 ], [ -104.9393152, 38.859729 ], [ -104.9393711, 38.8596839 ], [ -104.9394148, 38.8596556 ], [ -104.9394595, 38.8596762 ], [ -104.9395093, 38.8596849 ], [ -104.9395419, 38.8596762 ], [ -104.9395815, 38.8596516 ], [ -104.9395917, 38.8596152 ], [ -104.9395927, 38.8595796 ], [ -104.9395622, 38.8595337 ], [ -104.9395022, 38.859468 ], [ -104.9394534, 38.8594293 ], [ -104.9394138, 38.8593968 ], [ -104.9393813, 38.8593644 ], [ -104.9393721, 38.8593248 ], [ -104.9394656, 38.8592526 ], [ -104.939553, 38.8591884 ], [ -104.9395967, 38.8591607 ], [ -104.9396587, 38.8591291 ], [ -104.9396706, 38.8591011 ], [ -104.9397082, 38.8590678 ], [ -104.9397366, 38.8590299 ], [ -104.9397286, 38.8590123 ], [ -104.9396872, 38.8589445 ], [ -104.9396728, 38.8588832 ], [ -104.9396685, 38.8588399 ], [ -104.9396923, 38.8587756 ], [ -104.9397349, 38.8587075 ], [ -104.9398796, 38.8586436 ], [ -104.9398094, 38.8587312 ], [ -104.9397938, 38.8587716 ], [ -104.9397842, 38.8588323 ], [ -104.9397852, 38.8588727 ], [ -104.9397923, 38.8588893 ], [ -104.9398167, 38.8589257 ], [ -104.9398492, 38.8589629 ], [ -104.9399413, 38.8590228 ], [ -104.9399525, 38.8590553 ], [ -104.9399342, 38.8590996 ], [ -104.9399128, 38.8591352 ], [ -104.9398925, 38.8591613 ], [ -104.9398786, 38.8592041 ], [ -104.9398562, 38.85925 ], [ -104.9398247, 38.8593252 ], [ -104.9398359, 38.8593244 ], [ -104.9398806, 38.8592967 ], [ -104.9399508, 38.859231 ], [ -104.940013, 38.8591643 ], [ -104.9400677, 38.8591201 ], [ -104.9400947, 38.8590913 ], [ -104.9401019, 38.8590771 ], [ -104.9401029, 38.8590257 ], [ -104.9401022, 38.8590006 ], [ -104.9400393, 38.8589281 ], [ -104.9399854, 38.8588742 ], [ -104.93996, 38.858822 ], [ -104.9399671, 38.858765 ], [ -104.9399905, 38.8587223 ], [ -104.9400372, 38.8586677 ], [ -104.9400901, 38.8586226 ], [ -104.9401551, 38.8585743 ], [ -104.940207, 38.85853 ], [ -104.9402202, 38.8584975 ], [ -104.9402151, 38.8584722 ], [ -104.9401765, 38.858439 ], [ -104.9401063, 38.8583717 ], [ -104.9400321, 38.8582981 ], [ -104.9400118, 38.8582704 ], [ -104.9399549, 38.858234 ], [ -104.9399092, 38.8581952 ], [ -104.9398911, 38.8581632 ], [ -104.939885, 38.8581378 ], [ -104.9398799, 38.8580769 ], [ -104.9398789, 38.8580421 ], [ -104.9398758, 38.8579969 ], [ -104.9398657, 38.8579471 ], [ -104.9398586, 38.8579289 ], [ -104.9398543, 38.8578901 ], [ -104.939836, 38.8578363 ], [ -104.9398146, 38.8577675 ], [ -104.9398004, 38.8577176 ], [ -104.9398023, 38.8576196 ] ] ] } },
{ "type": "Feature", "properties": { "full_id": "w1481234150", "osm_id": "1481234150", "osm_type": "way", "route": null, "to": null, "from": null, "roundtrip": null, "operator": null, "distance": null, "descriptio": null, "ascent": null, "modifier": null, "website": null, "old_railwa": null, "wikipedia": null, "wikidata": null, "type": null, "symbol": null, "ref": null, "network": null, "name": null, "is_in_stat": null }, "geometry": { "type": "MultiLineString", "coordinates": [ [ [ -104.9351891, 38.8587489 ], [ -104.9353874, 38.8586061 ], [ -104.9352103, 38.8583636 ], [ -104.9349722, 38.8575792 ], [ -104.9346395, 38.8573605 ], [ -104.9346373, 38.8571104 ] ] ] } },
{ "type": "Feature", "properties": { "full_id": "w1481234149", "osm_id": "1481234149", "osm_type": "way", "route": null, "to": null, "from": null, "roundtrip": null, "operator": null, "distance": null, "descriptio": null, "ascent": null, "modifier": null, "website": null, "old_railwa": null, "wikipedia": null, "wikidata": null, "type": null, "symbol": null, "ref": null, "network": null, "name": null, "is_in_stat": null }, "geometry": { "type": "MultiLineString", "coordinates": [ [ [ -104.9350499, 38.858741 ], [ -104.9351891, 38.8587489 ], [ -104.9352726, 38.859242 ], [ -104.9355611, 38.8598581 ], [ -104.9357046, 38.8602513 ], [ -104.9358464, 38.860518 ], [ -104.9359804, 38.8605817 ], [ -104.9360148, 38.860605 ], [ -104.9362316, 38.860731 ], [ -104.9364208, 38.8607073 ], [ -104.9365551, 38.8608332 ], [ -104.9367612, 38.8608059 ], [ -104.9368512, 38.8608629 ], [ -104.9369459, 38.8608689 ], [ -104.9370314, 38.8609735 ], [ -104.9371855, 38.8609794 ], [ -104.9372313, 38.8610008 ], [ -104.9372664, 38.8610614 ], [ -104.9373107, 38.8611006 ], [ -104.9374571, 38.8611176 ] ] ] } },
{ "type": "Feature", "properties": { "full_id": "w1360370137", "osm_id": "1360370137", "osm_type": "way", "route": null, "to": null, "from": null, "roundtrip": null, "operator": null, "distance": null, "descriptio": null, "ascent": null, "modifier": null, "website": null, "old_railwa": null, "wikipedia": null, "wikidata": null, "type": null, "symbol": null, "ref": null, "network": null, "name": null, "is_in_stat": null }, "geometry": { "type": "MultiLineString", "coordinates": [ [ [ -104.9738278, 38.8413274 ], [ -104.9737749, 38.8417207 ] ] ] } },
{ "type": "Feature", "properties": { "full_id": "w1360370136", "osm_id": "1360370136", "osm_type": "way", "route": null, "to": null, "from": null, "roundtrip": null, "operator": null, "distance": null, "descriptio": null, "ascent": null, "modifier": null, "website": null, "old_railwa": null, "wikipedia": null, "wikidata": null, "type": null, "symbol": null, "ref": null, "network": null, "name": null, "is_in_stat": null }, "geometry": { "type": "MultiLineString", "coordinates": [ [ [ -104.9926061, 38.8150409 ], [ -104.9925593, 38.8157957 ], [ -104.9924333, 38.8160205 ], [ -104.9921203, 38.816239 ], [ -104.9915827, 38.8164348 ], [ -104.9901287, 38.8170358 ], [ -104.9886879, 38.8176519 ], [ -104.9880128, 38.8181892 ], [ -104.9872923, 38.8191294 ], [ -104.9864868, 38.8199587 ], [ -104.9849529, 38.8214022 ], [ -104.9835471, 38.8227171 ], [ -104.9831378, 38.8229103 ], [ -104.9826334, 38.8230104 ], [ -104.9819422, 38.823125 ], [ -104.9815286, 38.8232022 ], [ -104.9813183, 38.8233872 ], [ -104.981202, 38.8235943 ], [ -104.9808169, 38.8247023 ], [ -104.9808082, 38.8255911 ], [ -104.9805277, 38.8262373 ], [ -104.9803976, 38.8264241 ], [ -104.9795683, 38.8267472 ], [ -104.9775965, 38.8270956 ], [ -104.9763972, 38.8274756 ], [ -104.9761817, 38.8277258 ], [ -104.9759785, 38.8281787 ], [ -104.9755231, 38.8283846 ], [ -104.9751207, 38.8285429 ], [ -104.9751207, 38.8289958 ], [ -104.9752274, 38.8297001 ], [ -104.9752426, 38.8298003 ], [ -104.9749906, 38.8303292 ], [ -104.9744499, 38.8310481 ], [ -104.9742791, 38.8317448 ], [ -104.9748361, 38.8325334 ], [ -104.9755516, 38.8331003 ], [ -104.9761939, 38.8338286 ], [ -104.976076, 38.8342087 ], [ -104.9758646, 38.8348262 ], [ -104.9754825, 38.8355419 ], [ -104.9748645, 38.8360739 ], [ -104.9744621, 38.8364539 ], [ -104.9742816, 38.8370138 ], [ -104.9741449, 38.8384458 ], [ -104.9740108, 38.8397473 ], [ -104.9738278, 38.8413274 ] ] ] } },
{ "type": "Feature", "properties": { "full_id": "w1360370135", "osm_id": "1360370135", "osm_type": "way", "route": null, "to": null, "from": null, "roundtrip": null, "operator": null, "distance": null, "descriptio": null, "ascent": null, "modifier": null, "website": null, "old_railwa": null, "wikipedia": null, "wikidata": null, "type": null, "symbol": null, "ref": null, "network": null, "name": null, "is_in_stat": null }, "geometry": { "type": "MultiLineString", "coordinates": [ [ [ -104.9711242, 38.8291742 ], [ -104.9706788, 38.8299203 ], [ -104.9704593, 38.8303118 ], [ -104.9704169, 38.8304276 ], [ -104.9703036, 38.8309349 ], [ -104.9702541, 38.8312713 ], [ -104.9701903, 38.832148 ], [ -104.9699992, 38.8332287 ], [ -104.9694542, 38.8344142 ], [ -104.969433, 38.8353295 ], [ -104.96944, 38.8362062 ], [ -104.9700842, 38.8368072 ], [ -104.9709619, 38.8373916 ], [ -104.9715706, 38.83775 ], [ -104.9728447, 38.8391614 ], [ -104.9733261, 38.8407217 ], [ -104.9733898, 38.8413337 ], [ -104.9736045, 38.8416224 ], [ -104.9737749, 38.8417207 ] ] ] } }
]
}
