{
"type": "FeatureCollection",
"name": "BarPOI",
"crs": { "type": "name", "properties": { "name": "urn:ogc:def:crs:OGC:1.3:CRS84" } },
"features": [
{ "type": "Feature", "properties": { "full_id": "n13986964548", "osm_id": "13986964548", "osm_type": "node", "traffic_sign": null, "generator:type": null, "generator:source": null, "generator:output:electricity": null, "generator:method": null, "capacity": null, "start_date": null, "operator:wikidata": null, "operator:type": null, "operator:short": null, "official_name": null, "monitoring:water_level": null, "monitoring:flow_rate": null, "ele:datum": null, "ele:accuracy": null, "disused:man_made": null, "horse": null, "bicycle_parking": null, "female": null, "male": null, "changing_table": null, "inscription": null, "entrance": null, "disused:railway": null, "memorial": null, "unisex": null, "toilets:disposal": null, "portable": null, "level": null, "fee": null, "ele:ft": null, "description": null, "wheelchair": null, "opening_hours": null, "shelter": null, "public_transport": null, "operator": null, "network:wikidata": null, "network:short": null, "network": null, "bus": null, "bench": null, "supervised": null, "historic": null, "alt_name": null, "backrest": null, "shop": null, "button_operated": null, "parking": null, "information": null, "check_date": null, "board_type": null, "ford": null, "crossing_ref": null, "amenity": null, "foot": null, "bicycle": null, "crossing:signals": null, "waterway": null, "distance": null, "tourism": null, "tactile_paving": null, "power": null, "noref": null, "piste:dismount": null, "landuse": null, "addr:state": null, "source:prominence": null, "prominence": null, "name:lkt": null, "name:dak": null, "alt_name:arp": null, "leisure": null, "source:ele": null, "natural": null, "mountain_pass": null, "direction": null, "material": null, "access": null, "flashing_lights": null, "crossing:island": null, "motor_vehicle": null, "barrier": null, "traffic_signals:direction": null, "wikipedia": null, "website": null, "source:population": null, "population:date": null, "population": null, "name:zh": null, "name:vi": null, "name:uz": null, "name:ur": null, "name:uk": null, "name:tt": null, "name:tl": null, "name:th": null, "name:tg": null, "name:sw": null, "name:sr": null, "name:sq": null, "name:sl": null, "name:sa": null, "name:ru": null, "name:os": null, "name:nv": null, "name:mr": null, "name:mn": null, "name:ml": null, "name:mk": null, "name:lv": null, "name:lt": null, "name:la": null, "name:ky": null, "name:kw": null, "name:ko": null, "name:kk": null, "name:ka": null, "name:ja": null, "name:hy": null, "name:ht": null, "name:he": null, "name:gl": null, "name:gd": null, "name:ga": null, "name:fa": null, "name:en": null, "name:el": null, "name:cy": null, "name:ce": null, "name:bn": null, "name:bg": null, "name:be": null, "name:az": null, "name:ar": null, "capital": null, "wikidata": null, "place": null, "name": null, "gnis:feature_id": null, "ele": null, "kerb": null, "ref": null, "stop": null, "junction": null, "traffic_signals": null, "railway": null, "highway": "crossing", "crossing:markings": null, "crossing": null }, "geometry": { "type": "Point", "coordinates": [ -104.9306988, 38.8565997 ] } },
{ "type": "Feature", "properties": { "full_id": "n705634001", "osm_id": "705634001", "osm_type": "node", "traffic_sign": null, "generator:type": null, "generator:source": null, "generator:output:electricity": null, "generator:method": null, "capacity": null, "start_date": null, "operator:wikidata": null, "operator:type": null, "operator:short": null, "official_name": null, "monitoring:water_level": null, "monitoring:flow_rate": null, "ele:datum": null, "ele:accuracy": null, "disused:man_made": null, "horse": null, "bicycle_parking": null, "female": null, "male": null, "changing_table": null, "inscription": null, "entrance": null, "disused:railway": null, "memorial": null, "unisex": null, "toilets:disposal": null, "portable": null, "level": null, "fee": null, "ele:ft": null, "description": null, "wheelchair": null, "opening_hours": null, "shelter": null, "public_transport": null, "operator": null, "network:wikidata": null, "network:short": null, "network": null, "bus": null, "bench": null, "supervised": null, "historic": null, "alt_name": null, "backrest": null, "shop": null, "button_operated": null, "parking": null, "information": null, "check_date": null, "board_type": null, "ford": null, "crossing_ref": null, "amenity": null, "foot": null, "bicycle": null, "crossing:signals": null, "waterway": null, "distance": null, "tourism": null, "tactile_paving": null, "power": null, "noref": null, "piste:dismount": null, "landuse": null, "addr:state": null, "source:prominence": null, "prominence": null, "name:lkt": null, "name:dak": null, "alt_name:arp": null, "leisure": null, "source:ele": null, "natural": null, "mountain_pass": null, "direction": null, "material": null, "access": null, "flashing_lights": null, "crossing:island": null, "motor_vehicle": null, "barrier": null, "traffic_signals:direction": null, "wikipedia": null, "website": null, "source:population": null, "population:date": null, "population": null, "name:zh": null, "name:vi": null, "name:uz": null, "name:ur": null, "name:uk": null, "name:tt": null, "name:tl": null, "name:th": null, "name:tg": null, "name:sw": null, "name:sr": null, "name:sq": null, "name:sl": null, "name:sa": null, "name:ru": null, "name:os": null, "name:nv": null, "name:mr": null, "name:mn": null, "name:ml": null, "name:mk": null, "name:lv": null, "name:lt": null, "name:la": null, "name:ky": null, "name:kw": null, "name:ko": null, "name:kk": null, "name:ka": null, "name:ja": null, "name:hy": null, "name:ht": null, "name:he": null, "name:gl": null, "name:gd": null, "name:ga": null, "name:fa": null, "name:en": null, "name:el": null, "name:cy": null, "name:ce": null, "name:bn": null, "name:bg": null, "name:be": null, "name:az": null, "name:ar": null, "capital": null, "wikidata": null, "place": "locality", "name": "Barr Trailhead", "gnis:feature_id": null, "ele": null, "kerb": null, "ref": null, "stop": null, "junction": null, "traffic_signals": null, "railway": null, "highway": "trailhead", "crossing:markings": null, "crossing": null }, "geometry": { "type": "Point", "coordinates": [ -104.9341115, 38.8557634 ] } },
{ "type": "Feature", "properties": { "full_id": "n55711369", "osm_id": "55711369", "osm_type": "node", "traffic_sign": null, "generator:type": null, "generator:source": null, "generator:output:electricity": null, "generator:method": null, "capacity": null, "start_date": null, "operator:wikidata": null, "operator:type": null, "operator:short": null, "official_name": null, "monitoring:water_level": null, "monitoring:flow_rate": null, "ele:datum": null, "ele:accuracy": null, "disused:man_made": null, "horse": null, "bicycle_parking": null, "female": null, "male": null, "changing_table": null, "inscription": null, "entrance": null, "disused:railway": null, "memorial": null, "unisex": null, "toilets:disposal": null, "portable": null, "level": null, "fee": null, "ele:ft": null, "description": null, "wheelchair": null, "opening_hours": null, "shelter": null, "public_transport": null, "operator": null, "network:wikidata": null, "network:short": null, "network": null, "bus": null, "bench": null, "supervised": null, "historic": null, "alt_name": null, "backrest": null, "shop": null, "button_operated": null, "parking": null, "information": null, "check_date": null, "board_type": null, "ford": null, "crossing_ref": null, "amenity": null, "foot": null, "bicycle": null, "crossing:signals": null, "waterway": null, "distance": null, "tourism": null, "tactile_paving": null, "power": null, "noref": null, "piste:dismount": null, "landuse": null, "addr:state": null, "source:prominence": null, "prominence": null, "name:lkt": null, "name:dak": null, "alt_name:arp": null, "leisure": null, "source:ele": null, "natural": null, "mountain_pass": null, "direction": null, "material": null, "access": null, "flashing_lights": null, "crossing:island": null, "motor_vehicle": null, "barrier": null, "traffic_signals:direction": null, "wikipedia": null, "website": null, "source:population": null, "population:date": null, "population": null, "name:zh": null, "name:vi": null, "name:uz": null, "name:ur": null, "name:uk": null, "name:tt": null, "name:tl": null, "name:th": null, "name:tg": null, "name:sw": null, "name:sr": null, "name:sq": null, "name:sl": null, "name:sa": null, "name:ru": null, "name:os": null, "name:nv": null, "name:mr": null, "name:mn": null, "name:ml": null, "name:mk": null, "name:lv": null, "name:lt": null, "name:la": null, "name:ky": null, "name:kw": null, "name:ko": null, "name:kk": null, "name:ka": null, "name:ja": null, "name:hy": null, "name:ht": null, "name:he": null, "name:gl": null, "name:gd": null, "name:ga": null, "name:fa": null, "name:en": null, "name:el": null, "name:cy": null, "name:ce": null, "name:bn": null, "name:bg": null, "name:be": null, "name:az": null, "name:ar": null, "capital": null, "wikidata": null, "place": null, "name": null, "gnis:feature_id": null, "ele": null, "kerb": null, "ref": null, "stop": null, "junction": null, "traffic_signals": null, "railway": "level_crossing", "highway": null, "crossing:markings": null, "crossing": null }, "geometry": { "type": "Point", "coordinates": [ -104.9746145, 38.8417773 ] } },
{ "type": "Feature", "properties": { "full_id": "n14132743799", "osm_id": "14132743799", "osm_type": "node", "traffic_sign": null, "generator:type": null, "generator:source": null, "generator:output:electricity": null, "generator:method": null, "capacity": null, "start_date": null, "operator:wikidata": null, "operator:type": null, "operator:short": null, "official_name": null, "monitoring:water_level": null, "monitoring:flow_rate": null, "ele:datum": null, "ele:accuracy": null, "disused:man_made": null, "horse": null, "bicycle_parking": null, "female": null, "male": null, "changing_table": null, "inscription": null, "entrance": null, "disused:railway": null, "memorial": null, "unisex": null, "toilets:disposal": null, "portable": null, "level": null, "fee": null, "ele:ft": null, "description": null, "wheelchair": null, "opening_hours": null, "shelter": null, "public_transport": null, "operator": null, "network:wikidata": null, "network:short": null, "network": null, "bus": null, "bench": null, "supervised": null, "historic": null, "alt_name": null, "backrest": null, "shop": null, "button_operated": null, "parking": null, "information": null, "check_date": null, "board_type": null, "ford": null, "crossing_ref": null, "amenity": null, "foot": null, "bicycle": null, "crossing:signals": null, "waterway": null, "distance": null, "tourism": null, "tactile_paving": null, "power": null, "noref": null, "piste:dismount": null, "landuse": null, "addr:state": null, "source:prominence": null, "prominence": null, "name:lkt": null, "name:dak": null, "alt_name:arp": null, "leisure": null, "source:ele": null, "natural": null, "mountain_pass": null, "direction": null, "material": null, "access": null, "flashing_lights": null, "crossing:island": null, "motor_vehicle": null, "barrier": null, "traffic_signals:direction": null, "wikipedia": null, "website": null, "source:population": null, "population:date": null, "population": null, "name:zh": null, "name:vi": null, "name:uz": null, "name:ur": null, "name:uk": null, "name:tt": null, "name:tl": null, "name:th": null, "name:tg": null, "name:sw": null, "name:sr": null, "name:sq": null, "name:sl": null, "name:sa": null, "name:ru": null, "name:os": null, "name:nv": null, "name:mr": null, "name:mn": null, "name:ml": null, "name:mk": null, "name:lv": null, "name:lt": null, "name:la": null, "name:ky": null, "name:kw": null, "name:ko": null, "name:kk": null, "name:ka": null, "name:ja": null, "name:hy": null, "name:ht": null, "name:he": null, "name:gl": null, "name:gd": null, "name:ga": null, "name:fa": null, "name:en": null, "name:el": null, "name:cy": null, "name:ce": null, "name:bn": null, "name:bg": null, "name:be": null, "name:az": null, "name:ar": null, "capital": null, "wikidata": null, "place": null, "name": null, "gnis:feature_id": null, "ele": null, "kerb": null, "ref": null, "stop": null, "junction": null, "traffic_signals": null, "railway": "switch", "highway": null, "crossing:markings": null, "crossing": null }, "geometry": { "type": "Point", "coordinates": [ -104.9347857, 38.8534441 ] } },
{ "type": "Feature", "properties": { "full_id": "n14132743779", "osm_id": "14132743779", "osm_type": "node", "traffic_sign": null, "generator:type": null, "generator:source": null, "generator:output:electricity": null, "generator:method": null, "capacity": null, "start_date": null, "operator:wikidata": null, "operator:type": null, "operator:short": null, "official_name": null, "monitoring:water_level": null, "monitoring:flow_rate": null, "ele:datum": null, "ele:accuracy": null, "disused:man_made": null, "horse": null, "bicycle_parking": null, "female": null, "male": null, "changing_table": null, "inscription": null, "entrance": null, "disused:railway": null, "memorial": null, "unisex": null, "toilets:disposal": null, "portable": null, "level": null, "fee": null, "ele:ft": null, "description": null, "wheelchair": null, "opening_hours": null, "shelter": null, "public_transport": null, "operator": null, "network:wikidata": null, "network:short": null, "network": null, "bus": null, "bench": null, "supervised": null, "historic": null, "alt_name": null, "backrest": null, "shop": null, "button_operated": null, "parking": null, "information": null, "check_date": null, "board_type": null, "ford": null, "crossing_ref": null, "amenity": null, "foot": null, "bicycle": null, "crossing:signals": null, "waterway": null, "distance": null, "tourism": null, "tactile_paving": null, "power": null, "noref": null, "piste:dismount": null, "landuse": null, "addr:state": null, "source:prominence": null, "prominence": null, "name:lkt": null, "name:dak": null, "alt_name:arp": null, "leisure": null, "source:ele": null, "natural": null, "mountain_pass": null, "direction": null, "material": null, "access": null, "flashing_lights": null, "crossing:island": null, "motor_vehicle": null, "barrier": null, "traffic_signals:direction": null, "wikipedia": null, "website": null, "source:population": null, "population:date": null, "population": null, "name:zh": null, "name:vi": null, "name:uz": null, "name:ur": null, "name:uk": null, "name:tt": null, "name:tl": null, "name:th": null, "name:tg": null, "name:sw": null, "name:sr": null, "name:sq": null, "name:sl": null, "name:sa": null, "name:ru": null, "name:os": null, "name:nv": null, "name:mr": null, "name:mn": null, "name:ml": null, "name:mk": null, "name:lv": null, "name:lt": null, "name:la": null, "name:ky": null, "name:kw": null, "name:ko": null, "name:kk": null, "name:ka": null, "name:ja": null, "name:hy": null, "name:ht": null, "name:he": null, "name:gl": null, "name:gd": null, "name:ga": null, "name:fa": null, "name:en": null, "name:el": null, "name:cy": null, "name:ce": null, "name:bn": null, "name:bg": null, "name:be": null, "name:az": null, "name:ar": null, "capital": null, "wikidata": null, "place": null, "name": null, "gnis:feature_id": null, "ele": null, "kerb": null, "ref": null, "stop": null, "junction": null, "traffic_signals": null, "railway": "switch", "highway": null, "crossing:markings": null, "crossing": null }, "geometry": { "type": "Point", "coordinates": [ -104.961663, 38.8487351 ] } },
{ "type": "Feature", "properties": { "full_id": "n705663668", "osm_id": "705663668", "osm_type": "node", "traffic_sign": null, "generator:type": null, "generator:source": null, "generator:output:electricity": null, "generator:method": null, "capacity": null, "start_date": null, "operator:wikidata": null, "operator:type": null, "operator:short": null, "official_name": null, "monitoring:water_level": null, "monitoring:flow_rate": null, "ele:datum": null, "ele:accuracy": null, "disused:man_made": null, "horse": null, "bicycle_parking": null, "female": null, "male": null, "changing_table": null, "inscription": null, "entrance": null, "disused:railway": null, "memorial": null, "unisex": null, "toilets:disposal": null, "portable": null, "level": null, "fee": null, "ele:ft": null, "description": null, "wheelchair": null, "opening_hours": null, "shelter": null, "public_transport": null, "operator": null, "network:wikidata": null, "network:short": null, "network": null, "bus": null, "bench": null, "supervised": null, "historic": null, "alt_name": null, "backrest": null, "shop": null, "button_operated": null, "parking": null, "information": null, "check_date": null, "board_type": null, "ford": null, "crossing_ref": null, "amenity": null, "foot": null, "bicycle": null, "crossing:signals": null, "waterway": null, "distance": null, "tourism": null, "tactile_paving": null, "power": "tower", "noref": null, "piste:dismount": null, "landuse": null, "addr:state": null, "source:prominence": null, "prominence": null, "name:lkt": null, "name:dak": null, "alt_name:arp": null, "leisure": null, "source:ele": null, "natural": null, "mountain_pass": null, "direction": null, "material": null, "access": null, "flashing_lights": null, "crossing:island": null, "motor_vehicle": null, "barrier": null, "traffic_signals:direction": null, "wikipedia": null, "website": null, "source:population": null, "population:date": null, "population": null, "name:zh": null, "name:vi": null, "name:uz": null, "name:ur": null, "name:uk": null, "name:tt": null, "name:tl": null, "name:th": null, "name:tg": null, "name:sw": null, "name:sr": null, "name:sq": null, "name:sl": null, "name:sa": null, "name:ru": null, "name:os": null, "name:nv": null, "name:mr": null, "name:mn": null, "name:ml": null, "name:mk": null, "name:lv": null, "name:lt": null, "name:la": null, "name:ky": null, "name:kw": null, "name:ko": null, "name:kk": null, "name:ka": null, "name:ja": null, "name:hy": null, "name:ht": null, "name:he": null, "name:gl": null, "name:gd": null, "name:ga": null, "name:fa": null, "name:en": null, "name:el": null, "name:cy": null, "name:ce": null, "name:bn": null, "name:bg": null, "name:be": null, "name:az": null, "name:ar": null, "capital": null, "wikidata": null, "place": null, "name": null, "gnis:feature_id": null, "ele": null, "kerb": null, "ref": null, "stop": null, "junction": null, "traffic_signals": null, "railway": null, "highway": null, "crossing:markings": null, "crossing": null }, "geometry": { "type": "Point", "coordinates": [ -104.933484, 38.8560335 ] } },
{ "type": "Feature", "properties": { "full_id": "n55784061", "osm_id": "55784061", "osm_type": "node", "traffic_sign": null, "generator:type": null, "generator:source": null, "generator:output:electricity": null, "generator:method": null, "capacity": null, "start_date": null, "operator:wikidata": null, "operator:type": null, "operator:short": null, "official_name": null, "monitoring:water_level": null, "monitoring:flow_rate": null, "ele:datum": null, "ele:accuracy": null, "disused:man_made": null, "horse": null, "bicycle_parking": null, "female": null, "male": null, "changing_table": null, "inscription": null, "entrance": null, "disused:railway": null, "memorial": null, "unisex": null, "toilets:disposal": null, "portable": null, "level": null, "fee": null, "ele:ft": null, "description": null, "wheelchair": null, "opening_hours": null, "shelter": null, "public_transport": null, "operator": null, "network:wikidata": null, "network:short": null, "network": null, "bus": null, "bench": null, "supervised": null, "historic": null, "alt_name": null, "backrest": null, "shop": null, "button_operated": null, "parking": null, "information": null, "check_date": null, "board_type": null, "ford": null, "crossing_ref": null, "amenity": null, "foot": null, "bicycle": null, "crossing:signals": null, "waterway": null, "distance": null, "tourism": null, "tactile_paving": null, "power": null, "noref": null, "piste:dismount": null, "landuse": null, "addr:state": null, "source:prominence": null, "prominence": null, "name:lkt": null, "name:dak": null, "alt_name:arp": null, "leisure": null, "source:ele": null, "natural": null, "mountain_pass": null, "direction": null, "material": null, "access": null, "flashing_lights": null, "crossing:island": null, "motor_vehicle": null, "barrier": null, "traffic_signals:direction": null, "wikipedia": null, "website": null, "source:population": null, "population:date": null, "population": null, "name:zh": null, "name:vi": null, "name:uz": null, "name:ur": null, "name:uk": null, "name:tt": null, "name:tl": null, "name:th": null, "name:tg": null, "name:sw": null, "name:sr": null, "name:sq": null, "name:sl": null, "name:sa": null, "name:ru": null, "name:os": null, "name:nv": null, "name:mr": null, "name:mn": null, "name:ml": null, "name:mk": null, "name:lv": null, "name:lt": null, "name:la": null, "name:ky": null, "name:kw": null, "name:ko": null, "name:kk": null, "name:ka": null, "name:ja": null, "name:hy": null, "name:ht": null, "name:he": null, "name:gl": null, "name:gd": null, "name:ga": null, "name:fa": null, "name:en": null, "name:el": null, "name:cy": null, "name:ce": null, "name:bn": null, "name:bg": null, "name:be": null, "name:az": null, "name:ar": null, "capital": null, "wikidata": null, "place": null, "name": null, "gnis:feature_id": null, "ele": null, "kerb": null, "ref": null, "stop": null, "junction": "yes", "traffic_signals": null, "railway": null, "highway": null, "crossing:markings": null, "crossing": null }, "geometry": { "type": "Point", "coordinates": [ -105.0422494, 38.8402588 ] } },
{ "type": "Feature", "properties": { "full_id": "n705662552", "osm_id": "705662552", "osm_type": "node", "traffic_sign": null, "generator:type": null, "generator:source": null, "generator:output:electricity": null, "generator:method": null, "capacity": null, "start_date": null, "operator:wikidata": null, "operator:type": null, "operator:short": null, "official_name": null, "monitoring:water_level": null, "monitoring:flow_rate": null, "ele:datum": null, "ele:accuracy": null, "disused:man_made": null, "horse": null, "bicycle_parking": null, "female": null, "male": null, "changing_table": null, "inscription": null, "entrance": null, "disused:railway": null, "memorial": null, "unisex": null, "toilets:disposal": null, "portable": null, "level": null, "fee": null, "ele:ft": null, "description": null, "wheelchair": null, "opening_hours": null, "shelter": null, "public_transport": null, "operator": null, "network:wikidata": null, "network:short": null, "network": null, "bus": null, "bench": null, "supervised": null, "historic": null, "alt_name": null, "backrest": null, "shop": null, "button_operated": null, "parking": null, "information": null, "check_date": null, "board_type": null, "ford": null, "crossing_ref": null, "amenity": null, "foot": null, "bicycle": null, "crossing:signals": null, "waterway": null, "distance": null, "tourism": null, "tactile_paving": null, "power": "tower", "noref": null, "piste:dismount": null, "landuse": null, "addr:state": null, "source:prominence": null, "prominence": null, "name:lkt": null, "name:dak": null, "alt_name:arp": null, "leisure": null, "source:ele": null, "natural": null, "mountain_pass": null, "direction": null, "material": null, "access": null, "flashing_lights": null, "crossing:island": null, "motor_vehicle": null, "barrier": null, "traffic_signals:direction": null, "wikipedia": null, "website": null, "source:population": null, "population:date": null, "population": null, "name:zh": null, "name:vi": null, "name:uz": null, "name:ur": null, "name:uk": null, "name:tt": null, "name:tl": null, "name:th": null, "name:tg": null, "name:sw": null, "name:sr": null, "name:sq": null, "name:sl": null, "name:sa": null, "name:ru": null, "name:os": null, "name:nv": null, "name:mr": null, "name:mn": null, "name:ml": null, "name:mk": null, "name:lv": null, "name:lt": null, "name:la": null, "name:ky": null, "name:kw": null, "name:ko": null, "name:kk": null, "name:ka": null, "name:ja": null, "name:hy": null, "name:ht": null, "name:he": null, "name:gl": null, "name:gd": null, "name:ga": null, "name:fa": null, "name:en": null, "name:el": null, "name:cy": null, "name:ce": null, "name:bn": null, "name:bg": null, "name:be": null, "name:az": null, "name:ar": null, "capital": null, "wikidata": null, "place": null, "name": null, "gnis:feature_id": null, "ele": null, "kerb": null, "ref": null, "stop": null, "junction": null, "traffic_signals": null, "railway": null, "highway": null, "crossing:markings": null, "crossing": null }, "geometry": { "type": "Point", "coordinates": [ -104.9374028, 38.8660585 ] } },
{ "type": "Feature", "properties": { "full_id": "n705634403", "osm_id": "705634403", "osm_type": "node", "traffic_sign": null, "generator:type": null, "generator:source": null, "generator:output:electricity": null, "generator:method": null, "capacity": null, "start_date": null, "operator:wikidata": null, "operator:type": null, "operator:short": null, "official_name": null, "monitoring:water_level": null, "monitoring:flow_rate": null, "ele:datum": null, "ele:accuracy": null, "disused:man_made": null, "horse": null, "bicycle_parking": null, "female": null, "male": null, "changing_table": null, "inscription": null, "entrance": null, "disused:railway": null, "memorial": null, "unisex": null, "toilets:disposal": null, "portable": null, "level": null, "fee": null, "ele:ft": null, "description": null, "wheelchair": null, "opening_hours": null, "shelter": null, "public_transport": null, "operator": null, "network:wikidata": null, "network:short": null, "network": null, "bus": null, "bench": null, "supervised": null, "historic": null, "alt_name": null, "backrest": null, "shop": null, "button_operated": null, "parking": null, "information": null, "check_date": null, "board_type": null, "ford": null, "crossing_ref": null, "amenity": null, "foot": null, "bicycle": null, "crossing:signals": null, "waterway": null, "distance": null, "tourism": null, "tactile_paving": null, "power": null, "noref": null, "piste:dismount": null, "landuse": null, "addr:state": null, "source:prominence": null, "prominence": null, "name:lkt": null, "name:dak": null, "alt_name:arp": null, "leisure": null, "source:ele": null, "natural": null, "mountain_pass": null, "direction": null, "material": null, "access": "yes", "flashing_lights": null, "crossing:island": null, "motor_vehicle": "forestry", "barrier": "gate", "traffic_signals:direction": null, "wikipedia": null, "website": null, "source:population": null, "population:date": null, "population": null, "name:zh": null, "name:vi": null, "name:uz": null, "name:ur": null, "name:uk": null, "name:tt": null, "name:tl": null, "name:th": null, "name:tg": null, "name:sw": null, "name:sr": null, "name:sq": null, "name:sl": null, "name:sa": null, "name:ru": null, "name:os": null, "name:nv": null, "name:mr": null, "name:mn": null, "name:ml": null, "name:mk": null, "name:lv": null, "name:lt": null, "name:la": null, "name:ky": null, "name:kw": null, "name:ko": null, "name:kk": null, "name:ka": null, "name:ja": null, "name:hy": null, "name:ht": null, "name:he": null, "name:gl": null, "name:gd": null, "name:ga": null, "name:fa": null, "name:en": null, "name:el": null, "name:cy": null, "name:ce": null, "name:bn": null, "name:bg": null, "name:be": null, "name:az": null, "name:ar": null, "capital": null, "wikidata": null, "place": null, "name": null, "gnis:feature_id": null, "ele": null, "kerb": null, "ref": null, "stop": null, "junction": null, "traffic_signals": null, "railway": null, "highway": null, "crossing:markings": null, "crossing": null }, "geometry": { "type": "Point", "coordinates": [ -104.9361184, 38.8532703 ] } },
{ "type": "Feature", "properties": { "full_id": "n705634347", "osm_id": "705634347", "osm_type": "node", "traffic_sign": null, "generator:type": null, "generator:source": null, "generator:output:electricity": null, "generator:method": null, "capacity": null, "start_date": null, "operator:wikidata": null, "operator:type": null, "operator:short": null, "official_name": null, "monitoring:water_level": null, "monitoring:flow_rate": null, "ele:datum": null, "ele:accuracy": null, "disused:man_made": null, "horse": null, "bicycle_parking": null, "female": null, "male": null, "changing_table": null, "inscription": null, "entrance": null, "disused:railway": null, "memorial": null, "unisex": null, "toilets:disposal": null, "portable": null, "level": null, "fee": null, "ele:ft": null, "description": null, "wheelchair": null, "opening_hours": null, "shelter": null, "public_transport": null, "operator": null, "network:wikidata": null, "network:short": null, "network": null, "bus": null, "bench": null, "supervised": null, "historic": null, "alt_name": null, "backrest": null, "shop": null, "button_operated": null, "parking": null, "information": null, "check_date": null, "board_type": null, "ford": null, "crossing_ref": null, "amenity": null, "foot": null, "bicycle": null, "crossing:signals": null, "waterway": null, "distance": null, "tourism": null, "tactile_paving": null, "power": null, "noref": null, "piste:dismount": null, "landuse": null, "addr:state": null, "source:prominence": null, "prominence": null, "name:lkt": null, "name:dak": null, "alt_name:arp": null, "leisure": null, "source:ele": null, "natural": null, "mountain_pass": null, "direction": null, "material": null, "access": null, "flashing_lights": null, "crossing:island": null, "motor_vehicle": null, "barrier": null, "traffic_signals:direction": null, "wikipedia": null, "website": null, "source:population": null, "population:date": null, "population": null, "name:zh": null, "name:vi": null, "name:uz": null, "name:ur": null, "name:uk": null, "name:tt": null, "name:tl": null, "name:th": null, "name:tg": null, "name:sw": null, "name:sr": null, "name:sq": null, "name:sl": null, "name:sa": null, "name:ru": null, "name:os": null, "name:nv": null, "name:mr": null, "name:mn": null, "name:ml": null, "name:mk": null, "name:lv": null, "name:lt": null, "name:la": null, "name:ky": null, "name:kw": null, "name:ko": null, "name:kk": null, "name:ka": null, "name:ja": null, "name:hy": null, "name:ht": null, "name:he": null, "name:gl": null, "name:gd": null, "name:ga": null, "name:fa": null, "name:en": null, "name:el": null, "name:cy": null, "name:ce": null, "name:bn": null, "name:bg": null, "name:be": null, "name:az": null, "name:ar": null, "capital": null, "wikidata": null, "place": "locality", "name": "The Incline Trailhead", "gnis:feature_id": null, "ele": null, "kerb": null, "ref": null, "stop": null, "junction": null, "traffic_signals": null, "railway": null, "highway": "trailhead", "crossing:markings": null, "crossing": null }, "geometry": { "type": "Point", "coordinates": [ -104.9322837, 38.8568783 ] } },
{ "type": "Feature", "properties": { "full_id": "n705663673", "osm_id": "705663673", "osm_type": "node", "traffic_sign": null, "generator:type": null, "generator:source": null, "generator:output:electricity": null, "generator:method": null, "capacity": null, "start_date": null, "operator:wikidata": null, "operator:type": null, "operator:short": null, "official_name": null, "monitoring:water_level": null, "monitoring:flow_rate": null, "ele:datum": null, "ele:accuracy": null, "disused:man_made": null, "horse": null, "bicycle_parking": null, "female": null, "male": null, "changing_table": null, "inscription": null, "entrance": null, "disused:railway": null, "memorial": null, "unisex": null, "toilets:disposal": null, "portable": null, "level": null, "fee": null, "ele:ft": null, "description": null, "wheelchair": null, "opening_hours": null, "shelter": null, "public_transport": null, "operator": null, "network:wikidata": null, "network:short": null, "network": null, "bus": null, "bench": null, "supervised": null, "historic": null, "alt_name": null, "backrest": null, "shop": null, "button_operated": null, "parking": null, "information": null, "check_date": null, "board_type": null, "ford": null, "crossing_ref": null, "amenity": null, "foot": null, "bicycle": null, "crossing:signals": null, "waterway": null, "distance": null, "tourism": null, "tactile_paving": null, "power": "tower", "noref": null, "piste:dismount": null, "landuse": null, "addr:state": null, "source:prominence": null, "prominence": null, "name:lkt": null, "name:dak": null, "alt_name:arp": null, "leisure": null, "source:ele": null, "natural": null, "mountain_pass": null, "direction": null, "material": null, "access": null, "flashing_lights": null, "crossing:island": null, "motor_vehicle": null, "barrier": null, "traffic_signals:direction": null, "wikipedia": null, "website": null, "source:population": null, "population:date": null, "population": null, "name:zh": null, "name:vi": null, "name:uz": null, "name:ur": null, "name:uk": null, "name:tt": null, "name:tl": null, "name:th": null, "name:tg": null, "name:sw": null, "name:sr": null, "name:sq": null, "name:sl": null, "name:sa": null, "name:ru": null, "name:os": null, "name:nv": null, "name:mr": null, "name:mn": null, "name:ml": null, "name:mk": null, "name:lv": null, "name:lt": null, "name:la": null, "name:ky": null, "name:kw": null, "name:ko": null, "name:kk": null, "name:ka": null, "name:ja": null, "name:hy": null, "name:ht": null, "name:he": null, "name:gl": null, "name:gd": null, "name:ga": null, "name:fa": null, "name:en": null, "name:el": null, "name:cy": null, "name:ce": null, "name:bn": null, "name:bg": null, "name:be": null, "name:az": null, "name:ar": null, "capital": null, "wikidata": null, "place": null, "name": null, "gnis:feature_id": null, "ele": null, "kerb": null, "ref": null, "stop": null, "junction": null, "traffic_signals": null, "railway": null, "highway": null, "crossing:markings": null, "crossing": null }, "geometry": { "type": "Point", "coordinates": [ -104.9355374, 38.8595086 ] } },
{ "type": "Feature", "properties": { "full_id": "n705663672", "osm_id": "705663672", "osm_type": "node", "traffic_sign": null, "generator:type": null, "generator:source": null, "generator:output:electricity": null, "generator:method": null, "capacity": null, "start_date": null, "operator:wikidata": null, "operator:type": null, "operator:short": null, "official_name": null, "monitoring:water_level": null, "monitoring:flow_rate": null, "ele:datum": null, "ele:accuracy": null, "disused:man_made": null, "horse": null, "bicycle_parking": null, "female": null, "male": null, "changing_table": null, "inscription": null, "entrance": null, "disused:railway": null, "memorial": null, "unisex": null, "toilets:disposal": null, "portable": null, "level": null, "fee": null, "ele:ft": null, "description": null, "wheelchair": null, "opening_hours": null, "shelter": null, "public_transport": null, "operator": null, "network:wikidata": null, "network:short": null, "network": null, "bus": null, "bench": null, "supervised": null, "historic": null, "alt_name": null, "backrest": null, "shop": null, "button_operated": null, "parking": null, "information": null, "check_date": null, "board_type": null, "ford": null, "crossing_ref": null, "amenity": null, "foot": null, "bicycle": null, "crossing:signals": null, "waterway": null, "distance": null, "tourism": null, "tactile_paving": null, "power": "tower", "noref": null, "piste:dismount": null, "landuse": null, "addr:state": null, "source:prominence": null, "prominence": null, "name:lkt": null, "name:dak": null, "alt_name:arp": null, "leisure": null, "source:ele": null, "natural": null, "mountain_pass": null, "direction": null, "material": null, "access": null, "flashing_lights": null, "crossing:island": null, "motor_vehicle": null, "barrier": null, "traffic_signals:direction": null, "wikipedia": null, "website": null, "source:population": null, "population:date": null, "population": null, "name:zh": null, "name:vi": null, "name:uz": null, "name:ur": null, "name:uk": null, "name:tt": null, "name:tl": null, "name:th": null, "name:tg": null, "name:sw": null, "name:sr": null, "name:sq": null, "name:sl": null, "name:sa": null, "name:ru": null, "name:os": null, "name:nv": null, "name:mr": null, "name:mn": null, "name:ml": null, "name:mk": null, "name:lv": null, "name:lt": null, "name:la": null, "name:ky": null, "name:kw": null, "name:ko": null, "name:kk": null, "name:ka": null, "name:ja": null, "name:hy": null, "name:ht": null, "name:he": null, "name:gl": null, "name:gd": null, "name:ga": null, "name:fa": null, "name:en": null, "name:el": null, "name:cy": null, "name:ce": null, "name:bn": null, "name:bg": null, "name:be": null, "name:az": null, "name:ar": null, "capital": null, "wikidata": null, "place": null, "name": null, "gnis:feature_id": null, "ele": null, "kerb": null, "ref": null, "stop": null, "junction": null, "traffic_signals": null, "railway": null, "highway": null, "crossing:markings": null, "crossing": null }, "geometry": { "type": "Point", "coordinates": [ -104.9348198, 38.8575122 ] } },
{ "type": "Feature", "properties": { "full_id": "n705663670", "osm_id": "705663670", "osm_type": "node", "traffic_sign": null, "generator:type": null, "generator:source": null, "generator:output:electricity": null, "generator:method": null, "capacity": null, "start_date": null, "operator:wikidata": null, "operator:type": null, "operator:short": null, "official_name": null, "monitoring:water_level": null, "monitoring:flow_rate": null, "ele:datum": null, "ele:accuracy": null, "disused:man_made": null, "horse": null, "bicycle_parking": null, "female": null, "male": null, "changing_table": null, "inscription": null, "entrance": null, "disused:railway": null, "memorial": null, "unisex": null, "toilets:disposal": null, "portable": null, "level": null, "fee": null, "ele:ft": null, "description": null, "wheelchair": null, "opening_hours": null, "shelter": null, "public_transport": null, "operator": null, "network:wikidata": null, "network:short": null, "network": null, "bus": null, "bench": null, "supervised": null, "historic": null, "alt_name": null, "backrest": null, "shop": null, "button_operated": null, "parking": null, "information": null, "check_date": null, "board_type": null, "ford": null, "crossing_ref": null, "amenity": null, "foot": null, "bicycle": null, "crossing:signals": null, "waterway": null, "distance": null, "tourism": null, "tactile_paving": null, "power": "tower", "noref": null, "piste:dismount": null, "landuse": null, "addr:state": null, "source:prominence": null, "prominence": null, "name:lkt": null, "name:dak": null, "alt_name:arp": null, "leisure": null, "source:ele": null, "natural": null, "mountain_pass": null, "direction": null, "material": null, "access": null, "flashing_lights": null, "crossing:island": null, "motor_vehicle": null, "barrier": null, "traffic_signals:direction": null, "wikipedia": null, "website": null, "source:population": null, "population:date": null, "population": null, "name:zh": null, "name:vi": null, "name:uz": null, "name:ur": null, "name:uk": null, "name:tt": null, "name:tl": null, "name:th": null, "name:tg": null, "name:sw": null, "name:sr": null, "name:sq": null, "name:sl": null, "name:sa": null, "name:ru": null, "name:os": null, "name:nv": null, "name:mr": null, "name:mn": null, "name:ml": null, "name:mk": null, "name:lv": null, "name:lt": null, "name:la": null, "name:ky": null, "name:kw": null, "name:ko": null, "name:kk": null, "name:ka": null, "name:ja": null, "name:hy": null, "name:ht": null, "name:he": null, "name:gl": null, "name:gd": null, "name:ga": null, "name:fa": null, "name:en": null, "name:el": null, "name:cy": null, "name:ce": null, "name:bn": null, "name:bg": null, "name:be": null, "name:az": null, "name:ar": null, "capital": null, "wikidata": null, "place": null, "name": null, "gnis:feature_id": null, "ele": null, "kerb": null, "ref": null, "stop": null, "junction": null, "traffic_signals": null, "railway": null, "highway": null, "crossing:markings": null, "crossing": null }, "geometry": { "type": "Point", "coordinates": [ -104.9343558, 38.8570256 ] } },
{ "type": "Feature", "properties": { "full_id": "n705663669", "osm_id": "705663669", "osm_type": "node", "traffic_sign": null, "generator:type": null, "generator:source": null, "generator:output:electricity": null, "generator:method": null, "capacity": null, "start_date": null, "operator:wikidata": null, "operator:type": null, "operator:short": null, "official_name": null, "monitoring:water_level": null, "monitoring:flow_rate": null, "ele:datum": null, "ele:accuracy": null, "disused:man_made": null, "horse": null, "bicycle_parking": null, "female": null, "male": null, "changing_table": null, "inscription": null, "entrance": null, "disused:railway": null, "memorial": null, "unisex": null, "toilets:disposal": null, "portable": null, "level": null, "fee": null, "ele:ft": null, "description": null, "wheelchair": null, "opening_hours": null, "shelter": null, "public_transport": null, "operator": null, "network:wikidata": null, "network:short": null, "network": null, "bus": null, "bench": null, "supervised": null, "historic": null, "alt_name": null, "backrest": null, "shop": null, "button_operated": null, "parking": null, "information": null, "check_date": null, "board_type": null, "ford": null, "crossing_ref": null, "amenity": null, "foot": null, "bicycle": null, "crossing:signals": null, "waterway": null, "distance": null, "tourism": null, "tactile_paving": null, "power": "tower", "noref": null, "piste:dismount": null, "landuse": null, "addr:state": null, "source:prominence": null, "prominence": null, "name:lkt": null, "name:dak": null, "alt_name:arp": null, "leisure": null, "source:ele": null, "natural": null, "mountain_pass": null, "direction": null, "material": null, "access": null, "flashing_lights": null, "crossing:island": null, "motor_vehicle": null, "barrier": null, "traffic_signals:direction": null, "wikipedia": null, "website": null, "source:population": null, "population:date": null, "population": null, "name:zh": null, "name:vi": null, "name:uz": null, "name:ur": null, "name:uk": null, "name:tt": null, "name:tl": null, "name:th": null, "name:tg": null, "name:sw": null, "name:sr": null, "name:sq": null, "name:sl": null, "name:sa": null, "name:ru": null, "name:os": null, "name:nv": null, "name:mr": null, "name:mn": null, "name:ml": null, "name:mk": null, "name:lv": null, "name:lt": null, "name:la": null, "name:ky": null, "name:kw": null, "name:ko": null, "name:kk": null, "name:ka": null, "name:ja": null, "name:hy": null, "name:ht": null, "name:he": null, "name:gl": null, "name:gd": null, "name:ga": null, "name:fa": null, "name:en": null, "name:el": null, "name:cy": null, "name:ce": null, "name:bn": null, "name:bg": null, "name:be": null, "name:az": null, "name:ar": null, "capital": null, "wikidata": null, "place": null, "name": null, "gnis:feature_id": null, "ele": null, "kerb": null, "ref": null, "stop": null, "junction": null, "traffic_signals": null, "railway": null, "highway": null, "crossing:markings": null, "crossing": null }, "geometry": { "type": "Point", "coordinates": [ -104.9336611, 38.8562361 ] } },
{ "type": "Feature", "properties": { "full_id": "n1219568821", "osm_id": "1219568821", "osm_type": "node", "traffic_sign": null, "generator:type": null, "generator:source": null, "generator:output:electricity": null, "generator:method": null, "capacity": null, "start_date": null, "operator:wikidata": null, "operator:type": null, "operator:short": null, "official_name": null, "monitoring:water_level": null, "monitoring:flow_rate": null, "ele:datum": null, "ele:accuracy": null, "disused:man_made": null, "horse": null, "bicycle_parking": null, "female": null, "male": null, "changing_table": null, "inscription": null, "entrance": null, "disused:railway": null, "memorial": null, "unisex": null, "toilets:disposal": null, "portable": null, "level": null, "fee": null, "ele:ft": null, "description": null, "wheelchair": null, "opening_hours": null, "shelter": null, "public_transport": null, "operator": null, "network:wikidata": null, "network:short": null, "network": null, "bus": null, "bench": null, "supervised": null, "historic": null, "alt_name": null, "backrest": null, "shop": null, "button_operated": null, "parking": null, "information": null, "check_date": null, "board_type": null, "ford": null, "crossing_ref": null, "amenity": null, "foot": "yes", "bicycle": "yes", "crossing:signals": null, "waterway": null, "distance": null, "tourism": null, "tactile_paving": null, "power": null, "noref": null, "piste:dismount": null, "landuse": null, "addr:state": null, "source:prominence": null, "prominence": null, "name:lkt": null, "name:dak": null, "alt_name:arp": null, "leisure": null, "source:ele": null, "natural": null, "mountain_pass": null, "direction": null, "material": null, "access": "yes", "flashing_lights": null, "crossing:island": null, "motor_vehicle": null, "barrier": "gate", "traffic_signals:direction": null, "wikipedia": null, "website": null, "source:population": null, "population:date": null, "population": null, "name:zh": null, "name:vi": null, "name:uz": null, "name:ur": null, "name:uk": null, "name:tt": null, "name:tl": null, "name:th": null, "name:tg": null, "name:sw": null, "name:sr": null, "name:sq": null, "name:sl": null, "name:sa": null, "name:ru": null, "name:os": null, "name:nv": null, "name:mr": null, "name:mn": null, "name:ml": null, "name:mk": null, "name:lv": null, "name:lt": null, "name:la": null, "name:ky": null, "name:kw": null, "name:ko": null, "name:kk": null, "name:ka": null, "name:ja": null, "name:hy": null, "name:ht": null, "name:he": null, "name:gl": null, "name:gd": null, "name:ga": null, "name:fa": null, "name:en": null, "name:el": null, "name:cy": null, "name:ce": null, "name:bn": null, "name:bg": null, "name:be": null, "name:az": null, "name:ar": null, "capital": null, "wikidata": null, "place": null, "name": null, "gnis:feature_id": null, "ele": null, "kerb": null, "ref": null, "stop": null, "junction": null, "traffic_signals": null, "railway": null, "highway": null, "crossing:markings": null, "crossing": null }, "geometry": { "type": "Point", "coordinates": [ -104.9864404, 38.8104073 ] } },
{ "type": "Feature", "properties": { "full_id": "n452805170", "osm_id": "452805170", "osm_type": "node", "traffic_sign": null, "generator:type": null, "generator:source": null, "generator:output:electricity": null, "generator:method": null, "capacity": null, "start_date": null, "operator:wikidata": null, "operator:type": null, "operator:short": null, "official_name": null, "monitoring:water_level": null, "monitoring:flow_rate": null, "ele:datum": null, "ele:accuracy": null, "disused:man_made": null, "horse": null, "bicycle_parking": null, "female": null, "male": null, "changing_table": null, "inscription": null, "entrance": null, "disused:railway": null, "memorial": null, "unisex": null, "toilets:disposal": null, "portable": null, "level": null, "fee": null, "ele:ft": null, "description": null, "wheelchair": null, "opening_hours": null, "shelter": null, "public_transport": null, "operator": null, "network:wikidata": null, "network:short": null, "network": null, "bus": null, "bench": null, "supervised": null, "historic": null, "alt_name": null, "backrest": null, "shop": null, "button_operated": null, "parking": null, "information": null, "check_date": null, "board_type": null, "ford": null, "crossing_ref": null, "amenity": null, "foot": null, "bicycle": null, "crossing:signals": null, "waterway": null, "distance": null, "tourism": "viewpoint", "tactile_paving": null, "power": null, "noref": null, "piste:dismount": null, "landuse": null, "addr:state": null, "source:prominence": null, "prominence": null, "name:lkt": null, "name:dak": null, "alt_name:arp": null, "leisure": null, "source:ele": null, "natural": null, "mountain_pass": null, "direction": null, "material": null, "access": null, "flashing_lights": null, "crossing:island": null, "motor_vehicle": null, "barrier": null, "traffic_signals:direction": null, "wikipedia": null, "website": null, "source:population": null, "population:date": null, "population": null, "name:zh": null, "name:vi": null, "name:uz": null, "name:ur": null, "name:uk": null, "name:tt": null, "name:tl": null, "name:th": null, "name:tg": null, "name:sw": null, "name:sr": null, "name:sq": null, "name:sl": null, "name:sa": null, "name:ru": null, "name:os": null, "name:nv": null, "name:mr": null, "name:mn": null, "name:ml": null, "name:mk": null, "name:lv": null, "name:lt": null, "name:la": null, "name:ky": null, "name:kw": null, "name:ko": null, "name:kk": null, "name:ka": null, "name:ja": null, "name:hy": null, "name:ht": null, "name:he": null, "name:gl": null, "name:gd": null, "name:ga": null, "name:fa": null, "name:en": null, "name:el": null, "name:cy": null, "name:ce": null, "name:bn": null, "name:bg": null, "name:be": null, "name:az": null, "name:ar": null, "capital": null, "wikidata": null, "place": null, "name": null, "gnis:feature_id": null, "ele": null, "kerb": null, "ref": null, "stop": null, "junction": null, "traffic_signals": null, "railway": null, "highway": null, "crossing:markings": null, "crossing": null }, "geometry": { "type": "Point", "coordinates": [ -105.0632721, 38.857 ] } },
{ "type": "Feature", "properties": { "full_id": "n6073879560", "osm_id": "6073879560", "osm_type": "node", "traffic_sign": null, "generator:type": null, "generator:source": null, "generator:output:electricity": null, "generator:method": null, "capacity": null, "start_date": null, "operator:wikidata": null, "operator:type": null, "operator:short": null, "official_name": null, "monitoring:water_level": null, "monitoring:flow_rate": null, "ele:datum": null, "ele:accuracy": null, "disused:man_made": null, "horse": null, "bicycle_parking": null, "female": null, "male": null, "changing_table": null, "inscription": null, "entrance": null, "disused:railway": null, "memorial": null, "unisex": null, "toilets:disposal": null, "portable": null, "level": null, "fee": null, "ele:ft": null, "description": null, "wheelchair": null, "opening_hours": null, "shelter": null, "public_transport": null, "operator": null, "network:wikidata": null, "network:short": null, "network": null, "bus": null, "bench": null, "supervised": null, "historic": null, "alt_name": null, "backrest": null, "shop": null, "button_operated": null, "parking": null, "information": null, "check_date": null, "board_type": null, "ford": null, "crossing_ref": null, "amenity": null, "foot": null, "bicycle": null, "crossing:signals": null, "waterway": null, "distance": null, "tourism": null, "tactile_paving": null, "power": null, "noref": null, "piste:dismount": null, "landuse": null, "addr:state": null, "source:prominence": null, "prominence": null, "name:lkt": null, "name:dak": null, "alt_name:arp": null, "leisure": null, "source:ele": null, "natural": null, "mountain_pass": null, "direction": null, "material": null, "access": null, "flashing_lights": null, "crossing:island": null, "motor_vehicle": null, "barrier": null, "traffic_signals:direction": null, "wikipedia": null, "website": null, "source:population": null, "population:date": null, "population": null, "name:zh": null, "name:vi": null, "name:uz": null, "name:ur": null, "name:uk": null, "name:tt": null, "name:tl": null, "name:th": null, "name:tg": null, "name:sw": null, "name:sr": null, "name:sq": null, "name:sl": null, "name:sa": null, "name:ru": null, "name:os": null, "name:nv": null, "name:mr": null, "name:mn": null, "name:ml": null, "name:mk": null, "name:lv": null, "name:lt": null, "name:la": null, "name:ky": null, "name:kw": null, "name:ko": null, "name:kk": null, "name:ka": null, "name:ja": null, "name:hy": null, "name:ht": null, "name:he": null, "name:gl": null, "name:gd": null, "name:ga": null, "name:fa": null, "name:en": null, "name:el": null, "name:cy": null, "name:ce": null, "name:bn": null, "name:bg": null, "name:be": null, "name:az": null, "name:ar": null, "capital": null, "wikidata": null, "place": null, "name": null, "gnis:feature_id": null, "ele": null, "kerb": null, "ref": null, "stop": null, "junction": null, "traffic_signals": null, "railway": "switch", "highway": null, "crossing:markings": null, "crossing": null }, "geometry": { "type": "Point", "coordinates": [ -104.9997579, 38.8325875 ] } },
{ "type": "Feature", "properties": { "full_id": "n6073879557", "osm_id": "6073879557", "osm_type": "node", "traffic_sign": null, "generator:type": null, "generator:source": null, "generator:output:electricity": null, "generator:method": null, "capacity": null, "start_date": null, "operator:wikidata": null, "operator:type": null, "operator:short": null, "official_name": null, "monitoring:water_level": null, "monitoring:flow_rate": null, "ele:datum": null, "ele:accuracy": null, "disused:man_made": null, "horse": null, "bicycle_parking": null, "female": null, "male": null, "changing_table": null, "inscription": null, "entrance": null, "disused:railway": null, "memorial": null, "unisex": null, "toilets:disposal": null, "portable": null, "level": null, "fee": null, "ele:ft": null, "description": null, "wheelchair": null, "opening_hours": null, "shelter": null, "public_transport": null, "operator": null, "network:wikidata": null, "network:short": null, "network": null, "bus": null, "bench": null, "supervised": null, "historic": null, "alt_name": null, "backrest": null, "shop": null, "button_operated": null, "parking": null, "information": null, "check_date": null, "board_type": null, "ford": null, "crossing_ref": null, "amenity": null, "foot": null, "bicycle": null, "crossing:signals": null, "waterway": null, "distance": null, "tourism": null, "tactile_paving": null, "power": null, "noref": null, "piste:dismount": null, "landuse": null, "addr:state": null, "source:prominence": null, "prominence": null, "name:lkt": null, "name:dak": null, "alt_name:arp": null, "leisure": null, "source:ele": null, "natural": null, "mountain_pass": null, "direction": null, "material": null, "access": null, "flashing_lights": null, "crossing:island": null, "motor_vehicle": null, "barrier": null, "traffic_signals:direction": null, "wikipedia": null, "website": null, "source:population": null, "population:date": null, "population": null, "name:zh": null, "name:vi": null, "name:uz": null, "name:ur": null, "name:uk": null, "name:tt": null, "name:tl": null, "name:th": null, "name:tg": null, "name:sw": null, "name:sr": null, "name:sq": null, "name:sl": null, "name:sa": null, "name:ru": null, "name:os": null, "name:nv": null, "name:mr": null, "name:mn": null, "name:ml": null, "name:mk": null, "name:lv": null, "name:lt": null, "name:la": null, "name:ky": null, "name:kw": null, "name:ko": null, "name:kk": null, "name:ka": null, "name:ja": null, "name:hy": null, "name:ht": null, "name:he": null, "name:gl": null, "name:gd": null, "name:ga": null, "name:fa": null, "name:en": null, "name:el": null, "name:cy": null, "name:ce": null, "name:bn": null, "name:bg": null, "name:be": null, "name:az": null, "name:ar": null, "capital": null, "wikidata": null, "place": null, "name": null, "gnis:feature_id": null, "ele": null, "kerb": null, "ref": null, "stop": null, "junction": null, "traffic_signals": null, "railway": "switch", "highway": null, "crossing:markings": null, "crossing": null }, "geometry": { "type": "Point", "coordinates": [ -105.0017498, 38.8322953 ] } },
{ "type": "Feature", "properties": { "full_id": "n13298514760", "osm_id": "13298514760", "osm_type": "node", "traffic_sign": null, "generator:type": null, "generator:source": null, "generator:output:electricity": null, "generator:method": null, "capacity": null, "start_date": null, "operator:wikidata": null, "operator:type": null, "operator:short": null, "official_name": null, "monitoring:water_level": null, "monitoring:flow_rate": null, "ele:datum": null, "ele:accuracy": null, "disused:man_made": null, "horse": null, "bicycle_parking": null, "female": null, "male": null, "changing_table": null, "inscription": null, "entrance": null, "disused:railway": null, "memorial": null, "unisex": null, "toilets:disposal": null, "portable": null, "level": null, "fee": null, "ele:ft": null, "description": null, "wheelchair": null, "opening_hours": null, "shelter": null, "public_transport": null, "operator": null, "network:wikidata": null, "network:short": null, "network": null, "bus": null, "bench": null, "supervised": null, "historic": null, "alt_name": null, "backrest": null, "shop": null, "button_operated": null, "parking": null, "information": null, "check_date": null, "board_type": null, "ford": null, "crossing_ref": null, "amenity": null, "foot": null, "bicycle": null, "crossing:signals": null, "waterway": null, "distance": null, "tourism": "viewpoint", "tactile_paving": null, "power": null, "noref": null, "piste:dismount": null, "landuse": null, "addr:state": null, "source:prominence": null, "prominence": null, "name:lkt": null, "name:dak": null, "alt_name:arp": null, "leisure": null, "source:ele": null, "natural": null, "mountain_pass": null, "direction": null, "material": null, "access": null, "flashing_lights": null, "crossing:island": null, "motor_vehicle": null, "barrier": null, "traffic_signals:direction": null, "wikipedia": null, "website": null, "source:population": null, "population:date": null, "population": null, "name:zh": null, "name:vi": null, "name:uz": null, "name:ur": null, "name:uk": null, "name:tt": null, "name:tl": null, "name:th": null, "name:tg": null, "name:sw": null, "name:sr": null, "name:sq": null, "name:sl": null, "name:sa": null, "name:ru": null, "name:os": null, "name:nv": null, "name:mr": null, "name:mn": null, "name:ml": null, "name:mk": null, "name:lv": null, "name:lt": null, "name:la": null, "name:ky": null, "name:kw": null, "name:ko": null, "name:kk": null, "name:ka": null, "name:ja": null, "name:hy": null, "name:ht": null, "name:he": null, "name:gl": null, "name:gd": null, "name:ga": null, "name:fa": null, "name:en": null, "name:el": null, "name:cy": null, "name:ce": null, "name:bn": null, "name:bg": null, "name:be": null, "name:az": null, "name:ar": null, "capital": null, "wikidata": null, "place": null, "name": null, "gnis:feature_id": null, "ele": null, "kerb": null, "ref": null, "stop": null, "junction": null, "traffic_signals": null, "railway": null, "highway": null, "crossing:markings": null, "crossing": null }, "geometry": { "type": "Point", "coordinates": [ -105.0431165, 38.8412085 ] } },
{ "type": "Feature", "properties": { "full_id": "n6073879556", "osm_id": "6073879556", "osm_type": "node", "traffic_sign": null, "generator:type": null, "generator:source": null, "generator:output:electricity": null, "generator:method": null, "capacity": null, "start_date": null, "operator:wikidata": null, "operator:type": null, "operator:short": null, "official_name": null, "monitoring:water_level": null, "monitoring:flow_rate": null, "ele:datum": null, "ele:accuracy": null, "disused:man_made": null, "horse": null, "bicycle_parking": null, "female": null, "male": null, "changing_table": null, "inscription": null, "entrance": null, "disused:railway": null, "memorial": null, "unisex": null, "toilets:disposal": null, "portable": null, "level": null, "fee": null, "ele:ft": null, "description": null, "wheelchair": null, "opening_hours": null, "shelter": null, "public_transport": null, "operator": null, "network:wikidata": null, "network:short": null, "network": null, "bus": null, "bench": null, "supervised": null, "historic": null, "alt_name": null, "backrest": null, "shop": null, "button_operated": null, "parking": null, "information": null, "check_date": null, "board_type": null, "ford": null, "crossing_ref": null, "amenity": null, "foot": null, "bicycle": null, "crossing:signals": null, "waterway": null, "distance": null, "tourism": null, "tactile_paving": null, "power": null, "noref": null, "piste:dismount": null, "landuse": null, "addr:state": null, "source:prominence": null, "prominence": null, "name:lkt": null, "name:dak": null, "alt_name:arp": null, "leisure": null, "source:ele": null, "natural": null, "mountain_pass": null, "direction": null, "material": null, "access": null, "flashing_lights": null, "crossing:island": null, "motor_vehicle": null, "barrier": null, "traffic_signals:direction": null, "wikipedia": null, "website": null, "source:population": null, "population:date": null, "population": null, "name:zh": null, "name:vi": null, "name:uz": null, "name:ur": null, "name:uk": null, "name:tt": null, "name:tl": null, "name:th": null, "name:tg": null, "name:sw": null, "name:sr": null, "name:sq": null, "name:sl": null, "name:sa": null, "name:ru": null, "name:os": null, "name:nv": null, "name:mr": null, "name:mn": null, "name:ml": null, "name:mk": null, "name:lv": null, "name:lt": null, "name:la": null, "name:ky": null, "name:kw": null, "name:ko": null, "name:kk": null, "name:ka": null, "name:ja": null, "name:hy": null, "name:ht": null, "name:he": null, "name:gl": null, "name:gd": null, "name:ga": null, "name:fa": null, "name:en": null, "name:el": null, "name:cy": null, "name:ce": null, "name:bn": null, "name:bg": null, "name:be": null, "name:az": null, "name:ar": null, "capital": null, "wikidata": null, "place": null, "name": null, "gnis:feature_id": null, "ele": null, "kerb": null, "ref": null, "stop": null, "junction": null, "traffic_signals": null, "railway": "switch", "highway": null, "crossing:markings": null, "crossing": null }, "geometry": { "type": "Point", "coordinates": [ -104.9906964, 38.8337883 ] } },
{ "type": "Feature", "properties": { "full_id": "n13298514703", "osm_id": "13298514703", "osm_type": "node", "traffic_sign": null, "generator:type": null, "generator:source": null, "generator:output:electricity": null, "generator:method": null, "capacity": null, "start_date": null, "operator:wikidata": null, "operator:type": null, "operator:short": null, "official_name": null, "monitoring:water_level": null, "monitoring:flow_rate": null, "ele:datum": null, "ele:accuracy": null, "disused:man_made": null, "horse": null, "bicycle_parking": null, "female": null, "male": null, "changing_table": null, "inscription": null, "entrance": null, "disused:railway": null, "memorial": null, "unisex": null, "toilets:disposal": null, "portable": null, "level": null, "fee": null, "ele:ft": null, "description": null, "wheelchair": null, "opening_hours": null, "shelter": null, "public_transport": null, "operator": null, "network:wikidata": null, "network:short": null, "network": null, "bus": null, "bench": null, "supervised": null, "historic": null, "alt_name": null, "backrest": null, "shop": null, "button_operated": null, "parking": null, "information": null, "check_date": null, "board_type": null, "ford": null, "crossing_ref": null, "amenity": null, "foot": null, "bicycle": null, "crossing:signals": "no", "waterway": null, "distance": null, "tourism": null, "tactile_paving": "no", "power": null, "noref": null, "piste:dismount": null, "landuse": null, "addr:state": null, "source:prominence": null, "prominence": null, "name:lkt": null, "name:dak": null, "alt_name:arp": null, "leisure": null, "source:ele": null, "natural": null, "mountain_pass": null, "direction": null, "material": null, "access": null, "flashing_lights": null, "crossing:island": null, "motor_vehicle": null, "barrier": null, "traffic_signals:direction": null, "wikipedia": null, "website": null, "source:population": null, "population:date": null, "population": null, "name:zh": null, "name:vi": null, "name:uz": null, "name:ur": null, "name:uk": null, "name:tt": null, "name:tl": null, "name:th": null, "name:tg": null, "name:sw": null, "name:sr": null, "name:sq": null, "name:sl": null, "name:sa": null, "name:ru": null, "name:os": null, "name:nv": null, "name:mr": null, "name:mn": null, "name:ml": null, "name:mk": null, "name:lv": null, "name:lt": null, "name:la": null, "name:ky": null, "name:kw": null, "name:ko": null, "name:kk": null, "name:ka": null, "name:ja": null, "name:hy": null, "name:ht": null, "name:he": null, "name:gl": null, "name:gd": null, "name:ga": null, "name:fa": null, "name:en": null, "name:el": null, "name:cy": null, "name:ce": null, "name:bn": null, "name:bg": null, "name:be": null, "name:az": null, "name:ar": null, "capital": null, "wikidata": null, "place": null, "name": null, "gnis:feature_id": null, "ele": null, "kerb": null, "ref": null, "stop": null, "junction": null, "traffic_signals": null, "railway": null, "highway": "crossing", "crossing:markings": "no", "crossing": null }, "geometry": { "type": "Point", "coordinates": [ -105.0429887, 38.8402032 ] } },
{ "type": "Feature", "properties": { "full_id": "n6073879550", "osm_id": "6073879550", "osm_type": "node", "traffic_sign": null, "generator:type": null, "generator:source": null, "generator:output:electricity": null, "generator:method": null, "capacity": null, "start_date": null, "operator:wikidata": null, "operator:type": null, "operator:short": null, "official_name": null, "monitoring:water_level": null, "monitoring:flow_rate": null, "ele:datum": null, "ele:accuracy": null, "disused:man_made": null, "horse": null, "bicycle_parking": null, "female": null, "male": null, "changing_table": null, "inscription": null, "entrance": null, "disused:railway": null, "memorial": null, "unisex": null, "toilets:disposal": null, "portable": null, "level": null, "fee": null, "ele:ft": null, "description": null, "wheelchair": null, "opening_hours": null, "shelter": null, "public_transport": null, "operator": null, "network:wikidata": null, "network:short": null, "network": null, "bus": null, "bench": null, "supervised": null, "historic": null, "alt_name": null, "backrest": null, "shop": null, "button_operated": null, "parking": null, "information": null, "check_date": null, "board_type": null, "ford": null, "crossing_ref": null, "amenity": null, "foot": null, "bicycle": null, "crossing:signals": null, "waterway": null, "distance": null, "tourism": null, "tactile_paving": null, "power": null, "noref": null, "piste:dismount": null, "landuse": null, "addr:state": null, "source:prominence": null, "prominence": null, "name:lkt": null, "name:dak": null, "alt_name:arp": null, "leisure": null, "source:ele": null, "natural": null, "mountain_pass": null, "direction": null, "material": null, "access": null, "flashing_lights": null, "crossing:island": null, "motor_vehicle": null, "barrier": null, "traffic_signals:direction": null, "wikipedia": null, "website": null, "source:population": null, "population:date": null, "population": null, "name:zh": null, "name:vi": null, "name:uz": null, "name:ur": null, "name:uk": null, "name:tt": null, "name:tl": null, "name:th": null, "name:tg": null, "name:sw": null, "name:sr": null, "name:sq": null, "name:sl": null, "name:sa": null, "name:ru": null, "name:os": null, "name:nv": null, "name:mr": null, "name:mn": null, "name:ml": null, "name:mk": null, "name:lv": null, "name:lt": null, "name:la": null, "name:ky": null, "name:kw": null, "name:ko": null, "name:kk": null, "name:ka": null, "name:ja": null, "name:hy": null, "name:ht": null, "name:he": null, "name:gl": null, "name:gd": null, "name:ga": null, "name:fa": null, "name:en": null, "name:el": null, "name:cy": null, "name:ce": null, "name:bn": null, "name:bg": null, "name:be": null, "name:az": null, "name:ar": null, "capital": null, "wikidata": null, "place": null, "name": null, "gnis:feature_id": null, "ele": null, "kerb": null, "ref": null, "stop": null, "junction": null, "traffic_signals": null, "railway": "switch", "highway": null, "crossing:markings": null, "crossing": null }, "geometry": { "type": "Point", "coordinates": [ -104.9596427, 38.8493159 ] } },
{ "type": "Feature", "properties": { "full_id": "n13298514681", "osm_id": "13298514681", "osm_type": "node", "traffic_sign": null, "generator:type": null, "generator:source": null, "generator:output:electricity": null, "generator:method": null, "capacity": null, "start_date": null, "operator:wikidata": null, "operator:type": null, "operator:short": null, "official_name": null, "monitoring:water_level": null, "monitoring:flow_rate": null, "ele:datum": null, "ele:accuracy": null, "disused:man_made": null, "horse": null, "bicycle_parking": null, "female": null, "male": null, "changing_table": null, "inscription": null, "entrance": null, "disused:railway": null, "memorial": null, "unisex": null, "toilets:disposal": null, "portable": null, "level": null, "fee": null, "ele:ft": null, "description": null, "wheelchair": null, "opening_hours": null, "shelter": null, "public_transport": null, "operator": null, "network:wikidata": null, "network:short": null, "network": null, "bus": null, "bench": null, "supervised": null, "historic": null, "alt_name": null, "backrest": null, "shop": null, "button_operated": null, "parking": null, "information": null, "check_date": null, "board_type": null, "ford": null, "crossing_ref": null, "amenity": null, "foot": null, "bicycle": null, "crossing:signals": "no", "waterway": null, "distance": null, "tourism": null, "tactile_paving": "no", "power": null, "noref": null, "piste:dismount": null, "landuse": null, "addr:state": null, "source:prominence": null, "prominence": null, "name:lkt": null, "name:dak": null, "alt_name:arp": null, "leisure": null, "source:ele": null, "natural": null, "mountain_pass": null, "direction": null, "material": null, "access": null, "flashing_lights": null, "crossing:island": null, "motor_vehicle": null, "barrier": null, "traffic_signals:direction": null, "wikipedia": null, "website": null, "source:population": null, "population:date": null, "population": null, "name:zh": null, "name:vi": null, "name:uz": null, "name:ur": null, "name:uk": null, "name:tt": null, "name:tl": null, "name:th": null, "name:tg": null, "name:sw": null, "name:sr": null, "name:sq": null, "name:sl": null, "name:sa": null, "name:ru": null, "name:os": null, "name:nv": null, "name:mr": null, "name:mn": null, "name:ml": null, "name:mk": null, "name:lv": null, "name:lt": null, "name:la": null, "name:ky": null, "name:kw": null, "name:ko": null, "name:kk": null, "name:ka": null, "name:ja": null, "name:hy": null, "name:ht": null, "name:he": null, "name:gl": null, "name:gd": null, "name:ga": null, "name:fa": null, "name:en": null, "name:el": null, "name:cy": null, "name:ce": null, "name:bn": null, "name:bg": null, "name:be": null, "name:az": null, "name:ar": null, "capital": null, "wikidata": null, "place": null, "name": null, "gnis:feature_id": null, "ele": null, "kerb": null, "ref": null, "stop": null, "junction": null, "traffic_signals": null, "railway": null, "highway": "crossing", "crossing:markings": "no", "crossing": null }, "geometry": { "type": "Point", "coordinates": [ -105.0441877, 38.8405043 ] } },
{ "type": "Feature", "properties": { "full_id": "n13298514629", "osm_id": "13298514629", "osm_type": "node", "traffic_sign": null, "generator:type": null, "generator:source": null, "generator:output:electricity": null, "generator:method": null, "capacity": null, "start_date": null, "operator:wikidata": null, "operator:type": null, "operator:short": null, "official_name": null, "monitoring:water_level": null, "monitoring:flow_rate": null, "ele:datum": null, "ele:accuracy": null, "disused:man_made": null, "horse": null, "bicycle_parking": null, "female": null, "male": null, "changing_table": null, "inscription": null, "entrance": "yes", "disused:railway": null, "memorial": null, "unisex": null, "toilets:disposal": null, "portable": null, "level": null, "fee": null, "ele:ft": null, "description": null, "wheelchair": null, "opening_hours": null, "shelter": null, "public_transport": null, "operator": null, "network:wikidata": null, "network:short": null, "network": null, "bus": null, "bench": null, "supervised": null, "historic": null, "alt_name": null, "backrest": null, "shop": null, "button_operated": null, "parking": null, "information": null, "check_date": null, "board_type": null, "ford": null, "crossing_ref": null, "amenity": null, "foot": null, "bicycle": null, "crossing:signals": null, "waterway": null, "distance": null, "tourism": null, "tactile_paving": null, "power": null, "noref": null, "piste:dismount": null, "landuse": null, "addr:state": null, "source:prominence": null, "prominence": null, "name:lkt": null, "name:dak": null, "alt_name:arp": null, "leisure": null, "source:ele": null, "natural": null, "mountain_pass": null, "direction": null, "material": null, "access": null, "flashing_lights": null, "crossing:island": null, "motor_vehicle": null, "barrier": null, "traffic_signals:direction": null, "wikipedia": null, "website": null, "source:population": null, "population:date": null, "population": null, "name:zh": null, "name:vi": null, "name:uz": null, "name:ur": null, "name:uk": null, "name:tt": null, "name:tl": null, "name:th": null, "name:tg": null, "name:sw": null, "name:sr": null, "name:sq": null, "name:sl": null, "name:sa": null, "name:ru": null, "name:os": null, "name:nv": null, "name:mr": null, "name:mn": null, "name:ml": null, "name:mk": null, "name:lv": null, "name:lt": null, "name:la": null, "name:ky": null, "name:kw": null, "name:ko": null, "name:kk": null, "name:ka": null, "name:ja": null, "name:hy": null, "name:ht": null, "name:he": null, "name:gl": null, "name:gd": null, "name:ga": null, "name:fa": null, "name:en": null, "name:el": null, "name:cy": null, "name:ce": null, "name:bn": null, "name:bg": null, "name:be": null, "name:az": null, "name:ar": null, "capital": null, "wikidata": null, "place": null, "name": null, "gnis:feature_id": null, "ele": null, "kerb": null, "ref": null, "stop": null, "junction": null, "traffic_signals": null, "railway": null, "highway": null, "crossing:markings": null, "crossing": null }, "geometry": { "type": "Point", "coordinates": [ -105.0424627, 38.8399908 ] } },
{ "type": "Feature", "properties": { "full_id": "n6073879574", "osm_id": "6073879574", "osm_type": "node", "traffic_sign": null, "generator:type": null, "generator:source": null, "generator:output:electricity": null, "generator:method": null, "capacity": null, "start_date": null, "operator:wikidata": null, "operator:type": null, "operator:short": null, "official_name": null, "monitoring:water_level": null, "monitoring:flow_rate": null, "ele:datum": null, "ele:accuracy": null, "disused:man_made": null, "horse": null, "bicycle_parking": null, "female": null, "male": null, "changing_table": null, "inscription": null, "entrance": null, "disused:railway": null, "memorial": null, "unisex": null, "toilets:disposal": null, "portable": null, "level": null, "fee": null, "ele:ft": null, "description": null, "wheelchair": null, "opening_hours": null, "shelter": null, "public_transport": null, "operator": null, "network:wikidata": null, "network:short": null, "network": null, "bus": null, "bench": null, "supervised": null, "historic": null, "alt_name": null, "backrest": null, "shop": null, "button_operated": null, "parking": null, "information": null, "check_date": null, "board_type": null, "ford": null, "crossing_ref": null, "amenity": null, "foot": null, "bicycle": null, "crossing:signals": null, "waterway": null, "distance": null, "tourism": null, "tactile_paving": null, "power": null, "noref": null, "piste:dismount": null, "landuse": null, "addr:state": null, "source:prominence": null, "prominence": null, "name:lkt": null, "name:dak": null, "alt_name:arp": null, "leisure": null, "source:ele": null, "natural": null, "mountain_pass": null, "direction": null, "material": null, "access": null, "flashing_lights": null, "crossing:island": null, "motor_vehicle": null, "barrier": null, "traffic_signals:direction": null, "wikipedia": null, "website": null, "source:population": null, "population:date": null, "population": null, "name:zh": null, "name:vi": null, "name:uz": null, "name:ur": null, "name:uk": null, "name:tt": null, "name:tl": null, "name:th": null, "name:tg": null, "name:sw": null, "name:sr": null, "name:sq": null, "name:sl": null, "name:sa": null, "name:ru": null, "name:os": null, "name:nv": null, "name:mr": null, "name:mn": null, "name:ml": null, "name:mk": null, "name:lv": null, "name:lt": null, "name:la": null, "name:ky": null, "name:kw": null, "name:ko": null, "name:kk": null, "name:ka": null, "name:ja": null, "name:hy": null, "name:ht": null, "name:he": null, "name:gl": null, "name:gd": null, "name:ga": null, "name:fa": null, "name:en": null, "name:el": null, "name:cy": null, "name:ce": null, "name:bn": null, "name:bg": null, "name:be": null, "name:az": null, "name:ar": null, "capital": null, "wikidata": null, "place": null, "name": null, "gnis:feature_id": null, "ele": null, "kerb": null, "ref": null, "stop": null, "junction": null, "traffic_signals": null, "railway": "switch", "highway": null, "crossing:markings": null, "crossing": null }, "geometry": { "type": "Point", "coordinates": [ -105.0226084, 38.8163294 ] } },
{ "type": "Feature", "properties": { "full_id": "n13465934042", "osm_id": "13465934042", "osm_type": "node", "traffic_sign": null, "generator:type": null, "generator:source": null, "generator:output:electricity": null, "generator:method": null, "capacity": null, "start_date": null, "operator:wikidata": null, "operator:type": null, "operator:short": null, "official_name": null, "monitoring:water_level": null, "monitoring:flow_rate": null, "ele:datum": null, "ele:accuracy": null, "disused:man_made": null, "horse": null, "bicycle_parking": null, "female": null, "male": null, "changing_table": null, "inscription": null, "entrance": null, "disused:railway": null, "memorial": null, "unisex": null, "toilets:disposal": null, "portable": null, "level": null, "fee": null, "ele:ft": null, "description": null, "wheelchair": null, "opening_hours": null, "shelter": null, "public_transport": null, "operator": null, "network:wikidata": null, "network:short": null, "network": null, "bus": null, "bench": null, "supervised": null, "historic": null, "alt_name": null, "backrest": null, "shop": null, "button_operated": null, "parking": null, "information": null, "check_date": null, "board_type": null, "ford": null, "crossing_ref": null, "amenity": null, "foot": null, "bicycle": null, "crossing:signals": null, "waterway": null, "distance": null, "tourism": null, "tactile_paving": null, "power": null, "noref": null, "piste:dismount": null, "landuse": null, "addr:state": null, "source:prominence": null, "prominence": null, "name:lkt": null, "name:dak": null, "alt_name:arp": null, "leisure": null, "source:ele": null, "natural": null, "mountain_pass": null, "direction": null, "material": null, "access": null, "flashing_lights": null, "crossing:island": null, "motor_vehicle": null, "barrier": null, "traffic_signals:direction": null, "wikipedia": null, "website": null, "source:population": null, "population:date": null, "population": null, "name:zh": null, "name:vi": null, "name:uz": null, "name:ur": null, "name:uk": null, "name:tt": null, "name:tl": null, "name:th": null, "name:tg": null, "name:sw": null, "name:sr": null, "name:sq": null, "name:sl": null, "name:sa": null, "name:ru": null, "name:os": null, "name:nv": null, "name:mr": null, "name:mn": null, "name:ml": null, "name:mk": null, "name:lv": null, "name:lt": null, "name:la": null, "name:ky": null, "name:kw": null, "name:ko": null, "name:kk": null, "name:ka": null, "name:ja": null, "name:hy": null, "name:ht": null, "name:he": null, "name:gl": null, "name:gd": null, "name:ga": null, "name:fa": null, "name:en": null, "name:el": null, "name:cy": null, "name:ce": null, "name:bn": null, "name:bg": null, "name:be": null, "name:az": null, "name:ar": null, "capital": null, "wikidata": null, "place": null, "name": null, "gnis:feature_id": null, "ele": null, "kerb": null, "ref": null, "stop": null, "junction": null, "traffic_signals": null, "railway": "buffer_stop", "highway": null, "crossing:markings": null, "crossing": null }, "geometry": { "type": "Point", "coordinates": [ -104.9921316, 38.8336404 ] } },
{ "type": "Feature", "properties": { "full_id": "n6073879568", "osm_id": "6073879568", "osm_type": "node", "traffic_sign": null, "generator:type": null, "generator:source": null, "generator:output:electricity": null, "generator:method": null, "capacity": null, "start_date": null, "operator:wikidata": null, "operator:type": null, "operator:short": null, "official_name": null, "monitoring:water_level": null, "monitoring:flow_rate": null, "ele:datum": null, "ele:accuracy": null, "disused:man_made": null, "horse": null, "bicycle_parking": null, "female": null, "male": null, "changing_table": null, "inscription": null, "entrance": null, "disused:railway": null, "memorial": null, "unisex": null, "toilets:disposal": null, "portable": null, "level": null, "fee": null, "ele:ft": null, "description": null, "wheelchair": null, "opening_hours": null, "shelter": null, "public_transport": null, "operator": null, "network:wikidata": null, "network:short": null, "network": null, "bus": null, "bench": null, "supervised": null, "historic": null, "alt_name": null, "backrest": null, "shop": null, "button_operated": null, "parking": null, "information": null, "check_date": null, "board_type": null, "ford": null, "crossing_ref": null, "amenity": null, "foot": null, "bicycle": null, "crossing:signals": null, "waterway": null, "distance": null, "tourism": null, "tactile_paving": null, "power": null, "noref": null, "piste:dismount": null, "landuse": null, "addr:state": null, "source:prominence": null, "prominence": null, "name:lkt": null, "name:dak": null, "alt_name:arp": null, "leisure": null, "source:ele": null, "natural": null, "mountain_pass": null, "direction": null, "material": null, "access": null, "flashing_lights": null, "crossing:island": null, "motor_vehicle": null, "barrier": null, "traffic_signals:direction": null, "wikipedia": null, "website": null, "source:population": null, "population:date": null, "population": null, "name:zh": null, "name:vi": null, "name:uz": null, "name:ur": null, "name:uk": null, "name:tt": null, "name:tl": null, "name:th": null, "name:tg": null, "name:sw": null, "name:sr": null, "name:sq": null, "name:sl": null, "name:sa": null, "name:ru": null, "name:os": null, "name:nv": null, "name:mr": null, "name:mn": null, "name:ml": null, "name:mk": null, "name:lv": null, "name:lt": null, "name:la": null, "name:ky": null, "name:kw": null, "name:ko": null, "name:kk": null, "name:ka": null, "name:ja": null, "name:hy": null, "name:ht": null, "name:he": null, "name:gl": null, "name:gd": null, "name:ga": null, "name:fa": null, "name:en": null, "name:el": null, "name:cy": null, "name:ce": null, "name:bn": null, "name:bg": null, "name:be": null, "name:az": null, "name:ar": null, "capital": null, "wikidata": null, "place": null, "name": null, "gnis:feature_id": null, "ele": null, "kerb": null, "ref": null, "stop": null, "junction": null, "traffic_signals": null, "railway": "switch", "highway": null, "crossing:markings": null, "crossing": null }, "geometry": { "type": "Point", "coordinates": [ -105.0234456, 38.8173505 ] } },
{ "type": "Feature", "properties": { "full_id": "n13446057242", "osm_id": "13446057242", "osm_type": "node", "traffic_sign": null, "generator:type": null, "generator:source": null, "generator:output:electricity": null, "generator:method": null, "capacity": null, "start_date": null, "operator:wikidata": null, "operator:type": null, "operator:short": null, "official_name": null, "monitoring:water_level": null, "monitoring:flow_rate": null, "ele:datum": null, "ele:accuracy": null, "disused:man_made": null, "horse": null, "bicycle_parking": null, "female": null, "male": null, "changing_table": null, "inscription": null, "entrance": null, "disused:railway": null, "memorial": null, "unisex": null, "toilets:disposal": null, "portable": null, "level": null, "fee": null, "ele:ft": null, "description": null, "wheelchair": null, "opening_hours": null, "shelter": null, "public_transport": null, "operator": null, "network:wikidata": null, "network:short": null, "network": null, "bus": null, "bench": null, "supervised": null, "historic": null, "alt_name": null, "backrest": null, "shop": null, "button_operated": null, "parking": null, "information": null, "check_date": null, "board_type": null, "ford": null, "crossing_ref": null, "amenity": null, "foot": null, "bicycle": null, "crossing:signals": null, "waterway": null, "distance": null, "tourism": null, "tactile_paving": null, "power": null, "noref": null, "piste:dismount": null, "landuse": null, "addr:state": null, "source:prominence": null, "prominence": null, "name:lkt": null, "name:dak": null, "alt_name:arp": null, "leisure": null, "source:ele": null, "natural": null, "mountain_pass": null, "direction": null, "material": null, "access": null, "flashing_lights": null, "crossing:island": null, "motor_vehicle": null, "barrier": null, "traffic_signals:direction": null, "wikipedia": null, "website": null, "source:population": null, "population:date": null, "population": null, "name:zh": null, "name:vi": null, "name:uz": null, "name:ur": null, "name:uk": null, "name:tt": null, "name:tl": null, "name:th": null, "name:tg": null, "name:sw": null, "name:sr": null, "name:sq": null, "name:sl": null, "name:sa": null, "name:ru": null, "name:os": null, "name:nv": null, "name:mr": null, "name:mn": null, "name:ml": null, "name:mk": null, "name:lv": null, "name:lt": null, "name:la": null, "name:ky": null, "name:kw": null, "name:ko": null, "name:kk": null, "name:ka": null, "name:ja": null, "name:hy": null, "name:ht": null, "name:he": null, "name:gl": null, "name:gd": null, "name:ga": null, "name:fa": null, "name:en": null, "name:el": null, "name:cy": null, "name:ce": null, "name:bn": null, "name:bg": null, "name:be": null, "name:az": null, "name:ar": null, "capital": null, "wikidata": null, "place": null, "name": null, "gnis:feature_id": null, "ele": null, "kerb": null, "ref": null, "stop": null, "junction": null, "traffic_signals": null, "railway": "switch", "highway": null, "crossing:markings": null, "crossing": null }, "geometry": { "type": "Point", "coordinates": [ -104.932346, 38.8553263 ] } },
{ "type": "Feature", "properties": { "full_id": "n6073879563", "osm_id": "6073879563", "osm_type": "node", "traffic_sign": null, "generator:type": null, "generator:source": null, "generator:output:electricity": null, "generator:method": null, "capacity": null, "start_date": null, "operator:wikidata": null, "operator:type": null, "operator:short": null, "official_name": null, "monitoring:water_level": null, "monitoring:flow_rate": null, "ele:datum": null, "ele:accuracy": null, "disused:man_made": null, "horse": null, "bicycle_parking": null, "female": null, "male": null, "changing_table": null, "inscription": null, "entrance": null, "disused:railway": null, "memorial": null, "unisex": null, "toilets:disposal": null, "portable": null, "level": null, "fee": null, "ele:ft": null, "description": null, "wheelchair": null, "opening_hours": null, "shelter": null, "public_transport": null, "operator": null, "network:wikidata": null, "network:short": null, "network": null, "bus": null, "bench": null, "supervised": null, "historic": null, "alt_name": null, "backrest": null, "shop": null, "button_operated": null, "parking": null, "information": null, "check_date": null, "board_type": null, "ford": null, "crossing_ref": null, "amenity": null, "foot": null, "bicycle": null, "crossing:signals": null, "waterway": null, "distance": null, "tourism": null, "tactile_paving": null, "power": null, "noref": null, "piste:dismount": null, "landuse": null, "addr:state": null, "source:prominence": null, "prominence": null, "name:lkt": null, "name:dak": null, "alt_name:arp": null, "leisure": null, "source:ele": null, "natural": null, "mountain_pass": null, "direction": null, "material": null, "access": null, "flashing_lights": null, "crossing:island": null, "motor_vehicle": null, "barrier": null, "traffic_signals:direction": null, "wikipedia": null, "website": null, "source:population": null, "population:date": null, "population": null, "name:zh": null, "name:vi": null, "name:uz": null, "name:ur": null, "name:uk": null, "name:tt": null, "name:tl": null, "name:th": null, "name:tg": null, "name:sw": null, "name:sr": null, "name:sq": null, "name:sl": null, "name:sa": null, "name:ru": null, "name:os": null, "name:nv": null, "name:mr": null, "name:mn": null, "name:ml": null, "name:mk": null, "name:lv": null, "name:lt": null, "name:la": null, "name:ky": null, "name:kw": null, "name:ko": null, "name:kk": null, "name:ka": null, "name:ja": null, "name:hy": null, "name:ht": null, "name:he": null, "name:gl": null, "name:gd": null, "name:ga": null, "name:fa": null, "name:en": null, "name:el": null, "name:cy": null, "name:ce": null, "name:bn": null, "name:bg": null, "name:be": null, "name:az": null, "name:ar": null, "capital": null, "wikidata": null, "place": null, "name": null, "gnis:feature_id": null, "ele": null, "kerb": null, "ref": null, "stop": null, "junction": null, "traffic_signals": null, "railway": "switch", "highway": null, "crossing:markings": null, "crossing": null }, "geometry": { "type": "Point", "coordinates": [ -105.0233319, 38.8172232 ] } },
{ "type": "Feature", "properties": { "full_id": "n4944964621", "osm_id": "4944964621", "osm_type": "node", "traffic_sign": null, "generator:type": null, "generator:source": null, "generator:output:electricity": null, "generator:method": null, "capacity": null, "start_date": null, "operator:wikidata": null, "operator:type": null, "operator:short": null, "official_name": null, "monitoring:water_level": null, "monitoring:flow_rate": null, "ele:datum": null, "ele:accuracy": null, "disused:man_made": null, "horse": null, "bicycle_parking": null, "female": null, "male": null, "changing_table": null, "inscription": null, "entrance": null, "disused:railway": null, "memorial": null, "unisex": null, "toilets:disposal": null, "portable": null, "level": null, "fee": null, "ele:ft": null, "description": null, "wheelchair": null, "opening_hours": null, "shelter": null, "public_transport": null, "operator": null, "network:wikidata": null, "network:short": null, "network": null, "bus": null, "bench": null, "supervised": null, "historic": null, "alt_name": null, "backrest": null, "shop": null, "button_operated": null, "parking": null, "information": "board", "check_date": null, "board_type": "notice", "ford": null, "crossing_ref": null, "amenity": null, "foot": null, "bicycle": null, "crossing:signals": null, "waterway": null, "distance": null, "tourism": "information", "tactile_paving": null, "power": null, "noref": null, "piste:dismount": null, "landuse": null, "addr:state": null, "source:prominence": null, "prominence": null, "name:lkt": null, "name:dak": null, "alt_name:arp": null, "leisure": null, "source:ele": null, "natural": null, "mountain_pass": null, "direction": null, "material": null, "access": null, "flashing_lights": null, "crossing:island": null, "motor_vehicle": null, "barrier": null, "traffic_signals:direction": null, "wikipedia": null, "website": null, "source:population": null, "population:date": null, "population": null, "name:zh": null, "name:vi": null, "name:uz": null, "name:ur": null, "name:uk": null, "name:tt": null, "name:tl": null, "name:th": null, "name:tg": null, "name:sw": null, "name:sr": null, "name:sq": null, "name:sl": null, "name:sa": null, "name:ru": null, "name:os": null, "name:nv": null, "name:mr": null, "name:mn": null, "name:ml": null, "name:mk": null, "name:lv": null, "name:lt": null, "name:la": null, "name:ky": null, "name:kw": null, "name:ko": null, "name:kk": null, "name:ka": null, "name:ja": null, "name:hy": null, "name:ht": null, "name:he": null, "name:gl": null, "name:gd": null, "name:ga": null, "name:fa": null, "name:en": null, "name:el": null, "name:cy": null, "name:ce": null, "name:bn": null, "name:bg": null, "name:be": null, "name:az": null, "name:ar": null, "capital": null, "wikidata": null, "place": null, "name": "Incline HIking Rules and Regulations", "gnis:feature_id": null, "ele": null, "kerb": null, "ref": null, "stop": null, "junction": null, "traffic_signals": null, "railway": null, "highway": null, "crossing:markings": null, "crossing": null }, "geometry": { "type": "Point", "coordinates": [ -104.9322591, 38.8569134 ] } },
{ "type": "Feature", "properties": { "full_id": "n12593289922", "osm_id": "12593289922", "osm_type": "node", "traffic_sign": null, "generator:type": null, "generator:source": null, "generator:output:electricity": null, "generator:method": null, "capacity": null, "start_date": null, "operator:wikidata": null, "operator:type": null, "operator:short": null, "official_name": null, "monitoring:water_level": null, "monitoring:flow_rate": null, "ele:datum": null, "ele:accuracy": null, "disused:man_made": null, "horse": null, "bicycle_parking": null, "female": null, "male": null, "changing_table": null, "inscription": null, "entrance": null, "disused:railway": null, "memorial": null, "unisex": null, "toilets:disposal": null, "portable": null, "level": null, "fee": null, "ele:ft": null, "description": null, "wheelchair": null, "opening_hours": null, "shelter": null, "public_transport": null, "operator": null, "network:wikidata": null, "network:short": null, "network": null, "bus": null, "bench": null, "supervised": null, "historic": null, "alt_name": null, "backrest": null, "shop": null, "button_operated": null, "parking": null, "information": null, "check_date": null, "board_type": null, "ford": null, "crossing_ref": null, "amenity": null, "foot": null, "bicycle": null, "crossing:signals": null, "waterway": null, "distance": null, "tourism": null, "tactile_paving": null, "power": null, "noref": null, "piste:dismount": null, "landuse": null, "addr:state": null, "source:prominence": null, "prominence": null, "name:lkt": null, "name:dak": null, "alt_name:arp": null, "leisure": null, "source:ele": null, "natural": null, "mountain_pass": null, "direction": null, "material": null, "access": null, "flashing_lights": null, "crossing:island": null, "motor_vehicle": null, "barrier": null, "traffic_signals:direction": null, "wikipedia": null, "website": null, "source:population": null, "population:date": null, "population": null, "name:zh": null, "name:vi": null, "name:uz": null, "name:ur": null, "name:uk": null, "name:tt": null, "name:tl": null, "name:th": null, "name:tg": null, "name:sw": null, "name:sr": null, "name:sq": null, "name:sl": null, "name:sa": null, "name:ru": null, "name:os": null, "name:nv": null, "name:mr": null, "name:mn": null, "name:ml": null, "name:mk": null, "name:lv": null, "name:lt": null, "name:la": null, "name:ky": null, "name:kw": null, "name:ko": null, "name:kk": null, "name:ka": null, "name:ja": null, "name:hy": null, "name:ht": null, "name:he": null, "name:gl": null, "name:gd": null, "name:ga": null, "name:fa": null, "name:en": null, "name:el": null, "name:cy": null, "name:ce": null, "name:bn": null, "name:bg": null, "name:be": null, "name:az": null, "name:ar": null, "capital": null, "wikidata": null, "place": null, "name": null, "gnis:feature_id": null, "ele": null, "kerb": null, "ref": null, "stop": null, "junction": null, "traffic_signals": null, "railway": null, "highway": "crossing", "crossing:markings": null, "crossing": null }, "geometry": { "type": "Point", "coordinates": [ -104.9872821, 38.8136355 ] } },
{ "type": "Feature", "properties": { "full_id": "n433318375", "osm_id": "433318375", "osm_type": "node", "traffic_sign": null, "generator:type": null, "generator:source": null, "generator:output:electricity": null, "generator:method": null, "capacity": null, "start_date": null, "operator:wikidata": null, "operator:type": null, "operator:short": null, "official_name": null, "monitoring:water_level": null, "monitoring:flow_rate": null, "ele:datum": null, "ele:accuracy": null, "disused:man_made": null, "horse": null, "bicycle_parking": null, "female": null, "male": null, "changing_table": null, "inscription": null, "entrance": null, "disused:railway": null, "memorial": null, "unisex": null, "toilets:disposal": null, "portable": null, "level": null, "fee": null, "ele:ft": null, "description": null, "wheelchair": null, "opening_hours": null, "shelter": null, "public_transport": null, "operator": null, "network:wikidata": null, "network:short": null, "network": null, "bus": null, "bench": null, "supervised": null, "historic": null, "alt_name": null, "backrest": null, "shop": null, "button_operated": null, "parking": null, "information": null, "check_date": null, "board_type": null, "ford": null, "crossing_ref": null, "amenity": null, "foot": null, "bicycle": null, "crossing:signals": null, "waterway": null, "distance": null, "tourism": null, "tactile_paving": null, "power": "tower", "noref": null, "piste:dismount": null, "landuse": null, "addr:state": null, "source:prominence": null, "prominence": null, "name:lkt": null, "name:dak": null, "alt_name:arp": null, "leisure": null, "source:ele": null, "natural": null, "mountain_pass": null, "direction": null, "material": null, "access": null, "flashing_lights": null, "crossing:island": null, "motor_vehicle": null, "barrier": null, "traffic_signals:direction": null, "wikipedia": null, "website": null, "source:population": null, "population:date": null, "population": null, "name:zh": null, "name:vi": null, "name:uz": null, "name:ur": null, "name:uk": null, "name:tt": null, "name:tl": null, "name:th": null, "name:tg": null, "name:sw": null, "name:sr": null, "name:sq": null, "name:sl": null, "name:sa": null, "name:ru": null, "name:os": null, "name:nv": null, "name:mr": null, "name:mn": null, "name:ml": null, "name:mk": null, "name:lv": null, "name:lt": null, "name:la": null, "name:ky": null, "name:kw": null, "name:ko": null, "name:kk": null, "name:ka": null, "name:ja": null, "name:hy": null, "name:ht": null, "name:he": null, "name:gl": null, "name:gd": null, "name:ga": null, "name:fa": null, "name:en": null, "name:el": null, "name:cy": null, "name:ce": null, "name:bn": null, "name:bg": null, "name:be": null, "name:az": null, "name:ar": null, "capital": null, "wikidata": null, "place": null, "name": null, "gnis:feature_id": null, "ele": null, "kerb": null, "ref": null, "stop": null, "junction": null, "traffic_signals": null, "railway": null, "highway": null, "crossing:markings": null, "crossing": null }, "geometry": { "type": "Point", "coordinates": [ -104.9310588, 38.8549115 ] } },
{ "type": "Feature", "properties": { "full_id": "n4919394061", "osm_id": "4919394061", "osm_type": "node", "traffic_sign": null, "generator:type": null, "generator:source": null, "generator:output:electricity": null, "generator:method": null, "capacity": null, "start_date": null, "operator:wikidata": null, "operator:type": null, "operator:short": null, "official_name": null, "monitoring:water_level": null, "monitoring:flow_rate": null, "ele:datum": null, "ele:accuracy": null, "disused:man_made": null, "horse": null, "bicycle_parking": null, "female": null, "male": null, "changing_table": null, "inscription": null, "entrance": null, "disused:railway": null, "memorial": null, "unisex": null, "toilets:disposal": null, "portable": null, "level": null, "fee": null, "ele:ft": null, "description": null, "wheelchair": null, "opening_hours": null, "shelter": null, "public_transport": null, "operator": null, "network:wikidata": null, "network:short": null, "network": null, "bus": null, "bench": null, "supervised": null, "historic": null, "alt_name": null, "backrest": null, "shop": null, "button_operated": null, "parking": null, "information": "guidepost", "check_date": null, "board_type": null, "ford": null, "crossing_ref": null, "amenity": null, "foot": null, "bicycle": null, "crossing:signals": null, "waterway": null, "distance": null, "tourism": "information", "tactile_paving": null, "power": null, "noref": null, "piste:dismount": null, "landuse": null, "addr:state": null, "source:prominence": null, "prominence": null, "name:lkt": null, "name:dak": null, "alt_name:arp": null, "leisure": null, "source:ele": null, "natural": null, "mountain_pass": null, "direction": null, "material": null, "access": null, "flashing_lights": null, "crossing:island": null, "motor_vehicle": null, "barrier": null, "traffic_signals:direction": null, "wikipedia": null, "website": null, "source:population": null, "population:date": null, "population": null, "name:zh": null, "name:vi": null, "name:uz": null, "name:ur": null, "name:uk": null, "name:tt": null, "name:tl": null, "name:th": null, "name:tg": null, "name:sw": null, "name:sr": null, "name:sq": null, "name:sl": null, "name:sa": null, "name:ru": null, "name:os": null, "name:nv": null, "name:mr": null, "name:mn": null, "name:ml": null, "name:mk": null, "name:lv": null, "name:lt": null, "name:la": null, "name:ky": null, "name:kw": null, "name:ko": null, "name:kk": null, "name:ka": null, "name:ja": null, "name:hy": null, "name:ht": null, "name:he": null, "name:gl": null, "name:gd": null, "name:ga": null, "name:fa": null, "name:en": null, "name:el": null, "name:cy": null, "name:ce": null, "name:bn": null, "name:bg": null, "name:be": null, "name:az": null, "name:ar": null, "capital": null, "wikidata": null, "place": null, "name": "1.5 Miles", "gnis:feature_id": null, "ele": null, "kerb": null, "ref": null, "stop": null, "junction": null, "traffic_signals": null, "railway": null, "highway": null, "crossing:markings": null, "crossing": null }, "geometry": { "type": "Point", "coordinates": [ -104.942027, 38.8562714 ] } },
{ "type": "Feature", "properties": { "full_id": "n433318372", "osm_id": "433318372", "osm_type": "node", "traffic_sign": null, "generator:type": null, "generator:source": null, "generator:output:electricity": null, "generator:method": null, "capacity": null, "start_date": null, "operator:wikidata": null, "operator:type": null, "operator:short": null, "official_name": null, "monitoring:water_level": null, "monitoring:flow_rate": null, "ele:datum": null, "ele:accuracy": null, "disused:man_made": null, "horse": null, "bicycle_parking": null, "female": null, "male": null, "changing_table": null, "inscription": null, "entrance": null, "disused:railway": null, "memorial": null, "unisex": null, "toilets:disposal": null, "portable": null, "level": null, "fee": null, "ele:ft": null, "description": null, "wheelchair": null, "opening_hours": null, "shelter": null, "public_transport": null, "operator": null, "network:wikidata": null, "network:short": null, "network": null, "bus": null, "bench": null, "supervised": null, "historic": null, "alt_name": null, "backrest": null, "shop": null, "button_operated": null, "parking": null, "information": null, "check_date": null, "board_type": null, "ford": null, "crossing_ref": null, "amenity": null, "foot": null, "bicycle": null, "crossing:signals": null, "waterway": null, "distance": null, "tourism": null, "tactile_paving": null, "power": "tower", "noref": null, "piste:dismount": null, "landuse": null, "addr:state": null, "source:prominence": null, "prominence": null, "name:lkt": null, "name:dak": null, "alt_name:arp": null, "leisure": null, "source:ele": null, "natural": null, "mountain_pass": null, "direction": null, "material": null, "access": null, "flashing_lights": null, "crossing:island": null, "motor_vehicle": null, "barrier": null, "traffic_signals:direction": null, "wikipedia": null, "website": null, "source:population": null, "population:date": null, "population": null, "name:zh": null, "name:vi": null, "name:uz": null, "name:ur": null, "name:uk": null, "name:tt": null, "name:tl": null, "name:th": null, "name:tg": null, "name:sw": null, "name:sr": null, "name:sq": null, "name:sl": null, "name:sa": null, "name:ru": null, "name:os": null, "name:nv": null, "name:mr": null, "name:mn": null, "name:ml": null, "name:mk": null, "name:lv": null, "name:lt": null, "name:la": null, "name:ky": null, "name:kw": null, "name:ko": null, "name:kk": null, "name:ka": null, "name:ja": null, "name:hy": null, "name:ht": null, "name:he": null, "name:gl": null, "name:gd": null, "name:ga": null, "name:fa": null, "name:en": null, "name:el": null, "name:cy": null, "name:ce": null, "name:bn": null, "name:bg": null, "name:be": null, "name:az": null, "name:ar": null, "capital": null, "wikidata": null, "place": null, "name": null, "gnis:feature_id": null, "ele": null, "kerb": null, "ref": null, "stop": null, "junction": null, "traffic_signals": null, "railway": null, "highway": null, "crossing:markings": null, "crossing": null }, "geometry": { "type": "Point", "coordinates": [ -104.9277886, 38.8553593 ] } },
{ "type": "Feature", "properties": { "full_id": "n4919394060", "osm_id": "4919394060", "osm_type": "node", "traffic_sign": null, "generator:type": null, "generator:source": null, "generator:output:electricity": null, "generator:method": null, "capacity": null, "start_date": null, "operator:wikidata": null, "operator:type": null, "operator:short": null, "official_name": null, "monitoring:water_level": null, "monitoring:flow_rate": null, "ele:datum": null, "ele:accuracy": null, "disused:man_made": null, "horse": null, "bicycle_parking": null, "female": null, "male": null, "changing_table": null, "inscription": null, "entrance": null, "disused:railway": null, "memorial": null, "unisex": null, "toilets:disposal": null, "portable": null, "level": null, "fee": null, "ele:ft": null, "description": null, "wheelchair": null, "opening_hours": null, "shelter": null, "public_transport": null, "operator": null, "network:wikidata": null, "network:short": null, "network": null, "bus": null, "bench": null, "supervised": null, "historic": null, "alt_name": null, "backrest": null, "shop": null, "button_operated": null, "parking": null, "information": "guidepost", "check_date": null, "board_type": null, "ford": null, "crossing_ref": null, "amenity": null, "foot": null, "bicycle": null, "crossing:signals": null, "waterway": null, "distance": null, "tourism": "information", "tactile_paving": null, "power": null, "noref": null, "piste:dismount": null, "landuse": null, "addr:state": null, "source:prominence": null, "prominence": null, "name:lkt": null, "name:dak": null, "alt_name:arp": null, "leisure": null, "source:ele": null, "natural": null, "mountain_pass": null, "direction": null, "material": null, "access": null, "flashing_lights": null, "crossing:island": null, "motor_vehicle": null, "barrier": null, "traffic_signals:direction": null, "wikipedia": null, "website": null, "source:population": null, "population:date": null, "population": null, "name:zh": null, "name:vi": null, "name:uz": null, "name:ur": null, "name:uk": null, "name:tt": null, "name:tl": null, "name:th": null, "name:tg": null, "name:sw": null, "name:sr": null, "name:sq": null, "name:sl": null, "name:sa": null, "name:ru": null, "name:os": null, "name:nv": null, "name:mr": null, "name:mn": null, "name:ml": null, "name:mk": null, "name:lv": null, "name:lt": null, "name:la": null, "name:ky": null, "name:kw": null, "name:ko": null, "name:kk": null, "name:ka": null, "name:ja": null, "name:hy": null, "name:ht": null, "name:he": null, "name:gl": null, "name:gd": null, "name:ga": null, "name:fa": null, "name:en": null, "name:el": null, "name:cy": null, "name:ce": null, "name:bn": null, "name:bg": null, "name:be": null, "name:az": null, "name:ar": null, "capital": null, "wikidata": null, "place": null, "name": "1/2 Mile", "gnis:feature_id": null, "ele": null, "kerb": null, "ref": null, "stop": null, "junction": null, "traffic_signals": null, "railway": null, "highway": null, "crossing:markings": null, "crossing": null }, "geometry": { "type": "Point", "coordinates": [ -104.9385532, 38.8528417 ] } },
{ "type": "Feature", "properties": { "full_id": "n433318370", "osm_id": "433318370", "osm_type": "node", "traffic_sign": null, "generator:type": null, "generator:source": null, "generator:output:electricity": null, "generator:method": null, "capacity": null, "start_date": null, "operator:wikidata": null, "operator:type": null, "operator:short": null, "official_name": null, "monitoring:water_level": null, "monitoring:flow_rate": null, "ele:datum": null, "ele:accuracy": null, "disused:man_made": null, "horse": null, "bicycle_parking": null, "female": null, "male": null, "changing_table": null, "inscription": null, "entrance": null, "disused:railway": null, "memorial": null, "unisex": null, "toilets:disposal": null, "portable": null, "level": null, "fee": null, "ele:ft": null, "description": null, "wheelchair": null, "opening_hours": null, "shelter": null, "public_transport": null, "operator": null, "network:wikidata": null, "network:short": null, "network": null, "bus": null, "bench": null, "supervised": null, "historic": null, "alt_name": null, "backrest": null, "shop": null, "button_operated": null, "parking": null, "information": null, "check_date": null, "board_type": null, "ford": null, "crossing_ref": null, "amenity": null, "foot": null, "bicycle": null, "crossing:signals": null, "waterway": null, "distance": null, "tourism": null, "tactile_paving": null, "power": "tower", "noref": null, "piste:dismount": null, "landuse": null, "addr:state": null, "source:prominence": null, "prominence": null, "name:lkt": null, "name:dak": null, "alt_name:arp": null, "leisure": null, "source:ele": null, "natural": null, "mountain_pass": null, "direction": null, "material": null, "access": null, "flashing_lights": null, "crossing:island": null, "motor_vehicle": null, "barrier": null, "traffic_signals:direction": null, "wikipedia": null, "website": null, "source:population": null, "population:date": null, "population": null, "name:zh": null, "name:vi": null, "name:uz": null, "name:ur": null, "name:uk": null, "name:tt": null, "name:tl": null, "name:th": null, "name:tg": null, "name:sw": null, "name:sr": null, "name:sq": null, "name:sl": null, "name:sa": null, "name:ru": null, "name:os": null, "name:nv": null, "name:mr": null, "name:mn": null, "name:ml": null, "name:mk": null, "name:lv": null, "name:lt": null, "name:la": null, "name:ky": null, "name:kw": null, "name:ko": null, "name:kk": null, "name:ka": null, "name:ja": null, "name:hy": null, "name:ht": null, "name:he": null, "name:gl": null, "name:gd": null, "name:ga": null, "name:fa": null, "name:en": null, "name:el": null, "name:cy": null, "name:ce": null, "name:bn": null, "name:bg": null, "name:be": null, "name:az": null, "name:ar": null, "capital": null, "wikidata": null, "place": null, "name": null, "gnis:feature_id": null, "ele": null, "kerb": null, "ref": null, "stop": null, "junction": null, "traffic_signals": null, "railway": null, "highway": null, "crossing:markings": null, "crossing": null }, "geometry": { "type": "Point", "coordinates": [ -104.9256171, 38.8556534 ] } },
{ "type": "Feature", "properties": { "full_id": "n12459078193", "osm_id": "12459078193", "osm_type": "node", "traffic_sign": null, "generator:type": null, "generator:source": null, "generator:output:electricity": null, "generator:method": null, "capacity": "4", "start_date": null, "operator:wikidata": null, "operator:type": null, "operator:short": null, "official_name": null, "monitoring:water_level": null, "monitoring:flow_rate": null, "ele:datum": null, "ele:accuracy": null, "disused:man_made": null, "horse": null, "bicycle_parking": "wall_loops", "female": null, "male": null, "changing_table": null, "inscription": null, "entrance": null, "disused:railway": null, "memorial": null, "unisex": null, "toilets:disposal": null, "portable": null, "level": null, "fee": "no", "ele:ft": null, "description": null, "wheelchair": null, "opening_hours": null, "shelter": null, "public_transport": null, "operator": null, "network:wikidata": null, "network:short": null, "network": null, "bus": null, "bench": null, "supervised": null, "historic": null, "alt_name": null, "backrest": null, "shop": null, "button_operated": null, "parking": null, "information": null, "check_date": null, "board_type": null, "ford": null, "crossing_ref": null, "amenity": "bicycle_parking", "foot": null, "bicycle": null, "crossing:signals": null, "waterway": null, "distance": null, "tourism": null, "tactile_paving": null, "power": null, "noref": null, "piste:dismount": null, "landuse": null, "addr:state": null, "source:prominence": null, "prominence": null, "name:lkt": null, "name:dak": null, "alt_name:arp": null, "leisure": null, "source:ele": null, "natural": null, "mountain_pass": null, "direction": null, "material": null, "access": null, "flashing_lights": null, "crossing:island": null, "motor_vehicle": null, "barrier": null, "traffic_signals:direction": null, "wikipedia": null, "website": null, "source:population": null, "population:date": null, "population": null, "name:zh": null, "name:vi": null, "name:uz": null, "name:ur": null, "name:uk": null, "name:tt": null, "name:tl": null, "name:th": null, "name:tg": null, "name:sw": null, "name:sr": null, "name:sq": null, "name:sl": null, "name:sa": null, "name:ru": null, "name:os": null, "name:nv": null, "name:mr": null, "name:mn": null, "name:ml": null, "name:mk": null, "name:lv": null, "name:lt": null, "name:la": null, "name:ky": null, "name:kw": null, "name:ko": null, "name:kk": null, "name:ka": null, "name:ja": null, "name:hy": null, "name:ht": null, "name:he": null, "name:gl": null, "name:gd": null, "name:ga": null, "name:fa": null, "name:en": null, "name:el": null, "name:cy": null, "name:ce": null, "name:bn": null, "name:bg": null, "name:be": null, "name:az": null, "name:ar": null, "capital": null, "wikidata": null, "place": null, "name": null, "gnis:feature_id": null, "ele": null, "kerb": null, "ref": null, "stop": null, "junction": null, "traffic_signals": null, "railway": null, "highway": null, "crossing:markings": null, "crossing": null }, "geometry": { "type": "Point", "coordinates": [ -104.9312017, 38.8567356 ] } },
{ "type": "Feature", "properties": { "full_id": "n433318366", "osm_id": "433318366", "osm_type": "node", "traffic_sign": null, "generator:type": null, "generator:source": null, "generator:output:electricity": null, "generator:method": null, "capacity": null, "start_date": null, "operator:wikidata": null, "operator:type": null, "operator:short": null, "official_name": null, "monitoring:water_level": null, "monitoring:flow_rate": null, "ele:datum": null, "ele:accuracy": null, "disused:man_made": null, "horse": null, "bicycle_parking": null, "female": null, "male": null, "changing_table": null, "inscription": null, "entrance": null, "disused:railway": null, "memorial": null, "unisex": null, "toilets:disposal": null, "portable": null, "level": null, "fee": null, "ele:ft": null, "description": null, "wheelchair": null, "opening_hours": null, "shelter": null, "public_transport": null, "operator": null, "network:wikidata": null, "network:short": null, "network": null, "bus": null, "bench": null, "supervised": null, "historic": null, "alt_name": null, "backrest": null, "shop": null, "button_operated": null, "parking": null, "information": null, "check_date": null, "board_type": null, "ford": null, "crossing_ref": null, "amenity": null, "foot": null, "bicycle": null, "crossing:signals": null, "waterway": null, "distance": null, "tourism": null, "tactile_paving": null, "power": "tower", "noref": null, "piste:dismount": null, "landuse": null, "addr:state": null, "source:prominence": null, "prominence": null, "name:lkt": null, "name:dak": null, "alt_name:arp": null, "leisure": null, "source:ele": null, "natural": null, "mountain_pass": null, "direction": null, "material": null, "access": null, "flashing_lights": null, "crossing:island": null, "motor_vehicle": null, "barrier": null, "traffic_signals:direction": null, "wikipedia": null, "website": null, "source:population": null, "population:date": null, "population": null, "name:zh": null, "name:vi": null, "name:uz": null, "name:ur": null, "name:uk": null, "name:tt": null, "name:tl": null, "name:th": null, "name:tg": null, "name:sw": null, "name:sr": null, "name:sq": null, "name:sl": null, "name:sa": null, "name:ru": null, "name:os": null, "name:nv": null, "name:mr": null, "name:mn": null, "name:ml": null, "name:mk": null, "name:lv": null, "name:lt": null, "name:la": null, "name:ky": null, "name:kw": null, "name:ko": null, "name:kk": null, "name:ka": null, "name:ja": null, "name:hy": null, "name:ht": null, "name:he": null, "name:gl": null, "name:gd": null, "name:ga": null, "name:fa": null, "name:en": null, "name:el": null, "name:cy": null, "name:ce": null, "name:bn": null, "name:bg": null, "name:be": null, "name:az": null, "name:ar": null, "capital": null, "wikidata": null, "place": null, "name": null, "gnis:feature_id": null, "ele": null, "kerb": null, "ref": null, "stop": null, "junction": null, "traffic_signals": null, "railway": null, "highway": null, "crossing:markings": null, "crossing": null }, "geometry": { "type": "Point", "coordinates": [ -104.92251, 38.8552724 ] } },
{ "type": "Feature", "properties": { "full_id": "n4944964897", "osm_id": "4944964897", "osm_type": "node", "traffic_sign": null, "generator:type": null, "generator:source": null, "generator:output:electricity": null, "generator:method": null, "capacity": null, "start_date": null, "operator:wikidata": null, "operator:type": null, "operator:short": null, "official_name": null, "monitoring:water_level": null, "monitoring:flow_rate": null, "ele:datum": null, "ele:accuracy": null, "disused:man_made": null, "horse": null, "bicycle_parking": null, "female": null, "male": null, "changing_table": null, "inscription": null, "entrance": null, "disused:railway": null, "memorial": null, "unisex": "yes", "toilets:disposal": "chemical", "portable": "yes", "level": "0", "fee": "no", "ele:ft": null, "description": null, "wheelchair": "no", "opening_hours": null, "shelter": null, "public_transport": null, "operator": null, "network:wikidata": null, "network:short": null, "network": null, "bus": null, "bench": null, "supervised": null, "historic": null, "alt_name": null, "backrest": null, "shop": null, "button_operated": null, "parking": null, "information": null, "check_date": null, "board_type": null, "ford": null, "crossing_ref": null, "amenity": "toilets", "foot": null, "bicycle": null, "crossing:signals": null, "waterway": null, "distance": null, "tourism": null, "tactile_paving": null, "power": null, "noref": null, "piste:dismount": null, "landuse": null, "addr:state": null, "source:prominence": null, "prominence": null, "name:lkt": null, "name:dak": null, "alt_name:arp": null, "leisure": null, "source:ele": null, "natural": null, "mountain_pass": null, "direction": null, "material": null, "access": "yes", "flashing_lights": null, "crossing:island": null, "motor_vehicle": null, "barrier": null, "traffic_signals:direction": null, "wikipedia": null, "website": null, "source:population": null, "population:date": null, "population": null, "name:zh": null, "name:vi": null, "name:uz": null, "name:ur": null, "name:uk": null, "name:tt": null, "name:tl": null, "name:th": null, "name:tg": null, "name:sw": null, "name:sr": null, "name:sq": null, "name:sl": null, "name:sa": null, "name:ru": null, "name:os": null, "name:nv": null, "name:mr": null, "name:mn": null, "name:ml": null, "name:mk": null, "name:lv": null, "name:lt": null, "name:la": null, "name:ky": null, "name:kw": null, "name:ko": null, "name:kk": null, "name:ka": null, "name:ja": null, "name:hy": null, "name:ht": null, "name:he": null, "name:gl": null, "name:gd": null, "name:ga": null, "name:fa": null, "name:en": null, "name:el": null, "name:cy": null, "name:ce": null, "name:bn": null, "name:bg": null, "name:be": null, "name:az": null, "name:ar": null, "capital": null, "wikidata": null, "place": null, "name": null, "gnis:feature_id": null, "ele": null, "kerb": null, "ref": null, "stop": null, "junction": null, "traffic_signals": null, "railway": null, "highway": null, "crossing:markings": null, "crossing": null }, "geometry": { "type": "Point", "coordinates": [ -104.9314037, 38.856891 ] } },
{ "type": "Feature", "properties": { "full_id": "n4944964622", "osm_id": "4944964622", "osm_type": "node", "traffic_sign": null, "generator:type": null, "generator:source": null, "generator:output:electricity": null, "generator:method": null, "capacity": null, "start_date": null, "operator:wikidata": null, "operator:type": null, "operator:short": null, "official_name": null, "monitoring:water_level": null, "monitoring:flow_rate": null, "ele:datum": null, "ele:accuracy": null, "disused:man_made": null, "horse": null, "bicycle_parking": null, "female": null, "male": null, "changing_table": null, "inscription": null, "entrance": null, "disused:railway": null, "memorial": null, "unisex": null, "toilets:disposal": null, "portable": null, "level": null, "fee": null, "ele:ft": null, "description": null, "wheelchair": null, "opening_hours": null, "shelter": null, "public_transport": null, "operator": null, "network:wikidata": null, "network:short": null, "network": null, "bus": null, "bench": null, "supervised": null, "historic": null, "alt_name": null, "backrest": "yes", "shop": null, "button_operated": null, "parking": null, "information": null, "check_date": null, "board_type": null, "ford": null, "crossing_ref": null, "amenity": "bench", "foot": null, "bicycle": null, "crossing:signals": null, "waterway": null, "distance": null, "tourism": null, "tactile_paving": null, "power": null, "noref": null, "piste:dismount": null, "landuse": null, "addr:state": null, "source:prominence": null, "prominence": null, "name:lkt": null, "name:dak": null, "alt_name:arp": null, "leisure": null, "source:ele": null, "natural": null, "mountain_pass": null, "direction": null, "material": null, "access": null, "flashing_lights": null, "crossing:island": null, "motor_vehicle": null, "barrier": null, "traffic_signals:direction": null, "wikipedia": null, "website": null, "source:population": null, "population:date": null, "population": null, "name:zh": null, "name:vi": null, "name:uz": null, "name:ur": null, "name:uk": null, "name:tt": null, "name:tl": null, "name:th": null, "name:tg": null, "name:sw": null, "name:sr": null, "name:sq": null, "name:sl": null, "name:sa": null, "name:ru": null, "name:os": null, "name:nv": null, "name:mr": null, "name:mn": null, "name:ml": null, "name:mk": null, "name:lv": null, "name:lt": null, "name:la": null, "name:ky": null, "name:kw": null, "name:ko": null, "name:kk": null, "name:ka": null, "name:ja": null, "name:hy": null, "name:ht": null, "name:he": null, "name:gl": null, "name:gd": null, "name:ga": null, "name:fa": null, "name:en": null, "name:el": null, "name:cy": null, "name:ce": null, "name:bn": null, "name:bg": null, "name:be": null, "name:az": null, "name:ar": null, "capital": null, "wikidata": null, "place": null, "name": null, "gnis:feature_id": null, "ele": null, "kerb": null, "ref": null, "stop": null, "junction": null, "traffic_signals": null, "railway": null, "highway": null, "crossing:markings": null, "crossing": null }, "geometry": { "type": "Point", "coordinates": [ -104.9321896, 38.8568855 ] } },
{ "type": "Feature", "properties": { "full_id": "n12593290133", "osm_id": "12593290133", "osm_type": "node", "traffic_sign": null, "generator:type": null, "generator:source": null, "generator:output:electricity": null, "generator:method": null, "capacity": null, "start_date": null, "operator:wikidata": null, "operator:type": null, "operator:short": null, "official_name": null, "monitoring:water_level": null, "monitoring:flow_rate": null, "ele:datum": null, "ele:accuracy": null, "disused:man_made": null, "horse": null, "bicycle_parking": null, "female": null, "male": null, "changing_table": null, "inscription": null, "entrance": null, "disused:railway": null, "memorial": null, "unisex": null, "toilets:disposal": null, "portable": null, "level": null, "fee": null, "ele:ft": null, "description": null, "wheelchair": null, "opening_hours": null, "shelter": null, "public_transport": null, "operator": null, "network:wikidata": null, "network:short": null, "network": null, "bus": null, "bench": null, "supervised": null, "historic": null, "alt_name": null, "backrest": null, "shop": null, "button_operated": null, "parking": null, "information": null, "check_date": null, "board_type": null, "ford": "yes", "crossing_ref": null, "amenity": null, "foot": null, "bicycle": null, "crossing:signals": null, "waterway": null, "distance": null, "tourism": null, "tactile_paving": null, "power": null, "noref": null, "piste:dismount": null, "landuse": null, "addr:state": null, "source:prominence": null, "prominence": null, "name:lkt": null, "name:dak": null, "alt_name:arp": null, "leisure": null, "source:ele": null, "natural": null, "mountain_pass": null, "direction": null, "material": null, "access": null, "flashing_lights": null, "crossing:island": null, "motor_vehicle": null, "barrier": null, "traffic_signals:direction": null, "wikipedia": null, "website": null, "source:population": null, "population:date": null, "population": null, "name:zh": null, "name:vi": null, "name:uz": null, "name:ur": null, "name:uk": null, "name:tt": null, "name:tl": null, "name:th": null, "name:tg": null, "name:sw": null, "name:sr": null, "name:sq": null, "name:sl": null, "name:sa": null, "name:ru": null, "name:os": null, "name:nv": null, "name:mr": null, "name:mn": null, "name:ml": null, "name:mk": null, "name:lv": null, "name:lt": null, "name:la": null, "name:ky": null, "name:kw": null, "name:ko": null, "name:kk": null, "name:ka": null, "name:ja": null, "name:hy": null, "name:ht": null, "name:he": null, "name:gl": null, "name:gd": null, "name:ga": null, "name:fa": null, "name:en": null, "name:el": null, "name:cy": null, "name:ce": null, "name:bn": null, "name:bg": null, "name:be": null, "name:az": null, "name:ar": null, "capital": null, "wikidata": null, "place": null, "name": null, "gnis:feature_id": null, "ele": null, "kerb": null, "ref": null, "stop": null, "junction": null, "traffic_signals": null, "railway": null, "highway": null, "crossing:markings": null, "crossing": null }, "geometry": { "type": "Point", "coordinates": [ -104.9888769, 38.8205996 ] } },
{ "type": "Feature", "properties": { "full_id": "n12593290116", "osm_id": "12593290116", "osm_type": "node", "traffic_sign": null, "generator:type": "pelton_turbine", "generator:source": "hydro", "generator:output:electricity": "1.0 MW", "generator:method": "water-storage", "capacity": null, "start_date": null, "operator:wikidata": null, "operator:type": null, "operator:short": null, "official_name": null, "monitoring:water_level": null, "monitoring:flow_rate": null, "ele:datum": null, "ele:accuracy": null, "disused:man_made": null, "horse": null, "bicycle_parking": null, "female": null, "male": null, "changing_table": null, "inscription": null, "entrance": null, "disused:railway": null, "memorial": null, "unisex": null, "toilets:disposal": null, "portable": null, "level": null, "fee": null, "ele:ft": null, "description": null, "wheelchair": null, "opening_hours": null, "shelter": null, "public_transport": null, "operator": "City of Colorado Springs", "network:wikidata": null, "network:short": null, "network": null, "bus": null, "bench": null, "supervised": null, "historic": null, "alt_name": null, "backrest": null, "shop": null, "button_operated": null, "parking": null, "information": null, "check_date": null, "board_type": null, "ford": null, "crossing_ref": null, "amenity": null, "foot": null, "bicycle": null, "crossing:signals": null, "waterway": null, "distance": null, "tourism": null, "tactile_paving": null, "power": "generator", "noref": null, "piste:dismount": null, "landuse": null, "addr:state": null, "source:prominence": null, "prominence": null, "name:lkt": null, "name:dak": null, "alt_name:arp": null, "leisure": null, "source:ele": null, "natural": null, "mountain_pass": null, "direction": null, "material": null, "access": null, "flashing_lights": null, "crossing:island": null, "motor_vehicle": null, "barrier": null, "traffic_signals:direction": null, "wikipedia": null, "website": null, "source:population": null, "population:date": null, "population": null, "name:zh": null, "name:vi": null, "name:uz": null, "name:ur": null, "name:uk": null, "name:tt": null, "name:tl": null, "name:th": null, "name:tg": null, "name:sw": null, "name:sr": null, "name:sq": null, "name:sl": null, "name:sa": null, "name:ru": null, "name:os": null, "name:nv": null, "name:mr": null, "name:mn": null, "name:ml": null, "name:mk": null, "name:lv": null, "name:lt": null, "name:la": null, "name:ky": null, "name:kw": null, "name:ko": null, "name:kk": null, "name:ka": null, "name:ja": null, "name:hy": null, "name:ht": null, "name:he": null, "name:gl": null, "name:gd": null, "name:ga": null, "name:fa": null, "name:en": null, "name:el": null, "name:cy": null, "name:ce": null, "name:bn": null, "name:bg": null, "name:be": null, "name:az": null, "name:ar": null, "capital": null, "wikidata": null, "place": null, "name": null, "gnis:feature_id": null, "ele": null, "kerb": null, "ref": null, "stop": null, "junction": null, "traffic_signals": null, "railway": null, "highway": null, "crossing:markings": null, "crossing": null }, "geometry": { "type": "Point", "coordinates": [ -104.9738278, 38.8413274 ] } },
{ "type": "Feature", "properties": { "full_id": "n433318378", "osm_id": "433318378", "osm_type": "node", "traffic_sign": null, "generator:type": null, "generator:source": null, "generator:output:electricity": null, "generator:method": null, "capacity": null, "start_date": null, "operator:wikidata": null, "operator:type": null, "operator:short": null, "official_name": null, "monitoring:water_level": null, "monitoring:flow_rate": null, "ele:datum": null, "ele:accuracy": null, "disused:man_made": null, "horse": null, "bicycle_parking": null, "female": null, "male": null, "changing_table": null, "inscription": null, "entrance": null, "disused:railway": null, "memorial": null, "unisex": null, "toilets:disposal": null, "portable": null, "level": null, "fee": null, "ele:ft": null, "description": null, "wheelchair": null, "opening_hours": null, "shelter": null, "public_transport": null, "operator": null, "network:wikidata": null, "network:short": null, "network": null, "bus": null, "bench": null, "supervised": null, "historic": null, "alt_name": null, "backrest": null, "shop": null, "button_operated": null, "parking": null, "information": null, "check_date": null, "board_type": null, "ford": null, "crossing_ref": null, "amenity": null, "foot": null, "bicycle": null, "crossing:signals": null, "waterway": null, "distance": null, "tourism": null, "tactile_paving": null, "power": "tower", "noref": null, "piste:dismount": null, "landuse": null, "addr:state": null, "source:prominence": null, "prominence": null, "name:lkt": null, "name:dak": null, "alt_name:arp": null, "leisure": null, "source:ele": null, "natural": null, "mountain_pass": null, "direction": null, "material": null, "access": null, "flashing_lights": null, "crossing:island": null, "motor_vehicle": null, "barrier": null, "traffic_signals:direction": null, "wikipedia": null, "website": null, "source:population": null, "population:date": null, "population": null, "name:zh": null, "name:vi": null, "name:uz": null, "name:ur": null, "name:uk": null, "name:tt": null, "name:tl": null, "name:th": null, "name:tg": null, "name:sw": null, "name:sr": null, "name:sq": null, "name:sl": null, "name:sa": null, "name:ru": null, "name:os": null, "name:nv": null, "name:mr": null, "name:mn": null, "name:ml": null, "name:mk": null, "name:lv": null, "name:lt": null, "name:la": null, "name:ky": null, "name:kw": null, "name:ko": null, "name:kk": null, "name:ka": null, "name:ja": null, "name:hy": null, "name:ht": null, "name:he": null, "name:gl": null, "name:gd": null, "name:ga": null, "name:fa": null, "name:en": null, "name:el": null, "name:cy": null, "name:ce": null, "name:bn": null, "name:bg": null, "name:be": null, "name:az": null, "name:ar": null, "capital": null, "wikidata": null, "place": null, "name": null, "gnis:feature_id": null, "ele": null, "kerb": null, "ref": null, "stop": null, "junction": null, "traffic_signals": null, "railway": null, "highway": null, "crossing:markings": null, "crossing": null }, "geometry": { "type": "Point", "coordinates": [ -104.9320973, 38.8549917 ] } },
{ "type": "Feature", "properties": { "full_id": "n5040870947", "osm_id": "5040870947", "osm_type": "node", "traffic_sign": null, "generator:type": null, "generator:source": null, "generator:output:electricity": null, "generator:method": null, "capacity": null, "start_date": null, "operator:wikidata": null, "operator:type": null, "operator:short": null, "official_name": null, "monitoring:water_level": null, "monitoring:flow_rate": null, "ele:datum": null, "ele:accuracy": null, "disused:man_made": null, "horse": null, "bicycle_parking": null, "female": null, "male": null, "changing_table": null, "inscription": null, "entrance": null, "disused:railway": null, "memorial": null, "unisex": null, "toilets:disposal": null, "portable": null, "level": null, "fee": null, "ele:ft": null, "description": null, "wheelchair": null, "opening_hours": null, "shelter": null, "public_transport": null, "operator": null, "network:wikidata": null, "network:short": null, "network": null, "bus": null, "bench": null, "supervised": null, "historic": null, "alt_name": null, "backrest": null, "shop": null, "button_operated": null, "parking": null, "information": null, "check_date": null, "board_type": null, "ford": null, "crossing_ref": null, "amenity": null, "foot": null, "bicycle": null, "crossing:signals": null, "waterway": null, "distance": null, "tourism": "viewpoint", "tactile_paving": null, "power": null, "noref": null, "piste:dismount": null, "landuse": null, "addr:state": null, "source:prominence": null, "prominence": null, "name:lkt": null, "name:dak": null, "alt_name:arp": null, "leisure": null, "source:ele": null, "natural": null, "mountain_pass": null, "direction": null, "material": null, "access": null, "flashing_lights": null, "crossing:island": null, "motor_vehicle": null, "barrier": null, "traffic_signals:direction": null, "wikipedia": null, "website": null, "source:population": null, "population:date": null, "population": null, "name:zh": null, "name:vi": null, "name:uz": null, "name:ur": null, "name:uk": null, "name:tt": null, "name:tl": null, "name:th": null, "name:tg": null, "name:sw": null, "name:sr": null, "name:sq": null, "name:sl": null, "name:sa": null, "name:ru": null, "name:os": null, "name:nv": null, "name:mr": null, "name:mn": null, "name:ml": null, "name:mk": null, "name:lv": null, "name:lt": null, "name:la": null, "name:ky": null, "name:kw": null, "name:ko": null, "name:kk": null, "name:ka": null, "name:ja": null, "name:hy": null, "name:ht": null, "name:he": null, "name:gl": null, "name:gd": null, "name:ga": null, "name:fa": null, "name:en": null, "name:el": null, "name:cy": null, "name:ce": null, "name:bn": null, "name:bg": null, "name:be": null, "name:az": null, "name:ar": null, "capital": null, "wikidata": null, "place": null, "name": null, "gnis:feature_id": null, "ele": null, "kerb": null, "ref": null, "stop": null, "junction": null, "traffic_signals": null, "railway": null, "highway": null, "crossing:markings": null, "crossing": null }, "geometry": { "type": "Point", "coordinates": [ -105.0416075, 38.8412444 ] } },
{ "type": "Feature", "properties": { "full_id": "n5040868397", "osm_id": "5040868397", "osm_type": "node", "traffic_sign": null, "generator:type": null, "generator:source": null, "generator:output:electricity": null, "generator:method": null, "capacity": null, "start_date": null, "operator:wikidata": null, "operator:type": null, "operator:short": null, "official_name": null, "monitoring:water_level": null, "monitoring:flow_rate": null, "ele:datum": null, "ele:accuracy": null, "disused:man_made": null, "horse": null, "bicycle_parking": null, "female": null, "male": null, "changing_table": null, "inscription": null, "entrance": null, "disused:railway": null, "memorial": "plaque", "unisex": null, "toilets:disposal": null, "portable": null, "level": null, "fee": null, "ele:ft": null, "description": null, "wheelchair": null, "opening_hours": null, "shelter": null, "public_transport": null, "operator": null, "network:wikidata": null, "network:short": null, "network": null, "bus": null, "bench": null, "supervised": null, "historic": "memorial", "alt_name": null, "backrest": null, "shop": null, "button_operated": null, "parking": null, "information": null, "check_date": null, "board_type": null, "ford": null, "crossing_ref": null, "amenity": null, "foot": null, "bicycle": null, "crossing:signals": null, "waterway": null, "distance": null, "tourism": null, "tactile_paving": null, "power": null, "noref": null, "piste:dismount": null, "landuse": null, "addr:state": null, "source:prominence": null, "prominence": null, "name:lkt": null, "name:dak": null, "alt_name:arp": null, "leisure": null, "source:ele": null, "natural": null, "mountain_pass": null, "direction": null, "material": null, "access": null, "flashing_lights": null, "crossing:island": null, "motor_vehicle": null, "barrier": null, "traffic_signals:direction": null, "wikipedia": null, "website": null, "source:population": null, "population:date": null, "population": null, "name:zh": null, "name:vi": null, "name:uz": null, "name:ur": null, "name:uk": null, "name:tt": null, "name:tl": null, "name:th": null, "name:tg": null, "name:sw": null, "name:sr": null, "name:sq": null, "name:sl": null, "name:sa": null, "name:ru": null, "name:os": null, "name:nv": null, "name:mr": null, "name:mn": null, "name:ml": null, "name:mk": null, "name:lv": null, "name:lt": null, "name:la": null, "name:ky": null, "name:kw": null, "name:ko": null, "name:kk": null, "name:ka": null, "name:ja": null, "name:hy": null, "name:ht": null, "name:he": null, "name:gl": null, "name:gd": null, "name:ga": null, "name:fa": null, "name:en": null, "name:el": null, "name:cy": null, "name:ce": null, "name:bn": null, "name:bg": null, "name:be": null, "name:az": null, "name:ar": null, "capital": null, "wikidata": null, "place": null, "name": null, "gnis:feature_id": null, "ele": null, "kerb": null, "ref": null, "stop": null, "junction": null, "traffic_signals": null, "railway": null, "highway": null, "crossing:markings": null, "crossing": null }, "geometry": { "type": "Point", "coordinates": [ -105.0425194, 38.8411496 ] } },
{ "type": "Feature", "properties": { "full_id": "n5040866946", "osm_id": "5040866946", "osm_type": "node", "traffic_sign": null, "generator:type": null, "generator:source": null, "generator:output:electricity": null, "generator:method": null, "capacity": null, "start_date": null, "operator:wikidata": null, "operator:type": null, "operator:short": null, "official_name": null, "monitoring:water_level": null, "monitoring:flow_rate": null, "ele:datum": null, "ele:accuracy": null, "disused:man_made": null, "horse": null, "bicycle_parking": null, "female": null, "male": null, "changing_table": null, "inscription": null, "entrance": null, "disused:railway": null, "memorial": null, "unisex": null, "toilets:disposal": null, "portable": null, "level": null, "fee": null, "ele:ft": null, "description": null, "wheelchair": null, "opening_hours": null, "shelter": null, "public_transport": null, "operator": null, "network:wikidata": null, "network:short": null, "network": null, "bus": null, "bench": null, "supervised": null, "historic": null, "alt_name": null, "backrest": null, "shop": null, "button_operated": null, "parking": null, "information": null, "check_date": null, "board_type": null, "ford": null, "crossing_ref": null, "amenity": null, "foot": null, "bicycle": null, "crossing:signals": null, "waterway": null, "distance": null, "tourism": "viewpoint", "tactile_paving": null, "power": null, "noref": null, "piste:dismount": null, "landuse": null, "addr:state": null, "source:prominence": null, "prominence": null, "name:lkt": null, "name:dak": null, "alt_name:arp": null, "leisure": null, "source:ele": null, "natural": null, "mountain_pass": null, "direction": null, "material": null, "access": null, "flashing_lights": null, "crossing:island": null, "motor_vehicle": null, "barrier": null, "traffic_signals:direction": null, "wikipedia": null, "website": null, "source:population": null, "population:date": null, "population": null, "name:zh": null, "name:vi": null, "name:uz": null, "name:ur": null, "name:uk": null, "name:tt": null, "name:tl": null, "name:th": null, "name:tg": null, "name:sw": null, "name:sr": null, "name:sq": null, "name:sl": null, "name:sa": null, "name:ru": null, "name:os": null, "name:nv": null, "name:mr": null, "name:mn": null, "name:ml": null, "name:mk": null, "name:lv": null, "name:lt": null, "name:la": null, "name:ky": null, "name:kw": null, "name:ko": null, "name:kk": null, "name:ka": null, "name:ja": null, "name:hy": null, "name:ht": null, "name:he": null, "name:gl": null, "name:gd": null, "name:ga": null, "name:fa": null, "name:en": null, "name:el": null, "name:cy": null, "name:ce": null, "name:bn": null, "name:bg": null, "name:be": null, "name:az": null, "name:ar": null, "capital": null, "wikidata": null, "place": null, "name": null, "gnis:feature_id": null, "ele": null, "kerb": null, "ref": null, "stop": null, "junction": null, "traffic_signals": null, "railway": null, "highway": null, "crossing:markings": null, "crossing": null }, "geometry": { "type": "Point", "coordinates": [ -105.0423531, 38.8400229 ] } },
{ "type": "Feature", "properties": { "full_id": "n12737882692", "osm_id": "12737882692", "osm_type": "node", "traffic_sign": null, "generator:type": null, "generator:source": null, "generator:output:electricity": null, "generator:method": null, "capacity": null, "start_date": null, "operator:wikidata": null, "operator:type": null, "operator:short": null, "official_name": null, "monitoring:water_level": null, "monitoring:flow_rate": null, "ele:datum": null, "ele:accuracy": null, "disused:man_made": null, "horse": null, "bicycle_parking": null, "female": null, "male": null, "changing_table": null, "inscription": null, "entrance": null, "disused:railway": null, "memorial": null, "unisex": null, "toilets:disposal": null, "portable": null, "level": null, "fee": null, "ele:ft": null, "description": null, "wheelchair": null, "opening_hours": null, "shelter": null, "public_transport": null, "operator": null, "network:wikidata": null, "network:short": null, "network": null, "bus": null, "bench": null, "supervised": null, "historic": null, "alt_name": null, "backrest": null, "shop": null, "button_operated": null, "parking": null, "information": null, "check_date": null, "board_type": null, "ford": null, "crossing_ref": null, "amenity": null, "foot": null, "bicycle": null, "crossing:signals": null, "waterway": null, "distance": null, "tourism": null, "tactile_paving": null, "power": null, "noref": null, "piste:dismount": null, "landuse": null, "addr:state": null, "source:prominence": null, "prominence": null, "name:lkt": null, "name:dak": null, "alt_name:arp": null, "leisure": null, "source:ele": null, "natural": "peak", "mountain_pass": null, "direction": null, "material": null, "access": null, "flashing_lights": null, "crossing:island": null, "motor_vehicle": null, "barrier": null, "traffic_signals:direction": null, "wikipedia": null, "website": null, "source:population": null, "population:date": null, "population": null, "name:zh": null, "name:vi": null, "name:uz": null, "name:ur": null, "name:uk": null, "name:tt": null, "name:tl": null, "name:th": null, "name:tg": null, "name:sw": null, "name:sr": null, "name:sq": null, "name:sl": null, "name:sa": null, "name:ru": null, "name:os": null, "name:nv": null, "name:mr": null, "name:mn": null, "name:ml": null, "name:mk": null, "name:lv": null, "name:lt": null, "name:la": null, "name:ky": null, "name:kw": null, "name:ko": null, "name:kk": null, "name:ka": null, "name:ja": null, "name:hy": null, "name:ht": null, "name:he": null, "name:gl": null, "name:gd": null, "name:ga": null, "name:fa": null, "name:en": null, "name:el": null, "name:cy": null, "name:ce": null, "name:bn": null, "name:bg": null, "name:be": null, "name:az": null, "name:ar": null, "capital": null, "wikidata": null, "place": null, "name": "Tuckaway Mountain", "gnis:feature_id": null, "ele": "3303", "kerb": null, "ref": null, "stop": null, "junction": null, "traffic_signals": null, "railway": null, "highway": null, "crossing:markings": null, "crossing": null }, "geometry": { "type": "Point", "coordinates": [ -104.9712328, 38.8141102 ] } },
{ "type": "Feature", "properties": { "full_id": "n4251626691", "osm_id": "4251626691", "osm_type": "node", "traffic_sign": null, "generator:type": null, "generator:source": null, "generator:output:electricity": null, "generator:method": null, "capacity": null, "start_date": null, "operator:wikidata": null, "operator:type": null, "operator:short": null, "official_name": null, "monitoring:water_level": null, "monitoring:flow_rate": null, "ele:datum": null, "ele:accuracy": null, "disused:man_made": null, "horse": null, "bicycle_parking": null, "female": null, "male": null, "changing_table": null, "inscription": null, "entrance": null, "disused:railway": null, "memorial": null, "unisex": null, "toilets:disposal": null, "portable": null, "level": null, "fee": null, "ele:ft": null, "description": null, "wheelchair": null, "opening_hours": null, "shelter": null, "public_transport": null, "operator": null, "network:wikidata": null, "network:short": null, "network": null, "bus": null, "bench": null, "supervised": null, "historic": null, "alt_name": null, "backrest": null, "shop": null, "button_operated": null, "parking": null, "information": "guidepost", "check_date": null, "board_type": null, "ford": null, "crossing_ref": null, "amenity": null, "foot": null, "bicycle": null, "crossing:signals": null, "waterway": null, "distance": null, "tourism": "information", "tactile_paving": null, "power": null, "noref": null, "piste:dismount": null, "landuse": null, "addr:state": null, "source:prominence": null, "prominence": null, "name:lkt": null, "name:dak": null, "alt_name:arp": null, "leisure": null, "source:ele": null, "natural": null, "mountain_pass": null, "direction": null, "material": null, "access": null, "flashing_lights": null, "crossing:island": null, "motor_vehicle": null, "barrier": null, "traffic_signals:direction": null, "wikipedia": null, "website": null, "source:population": null, "population:date": null, "population": null, "name:zh": null, "name:vi": null, "name:uz": null, "name:ur": null, "name:uk": null, "name:tt": null, "name:tl": null, "name:th": null, "name:tg": null, "name:sw": null, "name:sr": null, "name:sq": null, "name:sl": null, "name:sa": null, "name:ru": null, "name:os": null, "name:nv": null, "name:mr": null, "name:mn": null, "name:ml": null, "name:mk": null, "name:lv": null, "name:lt": null, "name:la": null, "name:ky": null, "name:kw": null, "name:ko": null, "name:kk": null, "name:ka": null, "name:ja": null, "name:hy": null, "name:ht": null, "name:he": null, "name:gl": null, "name:gd": null, "name:ga": null, "name:fa": null, "name:en": null, "name:el": null, "name:cy": null, "name:ce": null, "name:bn": null, "name:bg": null, "name:be": null, "name:az": null, "name:ar": null, "capital": null, "wikidata": null, "place": null, "name": "2 Miles", "gnis:feature_id": null, "ele": null, "kerb": null, "ref": null, "stop": null, "junction": null, "traffic_signals": null, "railway": null, "highway": null, "crossing:markings": null, "crossing": null }, "geometry": { "type": "Point", "coordinates": [ -104.9439499, 38.8551122 ] } },
{ "type": "Feature", "properties": { "full_id": "n4730022811", "osm_id": "4730022811", "osm_type": "node", "traffic_sign": null, "generator:type": null, "generator:source": null, "generator:output:electricity": null, "generator:method": null, "capacity": null, "start_date": null, "operator:wikidata": null, "operator:type": null, "operator:short": null, "official_name": null, "monitoring:water_level": null, "monitoring:flow_rate": null, "ele:datum": null, "ele:accuracy": null, "disused:man_made": null, "horse": null, "bicycle_parking": null, "female": null, "male": null, "changing_table": null, "inscription": null, "entrance": null, "disused:railway": null, "memorial": null, "unisex": null, "toilets:disposal": null, "portable": null, "level": null, "fee": null, "ele:ft": null, "description": null, "wheelchair": null, "opening_hours": null, "shelter": "yes", "public_transport": "platform", "operator": "Mountain Metropolitan Transit", "network:wikidata": "Q6925119", "network:short": "MMT", "network": "Mountain Metropolitan Transit", "bus": "yes", "bench": "no", "supervised": null, "historic": null, "alt_name": null, "backrest": null, "shop": null, "button_operated": null, "parking": null, "information": null, "check_date": null, "board_type": null, "ford": null, "crossing_ref": null, "amenity": null, "foot": null, "bicycle": null, "crossing:signals": null, "waterway": null, "distance": null, "tourism": null, "tactile_paving": null, "power": null, "noref": null, "piste:dismount": null, "landuse": null, "addr:state": null, "source:prominence": null, "prominence": null, "name:lkt": null, "name:dak": null, "alt_name:arp": null, "leisure": null, "source:ele": null, "natural": null, "mountain_pass": null, "direction": null, "material": null, "access": null, "flashing_lights": null, "crossing:island": null, "motor_vehicle": null, "barrier": null, "traffic_signals:direction": null, "wikipedia": null, "website": null, "source:population": null, "population:date": null, "population": null, "name:zh": null, "name:vi": null, "name:uz": null, "name:ur": null, "name:uk": null, "name:tt": null, "name:tl": null, "name:th": null, "name:tg": null, "name:sw": null, "name:sr": null, "name:sq": null, "name:sl": null, "name:sa": null, "name:ru": null, "name:os": null, "name:nv": null, "name:mr": null, "name:mn": null, "name:ml": null, "name:mk": null, "name:lv": null, "name:lt": null, "name:la": null, "name:ky": null, "name:kw": null, "name:ko": null, "name:kk": null, "name:ka": null, "name:ja": null, "name:hy": null, "name:ht": null, "name:he": null, "name:gl": null, "name:gd": null, "name:ga": null, "name:fa": null, "name:en": null, "name:el": null, "name:cy": null, "name:ce": null, "name:bn": null, "name:bg": null, "name:be": null, "name:az": null, "name:ar": null, "capital": null, "wikidata": null, "place": null, "name": "Incline & Cog", "gnis:feature_id": null, "ele": null, "kerb": null, "ref": null, "stop": null, "junction": null, "traffic_signals": null, "railway": null, "highway": "bus_stop", "crossing:markings": null, "crossing": null }, "geometry": { "type": "Point", "coordinates": [ -104.9317124, 38.8559863 ] } },
{ "type": "Feature", "properties": { "full_id": "n4462175617", "osm_id": "4462175617", "osm_type": "node", "traffic_sign": null, "generator:type": null, "generator:source": null, "generator:output:electricity": null, "generator:method": null, "capacity": null, "start_date": null, "operator:wikidata": null, "operator:type": null, "operator:short": null, "official_name": null, "monitoring:water_level": null, "monitoring:flow_rate": null, "ele:datum": null, "ele:accuracy": null, "disused:man_made": null, "horse": null, "bicycle_parking": null, "female": null, "male": null, "changing_table": null, "inscription": null, "entrance": null, "disused:railway": null, "memorial": null, "unisex": null, "toilets:disposal": null, "portable": null, "level": null, "fee": null, "ele:ft": null, "description": null, "wheelchair": null, "opening_hours": null, "shelter": null, "public_transport": null, "operator": null, "network:wikidata": null, "network:short": null, "network": null, "bus": null, "bench": null, "supervised": "no", "historic": null, "alt_name": null, "backrest": null, "shop": null, "button_operated": null, "parking": null, "information": null, "check_date": null, "board_type": null, "ford": null, "crossing_ref": null, "amenity": null, "foot": null, "bicycle": null, "crossing:signals": null, "waterway": null, "distance": null, "tourism": null, "tactile_paving": null, "power": null, "noref": null, "piste:dismount": null, "landuse": null, "addr:state": null, "source:prominence": null, "prominence": null, "name:lkt": null, "name:dak": null, "alt_name:arp": null, "leisure": null, "source:ele": null, "natural": null, "mountain_pass": null, "direction": null, "material": null, "access": null, "flashing_lights": null, "crossing:island": null, "motor_vehicle": null, "barrier": null, "traffic_signals:direction": null, "wikipedia": null, "website": null, "source:population": null, "population:date": null, "population": null, "name:zh": null, "name:vi": null, "name:uz": null, "name:ur": null, "name:uk": null, "name:tt": null, "name:tl": null, "name:th": null, "name:tg": null, "name:sw": null, "name:sr": null, "name:sq": null, "name:sl": null, "name:sa": null, "name:ru": null, "name:os": null, "name:nv": null, "name:mr": null, "name:mn": null, "name:ml": null, "name:mk": null, "name:lv": null, "name:lt": null, "name:la": null, "name:ky": null, "name:kw": null, "name:ko": null, "name:kk": null, "name:ka": null, "name:ja": null, "name:hy": null, "name:ht": null, "name:he": null, "name:gl": null, "name:gd": null, "name:ga": null, "name:fa": null, "name:en": null, "name:el": null, "name:cy": null, "name:ce": null, "name:bn": null, "name:bg": null, "name:be": null, "name:az": null, "name:ar": null, "capital": null, "wikidata": null, "place": null, "name": null, "gnis:feature_id": null, "ele": null, "kerb": null, "ref": null, "stop": null, "junction": null, "traffic_signals": null, "railway": "crossing", "highway": null, "crossing:markings": null, "crossing": "unmarked" }, "geometry": { "type": "Point", "coordinates": [ -105.0419585, 38.840526 ] } },
{ "type": "Feature", "properties": { "full_id": "n4458646290", "osm_id": "4458646290", "osm_type": "node", "traffic_sign": null, "generator:type": null, "generator:source": null, "generator:output:electricity": null, "generator:method": null, "capacity": null, "start_date": null, "operator:wikidata": null, "operator:type": null, "operator:short": null, "official_name": null, "monitoring:water_level": null, "monitoring:flow_rate": null, "ele:datum": null, "ele:accuracy": null, "disused:man_made": null, "horse": null, "bicycle_parking": null, "female": null, "male": null, "changing_table": null, "inscription": null, "entrance": null, "disused:railway": null, "memorial": null, "unisex": null, "toilets:disposal": null, "portable": null, "level": null, "fee": null, "ele:ft": null, "description": null, "wheelchair": null, "opening_hours": null, "shelter": null, "public_transport": null, "operator": null, "network:wikidata": null, "network:short": null, "network": null, "bus": null, "bench": null, "supervised": null, "historic": "memorial", "alt_name": null, "backrest": null, "shop": null, "button_operated": null, "parking": null, "information": null, "check_date": null, "board_type": null, "ford": null, "crossing_ref": null, "amenity": null, "foot": null, "bicycle": null, "crossing:signals": null, "waterway": null, "distance": null, "tourism": null, "tactile_paving": null, "power": null, "noref": null, "piste:dismount": null, "landuse": null, "addr:state": null, "source:prominence": null, "prominence": null, "name:lkt": null, "name:dak": null, "alt_name:arp": null, "leisure": null, "source:ele": null, "natural": null, "mountain_pass": null, "direction": null, "material": null, "access": null, "flashing_lights": null, "crossing:island": null, "motor_vehicle": null, "barrier": null, "traffic_signals:direction": null, "wikipedia": null, "website": null, "source:population": null, "population:date": null, "population": null, "name:zh": null, "name:vi": null, "name:uz": null, "name:ur": null, "name:uk": null, "name:tt": null, "name:tl": null, "name:th": null, "name:tg": null, "name:sw": null, "name:sr": null, "name:sq": null, "name:sl": null, "name:sa": null, "name:ru": null, "name:os": null, "name:nv": null, "name:mr": null, "name:mn": null, "name:ml": null, "name:mk": null, "name:lv": null, "name:lt": null, "name:la": null, "name:ky": null, "name:kw": null, "name:ko": null, "name:kk": null, "name:ka": null, "name:ja": null, "name:hy": null, "name:ht": null, "name:he": null, "name:gl": null, "name:gd": null, "name:ga": null, "name:fa": null, "name:en": "America the Beautiful", "name:el": null, "name:cy": null, "name:ce": null, "name:bn": null, "name:bg": null, "name:be": null, "name:az": null, "name:ar": null, "capital": null, "wikidata": null, "place": null, "name": "America the Beautiful", "gnis:feature_id": null, "ele": null, "kerb": null, "ref": null, "stop": null, "junction": null, "traffic_signals": null, "railway": null, "highway": null, "crossing:markings": null, "crossing": null }, "geometry": { "type": "Point", "coordinates": [ -105.0424921, 38.840558 ] } },
{ "type": "Feature", "properties": { "full_id": "n358928782", "osm_id": "358928782", "osm_type": "node", "traffic_sign": null, "generator:type": null, "generator:source": null, "generator:output:electricity": null, "generator:method": null, "capacity": null, "start_date": null, "operator:wikidata": null, "operator:type": null, "operator:short": null, "official_name": null, "monitoring:water_level": null, "monitoring:flow_rate": null, "ele:datum": null, "ele:accuracy": null, "disused:man_made": null, "horse": null, "bicycle_parking": null, "female": null, "male": null, "changing_table": null, "inscription": null, "entrance": null, "disused:railway": null, "memorial": null, "unisex": null, "toilets:disposal": null, "portable": null, "level": null, "fee": null, "ele:ft": null, "description": null, "wheelchair": null, "opening_hours": null, "shelter": null, "public_transport": null, "operator": null, "network:wikidata": null, "network:short": null, "network": null, "bus": null, "bench": null, "supervised": null, "historic": null, "alt_name": null, "backrest": null, "shop": null, "button_operated": null, "parking": null, "information": null, "check_date": null, "board_type": null, "ford": null, "crossing_ref": null, "amenity": null, "foot": null, "bicycle": null, "crossing:signals": null, "waterway": null, "distance": null, "tourism": null, "tactile_paving": null, "power": null, "noref": null, "piste:dismount": null, "landuse": null, "addr:state": null, "source:prominence": null, "prominence": null, "name:lkt": null, "name:dak": null, "alt_name:arp": null, "leisure": null, "source:ele": null, "natural": "peak", "mountain_pass": null, "direction": null, "material": null, "access": null, "flashing_lights": null, "crossing:island": null, "motor_vehicle": null, "barrier": null, "traffic_signals:direction": null, "wikipedia": null, "website": null, "source:population": null, "population:date": null, "population": null, "name:zh": null, "name:vi": null, "name:uz": null, "name:ur": null, "name:uk": null, "name:tt": null, "name:tl": null, "name:th": null, "name:tg": null, "name:sw": null, "name:sr": null, "name:sq": null, "name:sl": null, "name:sa": null, "name:ru": null, "name:os": null, "name:nv": null, "name:mr": null, "name:mn": null, "name:ml": null, "name:mk": null, "name:lv": null, "name:lt": null, "name:la": null, "name:ky": null, "name:kw": null, "name:ko": null, "name:kk": null, "name:ka": null, "name:ja": null, "name:hy": null, "name:ht": null, "name:he": null, "name:gl": null, "name:gd": null, "name:ga": null, "name:fa": null, "name:en": null, "name:el": null, "name:cy": null, "name:ce": null, "name:bn": null, "name:bg": null, "name:be": null, "name:az": null, "name:ar": null, "capital": null, "wikidata": null, "place": null, "name": "Marys Mountain", "gnis:feature_id": "193436", "ele": "3004", "kerb": null, "ref": null, "stop": null, "junction": null, "traffic_signals": null, "railway": null, "highway": null, "crossing:markings": null, "crossing": null }, "geometry": { "type": "Point", "coordinates": [ -104.9733098, 38.8341553 ] } },
{ "type": "Feature", "properties": { "full_id": "n4740862786", "osm_id": "4740862786", "osm_type": "node", "traffic_sign": null, "generator:type": null, "generator:source": null, "generator:output:electricity": null, "generator:method": null, "capacity": null, "start_date": null, "operator:wikidata": null, "operator:type": null, "operator:short": null, "official_name": null, "monitoring:water_level": null, "monitoring:flow_rate": null, "ele:datum": null, "ele:accuracy": null, "disused:man_made": null, "horse": null, "bicycle_parking": null, "female": null, "male": null, "changing_table": null, "inscription": null, "entrance": null, "disused:railway": null, "memorial": null, "unisex": null, "toilets:disposal": null, "portable": null, "level": null, "fee": null, "ele:ft": null, "description": null, "wheelchair": null, "opening_hours": null, "shelter": null, "public_transport": null, "operator": null, "network:wikidata": null, "network:short": null, "network": null, "bus": null, "bench": null, "supervised": null, "historic": null, "alt_name": null, "backrest": null, "shop": null, "button_operated": null, "parking": null, "information": null, "check_date": null, "board_type": null, "ford": null, "crossing_ref": null, "amenity": null, "foot": null, "bicycle": null, "crossing:signals": null, "waterway": null, "distance": null, "tourism": null, "tactile_paving": null, "power": null, "noref": null, "piste:dismount": null, "landuse": null, "addr:state": null, "source:prominence": null, "prominence": null, "name:lkt": null, "name:dak": null, "alt_name:arp": null, "leisure": null, "source:ele": null, "natural": null, "mountain_pass": null, "direction": null, "material": null, "access": "private", "flashing_lights": null, "crossing:island": null, "motor_vehicle": null, "barrier": "gate", "traffic_signals:direction": null, "wikipedia": null, "website": null, "source:population": null, "population:date": null, "population": null, "name:zh": null, "name:vi": null, "name:uz": null, "name:ur": null, "name:uk": null, "name:tt": null, "name:tl": null, "name:th": null, "name:tg": null, "name:sw": null, "name:sr": null, "name:sq": null, "name:sl": null, "name:sa": null, "name:ru": null, "name:os": null, "name:nv": null, "name:mr": null, "name:mn": null, "name:ml": null, "name:mk": null, "name:lv": null, "name:lt": null, "name:la": null, "name:ky": null, "name:kw": null, "name:ko": null, "name:kk": null, "name:ka": null, "name:ja": null, "name:hy": null, "name:ht": null, "name:he": null, "name:gl": null, "name:gd": null, "name:ga": null, "name:fa": null, "name:en": null, "name:el": null, "name:cy": null, "name:ce": null, "name:bn": null, "name:bg": null, "name:be": null, "name:az": null, "name:ar": null, "capital": null, "wikidata": null, "place": null, "name": null, "gnis:feature_id": null, "ele": null, "kerb": null, "ref": null, "stop": null, "junction": null, "traffic_signals": null, "railway": null, "highway": null, "crossing:markings": null, "crossing": null }, "geometry": { "type": "Point", "coordinates": [ -104.9262098, 38.8617627 ] } },
{ "type": "Feature", "properties": { "full_id": "n4868898190", "osm_id": "4868898190", "osm_type": "node", "traffic_sign": null, "generator:type": null, "generator:source": null, "generator:output:electricity": null, "generator:method": null, "capacity": null, "start_date": null, "operator:wikidata": null, "operator:type": null, "operator:short": null, "official_name": null, "monitoring:water_level": null, "monitoring:flow_rate": null, "ele:datum": null, "ele:accuracy": null, "disused:man_made": null, "horse": null, "bicycle_parking": null, "female": null, "male": null, "changing_table": null, "inscription": null, "entrance": null, "disused:railway": null, "memorial": null, "unisex": null, "toilets:disposal": null, "portable": null, "level": null, "fee": null, "ele:ft": "7000", "description": null, "wheelchair": null, "opening_hours": null, "shelter": null, "public_transport": null, "operator": null, "network:wikidata": null, "network:short": null, "network": null, "bus": null, "bench": null, "supervised": null, "historic": null, "alt_name": null, "backrest": null, "shop": null, "button_operated": null, "parking": null, "information": "guidepost", "check_date": null, "board_type": null, "ford": null, "crossing_ref": null, "amenity": null, "foot": null, "bicycle": null, "crossing:signals": null, "waterway": null, "distance": null, "tourism": "information", "tactile_paving": null, "power": null, "noref": null, "piste:dismount": null, "landuse": null, "addr:state": null, "source:prominence": null, "prominence": null, "name:lkt": null, "name:dak": null, "alt_name:arp": null, "leisure": null, "source:ele": null, "natural": null, "mountain_pass": null, "direction": null, "material": null, "access": null, "flashing_lights": null, "crossing:island": null, "motor_vehicle": null, "barrier": null, "traffic_signals:direction": null, "wikipedia": null, "website": null, "source:population": null, "population:date": null, "population": null, "name:zh": null, "name:vi": null, "name:uz": null, "name:ur": null, "name:uk": null, "name:tt": null, "name:tl": null, "name:th": null, "name:tg": null, "name:sw": null, "name:sr": null, "name:sq": null, "name:sl": null, "name:sa": null, "name:ru": null, "name:os": null, "name:nv": null, "name:mr": null, "name:mn": null, "name:ml": null, "name:mk": null, "name:lv": null, "name:lt": null, "name:la": null, "name:ky": null, "name:kw": null, "name:ko": null, "name:kk": null, "name:ka": null, "name:ja": null, "name:hy": null, "name:ht": null, "name:he": null, "name:gl": null, "name:gd": null, "name:ga": null, "name:fa": null, "name:en": null, "name:el": null, "name:cy": null, "name:ce": null, "name:bn": null, "name:bg": null, "name:be": null, "name:az": null, "name:ar": null, "capital": null, "wikidata": null, "place": null, "name": null, "gnis:feature_id": null, "ele": "2134", "kerb": null, "ref": null, "stop": null, "junction": null, "traffic_signals": null, "railway": null, "highway": null, "crossing:markings": null, "crossing": null }, "geometry": { "type": "Point", "coordinates": [ -104.936952, 38.8660996 ] } },
{ "type": "Feature", "properties": { "full_id": "n358926699", "osm_id": "358926699", "osm_type": "node", "traffic_sign": null, "generator:type": null, "generator:source": null, "generator:output:electricity": null, "generator:method": null, "capacity": null, "start_date": null, "operator:wikidata": null, "operator:type": null, "operator:short": null, "official_name": null, "monitoring:water_level": null, "monitoring:flow_rate": null, "ele:datum": null, "ele:accuracy": null, "disused:man_made": null, "horse": null, "bicycle_parking": null, "female": null, "male": null, "changing_table": null, "inscription": null, "entrance": null, "disused:railway": null, "memorial": null, "unisex": null, "toilets:disposal": null, "portable": null, "level": null, "fee": null, "ele:ft": null, "description": null, "wheelchair": null, "opening_hours": null, "shelter": null, "public_transport": null, "operator": null, "network:wikidata": null, "network:short": null, "network": null, "bus": null, "bench": null, "supervised": null, "historic": null, "alt_name": null, "backrest": null, "shop": null, "button_operated": null, "parking": null, "information": null, "check_date": null, "board_type": null, "ford": null, "crossing_ref": null, "amenity": null, "foot": null, "bicycle": null, "crossing:signals": null, "waterway": null, "distance": null, "tourism": null, "tactile_paving": null, "power": null, "noref": null, "piste:dismount": null, "landuse": null, "addr:state": null, "source:prominence": null, "prominence": null, "name:lkt": null, "name:dak": null, "alt_name:arp": null, "leisure": null, "source:ele": null, "natural": "cliff", "mountain_pass": null, "direction": null, "material": null, "access": null, "flashing_lights": null, "crossing:island": null, "motor_vehicle": null, "barrier": null, "traffic_signals:direction": null, "wikipedia": null, "website": null, "source:population": null, "population:date": null, "population": null, "name:zh": null, "name:vi": null, "name:uz": null, "name:ur": null, "name:uk": null, "name:tt": null, "name:tl": null, "name:th": null, "name:tg": null, "name:sw": null, "name:sr": null, "name:sq": null, "name:sl": null, "name:sa": null, "name:ru": null, "name:os": null, "name:nv": null, "name:mr": null, "name:mn": null, "name:ml": null, "name:mk": null, "name:lv": null, "name:lt": null, "name:la": null, "name:ky": null, "name:kw": null, "name:ko": null, "name:kk": null, "name:ka": null, "name:ja": null, "name:hy": null, "name:ht": null, "name:he": null, "name:gl": null, "name:gd": null, "name:ga": null, "name:fa": null, "name:en": null, "name:el": null, "name:cy": null, "name:ce": null, "name:bn": null, "name:bg": null, "name:be": null, "name:az": null, "name:ar": null, "capital": null, "wikidata": null, "place": null, "name": "Windy Point", "gnis:feature_id": "191235", "ele": "3667", "kerb": null, "ref": null, "stop": null, "junction": null, "traffic_signals": null, "railway": null, "highway": null, "crossing:markings": null, "crossing": null }, "geometry": { "type": "Point", "coordinates": [ -105.0216434, 38.814432 ] } },
{ "type": "Feature", "properties": { "full_id": "n4868898189", "osm_id": "4868898189", "osm_type": "node", "traffic_sign": null, "generator:type": null, "generator:source": null, "generator:output:electricity": null, "generator:method": null, "capacity": null, "start_date": null, "operator:wikidata": null, "operator:type": null, "operator:short": null, "official_name": null, "monitoring:water_level": null, "monitoring:flow_rate": null, "ele:datum": null, "ele:accuracy": null, "disused:man_made": null, "horse": null, "bicycle_parking": null, "female": null, "male": null, "changing_table": null, "inscription": null, "entrance": null, "disused:railway": null, "memorial": null, "unisex": null, "toilets:disposal": null, "portable": null, "level": null, "fee": null, "ele:ft": null, "description": "History of trail", "wheelchair": null, "opening_hours": null, "shelter": null, "public_transport": null, "operator": null, "network:wikidata": null, "network:short": null, "network": null, "bus": null, "bench": null, "supervised": null, "historic": null, "alt_name": null, "backrest": null, "shop": null, "button_operated": null, "parking": null, "information": "board", "check_date": null, "board_type": "history", "ford": null, "crossing_ref": null, "amenity": null, "foot": null, "bicycle": null, "crossing:signals": null, "waterway": null, "distance": null, "tourism": "information", "tactile_paving": null, "power": null, "noref": null, "piste:dismount": null, "landuse": null, "addr:state": null, "source:prominence": null, "prominence": null, "name:lkt": null, "name:dak": null, "alt_name:arp": null, "leisure": null, "source:ele": null, "natural": null, "mountain_pass": null, "direction": null, "material": null, "access": null, "flashing_lights": null, "crossing:island": null, "motor_vehicle": null, "barrier": null, "traffic_signals:direction": null, "wikipedia": null, "website": null, "source:population": null, "population:date": null, "population": null, "name:zh": null, "name:vi": null, "name:uz": null, "name:ur": null, "name:uk": null, "name:tt": null, "name:tl": null, "name:th": null, "name:tg": null, "name:sw": null, "name:sr": null, "name:sq": null, "name:sl": null, "name:sa": null, "name:ru": null, "name:os": null, "name:nv": null, "name:mr": null, "name:mn": null, "name:ml": null, "name:mk": null, "name:lv": null, "name:lt": null, "name:la": null, "name:ky": null, "name:kw": null, "name:ko": null, "name:kk": null, "name:ka": null, "name:ja": null, "name:hy": null, "name:ht": null, "name:he": null, "name:gl": null, "name:gd": null, "name:ga": null, "name:fa": null, "name:en": null, "name:el": null, "name:cy": null, "name:ce": null, "name:bn": null, "name:bg": null, "name:be": null, "name:az": null, "name:ar": null, "capital": null, "wikidata": null, "place": null, "name": null, "gnis:feature_id": null, "ele": null, "kerb": null, "ref": null, "stop": null, "junction": null, "traffic_signals": null, "railway": null, "highway": null, "crossing:markings": null, "crossing": null }, "geometry": { "type": "Point", "coordinates": [ -104.9369361, 38.8661037 ] } },
{ "type": "Feature", "properties": { "full_id": "n358928794", "osm_id": "358928794", "osm_type": "node", "traffic_sign": null, "generator:type": null, "generator:source": null, "generator:output:electricity": null, "generator:method": null, "capacity": null, "start_date": null, "operator:wikidata": null, "operator:type": null, "operator:short": null, "official_name": null, "monitoring:water_level": null, "monitoring:flow_rate": null, "ele:datum": null, "ele:accuracy": null, "disused:man_made": null, "horse": null, "bicycle_parking": null, "female": null, "male": null, "changing_table": null, "inscription": null, "entrance": null, "disused:railway": null, "memorial": null, "unisex": null, "toilets:disposal": null, "portable": null, "level": null, "fee": null, "ele:ft": null, "description": null, "wheelchair": null, "opening_hours": null, "shelter": null, "public_transport": null, "operator": null, "network:wikidata": null, "network:short": null, "network": null, "bus": null, "bench": null, "supervised": null, "historic": null, "alt_name": null, "backrest": null, "shop": null, "button_operated": null, "parking": null, "information": null, "check_date": null, "board_type": null, "ford": null, "crossing_ref": null, "amenity": null, "foot": null, "bicycle": null, "crossing:signals": null, "waterway": null, "distance": null, "tourism": null, "tactile_paving": null, "power": null, "noref": null, "piste:dismount": null, "landuse": null, "addr:state": null, "source:prominence": null, "prominence": null, "name:lkt": null, "name:dak": null, "alt_name:arp": null, "leisure": null, "source:ele": null, "natural": "peak", "mountain_pass": null, "direction": null, "material": null, "access": null, "flashing_lights": null, "crossing:island": null, "motor_vehicle": null, "barrier": null, "traffic_signals:direction": null, "wikipedia": null, "website": null, "source:population": null, "population:date": null, "population": null, "name:zh": null, "name:vi": null, "name:uz": null, "name:ur": null, "name:uk": null, "name:tt": null, "name:tl": null, "name:th": null, "name:tg": null, "name:sw": null, "name:sr": null, "name:sq": null, "name:sl": null, "name:sa": null, "name:ru": null, "name:os": null, "name:nv": null, "name:mr": null, "name:mn": null, "name:ml": null, "name:mk": null, "name:lv": null, "name:lt": null, "name:la": null, "name:ky": null, "name:kw": null, "name:ko": null, "name:kk": null, "name:ka": null, "name:ja": null, "name:hy": null, "name:ht": null, "name:he": null, "name:gl": null, "name:gd": null, "name:ga": null, "name:fa": null, "name:en": null, "name:el": null, "name:cy": null, "name:ce": null, "name:bn": null, "name:bg": null, "name:be": null, "name:az": null, "name:ar": null, "capital": null, "wikidata": null, "place": null, "name": "Cameron Cone", "gnis:feature_id": "193444", "ele": "3263", "kerb": null, "ref": null, "stop": null, "junction": null, "traffic_signals": null, "railway": null, "highway": null, "crossing:markings": null, "crossing": null }, "geometry": { "type": "Point", "coordinates": [ -104.9544205, 38.8313779 ] } },
{ "type": "Feature", "properties": { "full_id": "n4868772446", "osm_id": "4868772446", "osm_type": "node", "traffic_sign": null, "generator:type": null, "generator:source": null, "generator:output:electricity": null, "generator:method": null, "capacity": null, "start_date": null, "operator:wikidata": null, "operator:type": null, "operator:short": null, "official_name": null, "monitoring:water_level": null, "monitoring:flow_rate": null, "ele:datum": null, "ele:accuracy": null, "disused:man_made": null, "horse": null, "bicycle_parking": null, "female": null, "male": null, "changing_table": null, "inscription": null, "entrance": null, "disused:railway": null, "memorial": null, "unisex": null, "toilets:disposal": null, "portable": null, "level": null, "fee": null, "ele:ft": null, "description": null, "wheelchair": null, "opening_hours": null, "shelter": null, "public_transport": null, "operator": null, "network:wikidata": null, "network:short": null, "network": null, "bus": null, "bench": null, "supervised": null, "historic": null, "alt_name": null, "backrest": null, "shop": null, "button_operated": null, "parking": null, "information": "guidepost", "check_date": null, "board_type": null, "ford": null, "crossing_ref": null, "amenity": null, "foot": null, "bicycle": null, "crossing:signals": null, "waterway": null, "distance": null, "tourism": "information", "tactile_paving": null, "power": null, "noref": null, "piste:dismount": null, "landuse": null, "addr:state": null, "source:prominence": null, "prominence": null, "name:lkt": null, "name:dak": null, "alt_name:arp": null, "leisure": null, "source:ele": null, "natural": null, "mountain_pass": null, "direction": null, "material": null, "access": null, "flashing_lights": null, "crossing:island": null, "motor_vehicle": null, "barrier": null, "traffic_signals:direction": null, "wikipedia": null, "website": null, "source:population": null, "population:date": null, "population": null, "name:zh": null, "name:vi": null, "name:uz": null, "name:ur": null, "name:uk": null, "name:tt": null, "name:tl": null, "name:th": null, "name:tg": null, "name:sw": null, "name:sr": null, "name:sq": null, "name:sl": null, "name:sa": null, "name:ru": null, "name:os": null, "name:nv": null, "name:mr": null, "name:mn": null, "name:ml": null, "name:mk": null, "name:lv": null, "name:lt": null, "name:la": null, "name:ky": null, "name:kw": null, "name:ko": null, "name:kk": null, "name:ka": null, "name:ja": null, "name:hy": null, "name:ht": null, "name:he": null, "name:gl": null, "name:gd": null, "name:ga": null, "name:fa": null, "name:en": null, "name:el": null, "name:cy": null, "name:ce": null, "name:bn": null, "name:bg": null, "name:be": null, "name:az": null, "name:ar": null, "capital": null, "wikidata": null, "place": null, "name": null, "gnis:feature_id": null, "ele": null, "kerb": null, "ref": null, "stop": null, "junction": null, "traffic_signals": null, "railway": null, "highway": null, "crossing:markings": null, "crossing": null }, "geometry": { "type": "Point", "coordinates": [ -104.9350537, 38.8587494 ] } },
{ "type": "Feature", "properties": { "full_id": "n358928791", "osm_id": "358928791", "osm_type": "node", "traffic_sign": null, "generator:type": null, "generator:source": null, "generator:output:electricity": null, "generator:method": null, "capacity": null, "start_date": null, "operator:wikidata": null, "operator:type": null, "operator:short": null, "official_name": null, "monitoring:water_level": null, "monitoring:flow_rate": null, "ele:datum": null, "ele:accuracy": null, "disused:man_made": null, "horse": null, "bicycle_parking": null, "female": null, "male": null, "changing_table": null, "inscription": null, "entrance": null, "disused:railway": null, "memorial": null, "unisex": null, "toilets:disposal": null, "portable": null, "level": null, "fee": null, "ele:ft": null, "description": null, "wheelchair": null, "opening_hours": null, "shelter": null, "public_transport": null, "operator": null, "network:wikidata": null, "network:short": null, "network": null, "bus": null, "bench": null, "supervised": null, "historic": null, "alt_name": null, "backrest": null, "shop": null, "button_operated": null, "parking": null, "information": null, "check_date": null, "board_type": null, "ford": null, "crossing_ref": null, "amenity": null, "foot": null, "bicycle": null, "crossing:signals": null, "waterway": null, "distance": null, "tourism": null, "tactile_paving": null, "power": null, "noref": null, "piste:dismount": null, "landuse": null, "addr:state": null, "source:prominence": null, "prominence": null, "name:lkt": null, "name:dak": null, "alt_name:arp": null, "leisure": null, "source:ele": null, "natural": "peak", "mountain_pass": null, "direction": null, "material": null, "access": null, "flashing_lights": null, "crossing:island": null, "motor_vehicle": null, "barrier": null, "traffic_signals:direction": null, "wikipedia": null, "website": null, "source:population": null, "population:date": null, "population": null, "name:zh": null, "name:vi": null, "name:uz": null, "name:ur": null, "name:uk": null, "name:tt": null, "name:tl": null, "name:th": null, "name:tg": null, "name:sw": null, "name:sr": null, "name:sq": null, "name:sl": null, "name:sa": null, "name:ru": null, "name:os": null, "name:nv": null, "name:mr": null, "name:mn": null, "name:ml": null, "name:mk": null, "name:lv": null, "name:lt": null, "name:la": null, "name:ky": null, "name:kw": null, "name:ko": null, "name:kk": null, "name:ka": null, "name:ja": null, "name:hy": null, "name:ht": null, "name:he": null, "name:gl": null, "name:gd": null, "name:ga": null, "name:fa": null, "name:en": null, "name:el": null, "name:cy": null, "name:ce": null, "name:bn": null, "name:bg": null, "name:be": null, "name:az": null, "name:ar": null, "capital": null, "wikidata": null, "place": null, "name": "Mount Manitou", "gnis:feature_id": "193442", "ele": "2877", "kerb": null, "ref": null, "stop": null, "junction": null, "traffic_signals": null, "railway": null, "highway": null, "crossing:markings": null, "crossing": null }, "geometry": { "type": "Point", "coordinates": [ -104.9638664, 38.8647116 ] } },
{ "type": "Feature", "properties": { "full_id": "n358928788", "osm_id": "358928788", "osm_type": "node", "traffic_sign": null, "generator:type": null, "generator:source": null, "generator:output:electricity": null, "generator:method": null, "capacity": null, "start_date": null, "operator:wikidata": null, "operator:type": null, "operator:short": null, "official_name": null, "monitoring:water_level": null, "monitoring:flow_rate": null, "ele:datum": null, "ele:accuracy": null, "disused:man_made": null, "horse": null, "bicycle_parking": null, "female": null, "male": null, "changing_table": null, "inscription": null, "entrance": null, "disused:railway": null, "memorial": null, "unisex": null, "toilets:disposal": null, "portable": null, "level": null, "fee": null, "ele:ft": null, "description": null, "wheelchair": null, "opening_hours": null, "shelter": null, "public_transport": null, "operator": null, "network:wikidata": null, "network:short": null, "network": null, "bus": null, "bench": null, "supervised": null, "historic": null, "alt_name": null, "backrest": null, "shop": null, "button_operated": null, "parking": null, "information": null, "check_date": null, "board_type": null, "ford": null, "crossing_ref": null, "amenity": null, "foot": null, "bicycle": null, "crossing:signals": null, "waterway": null, "distance": null, "tourism": null, "tactile_paving": null, "power": null, "noref": null, "piste:dismount": null, "landuse": null, "addr:state": null, "source:prominence": null, "prominence": null, "name:lkt": null, "name:dak": null, "alt_name:arp": null, "leisure": "park", "source:ele": null, "natural": null, "mountain_pass": null, "direction": null, "material": null, "access": null, "flashing_lights": null, "crossing:island": null, "motor_vehicle": null, "barrier": null, "traffic_signals:direction": null, "wikipedia": null, "website": null, "source:population": null, "population:date": null, "population": null, "name:zh": null, "name:vi": null, "name:uz": null, "name:ur": null, "name:uk": null, "name:tt": null, "name:tl": null, "name:th": null, "name:tg": null, "name:sw": null, "name:sr": null, "name:sq": null, "name:sl": null, "name:sa": null, "name:ru": null, "name:os": null, "name:nv": null, "name:mr": null, "name:mn": null, "name:ml": null, "name:mk": null, "name:lv": null, "name:lt": null, "name:la": null, "name:ky": null, "name:kw": null, "name:ko": null, "name:kk": null, "name:ka": null, "name:ja": null, "name:hy": null, "name:ht": null, "name:he": null, "name:gl": null, "name:gd": null, "name:ga": null, "name:fa": null, "name:en": null, "name:el": null, "name:cy": null, "name:ce": null, "name:bn": null, "name:bg": null, "name:be": null, "name:az": null, "name:ar": null, "capital": null, "wikidata": "Q17026820", "place": null, "name": "Ruxton Park", "gnis:feature_id": "193441", "ele": "2767", "kerb": null, "ref": null, "stop": null, "junction": null, "traffic_signals": null, "railway": null, "highway": null, "crossing:markings": null, "crossing": null }, "geometry": { "type": "Point", "coordinates": [ -104.9752545, 38.8416554 ] } },
{ "type": "Feature", "properties": { "full_id": "n358928786", "osm_id": "358928786", "osm_type": "node", "traffic_sign": null, "generator:type": null, "generator:source": null, "generator:output:electricity": null, "generator:method": null, "capacity": null, "start_date": null, "operator:wikidata": null, "operator:type": null, "operator:short": null, "official_name": null, "monitoring:water_level": null, "monitoring:flow_rate": null, "ele:datum": null, "ele:accuracy": null, "disused:man_made": null, "horse": null, "bicycle_parking": null, "female": null, "male": null, "changing_table": null, "inscription": null, "entrance": null, "disused:railway": null, "memorial": null, "unisex": null, "toilets:disposal": null, "portable": null, "level": null, "fee": null, "ele:ft": null, "description": null, "wheelchair": null, "opening_hours": null, "shelter": null, "public_transport": null, "operator": null, "network:wikidata": null, "network:short": null, "network": null, "bus": null, "bench": null, "supervised": null, "historic": null, "alt_name": null, "backrest": null, "shop": null, "button_operated": null, "parking": null, "information": null, "check_date": null, "board_type": null, "ford": null, "crossing_ref": null, "amenity": null, "foot": null, "bicycle": null, "crossing:signals": null, "waterway": null, "distance": null, "tourism": null, "tactile_paving": null, "power": null, "noref": null, "piste:dismount": null, "landuse": null, "addr:state": null, "source:prominence": null, "prominence": null, "name:lkt": null, "name:dak": null, "alt_name:arp": null, "leisure": null, "source:ele": null, "natural": "peak", "mountain_pass": null, "direction": null, "material": null, "access": null, "flashing_lights": null, "crossing:island": null, "motor_vehicle": null, "barrier": null, "traffic_signals:direction": null, "wikipedia": null, "website": null, "source:population": null, "population:date": null, "population": null, "name:zh": null, "name:vi": null, "name:uz": null, "name:ur": null, "name:uk": null, "name:tt": null, "name:tl": null, "name:th": null, "name:tg": null, "name:sw": null, "name:sr": null, "name:sq": null, "name:sl": null, "name:sa": null, "name:ru": null, "name:os": null, "name:nv": null, "name:mr": null, "name:mn": null, "name:ml": null, "name:mk": null, "name:lv": null, "name:lt": null, "name:la": null, "name:ky": null, "name:kw": null, "name:ko": null, "name:kk": null, "name:ka": null, "name:ja": null, "name:hy": null, "name:ht": null, "name:he": null, "name:gl": null, "name:gd": null, "name:ga": null, "name:fa": null, "name:en": null, "name:el": null, "name:cy": null, "name:ce": null, "name:bn": null, "name:bg": null, "name:be": null, "name:az": null, "name:ar": null, "capital": null, "wikidata": null, "place": null, "name": "Sheep Mountain", "gnis:feature_id": "193437", "ele": "2988", "kerb": null, "ref": null, "stop": null, "junction": null, "traffic_signals": null, "railway": null, "highway": null, "crossing:markings": null, "crossing": null }, "geometry": { "type": "Point", "coordinates": [ -104.9655321, 38.8405445 ] } },
{ "type": "Feature", "properties": { "full_id": "n358945053", "osm_id": "358945053", "osm_type": "node", "traffic_sign": null, "generator:type": null, "generator:source": null, "generator:output:electricity": null, "generator:method": null, "capacity": null, "start_date": null, "operator:wikidata": null, "operator:type": null, "operator:short": null, "official_name": null, "monitoring:water_level": null, "monitoring:flow_rate": null, "ele:datum": null, "ele:accuracy": null, "disused:man_made": null, "horse": null, "bicycle_parking": null, "female": null, "male": null, "changing_table": null, "inscription": null, "entrance": null, "disused:railway": null, "memorial": null, "unisex": null, "toilets:disposal": null, "portable": null, "level": null, "fee": null, "ele:ft": null, "description": null, "wheelchair": null, "opening_hours": null, "shelter": null, "public_transport": null, "operator": null, "network:wikidata": null, "network:short": null, "network": null, "bus": null, "bench": null, "supervised": null, "historic": null, "alt_name": null, "backrest": null, "shop": null, "button_operated": null, "parking": null, "information": null, "check_date": null, "board_type": null, "ford": null, "crossing_ref": null, "amenity": null, "foot": null, "bicycle": null, "crossing:signals": null, "waterway": null, "distance": null, "tourism": null, "tactile_paving": null, "power": null, "noref": null, "piste:dismount": null, "landuse": null, "addr:state": null, "source:prominence": "4302-2620 (Col at the W)", "prominence": "1682", "name:lkt": "Wičháȟčala Tȟathípi Maȟpíya", "name:dak": "Wic̣aḣcadaƞ Ṭaṭipi Maḣpiya", "alt_name:arp": "Heey-otoyoo'", "leisure": null, "source:ele": null, "natural": "peak", "mountain_pass": null, "direction": null, "material": null, "access": null, "flashing_lights": null, "crossing:island": null, "motor_vehicle": null, "barrier": null, "traffic_signals:direction": null, "wikipedia": null, "website": "https://www.pikes-peak.com", "source:population": null, "population:date": null, "population": null, "name:zh": null, "name:vi": null, "name:uz": null, "name:ur": null, "name:uk": null, "name:tt": null, "name:tl": null, "name:th": null, "name:tg": null, "name:sw": null, "name:sr": null, "name:sq": null, "name:sl": null, "name:sa": null, "name:ru": null, "name:os": null, "name:nv": null, "name:mr": null, "name:mn": null, "name:ml": null, "name:mk": null, "name:lv": null, "name:lt": null, "name:la": null, "name:ky": null, "name:kw": null, "name:ko": null, "name:kk": null, "name:ka": null, "name:ja": null, "name:hy": null, "name:ht": null, "name:he": null, "name:gl": null, "name:gd": null, "name:ga": null, "name:fa": null, "name:en": "Pikes Peak", "name:el": null, "name:cy": null, "name:ce": null, "name:bn": null, "name:bg": null, "name:be": null, "name:az": null, "name:ar": null, "capital": null, "wikidata": "Q665321", "place": null, "name": "Pikes Peak", "gnis:feature_id": "204770", "ele": "4302", "kerb": null, "ref": null, "stop": null, "junction": null, "traffic_signals": null, "railway": null, "highway": null, "crossing:markings": null, "crossing": null }, "geometry": { "type": "Point", "coordinates": [ -105.0439523, 38.8404012 ] } },
{ "type": "Feature", "properties": { "full_id": "n358928797", "osm_id": "358928797", "osm_type": "node", "traffic_sign": null, "generator:type": null, "generator:source": null, "generator:output:electricity": null, "generator:method": null, "capacity": null, "start_date": null, "operator:wikidata": null, "operator:type": null, "operator:short": null, "official_name": null, "monitoring:water_level": null, "monitoring:flow_rate": null, "ele:datum": null, "ele:accuracy": null, "disused:man_made": null, "horse": null, "bicycle_parking": null, "female": null, "male": null, "changing_table": null, "inscription": null, "entrance": null, "disused:railway": null, "memorial": null, "unisex": null, "toilets:disposal": null, "portable": null, "level": null, "fee": null, "ele:ft": null, "description": null, "wheelchair": null, "opening_hours": null, "shelter": null, "public_transport": null, "operator": null, "network:wikidata": null, "network:short": null, "network": null, "bus": null, "bench": null, "supervised": null, "historic": null, "alt_name": null, "backrest": null, "shop": null, "button_operated": null, "parking": null, "information": null, "check_date": null, "board_type": null, "ford": null, "crossing_ref": null, "amenity": null, "foot": null, "bicycle": null, "crossing:signals": null, "waterway": null, "distance": null, "tourism": null, "tactile_paving": null, "power": null, "noref": null, "piste:dismount": null, "landuse": null, "addr:state": null, "source:prominence": null, "prominence": null, "name:lkt": null, "name:dak": null, "alt_name:arp": null, "leisure": null, "source:ele": null, "natural": "peak", "mountain_pass": null, "direction": null, "material": null, "access": null, "flashing_lights": null, "crossing:island": null, "motor_vehicle": null, "barrier": null, "traffic_signals:direction": null, "wikipedia": null, "website": null, "source:population": null, "population:date": null, "population": null, "name:zh": null, "name:vi": null, "name:uz": null, "name:ur": null, "name:uk": null, "name:tt": null, "name:tl": null, "name:th": null, "name:tg": null, "name:sw": null, "name:sr": null, "name:sq": null, "name:sl": null, "name:sa": null, "name:ru": null, "name:os": null, "name:nv": null, "name:mr": null, "name:mn": null, "name:ml": null, "name:mk": null, "name:lv": null, "name:lt": null, "name:la": null, "name:ky": null, "name:kw": null, "name:ko": null, "name:kk": null, "name:ka": null, "name:ja": null, "name:hy": null, "name:ht": null, "name:he": null, "name:gl": null, "name:gd": null, "name:ga": null, "name:fa": null, "name:en": null, "name:el": null, "name:cy": null, "name:ce": null, "name:bn": null, "name:bg": null, "name:be": null, "name:az": null, "name:ar": null, "capital": null, "wikidata": null, "place": null, "name": "Eagle Mountain", "gnis:feature_id": "193451", "ele": "2750", "kerb": null, "ref": null, "stop": null, "junction": null, "traffic_signals": null, "railway": null, "highway": null, "crossing:markings": null, "crossing": null }, "geometry": { "type": "Point", "coordinates": [ -104.9388652, 38.8430453 ] } },
{ "type": "Feature", "properties": { "full_id": "n358928795", "osm_id": "358928795", "osm_type": "node", "traffic_sign": null, "generator:type": null, "generator:source": null, "generator:output:electricity": null, "generator:method": null, "capacity": null, "start_date": null, "operator:wikidata": null, "operator:type": null, "operator:short": null, "official_name": null, "monitoring:water_level": null, "monitoring:flow_rate": null, "ele:datum": null, "ele:accuracy": null, "disused:man_made": null, "horse": null, "bicycle_parking": null, "female": null, "male": null, "changing_table": null, "inscription": null, "entrance": null, "disused:railway": null, "memorial": null, "unisex": null, "toilets:disposal": null, "portable": null, "level": null, "fee": null, "ele:ft": null, "description": null, "wheelchair": null, "opening_hours": null, "shelter": null, "public_transport": null, "operator": null, "network:wikidata": null, "network:short": null, "network": null, "bus": null, "bench": null, "supervised": null, "historic": null, "alt_name": null, "backrest": null, "shop": null, "button_operated": null, "parking": null, "information": null, "check_date": null, "board_type": null, "ford": null, "crossing_ref": null, "amenity": null, "foot": null, "bicycle": null, "crossing:signals": null, "waterway": null, "distance": null, "tourism": null, "tactile_paving": null, "power": null, "noref": null, "piste:dismount": null, "landuse": null, "addr:state": null, "source:prominence": null, "prominence": null, "name:lkt": null, "name:dak": null, "alt_name:arp": null, "leisure": null, "source:ele": null, "natural": "peak", "mountain_pass": null, "direction": null, "material": null, "access": null, "flashing_lights": null, "crossing:island": null, "motor_vehicle": null, "barrier": null, "traffic_signals:direction": null, "wikipedia": null, "website": null, "source:population": null, "population:date": null, "population": null, "name:zh": null, "name:vi": null, "name:uz": null, "name:ur": null, "name:uk": null, "name:tt": null, "name:tl": null, "name:th": null, "name:tg": null, "name:sw": null, "name:sr": null, "name:sq": null, "name:sl": null, "name:sa": null, "name:ru": null, "name:os": null, "name:nv": null, "name:mr": null, "name:mn": null, "name:ml": null, "name:mk": null, "name:lv": null, "name:lt": null, "name:la": null, "name:ky": null, "name:kw": null, "name:ko": null, "name:kk": null, "name:ka": null, "name:ja": null, "name:hy": null, "name:ht": null, "name:he": null, "name:gl": null, "name:gd": null, "name:ga": null, "name:fa": null, "name:en": null, "name:el": null, "name:cy": null, "name:ce": null, "name:bn": null, "name:bg": null, "name:be": null, "name:az": null, "name:ar": null, "capital": null, "wikidata": null, "place": null, "name": "Rocky Mountain", "gnis:feature_id": "193446", "ele": "2816", "kerb": null, "ref": null, "stop": null, "junction": null, "traffic_signals": null, "railway": null, "highway": null, "crossing:markings": null, "crossing": null }, "geometry": { "type": "Point", "coordinates": [ -104.9574772, 38.8597117 ] } },
{ "type": "Feature", "properties": { "full_id": "n4251603989", "osm_id": "4251603989", "osm_type": "node", "traffic_sign": null, "generator:type": null, "generator:source": null, "generator:output:electricity": null, "generator:method": null, "capacity": null, "start_date": null, "operator:wikidata": null, "operator:type": null, "operator:short": null, "official_name": null, "monitoring:water_level": null, "monitoring:flow_rate": null, "ele:datum": null, "ele:accuracy": null, "disused:man_made": null, "horse": null, "bicycle_parking": null, "female": null, "male": null, "changing_table": null, "inscription": null, "entrance": null, "disused:railway": null, "memorial": null, "unisex": null, "toilets:disposal": null, "portable": null, "level": null, "fee": null, "ele:ft": null, "description": null, "wheelchair": null, "opening_hours": null, "shelter": null, "public_transport": null, "operator": null, "network:wikidata": null, "network:short": null, "network": null, "bus": null, "bench": null, "supervised": null, "historic": null, "alt_name": "Wimpout Point", "backrest": null, "shop": null, "button_operated": null, "parking": null, "information": null, "check_date": null, "board_type": null, "ford": null, "crossing_ref": null, "amenity": null, "foot": null, "bicycle": null, "crossing:signals": null, "waterway": null, "distance": null, "tourism": null, "tactile_paving": null, "power": null, "noref": null, "piste:dismount": null, "landuse": null, "addr:state": null, "source:prominence": null, "prominence": null, "name:lkt": null, "name:dak": null, "alt_name:arp": null, "leisure": null, "source:ele": null, "natural": null, "mountain_pass": null, "direction": null, "material": null, "access": null, "flashing_lights": null, "crossing:island": null, "motor_vehicle": null, "barrier": null, "traffic_signals:direction": null, "wikipedia": null, "website": null, "source:population": null, "population:date": null, "population": null, "name:zh": null, "name:vi": null, "name:uz": null, "name:ur": null, "name:uk": null, "name:tt": null, "name:tl": null, "name:th": null, "name:tg": null, "name:sw": null, "name:sr": null, "name:sq": null, "name:sl": null, "name:sa": null, "name:ru": null, "name:os": null, "name:nv": null, "name:mr": null, "name:mn": null, "name:ml": null, "name:mk": null, "name:lv": null, "name:lt": null, "name:la": null, "name:ky": null, "name:kw": null, "name:ko": null, "name:kk": null, "name:ka": null, "name:ja": null, "name:hy": null, "name:ht": null, "name:he": null, "name:gl": null, "name:gd": null, "name:ga": null, "name:fa": null, "name:en": null, "name:el": null, "name:cy": null, "name:ce": null, "name:bn": null, "name:bg": null, "name:be": null, "name:az": null, "name:ar": null, "capital": null, "wikidata": null, "place": null, "name": "Bailout Point", "gnis:feature_id": null, "ele": null, "kerb": null, "ref": null, "stop": null, "junction": null, "traffic_signals": null, "railway": null, "highway": "trailhead", "crossing:markings": null, "crossing": null }, "geometry": { "type": "Point", "coordinates": [ -104.9424912, 38.8578848 ] } },
{ "type": "Feature", "properties": { "full_id": "n4251331793", "osm_id": "4251331793", "osm_type": "node", "traffic_sign": null, "generator:type": null, "generator:source": null, "generator:output:electricity": null, "generator:method": null, "capacity": null, "start_date": null, "operator:wikidata": null, "operator:type": null, "operator:short": null, "official_name": null, "monitoring:water_level": null, "monitoring:flow_rate": null, "ele:datum": null, "ele:accuracy": null, "disused:man_made": null, "horse": null, "bicycle_parking": null, "female": null, "male": null, "changing_table": null, "inscription": null, "entrance": null, "disused:railway": null, "memorial": null, "unisex": null, "toilets:disposal": null, "portable": null, "level": null, "fee": null, "ele:ft": null, "description": null, "wheelchair": null, "opening_hours": null, "shelter": null, "public_transport": null, "operator": null, "network:wikidata": null, "network:short": null, "network": null, "bus": null, "bench": null, "supervised": null, "historic": null, "alt_name": null, "backrest": "yes", "shop": null, "button_operated": null, "parking": null, "information": null, "check_date": "2024-07-18", "board_type": null, "ford": null, "crossing_ref": null, "amenity": "bench", "foot": null, "bicycle": null, "crossing:signals": null, "waterway": null, "distance": null, "tourism": null, "tactile_paving": null, "power": null, "noref": null, "piste:dismount": null, "landuse": null, "addr:state": null, "source:prominence": null, "prominence": null, "name:lkt": null, "name:dak": null, "alt_name:arp": null, "leisure": null, "source:ele": null, "natural": null, "mountain_pass": null, "direction": null, "material": "created", "access": null, "flashing_lights": null, "crossing:island": null, "motor_vehicle": null, "barrier": null, "traffic_signals:direction": null, "wikipedia": null, "website": null, "source:population": null, "population:date": null, "population": null, "name:zh": null, "name:vi": null, "name:uz": null, "name:ur": null, "name:uk": null, "name:tt": null, "name:tl": null, "name:th": null, "name:tg": null, "name:sw": null, "name:sr": null, "name:sq": null, "name:sl": null, "name:sa": null, "name:ru": null, "name:os": null, "name:nv": null, "name:mr": null, "name:mn": null, "name:ml": null, "name:mk": null, "name:lv": null, "name:lt": null, "name:la": null, "name:ky": null, "name:kw": null, "name:ko": null, "name:kk": null, "name:ka": null, "name:ja": null, "name:hy": null, "name:ht": null, "name:he": null, "name:gl": null, "name:gd": null, "name:ga": null, "name:fa": null, "name:en": null, "name:el": null, "name:cy": null, "name:ce": null, "name:bn": null, "name:bg": null, "name:be": null, "name:az": null, "name:ar": null, "capital": null, "wikidata": null, "place": null, "name": null, "gnis:feature_id": null, "ele": null, "kerb": null, "ref": null, "stop": null, "junction": null, "traffic_signals": null, "railway": null, "highway": null, "crossing:markings": null, "crossing": null }, "geometry": { "type": "Point", "coordinates": [ -104.9424996, 38.8578534 ] } },
{ "type": "Feature", "properties": { "full_id": "n9354171253", "osm_id": "9354171253", "osm_type": "node", "traffic_sign": null, "generator:type": null, "generator:source": null, "generator:output:electricity": null, "generator:method": null, "capacity": null, "start_date": null, "operator:wikidata": null, "operator:type": null, "operator:short": null, "official_name": null, "monitoring:water_level": null, "monitoring:flow_rate": null, "ele:datum": null, "ele:accuracy": null, "disused:man_made": null, "horse": null, "bicycle_parking": null, "female": null, "male": null, "changing_table": null, "inscription": null, "entrance": null, "disused:railway": null, "memorial": null, "unisex": null, "toilets:disposal": null, "portable": null, "level": null, "fee": null, "ele:ft": null, "description": null, "wheelchair": null, "opening_hours": null, "shelter": null, "public_transport": null, "operator": null, "network:wikidata": null, "network:short": null, "network": null, "bus": null, "bench": null, "supervised": null, "historic": null, "alt_name": null, "backrest": null, "shop": null, "button_operated": null, "parking": null, "information": null, "check_date": null, "board_type": null, "ford": null, "crossing_ref": null, "amenity": null, "foot": null, "bicycle": null, "crossing:signals": null, "waterway": null, "distance": null, "tourism": null, "tactile_paving": null, "power": null, "noref": null, "piste:dismount": null, "landuse": null, "addr:state": null, "source:prominence": null, "prominence": null, "name:lkt": null, "name:dak": null, "alt_name:arp": null, "leisure": null, "source:ele": null, "natural": null, "mountain_pass": null, "direction": null, "material": null, "access": null, "flashing_lights": null, "crossing:island": null, "motor_vehicle": null, "barrier": null, "traffic_signals:direction": null, "wikipedia": null, "website": null, "source:population": null, "population:date": null, "population": null, "name:zh": null, "name:vi": null, "name:uz": null, "name:ur": null, "name:uk": null, "name:tt": null, "name:tl": null, "name:th": null, "name:tg": null, "name:sw": null, "name:sr": null, "name:sq": null, "name:sl": null, "name:sa": null, "name:ru": null, "name:os": null, "name:nv": null, "name:mr": null, "name:mn": null, "name:ml": null, "name:mk": null, "name:lv": null, "name:lt": null, "name:la": null, "name:ky": null, "name:kw": null, "name:ko": null, "name:kk": null, "name:ka": null, "name:ja": null, "name:hy": null, "name:ht": null, "name:he": null, "name:gl": null, "name:gd": null, "name:ga": null, "name:fa": null, "name:en": null, "name:el": null, "name:cy": null, "name:ce": null, "name:bn": null, "name:bg": null, "name:be": null, "name:az": null, "name:ar": null, "capital": null, "wikidata": null, "place": null, "name": null, "gnis:feature_id": null, "ele": null, "kerb": null, "ref": null, "stop": null, "junction": null, "traffic_signals": null, "railway": null, "highway": "elevator", "crossing:markings": null, "crossing": null }, "geometry": { "type": "Point", "coordinates": [ -105.0427902, 38.8398483 ] } },
{ "type": "Feature", "properties": { "full_id": "n9354171252", "osm_id": "9354171252", "osm_type": "node", "traffic_sign": null, "generator:type": null, "generator:source": null, "generator:output:electricity": null, "generator:method": null, "capacity": null, "start_date": null, "operator:wikidata": null, "operator:type": null, "operator:short": null, "official_name": null, "monitoring:water_level": null, "monitoring:flow_rate": null, "ele:datum": null, "ele:accuracy": null, "disused:man_made": null, "horse": null, "bicycle_parking": null, "female": null, "male": null, "changing_table": "yes", "inscription": null, "entrance": null, "disused:railway": null, "memorial": null, "unisex": "yes", "toilets:disposal": "flush", "portable": null, "level": null, "fee": null, "ele:ft": null, "description": null, "wheelchair": "yes", "opening_hours": null, "shelter": null, "public_transport": null, "operator": null, "network:wikidata": null, "network:short": null, "network": null, "bus": null, "bench": null, "supervised": null, "historic": null, "alt_name": null, "backrest": null, "shop": null, "button_operated": null, "parking": null, "information": null, "check_date": null, "board_type": null, "ford": null, "crossing_ref": null, "amenity": "toilets", "foot": null, "bicycle": null, "crossing:signals": null, "waterway": null, "distance": null, "tourism": null, "tactile_paving": null, "power": null, "noref": null, "piste:dismount": null, "landuse": null, "addr:state": null, "source:prominence": null, "prominence": null, "name:lkt": null, "name:dak": null, "alt_name:arp": null, "leisure": null, "source:ele": null, "natural": null, "mountain_pass": null, "direction": null, "material": null, "access": null, "flashing_lights": null, "crossing:island": null, "motor_vehicle": null, "barrier": null, "traffic_signals:direction": null, "wikipedia": null, "website": null, "source:population": null, "population:date": null, "population": null, "name:zh": null, "name:vi": null, "name:uz": null, "name:ur": null, "name:uk": null, "name:tt": null, "name:tl": null, "name:th": null, "name:tg": null, "name:sw": null, "name:sr": null, "name:sq": null, "name:sl": null, "name:sa": null, "name:ru": null, "name:os": null, "name:nv": null, "name:mr": null, "name:mn": null, "name:ml": null, "name:mk": null, "name:lv": null, "name:lt": null, "name:la": null, "name:ky": null, "name:kw": null, "name:ko": null, "name:kk": null, "name:ka": null, "name:ja": null, "name:hy": null, "name:ht": null, "name:he": null, "name:gl": null, "name:gd": null, "name:ga": null, "name:fa": null, "name:en": null, "name:el": null, "name:cy": null, "name:ce": null, "name:bn": null, "name:bg": null, "name:be": null, "name:az": null, "name:ar": null, "capital": null, "wikidata": null, "place": null, "name": null, "gnis:feature_id": null, "ele": null, "kerb": null, "ref": null, "stop": null, "junction": null, "traffic_signals": null, "railway": null, "highway": null, "crossing:markings": null, "crossing": null }, "geometry": { "type": "Point", "coordinates": [ -105.0427302, 38.8399338 ] } },
{ "type": "Feature", "properties": { "full_id": "n4235559890", "osm_id": "4235559890", "osm_type": "node", "traffic_sign": null, "generator:type": null, "generator:source": null, "generator:output:electricity": null, "generator:method": null, "capacity": null, "start_date": null, "operator:wikidata": null, "operator:type": null, "operator:short": null, "official_name": null, "monitoring:water_level": null, "monitoring:flow_rate": null, "ele:datum": null, "ele:accuracy": null, "disused:man_made": null, "horse": null, "bicycle_parking": null, "female": null, "male": null, "changing_table": null, "inscription": null, "entrance": null, "disused:railway": null, "memorial": null, "unisex": null, "toilets:disposal": null, "portable": null, "level": null, "fee": null, "ele:ft": null, "description": null, "wheelchair": null, "opening_hours": null, "shelter": null, "public_transport": null, "operator": null, "network:wikidata": null, "network:short": null, "network": null, "bus": null, "bench": null, "supervised": null, "historic": null, "alt_name": null, "backrest": null, "shop": "gift", "button_operated": null, "parking": null, "information": null, "check_date": null, "board_type": null, "ford": null, "crossing_ref": null, "amenity": null, "foot": null, "bicycle": null, "crossing:signals": null, "waterway": null, "distance": null, "tourism": "attraction", "tactile_paving": null, "power": null, "noref": null, "piste:dismount": null, "landuse": null, "addr:state": null, "source:prominence": null, "prominence": null, "name:lkt": null, "name:dak": null, "alt_name:arp": null, "leisure": null, "source:ele": null, "natural": null, "mountain_pass": null, "direction": null, "material": null, "access": null, "flashing_lights": null, "crossing:island": null, "motor_vehicle": null, "barrier": null, "traffic_signals:direction": null, "wikipedia": null, "website": "https://www.cograilway.com/the-new-experience/retail/", "source:population": null, "population:date": null, "population": null, "name:zh": null, "name:vi": null, "name:uz": null, "name:ur": null, "name:uk": null, "name:tt": null, "name:tl": null, "name:th": null, "name:tg": null, "name:sw": null, "name:sr": null, "name:sq": null, "name:sl": null, "name:sa": null, "name:ru": null, "name:os": null, "name:nv": null, "name:mr": null, "name:mn": null, "name:ml": null, "name:mk": null, "name:lv": null, "name:lt": null, "name:la": null, "name:ky": null, "name:kw": null, "name:ko": null, "name:kk": null, "name:ka": null, "name:ja": null, "name:hy": null, "name:ht": null, "name:he": null, "name:gl": null, "name:gd": null, "name:ga": null, "name:fa": null, "name:en": null, "name:el": null, "name:cy": null, "name:ce": null, "name:bn": null, "name:bg": null, "name:be": null, "name:az": null, "name:ar": null, "capital": null, "wikidata": null, "place": null, "name": null, "gnis:feature_id": null, "ele": null, "kerb": null, "ref": null, "stop": null, "junction": null, "traffic_signals": null, "railway": null, "highway": null, "crossing:markings": null, "crossing": null }, "geometry": { "type": "Point", "coordinates": [ -104.9311372, 38.8560778 ] } },
{ "type": "Feature", "properties": { "full_id": "n9354171251", "osm_id": "9354171251", "osm_type": "node", "traffic_sign": null, "generator:type": null, "generator:source": null, "generator:output:electricity": null, "generator:method": null, "capacity": null, "start_date": null, "operator:wikidata": null, "operator:type": null, "operator:short": null, "official_name": null, "monitoring:water_level": null, "monitoring:flow_rate": null, "ele:datum": null, "ele:accuracy": null, "disused:man_made": null, "horse": null, "bicycle_parking": null, "female": null, "male": null, "changing_table": "yes", "inscription": null, "entrance": null, "disused:railway": null, "memorial": null, "unisex": "yes", "toilets:disposal": "flush", "portable": null, "level": null, "fee": null, "ele:ft": null, "description": null, "wheelchair": "yes", "opening_hours": null, "shelter": null, "public_transport": null, "operator": null, "network:wikidata": null, "network:short": null, "network": null, "bus": null, "bench": null, "supervised": null, "historic": null, "alt_name": null, "backrest": null, "shop": null, "button_operated": null, "parking": null, "information": null, "check_date": null, "board_type": null, "ford": null, "crossing_ref": null, "amenity": "toilets", "foot": null, "bicycle": null, "crossing:signals": null, "waterway": null, "distance": null, "tourism": null, "tactile_paving": null, "power": null, "noref": null, "piste:dismount": null, "landuse": null, "addr:state": null, "source:prominence": null, "prominence": null, "name:lkt": null, "name:dak": null, "alt_name:arp": null, "leisure": null, "source:ele": null, "natural": null, "mountain_pass": null, "direction": null, "material": null, "access": null, "flashing_lights": null, "crossing:island": null, "motor_vehicle": null, "barrier": null, "traffic_signals:direction": null, "wikipedia": null, "website": null, "source:population": null, "population:date": null, "population": null, "name:zh": null, "name:vi": null, "name:uz": null, "name:ur": null, "name:uk": null, "name:tt": null, "name:tl": null, "name:th": null, "name:tg": null, "name:sw": null, "name:sr": null, "name:sq": null, "name:sl": null, "name:sa": null, "name:ru": null, "name:os": null, "name:nv": null, "name:mr": null, "name:mn": null, "name:ml": null, "name:mk": null, "name:lv": null, "name:lt": null, "name:la": null, "name:ky": null, "name:kw": null, "name:ko": null, "name:kk": null, "name:ka": null, "name:ja": null, "name:hy": null, "name:ht": null, "name:he": null, "name:gl": null, "name:gd": null, "name:ga": null, "name:fa": null, "name:en": null, "name:el": null, "name:cy": null, "name:ce": null, "name:bn": null, "name:bg": null, "name:be": null, "name:az": null, "name:ar": null, "capital": null, "wikidata": null, "place": null, "name": null, "gnis:feature_id": null, "ele": null, "kerb": null, "ref": null, "stop": null, "junction": null, "traffic_signals": null, "railway": null, "highway": null, "crossing:markings": null, "crossing": null }, "geometry": { "type": "Point", "coordinates": [ -105.0427501, 38.8399211 ] } },
{ "type": "Feature", "properties": { "full_id": "n9354171250", "osm_id": "9354171250", "osm_type": "node", "traffic_sign": null, "generator:type": null, "generator:source": null, "generator:output:electricity": null, "generator:method": null, "capacity": null, "start_date": null, "operator:wikidata": null, "operator:type": null, "operator:short": null, "official_name": null, "monitoring:water_level": null, "monitoring:flow_rate": null, "ele:datum": null, "ele:accuracy": null, "disused:man_made": null, "horse": null, "bicycle_parking": null, "female": "yes", "male": null, "changing_table": "yes", "inscription": null, "entrance": null, "disused:railway": null, "memorial": null, "unisex": null, "toilets:disposal": "flush", "portable": null, "level": null, "fee": null, "ele:ft": null, "description": null, "wheelchair": "yes", "opening_hours": null, "shelter": null, "public_transport": null, "operator": null, "network:wikidata": null, "network:short": null, "network": null, "bus": null, "bench": null, "supervised": null, "historic": null, "alt_name": null, "backrest": null, "shop": null, "button_operated": null, "parking": null, "information": null, "check_date": null, "board_type": null, "ford": null, "crossing_ref": null, "amenity": "toilets", "foot": null, "bicycle": null, "crossing:signals": null, "waterway": null, "distance": null, "tourism": null, "tactile_paving": null, "power": null, "noref": null, "piste:dismount": null, "landuse": null, "addr:state": null, "source:prominence": null, "prominence": null, "name:lkt": null, "name:dak": null, "alt_name:arp": null, "leisure": null, "source:ele": null, "natural": null, "mountain_pass": null, "direction": null, "material": null, "access": null, "flashing_lights": null, "crossing:island": null, "motor_vehicle": null, "barrier": null, "traffic_signals:direction": null, "wikipedia": null, "website": null, "source:population": null, "population:date": null, "population": null, "name:zh": null, "name:vi": null, "name:uz": null, "name:ur": null, "name:uk": null, "name:tt": null, "name:tl": null, "name:th": null, "name:tg": null, "name:sw": null, "name:sr": null, "name:sq": null, "name:sl": null, "name:sa": null, "name:ru": null, "name:os": null, "name:nv": null, "name:mr": null, "name:mn": null, "name:ml": null, "name:mk": null, "name:lv": null, "name:lt": null, "name:la": null, "name:ky": null, "name:kw": null, "name:ko": null, "name:kk": null, "name:ka": null, "name:ja": null, "name:hy": null, "name:ht": null, "name:he": null, "name:gl": null, "name:gd": null, "name:ga": null, "name:fa": null, "name:en": null, "name:el": null, "name:cy": null, "name:ce": null, "name:bn": null, "name:bg": null, "name:be": null, "name:az": null, "name:ar": null, "capital": null, "wikidata": null, "place": null, "name": null, "gnis:feature_id": null, "ele": null, "kerb": null, "ref": null, "stop": null, "junction": null, "traffic_signals": null, "railway": null, "highway": null, "crossing:markings": null, "crossing": null }, "geometry": { "type": "Point", "coordinates": [ -105.0426941, 38.8399306 ] } },
{ "type": "Feature", "properties": { "full_id": "n9354171384", "osm_id": "9354171384", "osm_type": "node", "traffic_sign": null, "generator:type": null, "generator:source": null, "generator:output:electricity": null, "generator:method": null, "capacity": null, "start_date": null, "operator:wikidata": null, "operator:type": null, "operator:short": null, "official_name": null, "monitoring:water_level": null, "monitoring:flow_rate": null, "ele:datum": null, "ele:accuracy": null, "disused:man_made": null, "horse": null, "bicycle_parking": null, "female": null, "male": null, "changing_table": null, "inscription": null, "entrance": null, "disused:railway": null, "memorial": null, "unisex": null, "toilets:disposal": null, "portable": null, "level": null, "fee": null, "ele:ft": null, "description": null, "wheelchair": null, "opening_hours": null, "shelter": null, "public_transport": null, "operator": null, "network:wikidata": null, "network:short": null, "network": null, "bus": null, "bench": null, "supervised": null, "historic": null, "alt_name": null, "backrest": null, "shop": null, "button_operated": null, "parking": null, "information": null, "check_date": null, "board_type": null, "ford": null, "crossing_ref": null, "amenity": null, "foot": null, "bicycle": null, "crossing:signals": "no", "waterway": null, "distance": null, "tourism": null, "tactile_paving": "no", "power": null, "noref": null, "piste:dismount": null, "landuse": null, "addr:state": null, "source:prominence": null, "prominence": null, "name:lkt": null, "name:dak": null, "alt_name:arp": null, "leisure": null, "source:ele": null, "natural": null, "mountain_pass": null, "direction": null, "material": null, "access": null, "flashing_lights": null, "crossing:island": null, "motor_vehicle": null, "barrier": null, "traffic_signals:direction": null, "wikipedia": null, "website": null, "source:population": null, "population:date": null, "population": null, "name:zh": null, "name:vi": null, "name:uz": null, "name:ur": null, "name:uk": null, "name:tt": null, "name:tl": null, "name:th": null, "name:tg": null, "name:sw": null, "name:sr": null, "name:sq": null, "name:sl": null, "name:sa": null, "name:ru": null, "name:os": null, "name:nv": null, "name:mr": null, "name:mn": null, "name:ml": null, "name:mk": null, "name:lv": null, "name:lt": null, "name:la": null, "name:ky": null, "name:kw": null, "name:ko": null, "name:kk": null, "name:ka": null, "name:ja": null, "name:hy": null, "name:ht": null, "name:he": null, "name:gl": null, "name:gd": null, "name:ga": null, "name:fa": null, "name:en": null, "name:el": null, "name:cy": null, "name:ce": null, "name:bn": null, "name:bg": null, "name:be": null, "name:az": null, "name:ar": null, "capital": null, "wikidata": null, "place": null, "name": null, "gnis:feature_id": null, "ele": null, "kerb": "flush", "ref": null, "stop": null, "junction": null, "traffic_signals": null, "railway": null, "highway": "crossing", "crossing:markings": "no", "crossing": null }, "geometry": { "type": "Point", "coordinates": [ -105.0441648, 38.8405452 ] } },
{ "type": "Feature", "properties": { "full_id": "n9354171383", "osm_id": "9354171383", "osm_type": "node", "traffic_sign": null, "generator:type": null, "generator:source": null, "generator:output:electricity": null, "generator:method": null, "capacity": null, "start_date": null, "operator:wikidata": null, "operator:type": null, "operator:short": null, "official_name": null, "monitoring:water_level": null, "monitoring:flow_rate": null, "ele:datum": null, "ele:accuracy": null, "disused:man_made": null, "horse": null, "bicycle_parking": null, "female": null, "male": null, "changing_table": null, "inscription": null, "entrance": null, "disused:railway": null, "memorial": null, "unisex": null, "toilets:disposal": null, "portable": null, "level": null, "fee": null, "ele:ft": null, "description": null, "wheelchair": null, "opening_hours": null, "shelter": null, "public_transport": null, "operator": null, "network:wikidata": null, "network:short": null, "network": null, "bus": null, "bench": null, "supervised": null, "historic": null, "alt_name": null, "backrest": null, "shop": null, "button_operated": null, "parking": null, "information": null, "check_date": null, "board_type": null, "ford": null, "crossing_ref": null, "amenity": null, "foot": null, "bicycle": null, "crossing:signals": "no", "waterway": null, "distance": null, "tourism": null, "tactile_paving": "no", "power": null, "noref": null, "piste:dismount": null, "landuse": null, "addr:state": null, "source:prominence": null, "prominence": null, "name:lkt": null, "name:dak": null, "alt_name:arp": null, "leisure": null, "source:ele": null, "natural": null, "mountain_pass": null, "direction": null, "material": null, "access": null, "flashing_lights": null, "crossing:island": null, "motor_vehicle": null, "barrier": null, "traffic_signals:direction": null, "wikipedia": null, "website": null, "source:population": null, "population:date": null, "population": null, "name:zh": null, "name:vi": null, "name:uz": null, "name:ur": null, "name:uk": null, "name:tt": null, "name:tl": null, "name:th": null, "name:tg": null, "name:sw": null, "name:sr": null, "name:sq": null, "name:sl": null, "name:sa": null, "name:ru": null, "name:os": null, "name:nv": null, "name:mr": null, "name:mn": null, "name:ml": null, "name:mk": null, "name:lv": null, "name:lt": null, "name:la": null, "name:ky": null, "name:kw": null, "name:ko": null, "name:kk": null, "name:ka": null, "name:ja": null, "name:hy": null, "name:ht": null, "name:he": null, "name:gl": null, "name:gd": null, "name:ga": null, "name:fa": null, "name:en": null, "name:el": null, "name:cy": null, "name:ce": null, "name:bn": null, "name:bg": null, "name:be": null, "name:az": null, "name:ar": null, "capital": null, "wikidata": null, "place": null, "name": null, "gnis:feature_id": null, "ele": null, "kerb": "flush", "ref": null, "stop": null, "junction": null, "traffic_signals": null, "railway": null, "highway": "crossing", "crossing:markings": "no", "crossing": null }, "geometry": { "type": "Point", "coordinates": [ -105.0439876, 38.840016 ] } },
{ "type": "Feature", "properties": { "full_id": "n9354171382", "osm_id": "9354171382", "osm_type": "node", "traffic_sign": null, "generator:type": null, "generator:source": null, "generator:output:electricity": null, "generator:method": null, "capacity": null, "start_date": null, "operator:wikidata": null, "operator:type": null, "operator:short": null, "official_name": null, "monitoring:water_level": null, "monitoring:flow_rate": null, "ele:datum": null, "ele:accuracy": null, "disused:man_made": null, "horse": null, "bicycle_parking": null, "female": null, "male": null, "changing_table": null, "inscription": null, "entrance": null, "disused:railway": null, "memorial": null, "unisex": null, "toilets:disposal": null, "portable": null, "level": null, "fee": null, "ele:ft": null, "description": null, "wheelchair": null, "opening_hours": null, "shelter": null, "public_transport": null, "operator": null, "network:wikidata": null, "network:short": null, "network": null, "bus": null, "bench": null, "supervised": null, "historic": null, "alt_name": null, "backrest": null, "shop": null, "button_operated": null, "parking": null, "information": null, "check_date": null, "board_type": null, "ford": null, "crossing_ref": null, "amenity": null, "foot": null, "bicycle": null, "crossing:signals": "no", "waterway": null, "distance": null, "tourism": null, "tactile_paving": "no", "power": null, "noref": null, "piste:dismount": null, "landuse": null, "addr:state": null, "source:prominence": null, "prominence": null, "name:lkt": null, "name:dak": null, "alt_name:arp": null, "leisure": null, "source:ele": null, "natural": null, "mountain_pass": null, "direction": null, "material": null, "access": null, "flashing_lights": null, "crossing:island": null, "motor_vehicle": null, "barrier": null, "traffic_signals:direction": null, "wikipedia": null, "website": null, "source:population": null, "population:date": null, "population": null, "name:zh": null, "name:vi": null, "name:uz": null, "name:ur": null, "name:uk": null, "name:tt": null, "name:tl": null, "name:th": null, "name:tg": null, "name:sw": null, "name:sr": null, "name:sq": null, "name:sl": null, "name:sa": null, "name:ru": null, "name:os": null, "name:nv": null, "name:mr": null, "name:mn": null, "name:ml": null, "name:mk": null, "name:lv": null, "name:lt": null, "name:la": null, "name:ky": null, "name:kw": null, "name:ko": null, "name:kk": null, "name:ka": null, "name:ja": null, "name:hy": null, "name:ht": null, "name:he": null, "name:gl": null, "name:gd": null, "name:ga": null, "name:fa": null, "name:en": null, "name:el": null, "name:cy": null, "name:ce": null, "name:bn": null, "name:bg": null, "name:be": null, "name:az": null, "name:ar": null, "capital": null, "wikidata": null, "place": null, "name": null, "gnis:feature_id": null, "ele": null, "kerb": "flush", "ref": null, "stop": null, "junction": null, "traffic_signals": null, "railway": null, "highway": "crossing", "crossing:markings": "no", "crossing": null }, "geometry": { "type": "Point", "coordinates": [ -105.0430262, 38.8401817 ] } },
{ "type": "Feature", "properties": { "full_id": "n9354171254", "osm_id": "9354171254", "osm_type": "node", "traffic_sign": null, "generator:type": null, "generator:source": null, "generator:output:electricity": null, "generator:method": null, "capacity": null, "start_date": null, "operator:wikidata": null, "operator:type": null, "operator:short": null, "official_name": null, "monitoring:water_level": null, "monitoring:flow_rate": null, "ele:datum": null, "ele:accuracy": null, "disused:man_made": null, "horse": null, "bicycle_parking": null, "female": null, "male": null, "changing_table": null, "inscription": null, "entrance": null, "disused:railway": null, "memorial": null, "unisex": null, "toilets:disposal": null, "portable": null, "level": null, "fee": null, "ele:ft": null, "description": null, "wheelchair": null, "opening_hours": null, "shelter": null, "public_transport": null, "operator": null, "network:wikidata": null, "network:short": null, "network": null, "bus": null, "bench": null, "supervised": null, "historic": null, "alt_name": null, "backrest": null, "shop": null, "button_operated": null, "parking": null, "information": null, "check_date": null, "board_type": null, "ford": null, "crossing_ref": null, "amenity": null, "foot": null, "bicycle": null, "crossing:signals": null, "waterway": null, "distance": null, "tourism": null, "tactile_paving": null, "power": null, "noref": null, "piste:dismount": null, "landuse": null, "addr:state": null, "source:prominence": null, "prominence": null, "name:lkt": null, "name:dak": null, "alt_name:arp": null, "leisure": null, "source:ele": null, "natural": null, "mountain_pass": null, "direction": null, "material": null, "access": null, "flashing_lights": null, "crossing:island": null, "motor_vehicle": null, "barrier": null, "traffic_signals:direction": null, "wikipedia": null, "website": null, "source:population": null, "population:date": null, "population": null, "name:zh": null, "name:vi": null, "name:uz": null, "name:ur": null, "name:uk": null, "name:tt": null, "name:tl": null, "name:th": null, "name:tg": null, "name:sw": null, "name:sr": null, "name:sq": null, "name:sl": null, "name:sa": null, "name:ru": null, "name:os": null, "name:nv": null, "name:mr": null, "name:mn": null, "name:ml": null, "name:mk": null, "name:lv": null, "name:lt": null, "name:la": null, "name:ky": null, "name:kw": null, "name:ko": null, "name:kk": null, "name:ka": null, "name:ja": null, "name:hy": null, "name:ht": null, "name:he": null, "name:gl": null, "name:gd": null, "name:ga": null, "name:fa": null, "name:en": null, "name:el": null, "name:cy": null, "name:ce": null, "name:bn": null, "name:bg": null, "name:be": null, "name:az": null, "name:ar": null, "capital": null, "wikidata": null, "place": null, "name": null, "gnis:feature_id": null, "ele": null, "kerb": null, "ref": null, "stop": null, "junction": null, "traffic_signals": null, "railway": null, "highway": "elevator", "crossing:markings": null, "crossing": null }, "geometry": { "type": "Point", "coordinates": [ -105.0427032, 38.8399044 ] } },
{ "type": "Feature", "properties": { "full_id": "n358926693", "osm_id": "358926693", "osm_type": "node", "traffic_sign": null, "generator:type": null, "generator:source": null, "generator:output:electricity": null, "generator:method": null, "capacity": null, "start_date": null, "operator:wikidata": null, "operator:type": null, "operator:short": null, "official_name": null, "monitoring:water_level": null, "monitoring:flow_rate": null, "ele:datum": null, "ele:accuracy": null, "disused:man_made": null, "horse": null, "bicycle_parking": null, "female": null, "male": null, "changing_table": null, "inscription": null, "entrance": null, "disused:railway": null, "memorial": null, "unisex": null, "toilets:disposal": null, "portable": null, "level": null, "fee": null, "ele:ft": null, "description": null, "wheelchair": null, "opening_hours": null, "shelter": null, "public_transport": null, "operator": null, "network:wikidata": null, "network:short": null, "network": null, "bus": null, "bench": null, "supervised": null, "historic": null, "alt_name": null, "backrest": null, "shop": null, "button_operated": null, "parking": null, "information": null, "check_date": null, "board_type": null, "ford": null, "crossing_ref": null, "amenity": null, "foot": null, "bicycle": null, "crossing:signals": null, "waterway": null, "distance": null, "tourism": null, "tactile_paving": null, "power": null, "noref": null, "piste:dismount": null, "landuse": null, "addr:state": null, "source:prominence": null, "prominence": null, "name:lkt": null, "name:dak": null, "alt_name:arp": null, "leisure": null, "source:ele": null, "natural": "peak", "mountain_pass": null, "direction": null, "material": null, "access": null, "flashing_lights": null, "crossing:island": null, "motor_vehicle": null, "barrier": null, "traffic_signals:direction": null, "wikipedia": null, "website": null, "source:population": null, "population:date": null, "population": null, "name:zh": null, "name:vi": null, "name:uz": null, "name:ur": null, "name:uk": null, "name:tt": null, "name:tl": null, "name:th": null, "name:tg": null, "name:sw": null, "name:sr": null, "name:sq": null, "name:sl": null, "name:sa": null, "name:ru": null, "name:os": null, "name:nv": null, "name:mr": null, "name:mn": null, "name:ml": null, "name:mk": null, "name:lv": null, "name:lt": null, "name:la": null, "name:ky": null, "name:kw": null, "name:ko": null, "name:kk": null, "name:ka": null, "name:ja": null, "name:hy": null, "name:ht": null, "name:he": null, "name:gl": null, "name:gd": null, "name:ga": null, "name:fa": null, "name:en": null, "name:el": null, "name:cy": null, "name:ce": null, "name:bn": null, "name:bg": null, "name:be": null, "name:az": null, "name:ar": null, "capital": null, "wikidata": null, "place": null, "name": "Sachett Mountain", "gnis:feature_id": "191234", "ele": "3837", "kerb": null, "ref": null, "stop": null, "junction": null, "traffic_signals": null, "railway": null, "highway": null, "crossing:markings": null, "crossing": null }, "geometry": { "type": "Point", "coordinates": [ -105.023866, 38.820821 ] } },
{ "type": "Feature", "properties": { "full_id": "n9354171394", "osm_id": "9354171394", "osm_type": "node", "traffic_sign": null, "generator:type": null, "generator:source": null, "generator:output:electricity": null, "generator:method": null, "capacity": null, "start_date": null, "operator:wikidata": null, "operator:type": null, "operator:short": null, "official_name": null, "monitoring:water_level": null, "monitoring:flow_rate": null, "ele:datum": null, "ele:accuracy": null, "disused:man_made": null, "horse": null, "bicycle_parking": "lockers", "female": null, "male": null, "changing_table": null, "inscription": null, "entrance": null, "disused:railway": null, "memorial": null, "unisex": null, "toilets:disposal": null, "portable": null, "level": null, "fee": null, "ele:ft": null, "description": null, "wheelchair": null, "opening_hours": null, "shelter": null, "public_transport": null, "operator": null, "network:wikidata": null, "network:short": null, "network": null, "bus": null, "bench": null, "supervised": null, "historic": null, "alt_name": null, "backrest": null, "shop": null, "button_operated": null, "parking": null, "information": null, "check_date": null, "board_type": null, "ford": null, "crossing_ref": null, "amenity": "bicycle_parking", "foot": null, "bicycle": null, "crossing:signals": null, "waterway": null, "distance": null, "tourism": null, "tactile_paving": null, "power": null, "noref": null, "piste:dismount": null, "landuse": null, "addr:state": null, "source:prominence": null, "prominence": null, "name:lkt": null, "name:dak": null, "alt_name:arp": null, "leisure": null, "source:ele": null, "natural": null, "mountain_pass": null, "direction": null, "material": null, "access": null, "flashing_lights": null, "crossing:island": null, "motor_vehicle": null, "barrier": null, "traffic_signals:direction": null, "wikipedia": null, "website": null, "source:population": null, "population:date": null, "population": null, "name:zh": null, "name:vi": null, "name:uz": null, "name:ur": null, "name:uk": null, "name:tt": null, "name:tl": null, "name:th": null, "name:tg": null, "name:sw": null, "name:sr": null, "name:sq": null, "name:sl": null, "name:sa": null, "name:ru": null, "name:os": null, "name:nv": null, "name:mr": null, "name:mn": null, "name:ml": null, "name:mk": null, "name:lv": null, "name:lt": null, "name:la": null, "name:ky": null, "name:kw": null, "name:ko": null, "name:kk": null, "name:ka": null, "name:ja": null, "name:hy": null, "name:ht": null, "name:he": null, "name:gl": null, "name:gd": null, "name:ga": null, "name:fa": null, "name:en": null, "name:el": null, "name:cy": null, "name:ce": null, "name:bn": null, "name:bg": null, "name:be": null, "name:az": null, "name:ar": null, "capital": null, "wikidata": null, "place": null, "name": null, "gnis:feature_id": null, "ele": null, "kerb": null, "ref": null, "stop": null, "junction": null, "traffic_signals": null, "railway": null, "highway": null, "crossing:markings": null, "crossing": null }, "geometry": { "type": "Point", "coordinates": [ -105.0428789, 38.839916 ] } },
{ "type": "Feature", "properties": { "full_id": "n336142182", "osm_id": "336142182", "osm_type": "node", "traffic_sign": null, "generator:type": null, "generator:source": null, "generator:output:electricity": null, "generator:method": null, "capacity": null, "start_date": null, "operator:wikidata": null, "operator:type": null, "operator:short": null, "official_name": null, "monitoring:water_level": null, "monitoring:flow_rate": null, "ele:datum": null, "ele:accuracy": null, "disused:man_made": null, "horse": null, "bicycle_parking": null, "female": null, "male": null, "changing_table": null, "inscription": null, "entrance": null, "disused:railway": null, "memorial": null, "unisex": null, "toilets:disposal": null, "portable": null, "level": null, "fee": null, "ele:ft": null, "description": null, "wheelchair": null, "opening_hours": null, "shelter": null, "public_transport": null, "operator": null, "network:wikidata": null, "network:short": null, "network": null, "bus": null, "bench": null, "supervised": null, "historic": null, "alt_name": null, "backrest": null, "shop": null, "button_operated": null, "parking": null, "information": null, "check_date": null, "board_type": null, "ford": null, "crossing_ref": null, "amenity": null, "foot": null, "bicycle": null, "crossing:signals": null, "waterway": null, "distance": null, "tourism": null, "tactile_paving": null, "power": null, "noref": null, "piste:dismount": null, "landuse": null, "addr:state": null, "source:prominence": null, "prominence": null, "name:lkt": null, "name:dak": null, "alt_name:arp": null, "leisure": null, "source:ele": null, "natural": null, "mountain_pass": null, "direction": null, "material": null, "access": null, "flashing_lights": null, "crossing:island": null, "motor_vehicle": null, "barrier": null, "traffic_signals:direction": null, "wikipedia": null, "website": null, "source:population": null, "population:date": null, "population": null, "name:zh": null, "name:vi": null, "name:uz": null, "name:ur": null, "name:uk": null, "name:tt": null, "name:tl": null, "name:th": null, "name:tg": null, "name:sw": null, "name:sr": null, "name:sq": null, "name:sl": null, "name:sa": null, "name:ru": null, "name:os": null, "name:nv": null, "name:mr": null, "name:mn": null, "name:ml": null, "name:mk": null, "name:lv": null, "name:lt": null, "name:la": null, "name:ky": null, "name:kw": null, "name:ko": null, "name:kk": null, "name:ka": null, "name:ja": null, "name:hy": null, "name:ht": null, "name:he": null, "name:gl": null, "name:gd": null, "name:ga": null, "name:fa": null, "name:en": null, "name:el": null, "name:cy": null, "name:ce": null, "name:bn": null, "name:bg": null, "name:be": null, "name:az": null, "name:ar": null, "capital": null, "wikidata": null, "place": null, "name": null, "gnis:feature_id": null, "ele": null, "kerb": null, "ref": null, "stop": null, "junction": null, "traffic_signals": null, "railway": "switch", "highway": null, "crossing:markings": null, "crossing": null }, "geometry": { "type": "Point", "coordinates": [ -104.9317108, 38.8558709 ] } },
{ "type": "Feature", "properties": { "full_id": "n9354171393", "osm_id": "9354171393", "osm_type": "node", "traffic_sign": null, "generator:type": null, "generator:source": null, "generator:output:electricity": null, "generator:method": null, "capacity": null, "start_date": null, "operator:wikidata": null, "operator:type": null, "operator:short": null, "official_name": null, "monitoring:water_level": null, "monitoring:flow_rate": null, "ele:datum": null, "ele:accuracy": null, "disused:man_made": null, "horse": null, "bicycle_parking": null, "female": null, "male": null, "changing_table": null, "inscription": null, "entrance": null, "disused:railway": null, "memorial": null, "unisex": null, "toilets:disposal": null, "portable": null, "level": null, "fee": null, "ele:ft": null, "description": null, "wheelchair": null, "opening_hours": null, "shelter": null, "public_transport": null, "operator": null, "network:wikidata": null, "network:short": null, "network": null, "bus": null, "bench": null, "supervised": null, "historic": null, "alt_name": null, "backrest": null, "shop": null, "button_operated": null, "parking": null, "information": null, "check_date": null, "board_type": null, "ford": null, "crossing_ref": null, "amenity": "bicycle_parking", "foot": null, "bicycle": null, "crossing:signals": null, "waterway": null, "distance": null, "tourism": null, "tactile_paving": null, "power": null, "noref": null, "piste:dismount": null, "landuse": null, "addr:state": null, "source:prominence": null, "prominence": null, "name:lkt": null, "name:dak": null, "alt_name:arp": null, "leisure": null, "source:ele": null, "natural": null, "mountain_pass": null, "direction": null, "material": null, "access": null, "flashing_lights": null, "crossing:island": null, "motor_vehicle": null, "barrier": null, "traffic_signals:direction": null, "wikipedia": null, "website": null, "source:population": null, "population:date": null, "population": null, "name:zh": null, "name:vi": null, "name:uz": null, "name:ur": null, "name:uk": null, "name:tt": null, "name:tl": null, "name:th": null, "name:tg": null, "name:sw": null, "name:sr": null, "name:sq": null, "name:sl": null, "name:sa": null, "name:ru": null, "name:os": null, "name:nv": null, "name:mr": null, "name:mn": null, "name:ml": null, "name:mk": null, "name:lv": null, "name:lt": null, "name:la": null, "name:ky": null, "name:kw": null, "name:ko": null, "name:kk": null, "name:ka": null, "name:ja": null, "name:hy": null, "name:ht": null, "name:he": null, "name:gl": null, "name:gd": null, "name:ga": null, "name:fa": null, "name:en": null, "name:el": null, "name:cy": null, "name:ce": null, "name:bn": null, "name:bg": null, "name:be": null, "name:az": null, "name:ar": null, "capital": null, "wikidata": null, "place": null, "name": null, "gnis:feature_id": null, "ele": null, "kerb": null, "ref": null, "stop": null, "junction": null, "traffic_signals": null, "railway": null, "highway": null, "crossing:markings": null, "crossing": null }, "geometry": { "type": "Point", "coordinates": [ -105.0428952, 38.8398697 ] } },
{ "type": "Feature", "properties": { "full_id": "n925973732", "osm_id": "925973732", "osm_type": "node", "traffic_sign": null, "generator:type": null, "generator:source": null, "generator:output:electricity": null, "generator:method": null, "capacity": null, "start_date": null, "operator:wikidata": null, "operator:type": null, "operator:short": null, "official_name": null, "monitoring:water_level": null, "monitoring:flow_rate": null, "ele:datum": null, "ele:accuracy": null, "disused:man_made": null, "horse": null, "bicycle_parking": null, "female": null, "male": null, "changing_table": null, "inscription": null, "entrance": null, "disused:railway": null, "memorial": null, "unisex": null, "toilets:disposal": null, "portable": null, "level": null, "fee": null, "ele:ft": null, "description": null, "wheelchair": null, "opening_hours": null, "shelter": null, "public_transport": null, "operator": null, "network:wikidata": null, "network:short": null, "network": null, "bus": null, "bench": null, "supervised": null, "historic": null, "alt_name": null, "backrest": null, "shop": null, "button_operated": null, "parking": null, "information": null, "check_date": null, "board_type": null, "ford": null, "crossing_ref": null, "amenity": null, "foot": null, "bicycle": null, "crossing:signals": null, "waterway": null, "distance": null, "tourism": null, "tactile_paving": null, "power": null, "noref": null, "piste:dismount": null, "landuse": null, "addr:state": null, "source:prominence": null, "prominence": null, "name:lkt": null, "name:dak": null, "alt_name:arp": null, "leisure": null, "source:ele": null, "natural": null, "mountain_pass": null, "direction": null, "material": null, "access": "private", "flashing_lights": null, "crossing:island": null, "motor_vehicle": null, "barrier": "gate", "traffic_signals:direction": null, "wikipedia": null, "website": null, "source:population": null, "population:date": null, "population": null, "name:zh": null, "name:vi": null, "name:uz": null, "name:ur": null, "name:uk": null, "name:tt": null, "name:tl": null, "name:th": null, "name:tg": null, "name:sw": null, "name:sr": null, "name:sq": null, "name:sl": null, "name:sa": null, "name:ru": null, "name:os": null, "name:nv": null, "name:mr": null, "name:mn": null, "name:ml": null, "name:mk": null, "name:lv": null, "name:lt": null, "name:la": null, "name:ky": null, "name:kw": null, "name:ko": null, "name:kk": null, "name:ka": null, "name:ja": null, "name:hy": null, "name:ht": null, "name:he": null, "name:gl": null, "name:gd": null, "name:ga": null, "name:fa": null, "name:en": null, "name:el": null, "name:cy": null, "name:ce": null, "name:bn": null, "name:bg": null, "name:be": null, "name:az": null, "name:ar": null, "capital": null, "wikidata": null, "place": null, "name": null, "gnis:feature_id": null, "ele": null, "kerb": null, "ref": null, "stop": null, "junction": null, "traffic_signals": null, "railway": null, "highway": null, "crossing:markings": null, "crossing": null }, "geometry": { "type": "Point", "coordinates": [ -104.9341204, 38.8641633 ] } },
{ "type": "Feature", "properties": { "full_id": "n9563119707", "osm_id": "9563119707", "osm_type": "node", "traffic_sign": null, "generator:type": null, "generator:source": null, "generator:output:electricity": null, "generator:method": null, "capacity": null, "start_date": null, "operator:wikidata": null, "operator:type": null, "operator:short": null, "official_name": null, "monitoring:water_level": null, "monitoring:flow_rate": null, "ele:datum": null, "ele:accuracy": null, "disused:man_made": null, "horse": null, "bicycle_parking": null, "female": null, "male": null, "changing_table": null, "inscription": null, "entrance": null, "disused:railway": null, "memorial": null, "unisex": null, "toilets:disposal": null, "portable": null, "level": null, "fee": null, "ele:ft": null, "description": null, "wheelchair": null, "opening_hours": null, "shelter": null, "public_transport": null, "operator": null, "network:wikidata": null, "network:short": null, "network": null, "bus": null, "bench": null, "supervised": null, "historic": null, "alt_name": null, "backrest": null, "shop": null, "button_operated": null, "parking": null, "information": null, "check_date": null, "board_type": null, "ford": null, "crossing_ref": null, "amenity": null, "foot": null, "bicycle": null, "crossing:signals": null, "waterway": null, "distance": null, "tourism": null, "tactile_paving": null, "power": null, "noref": null, "piste:dismount": null, "landuse": null, "addr:state": null, "source:prominence": null, "prominence": null, "name:lkt": null, "name:dak": null, "alt_name:arp": null, "leisure": null, "source:ele": null, "natural": null, "mountain_pass": null, "direction": null, "material": null, "access": null, "flashing_lights": null, "crossing:island": null, "motor_vehicle": null, "barrier": null, "traffic_signals:direction": null, "wikipedia": null, "website": null, "source:population": null, "population:date": null, "population": null, "name:zh": null, "name:vi": null, "name:uz": null, "name:ur": null, "name:uk": null, "name:tt": null, "name:tl": null, "name:th": null, "name:tg": null, "name:sw": null, "name:sr": null, "name:sq": null, "name:sl": null, "name:sa": null, "name:ru": null, "name:os": null, "name:nv": null, "name:mr": null, "name:mn": null, "name:ml": null, "name:mk": null, "name:lv": null, "name:lt": null, "name:la": null, "name:ky": null, "name:kw": null, "name:ko": null, "name:kk": null, "name:ka": null, "name:ja": null, "name:hy": null, "name:ht": null, "name:he": null, "name:gl": null, "name:gd": null, "name:ga": null, "name:fa": null, "name:en": null, "name:el": null, "name:cy": null, "name:ce": null, "name:bn": null, "name:bg": null, "name:be": null, "name:az": null, "name:ar": null, "capital": null, "wikidata": null, "place": null, "name": null, "gnis:feature_id": null, "ele": null, "kerb": null, "ref": null, "stop": null, "junction": null, "traffic_signals": null, "railway": "switch", "highway": null, "crossing:markings": null, "crossing": null }, "geometry": { "type": "Point", "coordinates": [ -104.9321771, 38.8556973 ] } },
{ "type": "Feature", "properties": { "full_id": "n925973452", "osm_id": "925973452", "osm_type": "node", "traffic_sign": null, "generator:type": null, "generator:source": null, "generator:output:electricity": null, "generator:method": null, "capacity": null, "start_date": null, "operator:wikidata": null, "operator:type": null, "operator:short": null, "official_name": null, "monitoring:water_level": null, "monitoring:flow_rate": null, "ele:datum": null, "ele:accuracy": null, "disused:man_made": null, "horse": null, "bicycle_parking": null, "female": null, "male": null, "changing_table": null, "inscription": null, "entrance": null, "disused:railway": null, "memorial": null, "unisex": null, "toilets:disposal": null, "portable": null, "level": null, "fee": null, "ele:ft": null, "description": null, "wheelchair": null, "opening_hours": null, "shelter": null, "public_transport": null, "operator": null, "network:wikidata": null, "network:short": null, "network": null, "bus": null, "bench": null, "supervised": null, "historic": null, "alt_name": null, "backrest": null, "shop": null, "button_operated": null, "parking": null, "information": null, "check_date": null, "board_type": null, "ford": null, "crossing_ref": null, "amenity": null, "foot": null, "bicycle": null, "crossing:signals": null, "waterway": null, "distance": null, "tourism": null, "tactile_paving": null, "power": null, "noref": null, "piste:dismount": null, "landuse": null, "addr:state": null, "source:prominence": null, "prominence": null, "name:lkt": null, "name:dak": null, "alt_name:arp": null, "leisure": null, "source:ele": null, "natural": null, "mountain_pass": null, "direction": null, "material": null, "access": "customers", "flashing_lights": null, "crossing:island": null, "motor_vehicle": null, "barrier": "gate", "traffic_signals:direction": null, "wikipedia": null, "website": null, "source:population": null, "population:date": null, "population": null, "name:zh": null, "name:vi": null, "name:uz": null, "name:ur": null, "name:uk": null, "name:tt": null, "name:tl": null, "name:th": null, "name:tg": null, "name:sw": null, "name:sr": null, "name:sq": null, "name:sl": null, "name:sa": null, "name:ru": null, "name:os": null, "name:nv": null, "name:mr": null, "name:mn": null, "name:ml": null, "name:mk": null, "name:lv": null, "name:lt": null, "name:la": null, "name:ky": null, "name:kw": null, "name:ko": null, "name:kk": null, "name:ka": null, "name:ja": null, "name:hy": null, "name:ht": null, "name:he": null, "name:gl": null, "name:gd": null, "name:ga": null, "name:fa": null, "name:en": null, "name:el": null, "name:cy": null, "name:ce": null, "name:bn": null, "name:bg": null, "name:be": null, "name:az": null, "name:ar": null, "capital": null, "wikidata": null, "place": null, "name": null, "gnis:feature_id": null, "ele": null, "kerb": null, "ref": null, "stop": null, "junction": null, "traffic_signals": null, "railway": null, "highway": null, "crossing:markings": null, "crossing": null }, "geometry": { "type": "Point", "coordinates": [ -104.9307367, 38.8566015 ] } },
{ "type": "Feature", "properties": { "full_id": "n9563119699", "osm_id": "9563119699", "osm_type": "node", "traffic_sign": null, "generator:type": null, "generator:source": null, "generator:output:electricity": null, "generator:method": null, "capacity": null, "start_date": null, "operator:wikidata": null, "operator:type": null, "operator:short": null, "official_name": null, "monitoring:water_level": null, "monitoring:flow_rate": null, "ele:datum": null, "ele:accuracy": null, "disused:man_made": null, "horse": null, "bicycle_parking": null, "female": null, "male": null, "changing_table": null, "inscription": null, "entrance": null, "disused:railway": null, "memorial": null, "unisex": null, "toilets:disposal": null, "portable": null, "level": null, "fee": null, "ele:ft": null, "description": null, "wheelchair": null, "opening_hours": null, "shelter": null, "public_transport": null, "operator": null, "network:wikidata": null, "network:short": null, "network": null, "bus": null, "bench": null, "supervised": null, "historic": null, "alt_name": null, "backrest": null, "shop": null, "button_operated": null, "parking": null, "information": null, "check_date": null, "board_type": null, "ford": null, "crossing_ref": null, "amenity": null, "foot": null, "bicycle": null, "crossing:signals": null, "waterway": null, "distance": null, "tourism": null, "tactile_paving": null, "power": null, "noref": null, "piste:dismount": null, "landuse": null, "addr:state": null, "source:prominence": null, "prominence": null, "name:lkt": null, "name:dak": null, "alt_name:arp": null, "leisure": null, "source:ele": null, "natural": null, "mountain_pass": null, "direction": null, "material": null, "access": null, "flashing_lights": null, "crossing:island": null, "motor_vehicle": null, "barrier": null, "traffic_signals:direction": null, "wikipedia": null, "website": null, "source:population": null, "population:date": null, "population": null, "name:zh": null, "name:vi": null, "name:uz": null, "name:ur": null, "name:uk": null, "name:tt": null, "name:tl": null, "name:th": null, "name:tg": null, "name:sw": null, "name:sr": null, "name:sq": null, "name:sl": null, "name:sa": null, "name:ru": null, "name:os": null, "name:nv": null, "name:mr": null, "name:mn": null, "name:ml": null, "name:mk": null, "name:lv": null, "name:lt": null, "name:la": null, "name:ky": null, "name:kw": null, "name:ko": null, "name:kk": null, "name:ka": null, "name:ja": null, "name:hy": null, "name:ht": null, "name:he": null, "name:gl": null, "name:gd": null, "name:ga": null, "name:fa": null, "name:en": null, "name:el": null, "name:cy": null, "name:ce": null, "name:bn": null, "name:bg": null, "name:be": null, "name:az": null, "name:ar": null, "capital": null, "wikidata": null, "place": null, "name": null, "gnis:feature_id": null, "ele": null, "kerb": null, "ref": null, "stop": null, "junction": null, "traffic_signals": null, "railway": "switch", "highway": null, "crossing:markings": null, "crossing": null }, "geometry": { "type": "Point", "coordinates": [ -104.9320088, 38.8557556 ] } },
{ "type": "Feature", "properties": { "full_id": "n8900182900", "osm_id": "8900182900", "osm_type": "node", "traffic_sign": null, "generator:type": null, "generator:source": null, "generator:output:electricity": null, "generator:method": null, "capacity": null, "start_date": null, "operator:wikidata": null, "operator:type": null, "operator:short": null, "official_name": null, "monitoring:water_level": null, "monitoring:flow_rate": null, "ele:datum": null, "ele:accuracy": null, "disused:man_made": null, "horse": null, "bicycle_parking": null, "female": null, "male": null, "changing_table": null, "inscription": null, "entrance": null, "disused:railway": null, "memorial": null, "unisex": null, "toilets:disposal": null, "portable": null, "level": null, "fee": null, "ele:ft": null, "description": null, "wheelchair": null, "opening_hours": null, "shelter": null, "public_transport": null, "operator": null, "network:wikidata": null, "network:short": null, "network": null, "bus": null, "bench": null, "supervised": null, "historic": null, "alt_name": null, "backrest": null, "shop": null, "button_operated": null, "parking": null, "information": null, "check_date": null, "board_type": null, "ford": null, "crossing_ref": null, "amenity": null, "foot": null, "bicycle": null, "crossing:signals": null, "waterway": null, "distance": null, "tourism": null, "tactile_paving": null, "power": null, "noref": null, "piste:dismount": null, "landuse": null, "addr:state": null, "source:prominence": null, "prominence": null, "name:lkt": null, "name:dak": null, "alt_name:arp": null, "leisure": null, "source:ele": null, "natural": null, "mountain_pass": null, "direction": null, "material": null, "access": null, "flashing_lights": null, "crossing:island": null, "motor_vehicle": null, "barrier": null, "traffic_signals:direction": null, "wikipedia": null, "website": null, "source:population": null, "population:date": null, "population": null, "name:zh": null, "name:vi": null, "name:uz": null, "name:ur": null, "name:uk": null, "name:tt": null, "name:tl": null, "name:th": null, "name:tg": null, "name:sw": null, "name:sr": null, "name:sq": null, "name:sl": null, "name:sa": null, "name:ru": null, "name:os": null, "name:nv": null, "name:mr": null, "name:mn": null, "name:ml": null, "name:mk": null, "name:lv": null, "name:lt": null, "name:la": null, "name:ky": null, "name:kw": null, "name:ko": null, "name:kk": null, "name:ka": null, "name:ja": null, "name:hy": null, "name:ht": null, "name:he": null, "name:gl": null, "name:gd": null, "name:ga": null, "name:fa": null, "name:en": null, "name:el": null, "name:cy": null, "name:ce": null, "name:bn": null, "name:bg": null, "name:be": null, "name:az": null, "name:ar": null, "capital": null, "wikidata": null, "place": null, "name": "Bottomless Pit", "gnis:feature_id": null, "ele": "3547", "kerb": null, "ref": null, "stop": null, "junction": null, "traffic_signals": null, "railway": null, "highway": null, "crossing:markings": null, "crossing": null }, "geometry": { "type": "Point", "coordinates": [ -105.0466447, 38.8539111 ] } },
{ "type": "Feature", "properties": { "full_id": "n925973751", "osm_id": "925973751", "osm_type": "node", "traffic_sign": null, "generator:type": null, "generator:source": null, "generator:output:electricity": null, "generator:method": null, "capacity": null, "start_date": null, "operator:wikidata": null, "operator:type": null, "operator:short": null, "official_name": null, "monitoring:water_level": null, "monitoring:flow_rate": null, "ele:datum": null, "ele:accuracy": null, "disused:man_made": null, "horse": null, "bicycle_parking": null, "female": null, "male": null, "changing_table": null, "inscription": null, "entrance": null, "disused:railway": null, "memorial": null, "unisex": null, "toilets:disposal": null, "portable": null, "level": null, "fee": null, "ele:ft": null, "description": null, "wheelchair": null, "opening_hours": null, "shelter": null, "public_transport": null, "operator": null, "network:wikidata": null, "network:short": null, "network": null, "bus": null, "bench": null, "supervised": null, "historic": null, "alt_name": null, "backrest": null, "shop": null, "button_operated": null, "parking": null, "information": null, "check_date": null, "board_type": null, "ford": null, "crossing_ref": null, "amenity": null, "foot": null, "bicycle": null, "crossing:signals": null, "waterway": null, "distance": null, "tourism": null, "tactile_paving": null, "power": null, "noref": null, "piste:dismount": null, "landuse": null, "addr:state": null, "source:prominence": null, "prominence": null, "name:lkt": null, "name:dak": null, "alt_name:arp": null, "leisure": null, "source:ele": null, "natural": null, "mountain_pass": null, "direction": null, "material": null, "access": "private", "flashing_lights": null, "crossing:island": null, "motor_vehicle": null, "barrier": "gate", "traffic_signals:direction": null, "wikipedia": null, "website": null, "source:population": null, "population:date": null, "population": null, "name:zh": null, "name:vi": null, "name:uz": null, "name:ur": null, "name:uk": null, "name:tt": null, "name:tl": null, "name:th": null, "name:tg": null, "name:sw": null, "name:sr": null, "name:sq": null, "name:sl": null, "name:sa": null, "name:ru": null, "name:os": null, "name:nv": null, "name:mr": null, "name:mn": null, "name:ml": null, "name:mk": null, "name:lv": null, "name:lt": null, "name:la": null, "name:ky": null, "name:kw": null, "name:ko": null, "name:kk": null, "name:ka": null, "name:ja": null, "name:hy": null, "name:ht": null, "name:he": null, "name:gl": null, "name:gd": null, "name:ga": null, "name:fa": null, "name:en": null, "name:el": null, "name:cy": null, "name:ce": null, "name:bn": null, "name:bg": null, "name:be": null, "name:az": null, "name:ar": null, "capital": null, "wikidata": null, "place": null, "name": null, "gnis:feature_id": null, "ele": null, "kerb": null, "ref": null, "stop": null, "junction": null, "traffic_signals": null, "railway": null, "highway": null, "crossing:markings": null, "crossing": null }, "geometry": { "type": "Point", "coordinates": [ -104.9344206, 38.8638769 ] } },
{ "type": "Feature", "properties": { "full_id": "n9354171234", "osm_id": "9354171234", "osm_type": "node", "traffic_sign": null, "generator:type": null, "generator:source": null, "generator:output:electricity": null, "generator:method": null, "capacity": null, "start_date": null, "operator:wikidata": null, "operator:type": null, "operator:short": null, "official_name": null, "monitoring:water_level": null, "monitoring:flow_rate": null, "ele:datum": null, "ele:accuracy": null, "disused:man_made": null, "horse": null, "bicycle_parking": null, "female": null, "male": null, "changing_table": null, "inscription": "Constructed 1873", "entrance": null, "disused:railway": null, "memorial": null, "unisex": null, "toilets:disposal": null, "portable": null, "level": null, "fee": null, "ele:ft": null, "description": null, "wheelchair": null, "opening_hours": null, "shelter": null, "public_transport": null, "operator": null, "network:wikidata": null, "network:short": null, "network": null, "bus": null, "bench": null, "supervised": null, "historic": "original_summit_house_wall", "alt_name": null, "backrest": null, "shop": null, "button_operated": null, "parking": null, "information": null, "check_date": null, "board_type": null, "ford": null, "crossing_ref": null, "amenity": null, "foot": null, "bicycle": null, "crossing:signals": null, "waterway": null, "distance": null, "tourism": null, "tactile_paving": null, "power": null, "noref": null, "piste:dismount": null, "landuse": null, "addr:state": null, "source:prominence": null, "prominence": null, "name:lkt": null, "name:dak": null, "alt_name:arp": null, "leisure": null, "source:ele": null, "natural": null, "mountain_pass": null, "direction": null, "material": null, "access": null, "flashing_lights": null, "crossing:island": null, "motor_vehicle": null, "barrier": null, "traffic_signals:direction": null, "wikipedia": null, "website": null, "source:population": null, "population:date": null, "population": null, "name:zh": null, "name:vi": null, "name:uz": null, "name:ur": null, "name:uk": null, "name:tt": null, "name:tl": null, "name:th": null, "name:tg": null, "name:sw": null, "name:sr": null, "name:sq": null, "name:sl": null, "name:sa": null, "name:ru": null, "name:os": null, "name:nv": null, "name:mr": null, "name:mn": null, "name:ml": null, "name:mk": null, "name:lv": null, "name:lt": null, "name:la": null, "name:ky": null, "name:kw": null, "name:ko": null, "name:kk": null, "name:ka": null, "name:ja": null, "name:hy": null, "name:ht": null, "name:he": null, "name:gl": null, "name:gd": null, "name:ga": null, "name:fa": null, "name:en": null, "name:el": null, "name:cy": null, "name:ce": null, "name:bn": null, "name:bg": null, "name:be": null, "name:az": null, "name:ar": null, "capital": null, "wikidata": null, "place": null, "name": null, "gnis:feature_id": null, "ele": null, "kerb": null, "ref": null, "stop": null, "junction": null, "traffic_signals": null, "railway": null, "highway": null, "crossing:markings": null, "crossing": null }, "geometry": { "type": "Point", "coordinates": [ -105.0423802, 38.8402605 ] } },
{ "type": "Feature", "properties": { "full_id": "n2512381227", "osm_id": "2512381227", "osm_type": "node", "traffic_sign": null, "generator:type": null, "generator:source": null, "generator:output:electricity": null, "generator:method": null, "capacity": null, "start_date": null, "operator:wikidata": null, "operator:type": null, "operator:short": null, "official_name": null, "monitoring:water_level": null, "monitoring:flow_rate": null, "ele:datum": null, "ele:accuracy": null, "disused:man_made": null, "horse": null, "bicycle_parking": null, "female": null, "male": null, "changing_table": null, "inscription": null, "entrance": null, "disused:railway": null, "memorial": null, "unisex": null, "toilets:disposal": null, "portable": null, "level": null, "fee": null, "ele:ft": null, "description": null, "wheelchair": null, "opening_hours": null, "shelter": null, "public_transport": null, "operator": null, "network:wikidata": null, "network:short": null, "network": null, "bus": null, "bench": null, "supervised": null, "historic": null, "alt_name": null, "backrest": null, "shop": null, "button_operated": null, "parking": "street_side", "information": null, "check_date": null, "board_type": null, "ford": null, "crossing_ref": null, "amenity": "parking", "foot": null, "bicycle": null, "crossing:signals": null, "waterway": null, "distance": null, "tourism": null, "tactile_paving": null, "power": null, "noref": null, "piste:dismount": null, "landuse": null, "addr:state": null, "source:prominence": null, "prominence": null, "name:lkt": null, "name:dak": null, "alt_name:arp": null, "leisure": null, "source:ele": null, "natural": null, "mountain_pass": null, "direction": null, "material": null, "access": null, "flashing_lights": null, "crossing:island": null, "motor_vehicle": null, "barrier": null, "traffic_signals:direction": null, "wikipedia": null, "website": null, "source:population": null, "population:date": null, "population": null, "name:zh": null, "name:vi": null, "name:uz": null, "name:ur": null, "name:uk": null, "name:tt": null, "name:tl": null, "name:th": null, "name:tg": null, "name:sw": null, "name:sr": null, "name:sq": null, "name:sl": null, "name:sa": null, "name:ru": null, "name:os": null, "name:nv": null, "name:mr": null, "name:mn": null, "name:ml": null, "name:mk": null, "name:lv": null, "name:lt": null, "name:la": null, "name:ky": null, "name:kw": null, "name:ko": null, "name:kk": null, "name:ka": null, "name:ja": null, "name:hy": null, "name:ht": null, "name:he": null, "name:gl": null, "name:gd": null, "name:ga": null, "name:fa": null, "name:en": null, "name:el": null, "name:cy": null, "name:ce": null, "name:bn": null, "name:bg": null, "name:be": null, "name:az": null, "name:ar": null, "capital": null, "wikidata": null, "place": null, "name": null, "gnis:feature_id": null, "ele": null, "kerb": null, "ref": null, "stop": null, "junction": null, "traffic_signals": null, "railway": null, "highway": null, "crossing:markings": null, "crossing": null }, "geometry": { "type": "Point", "coordinates": [ -105.0520044, 38.8459394 ] } },
{ "type": "Feature", "properties": { "full_id": "n9354171222", "osm_id": "9354171222", "osm_type": "node", "traffic_sign": null, "generator:type": null, "generator:source": null, "generator:output:electricity": null, "generator:method": null, "capacity": null, "start_date": null, "operator:wikidata": null, "operator:type": null, "operator:short": null, "official_name": null, "monitoring:water_level": null, "monitoring:flow_rate": null, "ele:datum": null, "ele:accuracy": null, "disused:man_made": null, "horse": null, "bicycle_parking": null, "female": null, "male": null, "changing_table": null, "inscription": null, "entrance": "yes", "disused:railway": null, "memorial": null, "unisex": null, "toilets:disposal": null, "portable": null, "level": null, "fee": null, "ele:ft": null, "description": null, "wheelchair": null, "opening_hours": null, "shelter": null, "public_transport": null, "operator": null, "network:wikidata": null, "network:short": null, "network": null, "bus": null, "bench": null, "supervised": null, "historic": null, "alt_name": null, "backrest": null, "shop": null, "button_operated": null, "parking": null, "information": null, "check_date": null, "board_type": null, "ford": null, "crossing_ref": null, "amenity": null, "foot": null, "bicycle": null, "crossing:signals": null, "waterway": null, "distance": null, "tourism": null, "tactile_paving": null, "power": null, "noref": null, "piste:dismount": null, "landuse": null, "addr:state": null, "source:prominence": null, "prominence": null, "name:lkt": null, "name:dak": null, "alt_name:arp": null, "leisure": null, "source:ele": null, "natural": null, "mountain_pass": null, "direction": null, "material": null, "access": null, "flashing_lights": null, "crossing:island": null, "motor_vehicle": null, "barrier": null, "traffic_signals:direction": null, "wikipedia": null, "website": null, "source:population": null, "population:date": null, "population": null, "name:zh": null, "name:vi": null, "name:uz": null, "name:ur": null, "name:uk": null, "name:tt": null, "name:tl": null, "name:th": null, "name:tg": null, "name:sw": null, "name:sr": null, "name:sq": null, "name:sl": null, "name:sa": null, "name:ru": null, "name:os": null, "name:nv": null, "name:mr": null, "name:mn": null, "name:ml": null, "name:mk": null, "name:lv": null, "name:lt": null, "name:la": null, "name:ky": null, "name:kw": null, "name:ko": null, "name:kk": null, "name:ka": null, "name:ja": null, "name:hy": null, "name:ht": null, "name:he": null, "name:gl": null, "name:gd": null, "name:ga": null, "name:fa": null, "name:en": null, "name:el": null, "name:cy": null, "name:ce": null, "name:bn": null, "name:bg": null, "name:be": null, "name:az": null, "name:ar": null, "capital": null, "wikidata": null, "place": null, "name": null, "gnis:feature_id": null, "ele": null, "kerb": null, "ref": null, "stop": null, "junction": null, "traffic_signals": null, "railway": null, "highway": null, "crossing:markings": null, "crossing": null }, "geometry": { "type": "Point", "coordinates": [ -105.0428306, 38.8400254 ] } },
{ "type": "Feature", "properties": { "full_id": "n705663677", "osm_id": "705663677", "osm_type": "node", "traffic_sign": null, "generator:type": null, "generator:source": null, "generator:output:electricity": null, "generator:method": null, "capacity": null, "start_date": null, "operator:wikidata": null, "operator:type": null, "operator:short": null, "official_name": null, "monitoring:water_level": null, "monitoring:flow_rate": null, "ele:datum": null, "ele:accuracy": null, "disused:man_made": null, "horse": null, "bicycle_parking": null, "female": null, "male": null, "changing_table": null, "inscription": null, "entrance": null, "disused:railway": null, "memorial": null, "unisex": null, "toilets:disposal": null, "portable": null, "level": null, "fee": null, "ele:ft": null, "description": null, "wheelchair": null, "opening_hours": null, "shelter": null, "public_transport": null, "operator": null, "network:wikidata": null, "network:short": null, "network": null, "bus": null, "bench": null, "supervised": null, "historic": null, "alt_name": null, "backrest": null, "shop": null, "button_operated": null, "parking": null, "information": null, "check_date": null, "board_type": null, "ford": null, "crossing_ref": null, "amenity": null, "foot": null, "bicycle": null, "crossing:signals": null, "waterway": null, "distance": null, "tourism": null, "tactile_paving": null, "power": "tower", "noref": null, "piste:dismount": null, "landuse": null, "addr:state": null, "source:prominence": null, "prominence": null, "name:lkt": null, "name:dak": null, "alt_name:arp": null, "leisure": null, "source:ele": null, "natural": null, "mountain_pass": null, "direction": null, "material": null, "access": null, "flashing_lights": null, "crossing:island": null, "motor_vehicle": null, "barrier": null, "traffic_signals:direction": null, "wikipedia": null, "website": null, "source:population": null, "population:date": null, "population": null, "name:zh": null, "name:vi": null, "name:uz": null, "name:ur": null, "name:uk": null, "name:tt": null, "name:tl": null, "name:th": null, "name:tg": null, "name:sw": null, "name:sr": null, "name:sq": null, "name:sl": null, "name:sa": null, "name:ru": null, "name:os": null, "name:nv": null, "name:mr": null, "name:mn": null, "name:ml": null, "name:mk": null, "name:lv": null, "name:lt": null, "name:la": null, "name:ky": null, "name:kw": null, "name:ko": null, "name:kk": null, "name:ka": null, "name:ja": null, "name:hy": null, "name:ht": null, "name:he": null, "name:gl": null, "name:gd": null, "name:ga": null, "name:fa": null, "name:en": null, "name:el": null, "name:cy": null, "name:ce": null, "name:bn": null, "name:bg": null, "name:be": null, "name:az": null, "name:ar": null, "capital": null, "wikidata": null, "place": null, "name": null, "gnis:feature_id": null, "ele": null, "kerb": null, "ref": null, "stop": null, "junction": null, "traffic_signals": null, "railway": null, "highway": null, "crossing:markings": null, "crossing": null }, "geometry": { "type": "Point", "coordinates": [ -104.936126, 38.8649725 ] } },
{ "type": "Feature", "properties": { "full_id": "n2512381226", "osm_id": "2512381226", "osm_type": "node", "traffic_sign": null, "generator:type": null, "generator:source": null, "generator:output:electricity": null, "generator:method": null, "capacity": null, "start_date": null, "operator:wikidata": null, "operator:type": null, "operator:short": null, "official_name": null, "monitoring:water_level": null, "monitoring:flow_rate": null, "ele:datum": null, "ele:accuracy": null, "disused:man_made": null, "horse": null, "bicycle_parking": null, "female": null, "male": null, "changing_table": null, "inscription": null, "entrance": null, "disused:railway": null, "memorial": null, "unisex": null, "toilets:disposal": null, "portable": null, "level": null, "fee": null, "ele:ft": null, "description": null, "wheelchair": null, "opening_hours": null, "shelter": null, "public_transport": null, "operator": null, "network:wikidata": null, "network:short": null, "network": null, "bus": null, "bench": null, "supervised": null, "historic": null, "alt_name": null, "backrest": null, "shop": null, "button_operated": null, "parking": null, "information": "board", "check_date": "2026-06-14", "board_type": "wildlife", "ford": null, "crossing_ref": null, "amenity": null, "foot": null, "bicycle": null, "crossing:signals": null, "waterway": null, "distance": null, "tourism": "information", "tactile_paving": null, "power": null, "noref": null, "piste:dismount": null, "landuse": null, "addr:state": null, "source:prominence": null, "prominence": null, "name:lkt": null, "name:dak": null, "alt_name:arp": null, "leisure": null, "source:ele": null, "natural": null, "mountain_pass": null, "direction": null, "material": null, "access": null, "flashing_lights": null, "crossing:island": null, "motor_vehicle": null, "barrier": null, "traffic_signals:direction": null, "wikipedia": null, "website": null, "source:population": null, "population:date": null, "population": null, "name:zh": null, "name:vi": null, "name:uz": null, "name:ur": null, "name:uk": null, "name:tt": null, "name:tl": null, "name:th": null, "name:tg": null, "name:sw": null, "name:sr": null, "name:sq": null, "name:sl": null, "name:sa": null, "name:ru": null, "name:os": null, "name:nv": null, "name:mr": null, "name:mn": null, "name:ml": null, "name:mk": null, "name:lv": null, "name:lt": null, "name:la": null, "name:ky": null, "name:kw": null, "name:ko": null, "name:kk": null, "name:ka": null, "name:ja": null, "name:hy": null, "name:ht": null, "name:he": null, "name:gl": null, "name:gd": null, "name:ga": null, "name:fa": null, "name:en": null, "name:el": null, "name:cy": null, "name:ce": null, "name:bn": null, "name:bg": null, "name:be": null, "name:az": null, "name:ar": null, "capital": null, "wikidata": null, "place": null, "name": "Boulder Park", "gnis:feature_id": null, "ele": null, "kerb": null, "ref": null, "stop": null, "junction": null, "traffic_signals": null, "railway": null, "highway": null, "crossing:markings": null, "crossing": null }, "geometry": { "type": "Point", "coordinates": [ -105.0518836, 38.8459148 ] } },
{ "type": "Feature", "properties": { "full_id": "n9347539640", "osm_id": "9347539640", "osm_type": "node", "traffic_sign": null, "generator:type": null, "generator:source": null, "generator:output:electricity": null, "generator:method": null, "capacity": null, "start_date": null, "operator:wikidata": null, "operator:type": null, "operator:short": null, "official_name": null, "monitoring:water_level": null, "monitoring:flow_rate": null, "ele:datum": null, "ele:accuracy": null, "disused:man_made": null, "horse": null, "bicycle_parking": null, "female": null, "male": null, "changing_table": null, "inscription": null, "entrance": null, "disused:railway": null, "memorial": null, "unisex": null, "toilets:disposal": null, "portable": null, "level": null, "fee": null, "ele:ft": null, "description": null, "wheelchair": null, "opening_hours": null, "shelter": null, "public_transport": null, "operator": null, "network:wikidata": null, "network:short": null, "network": null, "bus": null, "bench": null, "supervised": null, "historic": null, "alt_name": null, "backrest": null, "shop": null, "button_operated": null, "parking": null, "information": null, "check_date": null, "board_type": null, "ford": null, "crossing_ref": null, "amenity": null, "foot": null, "bicycle": null, "crossing:signals": null, "waterway": null, "distance": null, "tourism": null, "tactile_paving": null, "power": null, "noref": null, "piste:dismount": null, "landuse": null, "addr:state": null, "source:prominence": null, "prominence": null, "name:lkt": null, "name:dak": null, "alt_name:arp": null, "leisure": null, "source:ele": null, "natural": null, "mountain_pass": null, "direction": null, "material": null, "access": null, "flashing_lights": null, "crossing:island": null, "motor_vehicle": null, "barrier": null, "traffic_signals:direction": null, "wikipedia": null, "website": null, "source:population": null, "population:date": null, "population": null, "name:zh": null, "name:vi": null, "name:uz": null, "name:ur": null, "name:uk": null, "name:tt": null, "name:tl": null, "name:th": null, "name:tg": null, "name:sw": null, "name:sr": null, "name:sq": null, "name:sl": null, "name:sa": null, "name:ru": null, "name:os": null, "name:nv": null, "name:mr": null, "name:mn": null, "name:ml": null, "name:mk": null, "name:lv": null, "name:lt": null, "name:la": null, "name:ky": null, "name:kw": null, "name:ko": null, "name:kk": null, "name:ka": null, "name:ja": null, "name:hy": null, "name:ht": null, "name:he": null, "name:gl": null, "name:gd": null, "name:ga": null, "name:fa": null, "name:en": null, "name:el": null, "name:cy": null, "name:ce": null, "name:bn": null, "name:bg": null, "name:be": null, "name:az": null, "name:ar": null, "capital": null, "wikidata": null, "place": null, "name": null, "gnis:feature_id": null, "ele": null, "kerb": null, "ref": null, "stop": null, "junction": null, "traffic_signals": null, "railway": "crossing", "highway": null, "crossing:markings": null, "crossing": null }, "geometry": { "type": "Point", "coordinates": [ -104.9905028, 38.8337994 ] } },
{ "type": "Feature", "properties": { "full_id": "n705663676", "osm_id": "705663676", "osm_type": "node", "traffic_sign": null, "generator:type": null, "generator:source": null, "generator:output:electricity": null, "generator:method": null, "capacity": null, "start_date": null, "operator:wikidata": null, "operator:type": null, "operator:short": null, "official_name": null, "monitoring:water_level": null, "monitoring:flow_rate": null, "ele:datum": null, "ele:accuracy": null, "disused:man_made": null, "horse": null, "bicycle_parking": null, "female": null, "male": null, "changing_table": null, "inscription": null, "entrance": null, "disused:railway": null, "memorial": null, "unisex": null, "toilets:disposal": null, "portable": null, "level": null, "fee": null, "ele:ft": null, "description": null, "wheelchair": null, "opening_hours": null, "shelter": null, "public_transport": null, "operator": null, "network:wikidata": null, "network:short": null, "network": null, "bus": null, "bench": null, "supervised": null, "historic": null, "alt_name": null, "backrest": null, "shop": null, "button_operated": null, "parking": null, "information": null, "check_date": null, "board_type": null, "ford": null, "crossing_ref": null, "amenity": null, "foot": null, "bicycle": null, "crossing:signals": null, "waterway": null, "distance": null, "tourism": null, "tactile_paving": null, "power": "tower", "noref": null, "piste:dismount": null, "landuse": null, "addr:state": null, "source:prominence": null, "prominence": null, "name:lkt": null, "name:dak": null, "alt_name:arp": null, "leisure": null, "source:ele": null, "natural": null, "mountain_pass": null, "direction": null, "material": null, "access": null, "flashing_lights": null, "crossing:island": null, "motor_vehicle": null, "barrier": null, "traffic_signals:direction": null, "wikipedia": null, "website": null, "source:population": null, "population:date": null, "population": null, "name:zh": null, "name:vi": null, "name:uz": null, "name:ur": null, "name:uk": null, "name:tt": null, "name:tl": null, "name:th": null, "name:tg": null, "name:sw": null, "name:sr": null, "name:sq": null, "name:sl": null, "name:sa": null, "name:ru": null, "name:os": null, "name:nv": null, "name:mr": null, "name:mn": null, "name:ml": null, "name:mk": null, "name:lv": null, "name:lt": null, "name:la": null, "name:ky": null, "name:kw": null, "name:ko": null, "name:kk": null, "name:ka": null, "name:ja": null, "name:hy": null, "name:ht": null, "name:he": null, "name:gl": null, "name:gd": null, "name:ga": null, "name:fa": null, "name:en": null, "name:el": null, "name:cy": null, "name:ce": null, "name:bn": null, "name:bg": null, "name:be": null, "name:az": null, "name:ar": null, "capital": null, "wikidata": null, "place": null, "name": null, "gnis:feature_id": null, "ele": null, "kerb": null, "ref": null, "stop": null, "junction": null, "traffic_signals": null, "railway": null, "highway": null, "crossing:markings": null, "crossing": null }, "geometry": { "type": "Point", "coordinates": [ -104.9361958, 38.8642792 ] } },
{ "type": "Feature", "properties": { "full_id": "n705663675", "osm_id": "705663675", "osm_type": "node", "traffic_sign": null, "generator:type": null, "generator:source": null, "generator:output:electricity": null, "generator:method": null, "capacity": null, "start_date": null, "operator:wikidata": null, "operator:type": null, "operator:short": null, "official_name": null, "monitoring:water_level": null, "monitoring:flow_rate": null, "ele:datum": null, "ele:accuracy": null, "disused:man_made": null, "horse": null, "bicycle_parking": null, "female": null, "male": null, "changing_table": null, "inscription": null, "entrance": null, "disused:railway": null, "memorial": null, "unisex": null, "toilets:disposal": null, "portable": null, "level": null, "fee": null, "ele:ft": null, "description": null, "wheelchair": null, "opening_hours": null, "shelter": null, "public_transport": null, "operator": null, "network:wikidata": null, "network:short": null, "network": null, "bus": null, "bench": null, "supervised": null, "historic": null, "alt_name": null, "backrest": null, "shop": null, "button_operated": null, "parking": null, "information": null, "check_date": null, "board_type": null, "ford": null, "crossing_ref": null, "amenity": null, "foot": null, "bicycle": null, "crossing:signals": null, "waterway": null, "distance": null, "tourism": null, "tactile_paving": null, "power": "tower", "noref": null, "piste:dismount": null, "landuse": null, "addr:state": null, "source:prominence": null, "prominence": null, "name:lkt": null, "name:dak": null, "alt_name:arp": null, "leisure": null, "source:ele": null, "natural": null, "mountain_pass": null, "direction": null, "material": null, "access": null, "flashing_lights": null, "crossing:island": null, "motor_vehicle": null, "barrier": null, "traffic_signals:direction": null, "wikipedia": null, "website": null, "source:population": null, "population:date": null, "population": null, "name:zh": null, "name:vi": null, "name:uz": null, "name:ur": null, "name:uk": null, "name:tt": null, "name:tl": null, "name:th": null, "name:tg": null, "name:sw": null, "name:sr": null, "name:sq": null, "name:sl": null, "name:sa": null, "name:ru": null, "name:os": null, "name:nv": null, "name:mr": null, "name:mn": null, "name:ml": null, "name:mk": null, "name:lv": null, "name:lt": null, "name:la": null, "name:ky": null, "name:kw": null, "name:ko": null, "name:kk": null, "name:ka": null, "name:ja": null, "name:hy": null, "name:ht": null, "name:he": null, "name:gl": null, "name:gd": null, "name:ga": null, "name:fa": null, "name:en": null, "name:el": null, "name:cy": null, "name:ce": null, "name:bn": null, "name:bg": null, "name:be": null, "name:az": null, "name:ar": null, "capital": null, "wikidata": null, "place": null, "name": null, "gnis:feature_id": null, "ele": null, "kerb": null, "ref": null, "stop": null, "junction": null, "traffic_signals": null, "railway": null, "highway": null, "crossing:markings": null, "crossing": null }, "geometry": { "type": "Point", "coordinates": [ -104.9363996, 38.8618544 ] } },
{ "type": "Feature", "properties": { "full_id": "n9354171249", "osm_id": "9354171249", "osm_type": "node", "traffic_sign": null, "generator:type": null, "generator:source": null, "generator:output:electricity": null, "generator:method": null, "capacity": null, "start_date": null, "operator:wikidata": null, "operator:type": null, "operator:short": null, "official_name": null, "monitoring:water_level": null, "monitoring:flow_rate": null, "ele:datum": null, "ele:accuracy": null, "disused:man_made": null, "horse": null, "bicycle_parking": null, "female": null, "male": "yes", "changing_table": "yes", "inscription": null, "entrance": null, "disused:railway": null, "memorial": null, "unisex": null, "toilets:disposal": "flush", "portable": null, "level": null, "fee": null, "ele:ft": null, "description": null, "wheelchair": "yes", "opening_hours": null, "shelter": null, "public_transport": null, "operator": null, "network:wikidata": null, "network:short": null, "network": null, "bus": null, "bench": null, "supervised": null, "historic": null, "alt_name": null, "backrest": null, "shop": null, "button_operated": null, "parking": null, "information": null, "check_date": null, "board_type": null, "ford": null, "crossing_ref": null, "amenity": "toilets", "foot": null, "bicycle": null, "crossing:signals": null, "waterway": null, "distance": null, "tourism": null, "tactile_paving": null, "power": null, "noref": null, "piste:dismount": null, "landuse": null, "addr:state": null, "source:prominence": null, "prominence": null, "name:lkt": null, "name:dak": null, "alt_name:arp": null, "leisure": null, "source:ele": null, "natural": null, "mountain_pass": null, "direction": null, "material": null, "access": null, "flashing_lights": null, "crossing:island": null, "motor_vehicle": null, "barrier": null, "traffic_signals:direction": null, "wikipedia": null, "website": null, "source:population": null, "population:date": null, "population": null, "name:zh": null, "name:vi": null, "name:uz": null, "name:ur": null, "name:uk": null, "name:tt": null, "name:tl": null, "name:th": null, "name:tg": null, "name:sw": null, "name:sr": null, "name:sq": null, "name:sl": null, "name:sa": null, "name:ru": null, "name:os": null, "name:nv": null, "name:mr": null, "name:mn": null, "name:ml": null, "name:mk": null, "name:lv": null, "name:lt": null, "name:la": null, "name:ky": null, "name:kw": null, "name:ko": null, "name:kk": null, "name:ka": null, "name:ja": null, "name:hy": null, "name:ht": null, "name:he": null, "name:gl": null, "name:gd": null, "name:ga": null, "name:fa": null, "name:en": null, "name:el": null, "name:cy": null, "name:ce": null, "name:bn": null, "name:bg": null, "name:be": null, "name:az": null, "name:ar": null, "capital": null, "wikidata": null, "place": null, "name": null, "gnis:feature_id": null, "ele": null, "kerb": null, "ref": null, "stop": null, "junction": null, "traffic_signals": null, "railway": null, "highway": null, "crossing:markings": null, "crossing": null }, "geometry": { "type": "Point", "coordinates": [ -105.0427536, 38.8398902 ] } },
{ "type": "Feature", "properties": { "full_id": "n705663674", "osm_id": "705663674", "osm_type": "node", "traffic_sign": null, "generator:type": null, "generator:source": null, "generator:output:electricity": null, "generator:method": null, "capacity": null, "start_date": null, "operator:wikidata": null, "operator:type": null, "operator:short": null, "official_name": null, "monitoring:water_level": null, "monitoring:flow_rate": null, "ele:datum": null, "ele:accuracy": null, "disused:man_made": null, "horse": null, "bicycle_parking": null, "female": null, "male": null, "changing_table": null, "inscription": null, "entrance": null, "disused:railway": null, "memorial": null, "unisex": null, "toilets:disposal": null, "portable": null, "level": null, "fee": null, "ele:ft": null, "description": null, "wheelchair": null, "opening_hours": null, "shelter": null, "public_transport": null, "operator": null, "network:wikidata": null, "network:short": null, "network": null, "bus": null, "bench": null, "supervised": null, "historic": null, "alt_name": null, "backrest": null, "shop": null, "button_operated": null, "parking": null, "information": null, "check_date": null, "board_type": null, "ford": null, "crossing_ref": null, "amenity": null, "foot": null, "bicycle": null, "crossing:signals": null, "waterway": null, "distance": null, "tourism": null, "tactile_paving": null, "power": "tower", "noref": null, "piste:dismount": null, "landuse": null, "addr:state": null, "source:prominence": null, "prominence": null, "name:lkt": null, "name:dak": null, "alt_name:arp": null, "leisure": null, "source:ele": null, "natural": null, "mountain_pass": null, "direction": null, "material": null, "access": null, "flashing_lights": null, "crossing:island": null, "motor_vehicle": null, "barrier": null, "traffic_signals:direction": null, "wikipedia": null, "website": null, "source:population": null, "population:date": null, "population": null, "name:zh": null, "name:vi": null, "name:uz": null, "name:ur": null, "name:uk": null, "name:tt": null, "name:tl": null, "name:th": null, "name:tg": null, "name:sw": null, "name:sr": null, "name:sq": null, "name:sl": null, "name:sa": null, "name:ru": null, "name:os": null, "name:nv": null, "name:mr": null, "name:mn": null, "name:ml": null, "name:mk": null, "name:lv": null, "name:lt": null, "name:la": null, "name:ky": null, "name:kw": null, "name:ko": null, "name:kk": null, "name:ka": null, "name:ja": null, "name:hy": null, "name:ht": null, "name:he": null, "name:gl": null, "name:gd": null, "name:ga": null, "name:fa": null, "name:en": null, "name:el": null, "name:cy": null, "name:ce": null, "name:bn": null, "name:bg": null, "name:be": null, "name:az": null, "name:ar": null, "capital": null, "wikidata": null, "place": null, "name": null, "gnis:feature_id": null, "ele": null, "kerb": null, "ref": null, "stop": null, "junction": null, "traffic_signals": null, "railway": null, "highway": null, "crossing:markings": null, "crossing": null }, "geometry": { "type": "Point", "coordinates": [ -104.9361689, 38.8612655 ] } },
{ "type": "Feature", "properties": { "full_id": "n9354171248", "osm_id": "9354171248", "osm_type": "node", "traffic_sign": null, "generator:type": null, "generator:source": null, "generator:output:electricity": null, "generator:method": null, "capacity": null, "start_date": null, "operator:wikidata": null, "operator:type": null, "operator:short": null, "official_name": null, "monitoring:water_level": null, "monitoring:flow_rate": null, "ele:datum": null, "ele:accuracy": null, "disused:man_made": null, "horse": null, "bicycle_parking": null, "female": null, "male": null, "changing_table": null, "inscription": null, "entrance": null, "disused:railway": null, "memorial": null, "unisex": null, "toilets:disposal": null, "portable": null, "level": null, "fee": "no", "ele:ft": null, "description": null, "wheelchair": null, "opening_hours": null, "shelter": null, "public_transport": null, "operator": null, "network:wikidata": null, "network:short": null, "network": null, "bus": null, "bench": null, "supervised": null, "historic": null, "alt_name": null, "backrest": null, "shop": null, "button_operated": null, "parking": null, "information": null, "check_date": null, "board_type": null, "ford": null, "crossing_ref": null, "amenity": null, "foot": null, "bicycle": null, "crossing:signals": null, "waterway": null, "distance": null, "tourism": "museum", "tactile_paving": null, "power": null, "noref": null, "piste:dismount": null, "landuse": null, "addr:state": null, "source:prominence": null, "prominence": null, "name:lkt": null, "name:dak": null, "alt_name:arp": null, "leisure": null, "source:ele": null, "natural": null, "mountain_pass": null, "direction": null, "material": null, "access": null, "flashing_lights": null, "crossing:island": null, "motor_vehicle": null, "barrier": null, "traffic_signals:direction": null, "wikipedia": null, "website": "https://www.pikes-peak.com/", "source:population": null, "population:date": null, "population": null, "name:zh": null, "name:vi": null, "name:uz": null, "name:ur": null, "name:uk": null, "name:tt": null, "name:tl": null, "name:th": null, "name:tg": null, "name:sw": null, "name:sr": null, "name:sq": null, "name:sl": null, "name:sa": null, "name:ru": null, "name:os": null, "name:nv": null, "name:mr": null, "name:mn": null, "name:ml": null, "name:mk": null, "name:lv": null, "name:lt": null, "name:la": null, "name:ky": null, "name:kw": null, "name:ko": null, "name:kk": null, "name:ka": null, "name:ja": null, "name:hy": null, "name:ht": null, "name:he": null, "name:gl": null, "name:gd": null, "name:ga": null, "name:fa": null, "name:en": null, "name:el": null, "name:cy": null, "name:ce": null, "name:bn": null, "name:bg": null, "name:be": null, "name:az": null, "name:ar": null, "capital": null, "wikidata": null, "place": null, "name": "Pike's Peak Summit Visitor Center", "gnis:feature_id": null, "ele": null, "kerb": null, "ref": null, "stop": null, "junction": null, "traffic_signals": null, "railway": null, "highway": null, "crossing:markings": null, "crossing": null }, "geometry": { "type": "Point", "coordinates": [ -105.0426407, 38.8399118 ] } },
{ "type": "Feature", "properties": { "full_id": "n151591330", "osm_id": "151591330", "osm_type": "node", "traffic_sign": null, "generator:type": null, "generator:source": null, "generator:output:electricity": null, "generator:method": null, "capacity": null, "start_date": null, "operator:wikidata": null, "operator:type": null, "operator:short": null, "official_name": null, "monitoring:water_level": null, "monitoring:flow_rate": null, "ele:datum": null, "ele:accuracy": null, "disused:man_made": null, "horse": null, "bicycle_parking": null, "female": null, "male": null, "changing_table": null, "inscription": null, "entrance": null, "disused:railway": null, "memorial": null, "unisex": null, "toilets:disposal": null, "portable": null, "level": null, "fee": null, "ele:ft": null, "description": null, "wheelchair": null, "opening_hours": null, "shelter": null, "public_transport": null, "operator": null, "network:wikidata": null, "network:short": null, "network": null, "bus": null, "bench": null, "supervised": null, "historic": null, "alt_name": null, "backrest": null, "shop": null, "button_operated": null, "parking": null, "information": null, "check_date": null, "board_type": null, "ford": null, "crossing_ref": null, "amenity": null, "foot": null, "bicycle": null, "crossing:signals": null, "waterway": null, "distance": null, "tourism": null, "tactile_paving": null, "power": null, "noref": null, "piste:dismount": null, "landuse": null, "addr:state": null, "source:prominence": null, "prominence": null, "name:lkt": null, "name:dak": null, "alt_name:arp": null, "leisure": null, "source:ele": null, "natural": null, "mountain_pass": null, "direction": null, "material": null, "access": null, "flashing_lights": null, "crossing:island": null, "motor_vehicle": null, "barrier": null, "traffic_signals:direction": null, "wikipedia": null, "website": null, "source:population": null, "population:date": null, "population": null, "name:zh": null, "name:vi": null, "name:uz": null, "name:ur": null, "name:uk": null, "name:tt": null, "name:tl": null, "name:th": null, "name:tg": null, "name:sw": null, "name:sr": null, "name:sq": null, "name:sl": null, "name:sa": null, "name:ru": null, "name:os": null, "name:nv": null, "name:mr": null, "name:mn": null, "name:ml": null, "name:mk": null, "name:lv": null, "name:lt": null, "name:la": null, "name:ky": null, "name:kw": null, "name:ko": null, "name:kk": null, "name:ka": null, "name:ja": null, "name:hy": null, "name:ht": null, "name:he": null, "name:gl": null, "name:gd": null, "name:ga": null, "name:fa": null, "name:en": null, "name:el": null, "name:cy": null, "name:ce": null, "name:bn": null, "name:bg": null, "name:be": null, "name:az": null, "name:ar": null, "capital": null, "wikidata": "Q6868064", "place": "hamlet", "name": "Minnehaha", "gnis:feature_id": "193440", "ele": "2544", "kerb": null, "ref": null, "stop": null, "junction": null, "traffic_signals": null, "railway": null, "highway": null, "crossing:markings": null, "crossing": null }, "geometry": { "type": "Point", "coordinates": [ -104.9594213, 38.8494336 ] } },
{ "type": "Feature", "properties": { "full_id": "n9354171247", "osm_id": "9354171247", "osm_type": "node", "traffic_sign": null, "generator:type": null, "generator:source": null, "generator:output:electricity": null, "generator:method": null, "capacity": null, "start_date": null, "operator:wikidata": null, "operator:type": null, "operator:short": null, "official_name": null, "monitoring:water_level": null, "monitoring:flow_rate": null, "ele:datum": null, "ele:accuracy": null, "disused:man_made": null, "horse": null, "bicycle_parking": null, "female": null, "male": null, "changing_table": null, "inscription": null, "entrance": null, "disused:railway": null, "memorial": null, "unisex": null, "toilets:disposal": null, "portable": null, "level": null, "fee": null, "ele:ft": null, "description": null, "wheelchair": null, "opening_hours": null, "shelter": null, "public_transport": null, "operator": null, "network:wikidata": null, "network:short": null, "network": null, "bus": null, "bench": null, "supervised": null, "historic": null, "alt_name": null, "backrest": null, "shop": "gift", "button_operated": null, "parking": null, "information": null, "check_date": null, "board_type": null, "ford": null, "crossing_ref": null, "amenity": null, "foot": null, "bicycle": null, "crossing:signals": null, "waterway": null, "distance": null, "tourism": null, "tactile_paving": null, "power": null, "noref": null, "piste:dismount": null, "landuse": null, "addr:state": null, "source:prominence": null, "prominence": null, "name:lkt": null, "name:dak": null, "alt_name:arp": null, "leisure": null, "source:ele": null, "natural": null, "mountain_pass": null, "direction": null, "material": null, "access": null, "flashing_lights": null, "crossing:island": null, "motor_vehicle": null, "barrier": null, "traffic_signals:direction": null, "wikipedia": null, "website": null, "source:population": null, "population:date": null, "population": null, "name:zh": null, "name:vi": null, "name:uz": null, "name:ur": null, "name:uk": null, "name:tt": null, "name:tl": null, "name:th": null, "name:tg": null, "name:sw": null, "name:sr": null, "name:sq": null, "name:sl": null, "name:sa": null, "name:ru": null, "name:os": null, "name:nv": null, "name:mr": null, "name:mn": null, "name:ml": null, "name:mk": null, "name:lv": null, "name:lt": null, "name:la": null, "name:ky": null, "name:kw": null, "name:ko": null, "name:kk": null, "name:ka": null, "name:ja": null, "name:hy": null, "name:ht": null, "name:he": null, "name:gl": null, "name:gd": null, "name:ga": null, "name:fa": null, "name:en": null, "name:el": null, "name:cy": null, "name:ce": null, "name:bn": null, "name:bg": null, "name:be": null, "name:az": null, "name:ar": null, "capital": null, "wikidata": null, "place": null, "name": null, "gnis:feature_id": null, "ele": null, "kerb": null, "ref": null, "stop": null, "junction": null, "traffic_signals": null, "railway": null, "highway": null, "crossing:markings": null, "crossing": null }, "geometry": { "type": "Point", "coordinates": [ -105.0428271, 38.839831 ] } },
{ "type": "Feature", "properties": { "full_id": "n9354171246", "osm_id": "9354171246", "osm_type": "node", "traffic_sign": null, "generator:type": null, "generator:source": null, "generator:output:electricity": null, "generator:method": null, "capacity": null, "start_date": null, "operator:wikidata": null, "operator:type": null, "operator:short": null, "official_name": null, "monitoring:water_level": null, "monitoring:flow_rate": null, "ele:datum": null, "ele:accuracy": null, "disused:man_made": null, "horse": null, "bicycle_parking": null, "female": null, "male": null, "changing_table": null, "inscription": null, "entrance": null, "disused:railway": null, "memorial": null, "unisex": null, "toilets:disposal": null, "portable": null, "level": null, "fee": null, "ele:ft": null, "description": null, "wheelchair": null, "opening_hours": null, "shelter": null, "public_transport": null, "operator": null, "network:wikidata": null, "network:short": null, "network": null, "bus": null, "bench": null, "supervised": null, "historic": null, "alt_name": null, "backrest": null, "shop": null, "button_operated": null, "parking": null, "information": null, "check_date": null, "board_type": null, "ford": null, "crossing_ref": null, "amenity": "cafe", "foot": null, "bicycle": null, "crossing:signals": null, "waterway": null, "distance": null, "tourism": null, "tactile_paving": null, "power": null, "noref": null, "piste:dismount": null, "landuse": null, "addr:state": null, "source:prominence": null, "prominence": null, "name:lkt": null, "name:dak": null, "alt_name:arp": null, "leisure": null, "source:ele": null, "natural": null, "mountain_pass": null, "direction": null, "material": null, "access": null, "flashing_lights": null, "crossing:island": null, "motor_vehicle": null, "barrier": null, "traffic_signals:direction": null, "wikipedia": null, "website": null, "source:population": null, "population:date": null, "population": null, "name:zh": null, "name:vi": null, "name:uz": null, "name:ur": null, "name:uk": null, "name:tt": null, "name:tl": null, "name:th": null, "name:tg": null, "name:sw": null, "name:sr": null, "name:sq": null, "name:sl": null, "name:sa": null, "name:ru": null, "name:os": null, "name:nv": null, "name:mr": null, "name:mn": null, "name:ml": null, "name:mk": null, "name:lv": null, "name:lt": null, "name:la": null, "name:ky": null, "name:kw": null, "name:ko": null, "name:kk": null, "name:ka": null, "name:ja": null, "name:hy": null, "name:ht": null, "name:he": null, "name:gl": null, "name:gd": null, "name:ga": null, "name:fa": null, "name:en": null, "name:el": null, "name:cy": null, "name:ce": null, "name:bn": null, "name:bg": null, "name:be": null, "name:az": null, "name:ar": null, "capital": null, "wikidata": null, "place": null, "name": "Cafe", "gnis:feature_id": null, "ele": null, "kerb": null, "ref": null, "stop": null, "junction": null, "traffic_signals": null, "railway": null, "highway": null, "crossing:markings": null, "crossing": null }, "geometry": { "type": "Point", "coordinates": [ -105.0427816, 38.8397256 ] } },
{ "type": "Feature", "properties": { "full_id": "n151353926", "osm_id": "151353926", "osm_type": "node", "traffic_sign": null, "generator:type": null, "generator:source": null, "generator:output:electricity": null, "generator:method": null, "capacity": null, "start_date": null, "operator:wikidata": null, "operator:type": null, "operator:short": null, "official_name": null, "monitoring:water_level": null, "monitoring:flow_rate": null, "ele:datum": null, "ele:accuracy": null, "disused:man_made": null, "horse": null, "bicycle_parking": null, "female": null, "male": null, "changing_table": null, "inscription": null, "entrance": null, "disused:railway": null, "memorial": null, "unisex": null, "toilets:disposal": null, "portable": null, "level": null, "fee": null, "ele:ft": null, "description": null, "wheelchair": null, "opening_hours": null, "shelter": null, "public_transport": null, "operator": null, "network:wikidata": null, "network:short": null, "network": null, "bus": null, "bench": null, "supervised": null, "historic": null, "alt_name": null, "backrest": null, "shop": null, "button_operated": null, "parking": null, "information": null, "check_date": null, "board_type": null, "ford": null, "crossing_ref": null, "amenity": null, "foot": null, "bicycle": null, "crossing:signals": null, "waterway": null, "distance": null, "tourism": null, "tactile_paving": null, "power": null, "noref": null, "piste:dismount": null, "landuse": null, "addr:state": null, "source:prominence": null, "prominence": null, "name:lkt": null, "name:dak": null, "alt_name:arp": null, "leisure": null, "source:ele": null, "natural": null, "mountain_pass": null, "direction": null, "material": null, "access": null, "flashing_lights": null, "crossing:island": null, "motor_vehicle": null, "barrier": null, "traffic_signals:direction": null, "wikipedia": null, "website": null, "source:population": null, "population:date": null, "population": null, "name:zh": null, "name:vi": null, "name:uz": null, "name:ur": null, "name:uk": null, "name:tt": null, "name:tl": null, "name:th": null, "name:tg": null, "name:sw": null, "name:sr": null, "name:sq": null, "name:sl": null, "name:sa": null, "name:ru": null, "name:os": null, "name:nv": null, "name:mr": null, "name:mn": null, "name:ml": null, "name:mk": null, "name:lv": null, "name:lt": null, "name:la": null, "name:ky": null, "name:kw": null, "name:ko": null, "name:kk": null, "name:ka": null, "name:ja": null, "name:hy": null, "name:ht": null, "name:he": null, "name:gl": null, "name:gd": null, "name:ga": null, "name:fa": null, "name:en": null, "name:el": null, "name:cy": null, "name:ce": null, "name:bn": null, "name:bg": null, "name:be": null, "name:az": null, "name:ar": null, "capital": null, "wikidata": "Q6843160", "place": "hamlet", "name": "Midway", "gnis:feature_id": "193438", "ele": "2743", "kerb": null, "ref": null, "stop": null, "junction": null, "traffic_signals": null, "railway": null, "highway": null, "crossing:markings": null, "crossing": null }, "geometry": { "type": "Point", "coordinates": [ -104.9738656, 38.8424887 ] } },
{ "type": "Feature", "properties": { "full_id": "n7742140487", "osm_id": "7742140487", "osm_type": "node", "traffic_sign": null, "generator:type": null, "generator:source": null, "generator:output:electricity": null, "generator:method": null, "capacity": null, "start_date": null, "operator:wikidata": null, "operator:type": null, "operator:short": null, "official_name": null, "monitoring:water_level": null, "monitoring:flow_rate": null, "ele:datum": null, "ele:accuracy": null, "disused:man_made": null, "horse": null, "bicycle_parking": null, "female": null, "male": null, "changing_table": null, "inscription": null, "entrance": null, "disused:railway": null, "memorial": null, "unisex": null, "toilets:disposal": null, "portable": null, "level": null, "fee": null, "ele:ft": null, "description": null, "wheelchair": "yes", "opening_hours": null, "shelter": null, "public_transport": "station", "operator": null, "network:wikidata": null, "network:short": null, "network": null, "bus": null, "bench": null, "supervised": null, "historic": null, "alt_name": null, "backrest": null, "shop": null, "button_operated": null, "parking": null, "information": null, "check_date": null, "board_type": null, "ford": null, "crossing_ref": null, "amenity": null, "foot": null, "bicycle": null, "crossing:signals": null, "waterway": null, "distance": null, "tourism": null, "tactile_paving": null, "power": null, "noref": null, "piste:dismount": null, "landuse": null, "addr:state": null, "source:prominence": null, "prominence": null, "name:lkt": null, "name:dak": null, "alt_name:arp": null, "leisure": null, "source:ele": null, "natural": null, "mountain_pass": null, "direction": null, "material": null, "access": null, "flashing_lights": null, "crossing:island": null, "motor_vehicle": null, "barrier": null, "traffic_signals:direction": null, "wikipedia": null, "website": null, "source:population": null, "population:date": null, "population": null, "name:zh": null, "name:vi": null, "name:uz": null, "name:ur": null, "name:uk": null, "name:tt": null, "name:tl": null, "name:th": null, "name:tg": null, "name:sw": null, "name:sr": null, "name:sq": null, "name:sl": null, "name:sa": null, "name:ru": null, "name:os": null, "name:nv": null, "name:mr": null, "name:mn": null, "name:ml": null, "name:mk": null, "name:lv": null, "name:lt": null, "name:la": null, "name:ky": null, "name:kw": null, "name:ko": null, "name:kk": null, "name:ka": null, "name:ja": null, "name:hy": null, "name:ht": null, "name:he": null, "name:gl": null, "name:gd": null, "name:ga": null, "name:fa": null, "name:en": null, "name:el": null, "name:cy": null, "name:ce": null, "name:bn": null, "name:bg": null, "name:be": null, "name:az": null, "name:ar": null, "capital": null, "wikidata": "Q121211166", "place": null, "name": "Pikes Peak", "gnis:feature_id": null, "ele": null, "kerb": null, "ref": null, "stop": null, "junction": null, "traffic_signals": null, "railway": "station", "highway": null, "crossing:markings": null, "crossing": null }, "geometry": { "type": "Point", "coordinates": [ -105.0423477, 38.8407808 ] } },
{ "type": "Feature", "properties": { "full_id": "n7742140486", "osm_id": "7742140486", "osm_type": "node", "traffic_sign": null, "generator:type": null, "generator:source": null, "generator:output:electricity": null, "generator:method": null, "capacity": null, "start_date": null, "operator:wikidata": null, "operator:type": null, "operator:short": null, "official_name": null, "monitoring:water_level": null, "monitoring:flow_rate": null, "ele:datum": null, "ele:accuracy": null, "disused:man_made": null, "horse": null, "bicycle_parking": null, "female": null, "male": null, "changing_table": null, "inscription": null, "entrance": null, "disused:railway": null, "memorial": null, "unisex": null, "toilets:disposal": null, "portable": null, "level": null, "fee": null, "ele:ft": null, "description": null, "wheelchair": null, "opening_hours": null, "shelter": null, "public_transport": "station", "operator": null, "network:wikidata": null, "network:short": null, "network": null, "bus": null, "bench": null, "supervised": null, "historic": null, "alt_name": null, "backrest": null, "shop": null, "button_operated": null, "parking": null, "information": null, "check_date": null, "board_type": null, "ford": null, "crossing_ref": null, "amenity": null, "foot": null, "bicycle": null, "crossing:signals": null, "waterway": null, "distance": null, "tourism": null, "tactile_paving": null, "power": null, "noref": null, "piste:dismount": null, "landuse": null, "addr:state": null, "source:prominence": null, "prominence": null, "name:lkt": null, "name:dak": null, "alt_name:arp": null, "leisure": null, "source:ele": null, "natural": null, "mountain_pass": null, "direction": null, "material": null, "access": null, "flashing_lights": null, "crossing:island": null, "motor_vehicle": null, "barrier": null, "traffic_signals:direction": null, "wikipedia": null, "website": "https://www.cograilway.com/the-new-experience/manitou-depot/", "source:population": null, "population:date": null, "population": null, "name:zh": null, "name:vi": null, "name:uz": null, "name:ur": null, "name:uk": null, "name:tt": null, "name:tl": null, "name:th": null, "name:tg": null, "name:sw": null, "name:sr": null, "name:sq": null, "name:sl": null, "name:sa": null, "name:ru": null, "name:os": null, "name:nv": null, "name:mr": null, "name:mn": null, "name:ml": null, "name:mk": null, "name:lv": null, "name:lt": null, "name:la": null, "name:ky": null, "name:kw": null, "name:ko": null, "name:kk": null, "name:ka": null, "name:ja": null, "name:hy": null, "name:ht": null, "name:he": null, "name:gl": null, "name:gd": null, "name:ga": null, "name:fa": null, "name:en": null, "name:el": null, "name:cy": null, "name:ce": null, "name:bn": null, "name:bg": null, "name:be": null, "name:az": null, "name:ar": null, "capital": null, "wikidata": "Q121211165", "place": null, "name": "Manitou Depot", "gnis:feature_id": null, "ele": null, "kerb": null, "ref": null, "stop": null, "junction": null, "traffic_signals": null, "railway": "station", "highway": null, "crossing:markings": null, "crossing": null }, "geometry": { "type": "Point", "coordinates": [ -104.931312, 38.8560421 ] } },
{ "type": "Feature", "properties": { "full_id": "n705673199", "osm_id": "705673199", "osm_type": "node", "traffic_sign": null, "generator:type": null, "generator:source": null, "generator:output:electricity": null, "generator:method": null, "capacity": null, "start_date": null, "operator:wikidata": null, "operator:type": null, "operator:short": null, "official_name": null, "monitoring:water_level": null, "monitoring:flow_rate": null, "ele:datum": null, "ele:accuracy": null, "disused:man_made": null, "horse": null, "bicycle_parking": null, "female": null, "male": null, "changing_table": null, "inscription": null, "entrance": null, "disused:railway": null, "memorial": null, "unisex": null, "toilets:disposal": null, "portable": null, "level": null, "fee": null, "ele:ft": null, "description": null, "wheelchair": null, "opening_hours": null, "shelter": null, "public_transport": null, "operator": null, "network:wikidata": null, "network:short": null, "network": null, "bus": null, "bench": null, "supervised": null, "historic": null, "alt_name": null, "backrest": null, "shop": null, "button_operated": null, "parking": null, "information": null, "check_date": null, "board_type": null, "ford": null, "crossing_ref": null, "amenity": null, "foot": null, "bicycle": null, "crossing:signals": "no", "waterway": null, "distance": null, "tourism": null, "tactile_paving": "no", "power": null, "noref": null, "piste:dismount": null, "landuse": null, "addr:state": null, "source:prominence": null, "prominence": null, "name:lkt": null, "name:dak": null, "alt_name:arp": null, "leisure": null, "source:ele": null, "natural": null, "mountain_pass": null, "direction": null, "material": null, "access": null, "flashing_lights": null, "crossing:island": "no", "motor_vehicle": null, "barrier": null, "traffic_signals:direction": null, "wikipedia": null, "website": null, "source:population": null, "population:date": null, "population": null, "name:zh": null, "name:vi": null, "name:uz": null, "name:ur": null, "name:uk": null, "name:tt": null, "name:tl": null, "name:th": null, "name:tg": null, "name:sw": null, "name:sr": null, "name:sq": null, "name:sl": null, "name:sa": null, "name:ru": null, "name:os": null, "name:nv": null, "name:mr": null, "name:mn": null, "name:ml": null, "name:mk": null, "name:lv": null, "name:lt": null, "name:la": null, "name:ky": null, "name:kw": null, "name:ko": null, "name:kk": null, "name:ka": null, "name:ja": null, "name:hy": null, "name:ht": null, "name:he": null, "name:gl": null, "name:gd": null, "name:ga": null, "name:fa": null, "name:en": null, "name:el": null, "name:cy": null, "name:ce": null, "name:bn": null, "name:bg": null, "name:be": null, "name:az": null, "name:ar": null, "capital": null, "wikidata": null, "place": null, "name": null, "gnis:feature_id": null, "ele": null, "kerb": "no", "ref": null, "stop": null, "junction": null, "traffic_signals": null, "railway": null, "highway": "crossing", "crossing:markings": "yes", "crossing": null }, "geometry": { "type": "Point", "coordinates": [ -104.9314955, 38.8561061 ] } }
]
}
