{
"type": "FeatureCollection",
"name": "pikepeakAllTrails",
"crs": { "type": "name", "properties": { "name": "urn:ogc:def:crs:OGC:1.3:CRS84" } },
"features": [
{ "type": "Feature", "properties": { "full_id": "r4467561", "osm_id": "4467561", "osm_type": "relation", "route": "hiking", "to": null, "from": null, "roundtrip": "no", "operator": "U.S. Forest Service", "distance": "19", "descriptio": "Barr Trail is a 13-mile (21 km) trail in the Pike National Forest that begins in Manitou Springs, Colorado and ends at the Pikes Peak summit.", "ascent": "2210", "modifier": null, "website": "https://www.fs.usda.gov/recarea/psicc/recarea/?recid=12559", "old_railwa": null, "wikipedia": "en:Barr Trail", "wikidata": "Q4863113", "type": "route", "symbol": null, "ref": null, "network": "lnw", "name": "Barr Trail", "is_in_stat": null }, "geometry": { "type": "MultiLineString", "coordinates": [ [ [ -104.9339455, 38.8558216 ], [ -104.9339411, 38.8557681 ], [ -104.9339369, 38.8557161 ] ], [ [ -104.9339369, 38.8557161 ], [ -104.9339958, 38.8557194 ], [ -104.9340184, 38.8557239 ], [ -104.9340466, 38.8557505 ], [ -104.9340665, 38.8557457 ], [ -104.9341115, 38.8557634 ] ], [ [ -104.9341115, 38.8557634 ], [ -104.9341208, 38.8557282 ], [ -104.9341258, 38.8556797 ], [ -104.9341218, 38.8556567 ], [ -104.9340991, 38.8555906 ], [ -104.9340817, 38.8555555 ], [ -104.9340739, 38.8555198 ] ], [ [ -104.9340739, 38.8555198 ], [ -104.9340762, 38.8555029 ], [ -104.9340809, 38.8554877 ], [ -104.9341034, 38.8554558 ], [ -104.9341311, 38.8554364 ], [ -104.934137, 38.855485 ], [ -104.9341185, 38.8555094 ], [ -104.9341413, 38.8555245 ] ], [ [ -104.9341413, 38.8555245 ], [ -104.9341807, 38.855523 ], [ -104.934204, 38.8555366 ], [ -104.934223, 38.8555695 ], [ -104.9342519, 38.8555624 ], [ -104.9344228, 38.8556679 ], [ -104.9345086, 38.8557306 ] ], [ [ -104.9345086, 38.8557306 ], [ -104.9345462, 38.8557807 ], [ -104.9345811, 38.8558225 ], [ -104.9346025, 38.8558225 ], [ -104.9345945, 38.8557849 ], [ -104.9345623, 38.8557452 ], [ -104.9345435, 38.8556951 ] ], [ [ -104.9345435, 38.8556951 ], [ -104.9345247, 38.8556575 ], [ -104.9345033, 38.8556262 ], [ -104.9344389, 38.8555718 ], [ -104.9344067, 38.855528 ], [ -104.934404, 38.8554883 ], [ -104.9344201, 38.8554298 ], [ -104.934463, 38.8553818 ], [ -104.9344872, 38.8553337 ], [ -104.9344872, 38.8552878 ] ], [ [ -104.9344872, 38.8552878 ], [ -104.9344791, 38.8552293 ], [ -104.9344791, 38.8551896 ], [ -104.9344872, 38.8551541 ], [ -104.9345221, 38.8551165 ], [ -104.9346106, 38.855081 ] ], [ [ -104.9346106, 38.855081 ], [ -104.9346884, 38.8550434 ], [ -104.9347769, 38.8549891 ], [ -104.9348168, 38.8549146 ] ], [ [ -104.9348168, 38.8549146 ], [ -104.9348379, 38.854914 ], [ -104.9348339, 38.8549855 ], [ -104.9348117, 38.8550413 ] ], [ [ -104.9348117, 38.8550413 ], [ -104.9347742, 38.8551061 ], [ -104.934742, 38.8551541 ], [ -104.9347044, 38.8551854 ], [ -104.9346696, 38.855223 ], [ -104.9346562, 38.8552606 ], [ -104.9346745, 38.8553048 ], [ -104.9346861, 38.8553565 ], [ -104.9346903, 38.8554038 ], [ -104.9347098, 38.8554423 ] ], [ [ -104.9347098, 38.8554423 ], [ -104.9347653, 38.855476 ], [ -104.934789, 38.855487 ], [ -104.9347904, 38.8554788 ], [ -104.9347652, 38.8554529 ], [ -104.9347635, 38.8553964 ] ], [ [ -104.9347635, 38.8553964 ], [ -104.9347876, 38.8553484 ], [ -104.9348251, 38.8552752 ], [ -104.9348842, 38.8552335 ] ], [ [ -104.9348842, 38.8552335 ], [ -104.9349828, 38.8552026 ], [ -104.9350478, 38.8551499 ], [ -104.9350907, 38.8551061 ], [ -104.9350853, 38.8550664 ] ], [ [ -104.9350853, 38.8550664 ], [ -104.9350853, 38.8550392 ], [ -104.9351041, 38.8550037 ], [ -104.9351336, 38.8549786 ], [ -104.9351416, 38.8549369 ], [ -104.9351363, 38.8548951 ], [ -104.9351416, 38.8548429 ], [ -104.9351604, 38.8547865 ], [ -104.9352007, 38.854705 ], [ -104.9352355, 38.8546716 ], [ -104.9353079, 38.8546465 ], [ -104.9353696, 38.8545922 ], [ -104.9353938, 38.8545609 ], [ -104.9354447, 38.8545379 ], [ -104.9355037, 38.8544794 ], [ -104.9355467, 38.8544293 ], [ -104.9355869, 38.8543646 ], [ -104.9356405, 38.8543311 ], [ -104.9357156, 38.8542956 ], [ -104.9358176, 38.8542852 ], [ -104.9359195, 38.8542685 ], [ -104.9360241, 38.8542392 ], [ -104.9361019, 38.8542037 ], [ -104.9361743, 38.8542142 ], [ -104.9362977, 38.8541682 ], [ -104.9363165, 38.8541348 ], [ -104.9363299, 38.8540847 ], [ -104.9363594, 38.8540095 ], [ -104.9364076, 38.8539217 ], [ -104.9365498, 38.8537922 ], [ -104.9366732, 38.8537024 ], [ -104.9367134, 38.8536586 ], [ -104.9367617, 38.8535854 ], [ -104.9368046, 38.8535687 ], [ -104.936869, 38.8535667 ], [ -104.936928, 38.8535416 ], [ -104.9370111, 38.8535311 ], [ -104.9371265, 38.8535249 ], [ -104.9372069, 38.8535082 ], [ -104.9373464, 38.8535332 ], [ -104.9374403, 38.853527 ], [ -104.9374859, 38.853504 ], [ -104.9374966, 38.8534852 ], [ -104.9375342, 38.853458 ], [ -104.9375878, 38.8534518 ], [ -104.9376334, 38.8534037 ], [ -104.9377192, 38.8533766 ], [ -104.9377541, 38.8533369 ], [ -104.9377783, 38.853316 ], [ -104.9378855, 38.8532429 ], [ -104.9379285, 38.8532074 ], [ -104.9381109, 38.8531468 ], [ -104.9382289, 38.8531197 ], [ -104.938312, 38.8530821 ], [ -104.938371, 38.8530382 ], [ -104.9384748, 38.8528897 ], [ -104.9385115, 38.8528519 ] ], [ [ -104.9385115, 38.8528519 ], [ -104.9385615, 38.8528293 ] ], [ [ -104.9385615, 38.8528293 ], [ -104.9385615, 38.8528544 ], [ -104.9385159, 38.8528982 ], [ -104.9384917, 38.8529505 ], [ -104.9385025, 38.8530152 ], [ -104.9384998, 38.8530695 ], [ -104.9384381, 38.8531259 ], [ -104.9383281, 38.8532596 ], [ -104.9382557, 38.8533264 ], [ -104.9382128, 38.853387 ], [ -104.9381672, 38.8536022 ], [ -104.9381243, 38.8536648 ], [ -104.9380867, 38.8537066 ], [ -104.9380197, 38.8537338 ], [ -104.938017, 38.8537901 ], [ -104.9379875, 38.8538403 ], [ -104.9379338, 38.8538946 ], [ -104.9378587, 38.8539301 ], [ -104.9377997, 38.8539531 ], [ -104.9377568, 38.8539969 ], [ -104.9377327, 38.8540575 ], [ -104.9376924, 38.8541181 ], [ -104.9376227, 38.8541787 ], [ -104.9375422, 38.8541995 ], [ -104.9374162, 38.8541995 ], [ -104.9373384, 38.8542371 ], [ -104.9373142, 38.8542601 ], [ -104.9373276, 38.8542935 ], [ -104.937384, 38.8543646 ], [ -104.9374457, 38.8544544 ], [ -104.9374805, 38.8545191 ], [ -104.937502, 38.8545839 ], [ -104.9375637, 38.8546528 ], [ -104.9377434, 38.8548032 ], [ -104.9378936, 38.8548533 ], [ -104.938245, 38.8549306 ], [ -104.9383254, 38.8549933 ], [ -104.9383791, 38.8550497 ], [ -104.9384461, 38.8550768 ], [ -104.9384595, 38.8550476 ], [ -104.9384113, 38.8549849 ], [ -104.9383657, 38.8549431 ], [ -104.9383308, 38.8548867 ], [ -104.9383227, 38.8548262 ], [ -104.9383871, 38.8547029 ], [ -104.9383898, 38.8546612 ], [ -104.938363, 38.8546048 ], [ -104.9383496, 38.8545233 ], [ -104.9383603, 38.8544794 ], [ -104.9383925, 38.8544523 ], [ -104.9384971, 38.854398 ], [ -104.9385588, 38.8543813 ], [ -104.9385856, 38.8543437 ], [ -104.9386285, 38.8543207 ], [ -104.9387278, 38.8542915 ], [ -104.9387841, 38.8542601 ], [ -104.9388431, 38.8542142 ], [ -104.9388672, 38.8541703 ], [ -104.9388806, 38.8541076 ], [ -104.9389102, 38.8540596 ], [ -104.9389504, 38.8540136 ], [ -104.9389692, 38.8540387 ], [ -104.9389477, 38.8541139 ], [ -104.9389343, 38.8542371 ], [ -104.9389155, 38.8542956 ], [ -104.938886, 38.8543458 ], [ -104.938827, 38.854398 ], [ -104.9387787, 38.8544565 ], [ -104.9387576, 38.8545426 ], [ -104.9387769, 38.8545932 ], [ -104.938878, 38.854705 ], [ -104.9389504, 38.8547698 ], [ -104.9391419, 38.8549856 ], [ -104.9392841, 38.855184 ], [ -104.9393216, 38.8552153 ], [ -104.9393055, 38.8552592 ], [ -104.939276, 38.8553177 ], [ -104.9393645, 38.855278 ], [ -104.9394664, 38.8551714 ], [ -104.9394906, 38.8550148 ], [ -104.939453, 38.8548038 ], [ -104.9393726, 38.8546493 ], [ -104.9393538, 38.8545887 ], [ -104.9393753, 38.8545553 ], [ -104.9394048, 38.854595 ], [ -104.9394718, 38.8546534 ], [ -104.9395764, 38.8547078 ], [ -104.9396703, 38.8547809 ], [ -104.9397749, 38.8549271 ], [ -104.9398795, 38.8550294 ], [ -104.9400109, 38.8551046 ], [ -104.9400995, 38.8552383 ], [ -104.9400646, 38.8553135 ], [ -104.9400726, 38.8553845 ], [ -104.9401075, 38.8554597 ], [ -104.9401263, 38.8555307 ], [ -104.9402067, 38.8555892 ], [ -104.9402711, 38.8557458 ], [ -104.9403248, 38.8558482 ], [ -104.9403891, 38.8558879 ], [ -104.940416, 38.8558336 ], [ -104.9403945, 38.855727 ], [ -104.9403918, 38.8556331 ], [ -104.9404884, 38.8555244 ], [ -104.9404702, 38.855358 ], [ -104.9405045, 38.8553093 ], [ -104.940593, 38.8553949 ], [ -104.9406574, 38.8554952 ], [ -104.9406627, 38.8556184 ], [ -104.9406788, 38.8556644 ], [ -104.9407029, 38.8556665 ], [ -104.940719, 38.855608 ], [ -104.940762, 38.8555432 ], [ -104.9407539, 38.8553761 ], [ -104.9407083, 38.8551694 ], [ -104.9405581, 38.8547683 ], [ -104.940475, 38.8546242 ], [ -104.9403596, 38.8544738 ], [ -104.9403543, 38.8544195 ], [ -104.9404079, 38.8544362 ], [ -104.9406171, 38.8546367 ], [ -104.9407325, 38.8547997 ], [ -104.9407941, 38.8548728 ], [ -104.9408746, 38.8549145 ], [ -104.9410355, 38.8550545 ], [ -104.9411777, 38.855138 ], [ -104.9414352, 38.8554848 ], [ -104.9414701, 38.8555829 ], [ -104.941521, 38.8556331 ], [ -104.9416766, 38.8557458 ], [ -104.9417249, 38.8557939 ], [ -104.9417731, 38.8559464 ], [ -104.9417785, 38.8560069 ], [ -104.941749, 38.8561009 ], [ -104.9417436, 38.8561385 ], [ -104.9417758, 38.8561406 ], [ -104.9418187, 38.8560863 ], [ -104.9418965, 38.8559526 ], [ -104.941926, 38.8558419 ], [ -104.9419314, 38.855727 ], [ -104.9419716, 38.8556957 ], [ -104.9420065, 38.855727 ], [ -104.9420172, 38.8558524 ], [ -104.9420119, 38.8559902 ], [ -104.9420145, 38.8561093 ], [ -104.9420253, 38.856243 ], [ -104.9421299, 38.8564121 ], [ -104.9421916, 38.8565625 ], [ -104.9423606, 38.8571098 ], [ -104.9424169, 38.8573395 ], [ -104.9424464, 38.8574335 ], [ -104.9424544, 38.8575839 ], [ -104.9423901, 38.8577009 ], [ -104.942433, 38.8576946 ], [ -104.942602, 38.8575379 ], [ -104.9426154, 38.8574607 ], [ -104.9426046, 38.8573103 ], [ -104.9426368, 38.8571035 ], [ -104.9426824, 38.8570012 ], [ -104.9427629, 38.8568633 ], [ -104.9427227, 38.856715 ], [ -104.94272, 38.8564142 ], [ -104.9427259, 38.8563418 ], [ -104.9427736, 38.8562973 ], [ -104.9428729, 38.8561114 ], [ -104.9428755, 38.8560007 ], [ -104.9429533, 38.8558983 ], [ -104.9430096, 38.8557897 ], [ -104.9430043, 38.8555704 ], [ -104.9429694, 38.8554555 ], [ -104.9427736, 38.8552591 ], [ -104.9427629, 38.8552069 ], [ -104.9427629, 38.8550858 ], [ -104.9427173, 38.8546681 ], [ -104.9426744, 38.8546033 ], [ -104.9425972, 38.8545372 ], [ -104.9426106, 38.8544933 ], [ -104.9426556, 38.8544592 ], [ -104.9427495, 38.8544759 ], [ -104.9429211, 38.8545219 ], [ -104.9430901, 38.8545386 ], [ -104.9433047, 38.8545239 ], [ -104.9434656, 38.8545594 ], [ -104.9435595, 38.8546179 ], [ -104.9437097, 38.8546576 ], [ -104.9438492, 38.8547036 ], [ -104.9439323, 38.8546952 ], [ -104.9439645, 38.8546096 ], [ -104.9439779, 38.8544759 ], [ -104.9440645, 38.8544277 ], [ -104.9441584, 38.8544264 ], [ -104.9441871, 38.8544446 ], [ -104.9440906, 38.8544989 ], [ -104.9442059, 38.8548978 ], [ -104.9441898, 38.8549459 ], [ -104.944163, 38.8549876 ], [ -104.9440986, 38.8550148 ], [ -104.9439672, 38.8550503 ], [ -104.9439377, 38.8550795 ], [ -104.9439672, 38.8551004 ], [ -104.9441791, 38.8551339 ], [ -104.9442837, 38.8551318 ], [ -104.9444393, 38.8549751 ], [ -104.944509, 38.8548435 ], [ -104.944686, 38.85476 ], [ -104.9449113, 38.8547621 ], [ -104.9452117, 38.8547412 ], [ -104.9454022, 38.8547433 ], [ -104.9455202, 38.8547119 ], [ -104.9456463, 38.8547015 ], [ -104.9456945, 38.8547265 ], [ -104.9457401, 38.8548017 ], [ -104.9458152, 38.8549041 ], [ -104.9459038, 38.8549396 ], [ -104.9460272, 38.8549772 ], [ -104.9460513, 38.8550002 ], [ -104.9460352, 38.8550232 ], [ -104.9456919, 38.8550754 ], [ -104.9452976, 38.8551171 ], [ -104.9451983, 38.8551568 ], [ -104.9452144, 38.855184 ], [ -104.9453888, 38.8552174 ], [ -104.9456945, 38.8553469 ], [ -104.9458742, 38.8554096 ], [ -104.9460781, 38.8554534 ], [ -104.9461773, 38.8554931 ], [ -104.9463275, 38.8555913 ], [ -104.9464563, 38.8556581 ], [ -104.9465984, 38.8557438 ], [ -104.9467138, 38.8557897 ], [ -104.9467728, 38.8558378 ], [ -104.9467946, 38.8559313 ], [ -104.9468645, 38.8559763 ], [ -104.9469155, 38.8559617 ], [ -104.9469985, 38.8559637 ], [ -104.9471715, 38.8560023 ], [ -104.9472694, 38.8560023 ], [ -104.9474143, 38.8560211 ], [ -104.9474867, 38.8560577 ], [ -104.9475296, 38.8561036 ], [ -104.9475779, 38.856135 ], [ -104.9476195, 38.8561412 ], [ -104.9476624, 38.8561151 ], [ -104.9476612, 38.856064 ], [ -104.9476906, 38.8560222 ], [ -104.9476745, 38.8558927 ], [ -104.9476088, 38.8557382 ], [ -104.9475162, 38.8556587 ], [ -104.9475136, 38.8556045 ], [ -104.9475243, 38.8555887 ], [ -104.9476007, 38.8556588 ], [ -104.9476021, 38.8555804 ], [ -104.9475712, 38.8554665 ], [ -104.9475927, 38.8553402 ], [ -104.9476182, 38.855287 ], [ -104.9476062, 38.8551544 ], [ -104.9476383, 38.8550979 ], [ -104.9476946, 38.8550728 ], [ -104.9478019, 38.8550519 ], [ -104.9479132, 38.8550572 ], [ -104.9480219, 38.855075 ], [ -104.9481479, 38.855075 ], [ -104.9482968, 38.8550583 ], [ -104.9483518, 38.8550207 ], [ -104.948451, 38.854981 ], [ -104.9485087, 38.8549674 ], [ -104.9486428, 38.8550259 ], [ -104.9487165, 38.855077 ], [ -104.9490437, 38.8550677 ], [ -104.9491229, 38.8550864 ], [ -104.9492597, 38.8551115 ], [ -104.9495091, 38.8551094 ], [ -104.9496003, 38.8551512 ], [ -104.9496566, 38.8551992 ], [ -104.9498552, 38.8553747 ], [ -104.949949, 38.8554833 ], [ -104.9501394, 38.8555919 ], [ -104.9502414, 38.855665 ], [ -104.9503861, 38.8557315 ], [ -104.9504354, 38.8557808 ], [ -104.9506383, 38.8558634 ], [ -104.9507456, 38.8559073 ], [ -104.9509977, 38.8560452 ], [ -104.9510997, 38.8560869 ], [ -104.9511721, 38.8560953 ], [ -104.9513062, 38.8560953 ], [ -104.9514886, 38.8561015 ], [ -104.9516039, 38.8561141 ], [ -104.9517139, 38.8561371 ], [ -104.9518265, 38.8561893 ], [ -104.9519553, 38.8562143 ], [ -104.9521135, 38.8562248 ], [ -104.952363, 38.8561851 ], [ -104.9524703, 38.8562164 ], [ -104.9526124, 38.8562666 ], [ -104.9527734, 38.8562874 ], [ -104.9528833, 38.8562791 ], [ -104.9529504, 38.8562582 ], [ -104.9530791, 38.8562018 ], [ -104.9532281, 38.856111 ], [ -104.9532723, 38.8560995 ], [ -104.9533769, 38.8561099 ], [ -104.9534815, 38.856112 ], [ -104.9535914, 38.8561224 ], [ -104.9536719, 38.8561015 ], [ -104.9537551, 38.8560995 ], [ -104.9538784, 38.8561078 ], [ -104.9539321, 38.8561496 ], [ -104.9540447, 38.8562102 ], [ -104.9541011, 38.8562248 ], [ -104.9541252, 38.8562624 ], [ -104.9541266, 38.856299 ], [ -104.9540769, 38.8562979 ], [ -104.9539884, 38.8563 ], [ -104.9538892, 38.856325 ], [ -104.9537792, 38.8563449 ], [ -104.953696, 38.8563835 ], [ -104.9536585, 38.8564327 ], [ -104.9537364, 38.856416 ], [ -104.9538046, 38.856419 ], [ -104.9539548, 38.8564639 ], [ -104.9542352, 38.8565339 ], [ -104.954313, 38.8565444 ], [ -104.9543867, 38.8564984 ], [ -104.9545141, 38.8564357 ], [ -104.9545999, 38.8564107 ], [ -104.9546938, 38.8564149 ], [ -104.9548279, 38.8564149 ], [ -104.9548916, 38.8564221 ], [ -104.9550532, 38.8564316 ], [ -104.955178, 38.8564859 ], [ -104.9553, 38.8564963 ], [ -104.9555521, 38.8565193 ], [ -104.9557238, 38.8565256 ], [ -104.9558633, 38.8565235 ], [ -104.9560081, 38.8565068 ], [ -104.9561825, 38.8565068 ], [ -104.9564065, 38.856512 ], [ -104.956609, 38.8565485 ], [ -104.9567216, 38.856515 ], [ -104.9568745, 38.8564524 ], [ -104.9570032, 38.8564127 ], [ -104.9571749, 38.856396 ], [ -104.9573479, 38.8564284 ], [ -104.9575101, 38.8564775 ], [ -104.9576738, 38.8566655 ], [ -104.9577247, 38.8567031 ], [ -104.9577918, 38.8566885 ], [ -104.9578615, 38.8566342 ], [ -104.9579822, 38.8566028 ], [ -104.9581887, 38.8565109 ], [ -104.9584194, 38.8563731 ], [ -104.9585507, 38.8562769 ], [ -104.9587185, 38.8561913 ], [ -104.9588487, 38.856088 ], [ -104.9588889, 38.8560849 ], [ -104.958911, 38.8560959 ], [ -104.9589572, 38.8561548 ], [ -104.9589399, 38.8562113 ], [ -104.9588822, 38.8562562 ], [ -104.9588526, 38.8563167 ], [ -104.9589438, 38.856301 ], [ -104.9590349, 38.8562853 ], [ -104.9591102, 38.8562656 ], [ -104.9591798, 38.8561297 ], [ -104.9593099, 38.8560577 ], [ -104.9594105, 38.8560222 ], [ -104.9597712, 38.8559626 ], [ -104.9600877, 38.8559323 ], [ -104.9602943, 38.8559136 ], [ -104.9604794, 38.8557653 ], [ -104.9606081, 38.8556713 ], [ -104.9607275, 38.8555961 ], [ -104.9608307, 38.855475 ], [ -104.9608951, 38.8554771 ], [ -104.9609488, 38.8554813 ], [ -104.9609447, 38.855523 ], [ -104.9608146, 38.8557382 ], [ -104.96071, 38.8560097 ], [ -104.9606269, 38.8561203 ], [ -104.9606027, 38.8561872 ], [ -104.9606349, 38.8562415 ], [ -104.9606672, 38.8562468 ], [ -104.9607073, 38.8562123 ], [ -104.9608227, 38.8561183 ], [ -104.9609086, 38.8560578 ], [ -104.9609595, 38.8559741 ], [ -104.961056, 38.855901 ], [ -104.9611526, 38.8558634 ], [ -104.961217, 38.8558676 ], [ -104.9612238, 38.8558823 ], [ -104.9611848, 38.8559177 ], [ -104.9611714, 38.8559679 ], [ -104.9612223, 38.8559908 ], [ -104.961504, 38.8559115 ], [ -104.9616273, 38.8558425 ], [ -104.9617561, 38.8557611 ], [ -104.9619277, 38.8556922 ], [ -104.9621209, 38.8556023 ], [ -104.9624561, 38.8554353 ], [ -104.9626385, 38.8552723 ], [ -104.962888, 38.8551011 ], [ -104.9631616, 38.8548807 ], [ -104.9632554, 38.854746 ], [ -104.9633493, 38.8546582 ], [ -104.9634915, 38.854583 ], [ -104.96369, 38.8545246 ], [ -104.9638643, 38.8544577 ], [ -104.9639474, 38.8544222 ], [ -104.9640012, 38.8543617 ], [ -104.9640574, 38.8542154 ], [ -104.9641325, 38.854134 ], [ -104.9642089, 38.8540995 ], [ -104.9643122, 38.8540692 ], [ -104.9644732, 38.8540212 ], [ -104.9649211, 38.8539314 ], [ -104.9650767, 38.8539063 ], [ -104.9652054, 38.8539063 ], [ -104.9654951, 38.8538854 ], [ -104.9656372, 38.8538687 ], [ -104.9658035, 38.8538102 ], [ -104.9659779, 38.8537684 ], [ -104.9665572, 38.8536055 ], [ -104.9667343, 38.8535825 ], [ -104.9669408, 38.8535637 ], [ -104.9673163, 38.8535011 ], [ -104.9675228, 38.8534718 ], [ -104.967783, 38.8533987 ], [ -104.9679547, 38.8533695 ], [ -104.9682417, 38.8533632 ], [ -104.9683704, 38.8533235 ], [ -104.9685448, 38.8533361 ], [ -104.9687674, 38.853334 ], [ -104.9690302, 38.8533131 ], [ -104.9691885, 38.8533319 ], [ -104.9695828, 38.8534426 ], [ -104.9697437, 38.853453 ], [ -104.9701648, 38.8534217 ], [ -104.9704411, 38.853405 ], [ -104.9705913, 38.8534008 ], [ -104.9709909, 38.8534175 ], [ -104.9714523, 38.8534676 ], [ -104.9716052, 38.8534718 ], [ -104.9717929, 38.8534844 ], [ -104.9722623, 38.8535658 ], [ -104.9724742, 38.8535951 ], [ -104.9727424, 38.8536515 ], [ -104.9729382, 38.8537016 ], [ -104.9730965, 38.8537705 ], [ -104.9732091, 38.8538123 ], [ -104.973421, 38.8538457 ], [ -104.9735846, 38.8539 ], [ -104.973767, 38.8539773 ], [ -104.973936, 38.8540567 ], [ -104.9742954, 38.8542363 ], [ -104.9743866, 38.8542426 ], [ -104.9745475, 38.8542217 ], [ -104.9747889, 38.8541716 ], [ -104.9749713, 38.8541528 ], [ -104.9750947, 38.8541528 ], [ -104.9754595, 38.8540755 ], [ -104.9756312, 38.8540483 ], [ -104.9758162, 38.8540337 ], [ -104.9759289, 38.8539919 ], [ -104.9759852, 38.8539293 ], [ -104.976063, 38.8538833 ], [ -104.9762132, 38.8538457 ], [ -104.9763312, 38.8537956 ], [ -104.9764626, 38.8537935 ], [ -104.9766289, 38.8537851 ], [ -104.9768113, 38.853758 ], [ -104.9775516, 38.8536911 ], [ -104.9781122, 38.8536765 ], [ -104.9782302, 38.8536535 ], [ -104.9783885, 38.8535721 ], [ -104.9784743, 38.8535094 ], [ -104.9785441, 38.8534906 ], [ -104.9787237, 38.8534509 ], [ -104.9788337, 38.8533382 ], [ -104.9789222, 38.8532755 ], [ -104.9790241, 38.8532254 ], [ -104.9792145, 38.8531689 ], [ -104.9793273, 38.8530708 ], [ -104.9793836, 38.8529685 ], [ -104.9795096, 38.8528619 ], [ -104.9796035, 38.8528118 ], [ -104.9797108, 38.8527637 ], [ -104.979743, 38.8526802 ], [ -104.9798046, 38.8526029 ], [ -104.9798476, 38.8525528 ], [ -104.9800327, 38.8523731 ], [ -104.9801668, 38.8521872 ], [ -104.9804457, 38.8520285 ], [ -104.9806254, 38.8518781 ], [ -104.9807166, 38.8518091 ], [ -104.9808266, 38.8517486 ], [ -104.9809714, 38.8517089 ], [ -104.9810787, 38.8516734 ], [ -104.9811182, 38.8516443 ], [ -104.9811619, 38.8515982 ], [ -104.9811994, 38.8515125 ], [ -104.9812531, 38.8514582 ], [ -104.9813523, 38.8514081 ], [ -104.9814462, 38.851358 ], [ -104.9815481, 38.8513183 ], [ -104.9817493, 38.8512744 ], [ -104.9819424, 38.8512264 ], [ -104.9820953, 38.8511972 ], [ -104.9821999, 38.8511888 ], [ -104.9823072, 38.8512013 ], [ -104.982444, 38.8512452 ], [ -104.9825995, 38.8512598 ], [ -104.982798, 38.8512452 ], [ -104.9829134, 38.8512201 ], [ -104.9829858, 38.8511595 ], [ -104.9832004, 38.8509172 ], [ -104.9832647, 38.8508149 ], [ -104.9833881, 38.8506895 ], [ -104.9834096, 38.8506101 ], [ -104.9833666, 38.8505015 ], [ -104.9833774, 38.8503657 ], [ -104.9833801, 38.8501632 ], [ -104.9833935, 38.8500608 ], [ -104.9833264, 38.8500002 ], [ -104.9832191, 38.8498916 ], [ -104.9829697, 38.849668 ], [ -104.9829697, 38.849595 ], [ -104.9831065, 38.8495156 ], [ -104.9832728, 38.8494362 ], [ -104.9834766, 38.8493819 ], [ -104.9838816, 38.8493401 ], [ -104.9840131, 38.8492774 ], [ -104.984123, 38.8492607 ], [ -104.9842947, 38.8492795 ], [ -104.9845066, 38.8493317 ], [ -104.9847185, 38.8493651 ], [ -104.9848714, 38.8493547 ], [ -104.9849921, 38.8493317 ], [ -104.9851825, 38.8493192 ], [ -104.9853595, 38.8493297 ], [ -104.9855902, 38.8493359 ], [ -104.9858933, 38.8493338 ], [ -104.9860623, 38.8493547 ], [ -104.9862393, 38.8493819 ], [ -104.9865477, 38.8494613 ], [ -104.9867597, 38.8495135 ], [ -104.9868696, 38.849503 ], [ -104.9869984, 38.8495323 ], [ -104.9872988, 38.8496827 ], [ -104.9874302, 38.8497641 ], [ -104.9875777, 38.8498122 ], [ -104.9877467, 38.8498185 ], [ -104.9879344, 38.8498352 ], [ -104.9881705, 38.8498352 ], [ -104.9883851, 38.8498728 ], [ -104.9887445, 38.8499835 ], [ -104.9888464, 38.8499814 ], [ -104.9889403, 38.8499751 ], [ -104.9890288, 38.8499417 ], [ -104.9890797, 38.8498686 ], [ -104.9891253, 38.8497495 ], [ -104.9892112, 38.8496284 ], [ -104.9894365, 38.8494069 ], [ -104.9895652, 38.8493067 ], [ -104.9896725, 38.8492545 ], [ -104.9897691, 38.8492586 ], [ -104.9901016, 38.8493255 ], [ -104.9902036, 38.8493213 ], [ -104.990453, 38.8493046 ], [ -104.9906032, 38.8492628 ], [ -104.9906568, 38.849221 ], [ -104.9906998, 38.849104 ], [ -104.9907374, 38.8489829 ], [ -104.9907454, 38.8489411 ], [ -104.9908071, 38.848868 ], [ -104.990909, 38.8488304 ], [ -104.9911155, 38.8488576 ], [ -104.9912792, 38.8488701 ], [ -104.9915018, 38.8488806 ], [ -104.9915796, 38.8488638 ], [ -104.991711, 38.8488095 ], [ -104.9917968, 38.8487552 ], [ -104.9918639, 38.848703 ], [ -104.9919309, 38.8486361 ], [ -104.9920007, 38.8486006 ], [ -104.9923413, 38.8485296 ], [ -104.9925157, 38.8485317 ], [ -104.9927007, 38.8485568 ], [ -104.9929153, 38.8485797 ], [ -104.9930548, 38.848609 ], [ -104.9932533, 38.8486361 ], [ -104.9933606, 38.8486299 ], [ -104.9934839, 38.8486153 ], [ -104.9936046, 38.8486111 ], [ -104.9937548, 38.848632 ], [ -104.9939533, 38.8486341 ], [ -104.9940821, 38.8486111 ], [ -104.9941545, 38.8485589 ], [ -104.9941813, 38.8485025 ], [ -104.9941464, 38.8483228 ], [ -104.9941438, 38.8482768 ], [ -104.9941947, 38.8482184 ], [ -104.9943181, 38.8481724 ], [ -104.9944737, 38.848162 ], [ -104.9946239, 38.848139 ], [ -104.9947499, 38.8481557 ], [ -104.9949028, 38.8481661 ], [ -104.9950047, 38.8481661 ], [ -104.995155, 38.8481808 ], [ -104.9953078, 38.8481578 ], [ -104.9954178, 38.8481306 ], [ -104.9955278, 38.8480909 ], [ -104.9956646, 38.8480659 ], [ -104.9957772, 38.8480742 ], [ -104.9959865, 38.8480408 ], [ -104.9960615, 38.8480345 ], [ -104.9962681, 38.8480951 ], [ -104.996378, 38.8481014 ], [ -104.9964907, 38.8480805 ], [ -104.9966677, 38.8480638 ], [ -104.996893, 38.8480638 ], [ -104.9970861, 38.8480533 ], [ -104.9972658, 38.8480345 ], [ -104.9974187, 38.8479802 ], [ -104.9975502, 38.8479593 ], [ -104.9977889, 38.847859 ], [ -104.9978586, 38.8478695 ], [ -104.9980732, 38.8479426 ], [ -104.9982127, 38.8479447 ], [ -104.9983709, 38.8479238 ], [ -104.9986499, 38.8478758 ], [ -104.9989449, 38.8478152 ], [ -104.9991488, 38.8477922 ], [ -104.9992802, 38.8477713 ], [ -104.9993553, 38.8477316 ], [ -104.9993928, 38.8477003 ], [ -104.9994814, 38.8476836 ], [ -104.9996208, 38.847669 ], [ -104.9997335, 38.8476355 ], [ -104.999873, 38.8476147 ], [ -104.9999883, 38.8476126 ], [ -105.0001734, 38.8476209 ], [ -105.0003021, 38.8476188 ], [ -105.0004067, 38.8476042 ], [ -105.0005221, 38.8475645 ], [ -105.0006964, 38.847481 ], [ -105.0010826, 38.8473368 ], [ -105.0013187, 38.8472407 ], [ -105.001485, 38.8471676 ], [ -105.0016995, 38.8471049 ], [ -105.001957, 38.8470068 ], [ -105.0020724, 38.8469817 ], [ -105.0021046, 38.847013 ], [ -105.0020053, 38.8471154 ], [ -105.0019838, 38.8471634 ], [ -105.0021046, 38.8471384 ], [ -105.0023916, 38.8470966 ], [ -105.0028824, 38.8469984 ], [ -105.0030084, 38.846965 ], [ -105.0030299, 38.8469023 ], [ -105.0030594, 38.8468501 ], [ -105.0031238, 38.8467937 ], [ -105.0033947, 38.8465743 ], [ -105.0034859, 38.8465347 ], [ -105.0036415, 38.8464845 ], [ -105.0038185, 38.8464615 ], [ -105.0039097, 38.8464365 ], [ -105.0040438, 38.8463529 ], [ -105.0041108, 38.8463529 ], [ -105.0041806, 38.8463989 ], [ -105.0042906, 38.8464824 ], [ -105.0044059, 38.8465848 ], [ -105.0045051, 38.8467206 ], [ -105.0046151, 38.8468417 ], [ -105.0047278, 38.8469504 ], [ -105.0048619, 38.8470172 ], [ -105.0051059, 38.8471718 ], [ -105.0052883, 38.847293 ], [ -105.0054493, 38.8474141 ], [ -105.0055726, 38.8474935 ], [ -105.0057604, 38.8476 ], [ -105.0058301, 38.8476021 ], [ -105.0059213, 38.8475896 ], [ -105.006034, 38.8476063 ], [ -105.0061627, 38.8476481 ], [ -105.0062861, 38.8476606 ], [ -105.0065463, 38.8476042 ], [ -105.0066563, 38.8475457 ], [ -105.0067394, 38.847529 ], [ -105.0068226, 38.8475436 ], [ -105.0068708, 38.8475603 ], [ -105.0069513, 38.8474684 ], [ -105.007021, 38.8474162 ], [ -105.0070827, 38.8473556 ], [ -105.0071337, 38.8473285 ], [ -105.0072517, 38.8471572 ], [ -105.0073215, 38.8471321 ], [ -105.0074314, 38.8471008 ], [ -105.0074931, 38.8470569 ], [ -105.0075843, 38.8469002 ], [ -105.0076138, 38.8468396 ], [ -105.0076113, 38.8466424 ], [ -105.0076675, 38.8465555 ], [ -105.007705, 38.8464741 ], [ -105.0077533, 38.8464051 ], [ -105.0078311, 38.846378 ], [ -105.0079223, 38.8463675 ], [ -105.008051, 38.8462422 ], [ -105.008169, 38.84619 ], [ -105.0082334, 38.8461482 ], [ -105.0083085, 38.8461148 ], [ -105.0085052, 38.8459864 ], [ -105.0085794, 38.8459811 ], [ -105.008743, 38.8458912 ], [ -105.0089093, 38.8457952 ], [ -105.009024, 38.845686 ], [ -105.0090723, 38.8456839 ], [ -105.0091272, 38.8457022 ], [ -105.0092124, 38.8457737 ], [ -105.0092734, 38.8458296 ], [ -105.0093384, 38.845863 ], [ -105.0094484, 38.8457931 ], [ -105.0095021, 38.8457346 ], [ -105.0095772, 38.8456656 ], [ -105.0096791, 38.8456092 ], [ -105.0098773, 38.8455195 ], [ -105.0099272, 38.8454745 ], [ -105.0099527, 38.8454306 ], [ -105.0099835, 38.8454348 ], [ -105.0101592, 38.8455158 ], [ -105.0102075, 38.8455299 ], [ -105.0102371, 38.8455132 ], [ -105.01028, 38.8454693 ], [ -105.0103524, 38.8453711 ], [ -105.0103953, 38.845298 ], [ -105.0104516, 38.8452312 ], [ -105.0104892, 38.845181 ], [ -105.0105267, 38.8451643 ], [ -105.0107386, 38.8451768 ], [ -105.0108512, 38.8452081 ], [ -105.010921, 38.8452813 ], [ -105.0109746, 38.8453272 ], [ -105.0110712, 38.8453627 ], [ -105.0112187, 38.8454254 ], [ -105.0115111, 38.845628 ], [ -105.0117015, 38.8457784 ], [ -105.0117444, 38.8458213 ], [ -105.0117432, 38.8458725 ], [ -105.0116694, 38.8459218 ], [ -105.0116224, 38.8460191 ], [ -105.0115929, 38.846144 ], [ -105.0116411, 38.8462735 ], [ -105.0116466, 38.8463582 ], [ -105.0116908, 38.8464114 ], [ -105.0117512, 38.8465514 ], [ -105.0118651, 38.8466129 ], [ -105.0119939, 38.8466516 ], [ -105.0120609, 38.8466684 ], [ -105.012179, 38.8467195 ], [ -105.0122675, 38.8467216 ], [ -105.0123426, 38.846707 ], [ -105.0124177, 38.8467195 ], [ -105.0125813, 38.8467696 ], [ -105.01282, 38.8468459 ], [ -105.0129996, 38.8468856 ], [ -105.0131204, 38.8468919 ], [ -105.0132236, 38.8469127 ], [ -105.0132317, 38.8471415 ], [ -105.0133618, 38.8474413 ], [ -105.0134449, 38.8475624 ], [ -105.0134878, 38.8476063 ], [ -105.0135361, 38.847623 ], [ -105.0135871, 38.8476209 ], [ -105.013622, 38.8476 ], [ -105.0136461, 38.8475374 ], [ -105.0137051, 38.8474371 ], [ -105.0137507, 38.8473222 ], [ -105.013795, 38.8472919 ], [ -105.0138674, 38.8472073 ], [ -105.014145, 38.8470778 ], [ -105.0142537, 38.8470246 ], [ -105.0143918, 38.8468981 ], [ -105.0145259, 38.8467686 ], [ -105.0146559, 38.8466475 ], [ -105.01466, 38.8465952 ], [ -105.0146895, 38.8465681 ] ], [ [ -105.0146895, 38.8465681 ], [ -105.0147109, 38.8465806 ], [ -105.0147243, 38.8466391 ], [ -105.0147646, 38.846731 ], [ -105.0148061, 38.8468229 ], [ -105.0148758, 38.8470569 ], [ -105.0149178, 38.847281 ], [ -105.0149912, 38.8474705 ], [ -105.0150195, 38.8475562 ], [ -105.0150797, 38.8475948 ], [ -105.0150851, 38.8476501 ], [ -105.015301, 38.8478141 ], [ -105.0154754, 38.8481118 ], [ -105.0157088, 38.8485203 ], [ -105.0157289, 38.8486257 ], [ -105.0158148, 38.8487636 ], [ -105.0159555, 38.848914 ], [ -105.0162733, 38.8492283 ], [ -105.0164745, 38.8494268 ], [ -105.0164934, 38.8494989 ], [ -105.0166985, 38.849737 ], [ -105.0168138, 38.8499166 ], [ -105.0169399, 38.8499679 ], [ -105.017023, 38.8500775 ], [ -105.0171008, 38.8501464 ], [ -105.0171061, 38.8501986 ], [ -105.0171276, 38.8502279 ], [ -105.0171652, 38.8502644 ], [ -105.0172067, 38.8502028 ], [ -105.0172416, 38.8501453 ], [ -105.0172108, 38.8499647 ], [ -105.0171639, 38.8498875 ], [ -105.0171102, 38.8496263 ], [ -105.0171357, 38.8492231 ], [ -105.0171276, 38.848867 ], [ -105.0171451, 38.8487542 ], [ -105.017133, 38.8486215 ], [ -105.0171544, 38.8484314 ], [ -105.0173248, 38.8480878 ], [ -105.0173718, 38.8479782 ], [ -105.0173812, 38.8478539 ], [ -105.0174549, 38.8476481 ], [ -105.0175032, 38.8472721 ], [ -105.0175273, 38.847153 ], [ -105.0176989, 38.8466621 ], [ -105.0178894, 38.8463759 ], [ -105.0180154, 38.8461419 ], [ -105.0181388, 38.8460061 ], [ -105.0182729, 38.8457993 ], [ -105.0184258, 38.8454985 ], [ -105.0185706, 38.8454024 ], [ -105.0187476, 38.8451705 ], [ -105.019032, 38.8447945 ], [ -105.0191607, 38.8446315 ], [ -105.0196569, 38.8443245 ], [ -105.0198152, 38.8441469 ], [ -105.0198742, 38.8439317 ], [ -105.0200405, 38.8437082 ], [ -105.0201183, 38.8435306 ], [ -105.020137, 38.8434261 ], [ -105.0202926, 38.8432173 ], [ -105.0204026, 38.8430877 ], [ -105.0206896, 38.8427263 ], [ -105.0207808, 38.8425341 ], [ -105.0208451, 38.8423712 ], [ -105.0209042, 38.8422709 ], [ -105.0210316, 38.8420892 ], [ -105.0211148, 38.8421967 ], [ -105.0211939, 38.8424631 ], [ -105.0211922, 38.8428702 ], [ -105.0211817, 38.8430157 ], [ -105.0211143, 38.8435586 ], [ -105.0211114, 38.8436002 ], [ -105.0211412, 38.8435752 ], [ -105.0212206, 38.8434335 ], [ -105.0213548, 38.8432967 ], [ -105.0218577, 38.8428903 ], [ -105.0219851, 38.8427515 ], [ -105.0220616, 38.8427097 ], [ -105.0221005, 38.8426543 ], [ -105.0222132, 38.8426314 ], [ -105.0222591, 38.8425399 ], [ -105.0224576, 38.8424032 ], [ -105.0225819, 38.8423137 ], [ -105.0226437, 38.8421373 ], [ -105.0227898, 38.8420203 ], [ -105.0228699, 38.8419787 ], [ -105.022885, 38.8419902 ], [ -105.0228556, 38.8420665 ], [ -105.02281, 38.8421362 ], [ -105.0227974, 38.8422943 ], [ -105.0227986, 38.8424798 ], [ -105.0226304, 38.8430334 ], [ -105.0225349, 38.8433708 ], [ -105.0224759, 38.8435202 ], [ -105.022492, 38.8435536 ], [ -105.0225886, 38.8434784 ], [ -105.0229841, 38.8431242 ], [ -105.0231332, 38.8430325 ], [ -105.0232767, 38.8428967 ], [ -105.0235555, 38.842653 ], [ -105.023757, 38.8424948 ], [ -105.0240852, 38.8423023 ], [ -105.0242247, 38.8421853 ], [ -105.0242617, 38.8421671 ], [ -105.0242622, 38.8422187 ], [ -105.0242193, 38.8423023 ], [ -105.0241389, 38.8423942 ], [ -105.024112, 38.8424318 ], [ -105.0241001, 38.8424883 ], [ -105.0241408, 38.8424705 ], [ -105.0242273, 38.8424443 ], [ -105.0243281, 38.8423927 ], [ -105.0243628, 38.8423404 ], [ -105.0244111, 38.8422944 ], [ -105.0244272, 38.8423989 ], [ -105.0242932, 38.8426224 ], [ -105.0242235, 38.842647 ], [ -105.0241657, 38.8427097 ], [ -105.0241027, 38.842788 ], [ -105.0241081, 38.8428633 ], [ -105.024135, 38.8429134 ], [ -105.0241228, 38.8429813 ], [ -105.0240853, 38.8431191 ], [ -105.0240705, 38.8431796 ], [ -105.0241188, 38.8431723 ], [ -105.0241563, 38.8431473 ], [ -105.0242315, 38.8430606 ], [ -105.0243643, 38.8430001 ], [ -105.024485, 38.8428789 ], [ -105.0246619, 38.8427452 ], [ -105.0249449, 38.8425206 ], [ -105.0251889, 38.8423743 ], [ -105.0253298, 38.8422918 ], [ -105.0255511, 38.8421571 ], [ -105.0256826, 38.8421299 ], [ -105.0256917, 38.8421455 ], [ -105.0256357, 38.8421937 ], [ -105.0256423, 38.8422469 ], [ -105.0257013, 38.8422323 ], [ -105.0257979, 38.8421822 ], [ -105.0259091, 38.8421059 ], [ -105.0259682, 38.8420746 ], [ -105.0260139, 38.842084 ], [ -105.0259669, 38.8422041 ], [ -105.0258421, 38.8423211 ], [ -105.0257925, 38.84239 ], [ -105.0257589, 38.8424569 ], [ -105.025881, 38.8424119 ], [ -105.0259455, 38.8423995 ], [ -105.0259816, 38.8424098 ], [ -105.0258716, 38.842484 ], [ -105.025834, 38.8425509 ], [ -105.0257965, 38.8425958 ], [ -105.0258703, 38.8425916 ], [ -105.0259843, 38.8425676 ], [ -105.0260728, 38.8425049 ], [ -105.0262445, 38.8424527 ], [ -105.0264617, 38.8423577 ], [ -105.0265624, 38.8423431 ], [ -105.0266522, 38.8423462 ], [ -105.0266723, 38.8423869 ], [ -105.0265515, 38.8424496 ], [ -105.0264282, 38.8425999 ], [ -105.0265381, 38.8425718 ], [ -105.0268157, 38.8425049 ], [ -105.026982, 38.8424339 ], [ -105.0271256, 38.8423837 ] ], [ [ -105.0271256, 38.8423837 ], [ -105.0271176, 38.8424339 ], [ -105.0271054, 38.8424986 ], [ -105.0269699, 38.8425906 ], [ -105.0268036, 38.8427536 ], [ -105.0267017, 38.8428214 ], [ -105.0265904, 38.842952 ], [ -105.0264509, 38.8430512 ], [ -105.026412, 38.8431357 ], [ -105.0265112, 38.8431327 ], [ -105.0267353, 38.8430596 ], [ -105.027222, 38.8429634 ], [ -105.027312, 38.8429603 ], [ -105.0273415, 38.8429844 ], [ -105.0271162, 38.8431442 ], [ -105.0268855, 38.843375 ], [ -105.0266977, 38.8435829 ], [ -105.0265475, 38.8437583 ], [ -105.0265368, 38.8438168 ], [ -105.0265958, 38.8438085 ], [ -105.0266615, 38.8437468 ], [ -105.0267032, 38.8437563 ], [ -105.0266494, 38.8438419 ], [ -105.0264309, 38.844031 ], [ -105.0263812, 38.8441594 ], [ -105.026349, 38.8442221 ], [ -105.0261613, 38.8443433 ], [ -105.0261586, 38.8443662 ], [ -105.0262069, 38.8443756 ], [ -105.0262525, 38.8444174 ], [ -105.0263115, 38.844665 ], [ -105.0263236, 38.8448385 ], [ -105.0263827, 38.844922 ], [ -105.0263853, 38.8450316 ], [ -105.0264268, 38.8450609 ], [ -105.0264912, 38.8451601 ], [ -105.0265208, 38.8451455 ], [ -105.0265167, 38.8450671 ], [ -105.0265314, 38.8449512 ], [ -105.0266173, 38.8447193 ], [ -105.0267031, 38.8445866 ], [ -105.0268385, 38.8445375 ], [ -105.0268936, 38.8444478 ], [ -105.0270947, 38.8443015 ], [ -105.0270988, 38.8442588 ], [ -105.0271913, 38.8441762 ], [ -105.0273307, 38.8440717 ], [ -105.0274917, 38.844009 ], [ -105.0275628, 38.8439715 ], [ -105.0275775, 38.8440163 ], [ -105.0275078, 38.8440759 ], [ -105.0274018, 38.8442106 ], [ -105.0273307, 38.8443349 ], [ -105.02732, 38.8443851 ], [ -105.0273509, 38.8443934 ], [ -105.0276097, 38.844197 ], [ -105.0277317, 38.8441542 ], [ -105.0276446, 38.8443851 ], [ -105.0275721, 38.8445052 ], [ -105.0275292, 38.8445397 ], [ -105.0275238, 38.8445981 ], [ -105.0276674, 38.8445314 ], [ -105.0278028, 38.8444436 ], [ -105.0280522, 38.8443224 ], [ -105.0280348, 38.8443976 ], [ -105.0279772, 38.8444853 ], [ -105.0279678, 38.8445502 ], [ -105.0278403, 38.8447611 ], [ -105.0277908, 38.8448843 ], [ -105.0278618, 38.8449627 ], [ -105.0278256, 38.8450807 ], [ -105.0278431, 38.8451894 ], [ -105.0278886, 38.8452677 ], [ -105.0279129, 38.8452954 ], [ -105.0279503, 38.8452541 ], [ -105.0279691, 38.8452207 ], [ -105.0279906, 38.8451162 ], [ -105.0280952, 38.8450097 ], [ -105.0282588, 38.8449376 ], [ -105.0282226, 38.8450327 ], [ -105.0282306, 38.8451288 ], [ -105.0283312, 38.8450138 ], [ -105.0283688, 38.845064 ], [ -105.0284546, 38.8450138 ], [ -105.0284559, 38.8450995 ], [ -105.0285109, 38.8451236 ], [ -105.0285994, 38.845065 ], [ -105.0288234, 38.8449355 ], [ -105.0290139, 38.8448541 ], [ -105.0293745, 38.8448415 ], [ -105.0294725, 38.8448091 ], [ -105.0299244, 38.8448248 ], [ -105.0299888, 38.8447872 ], [ -105.0300465, 38.8447288 ], [ -105.0300935, 38.8447236 ], [ -105.0301967, 38.8447329 ], [ -105.0303053, 38.844757 ], [ -105.0304421, 38.8448405 ], [ -105.0305467, 38.8448363 ], [ -105.0307666, 38.8447256 ], [ -105.0307639, 38.8448164 ], [ -105.0306674, 38.8451466 ], [ -105.0306513, 38.8452103 ], [ -105.0305601, 38.8452959 ], [ -105.0305883, 38.8453147 ], [ -105.0308096, 38.8452583 ], [ -105.0309007, 38.8451445 ], [ -105.031059, 38.8449825 ], [ -105.0311502, 38.8449449 ], [ -105.0311798, 38.8449659 ], [ -105.0311824, 38.8450285 ], [ -105.0311502, 38.8451789 ], [ -105.0310697, 38.8453293 ], [ -105.0310658, 38.8454547 ], [ -105.0310403, 38.8455017 ], [ -105.0310282, 38.8456124 ], [ -105.0309934, 38.8456709 ], [ -105.0309692, 38.846 ], [ -105.0309275, 38.8461022 ], [ -105.03087, 38.8463613 ], [ -105.0307734, 38.8466182 ], [ -105.0307895, 38.8467154 ], [ -105.0308364, 38.8467603 ], [ -105.0309745, 38.8467801 ], [ -105.0310295, 38.8469503 ], [ -105.0310456, 38.8469786 ], [ -105.0310818, 38.8469974 ], [ -105.0311864, 38.8468814 ], [ -105.0314452, 38.8466767 ], [ -105.031637, 38.8465963 ], [ -105.0318127, 38.8463895 ], [ -105.031971, 38.8462485 ], [ -105.0320052, 38.846178 ], [ -105.0320427, 38.8460218 ], [ -105.0320985, 38.8460167 ], [ -105.0321225, 38.846075 ], [ -105.0321909, 38.846027 ], [ -105.0322272, 38.8459785 ], [ -105.032256, 38.8458985 ], [ -105.0322782, 38.8458965 ], [ -105.0323102, 38.84598 ], [ -105.0323392, 38.8460287 ], [ -105.0323714, 38.8460653 ], [ -105.03236, 38.8460945 ], [ -105.032384, 38.846169 ], [ -105.032417, 38.8461786 ], [ -105.0324444, 38.8461739 ], [ -105.0324672, 38.846178 ], [ -105.0324693, 38.8462136 ], [ -105.0324597, 38.8462437 ], [ -105.0325048, 38.8462689 ], [ -105.0325349, 38.8462343 ], [ -105.0325657, 38.8461273 ], [ -105.0325866, 38.8460715 ], [ -105.0325672, 38.8460172 ], [ -105.032608, 38.8458641 ], [ -105.0326576, 38.8457638 ], [ -105.0328883, 38.8455633 ], [ -105.0330278, 38.8454808 ], [ -105.0331673, 38.8452333 ], [ -105.0334998, 38.8448405 ], [ -105.0336769, 38.8446202 ], [ -105.0336903, 38.8445533 ], [ -105.0337721, 38.8445062 ], [ -105.0338713, 38.8442524 ], [ -105.0339947, 38.8441334 ], [ -105.0340081, 38.8442535 ], [ -105.0340027, 38.8443286 ], [ -105.0340711, 38.8442754 ], [ -105.0341557, 38.8441532 ], [ -105.0342456, 38.8440948 ], [ -105.0342657, 38.8439997 ], [ -105.0343876, 38.8438534 ], [ -105.0346317, 38.8436497 ], [ -105.0347712, 38.8435432 ], [ -105.0349415, 38.843235 ], [ -105.0350408, 38.8431577 ], [ -105.0352379, 38.8428475 ], [ -105.0353479, 38.8426762 ], [ -105.035364, 38.842599 ], [ -105.0354311, 38.8425196 ], [ -105.035549, 38.8424757 ], [ -105.0357261, 38.8423252 ] ], [ [ -105.0357261, 38.8423252 ], [ -105.0358763, 38.8422208 ], [ -105.0359514, 38.8420892 ], [ -105.0361498, 38.8419408 ], [ -105.0364421, 38.8416692 ], [ -105.036453, 38.8416181 ], [ -105.036504, 38.8415659 ], [ -105.0365335, 38.8414416 ], [ -105.036622, 38.8413685 ], [ -105.0366782, 38.8412598 ], [ -105.0366998, 38.8411972 ], [ -105.0368714, 38.8409945 ], [ -105.0370524, 38.8406497 ], [ -105.0371731, 38.8403478 ], [ -105.0372362, 38.8399875 ], [ -105.0371638, 38.8397389 ], [ -105.0370028, 38.8393628 ], [ -105.036874, 38.8390818 ], [ -105.036705, 38.8388468 ], [ -105.0365817, 38.8386504 ], [ -105.0364958, 38.8385293 ], [ -105.0364476, 38.838429 ], [ -105.0364301, 38.838384 ], [ -105.036528, 38.8384415 ], [ -105.0366474, 38.8385208 ], [ -105.0366448, 38.8384959 ], [ -105.0365857, 38.8384248 ], [ -105.0365857, 38.8383965 ], [ -105.0366997, 38.8384708 ], [ -105.0369304, 38.8385878 ], [ -105.0371503, 38.8387131 ], [ -105.0373127, 38.8388093 ], [ -105.0373407, 38.8387967 ], [ -105.0372643, 38.8386963 ], [ -105.0368754, 38.8382106 ], [ -105.0368245, 38.8381658 ], [ -105.0368485, 38.838148 ], [ -105.036976, 38.8382117 ], [ -105.0369438, 38.8381418 ], [ -105.0370645, 38.8382075 ], [ -105.037098, 38.8382409 ], [ -105.0372536, 38.8383684 ], [ -105.0374882, 38.838477 ], [ -105.0375152, 38.8385544 ], [ -105.0376572, 38.838688 ], [ -105.0377645, 38.8387278 ], [ -105.0377149, 38.8386745 ], [ -105.0376733, 38.8385659 ], [ -105.0380287, 38.8387424 ], [ -105.0380838, 38.8387696 ], [ -105.038081, 38.8387257 ], [ -105.0380489, 38.8386641 ], [ -105.0380744, 38.8386484 ], [ -105.0381079, 38.8386629 ], [ -105.0381668, 38.8387089 ], [ -105.0382956, 38.8388385 ], [ -105.038376, 38.8388844 ], [ -105.0383238, 38.838711 ], [ -105.0385249, 38.8388906 ], [ -105.0386657, 38.839062 ], [ -105.0390037, 38.8392155 ], [ -105.0392357, 38.8393002 ], [ -105.0393376, 38.8393492 ], [ -105.0394543, 38.8394798 ], [ -105.0394946, 38.8397452 ], [ -105.0395857, 38.8399625 ], [ -105.0396582, 38.8405014 ], [ -105.0396743, 38.8408671 ], [ -105.0396528, 38.8410697 ], [ -105.0396287, 38.8411114 ], [ -105.0396554, 38.8411689 ], [ -105.039693, 38.841148 ], [ -105.0398326, 38.840934 ], [ -105.0399385, 38.8408169 ], [ -105.0400685, 38.840376 ], [ -105.0402053, 38.8400982 ], [ -105.0402429, 38.8398224 ], [ -105.0402858, 38.8396595 ], [ -105.0403113, 38.8395999 ], [ -105.0404346, 38.8394569 ], [ -105.0404307, 38.8393274 ], [ -105.0404602, 38.8392343 ], [ -105.040389, 38.8391549 ], [ -105.0403623, 38.8390788 ], [ -105.0402711, 38.8389733 ], [ -105.0402616, 38.838945 ], [ -105.040314, 38.8389607 ], [ -105.0405299, 38.8391529 ], [ -105.0405902, 38.839179 ], [ -105.0406721, 38.8392761 ], [ -105.0406881, 38.8393743 ], [ -105.0406613, 38.8395101 ], [ -105.0406103, 38.8396135 ], [ -105.0406224, 38.8396825 ], [ -105.0407083, 38.839718 ], [ -105.0407606, 38.8396878 ], [ -105.0407901, 38.8396261 ], [ -105.0408598, 38.8396135 ], [ -105.0408813, 38.839647 ], [ -105.0408759, 38.8397932 ], [ -105.0408961, 38.83981 ], [ -105.0409283, 38.8397452 ], [ -105.0410074, 38.8397003 ], [ -105.0410141, 38.8397807 ], [ -105.0410637, 38.8397535 ], [ -105.0410958, 38.8397107 ], [ -105.0411615, 38.8395362 ], [ -105.0411857, 38.8396386 ], [ -105.0412421, 38.8395635 ], [ -105.0412621, 38.8396073 ], [ -105.0412278, 38.8397722 ], [ -105.0411634, 38.8398809 ], [ -105.0410942, 38.8399474 ], [ -105.041071, 38.8399718 ], [ -105.0411664, 38.8399891 ], [ -105.0410689, 38.8400554 ], [ -105.0410758, 38.8402842 ], [ -105.0411111, 38.8403861 ], [ -105.0411817, 38.8404367 ], [ -105.0412139, 38.8404806 ], [ -105.0411817, 38.8405349 ], [ -105.0411817, 38.8405829 ], [ -105.0411737, 38.8406404 ], [ -105.0410557, 38.8407553 ], [ -105.0411616, 38.8407364 ], [ -105.0410784, 38.8408045 ], [ -105.0412045, 38.8408034 ], [ -105.0411201, 38.8408676 ], [ -105.0410919, 38.840888 ], [ -105.0410797, 38.8409256 ], [ -105.0410959, 38.8409418 ], [ -105.0411448, 38.8409372 ], [ -105.0412121, 38.8409225 ], [ -105.0413332, 38.8408556 ], [ -105.0414525, 38.8406968 ], [ -105.0414418, 38.8407667 ], [ -105.041462, 38.8408252 ], [ -105.0415746, 38.8406612 ], [ -105.0416242, 38.8405202 ], [ -105.0416604, 38.8404763 ], [ -105.04169, 38.8406143 ], [ -105.0416873, 38.8407584 ], [ -105.0416551, 38.8408242 ], [ -105.0416645, 38.8408461 ], [ -105.0417972, 38.8407302 ], [ -105.0418213, 38.8406602 ], [ -105.0418522, 38.840539 ], [ -105.0418778, 38.8405114 ], [ -105.0419059, 38.8405286 ], [ -105.0419328, 38.8405501 ], [ -105.0419585, 38.840526 ], [ -105.041978, 38.8403984 ], [ -105.0420638, 38.8402882 ], [ -105.0421426, 38.840225 ], [ -105.0421738, 38.840244 ], [ -105.0421861, 38.840274 ], [ -105.042202, 38.8405091 ], [ -105.0423029, 38.8410325 ] ] ] } },
{ "type": "Feature", "properties": { "full_id": null, "osm_id": null, "osm_type": null, "route": null, "to": null, "from": null, "roundtrip": null, "operator": null, "distance": null, "descriptio": null, "ascent": null, "modifier": null, "website": null, "old_railwa": null, "wikipedia": null, "wikidata": null, "type": null, "symbol": null, "ref": null, "network": null, "name": "Pikes Peak via Crags Campground", "is_in_stat": null }, "geometry": { "type": "MultiLineString", "coordinates": [ [ [ -105.12377, 38.87371 ], [ -105.12376, 38.87371 ], [ -105.12357, 38.87371 ], [ -105.12341, 38.87363 ], [ -105.12331, 38.87339 ], [ -105.12313, 38.87287 ], [ -105.1229, 38.87248 ], [ -105.12272, 38.87227 ], [ -105.12246, 38.87214 ], [ -105.12218, 38.87203 ], [ -105.12211, 38.87211 ], [ -105.12221, 38.8726 ], [ -105.12221, 38.87292 ], [ -105.12209, 38.87317 ], [ -105.12197, 38.87327 ], [ -105.12185, 38.8733 ], [ -105.12174, 38.87326 ], [ -105.12161, 38.8731 ], [ -105.12143, 38.87286 ], [ -105.12128, 38.87274 ], [ -105.12096, 38.8726 ], [ -105.12051, 38.8725 ], [ -105.12018, 38.87239 ], [ -105.11979, 38.87219 ], [ -105.11963, 38.8721 ], [ -105.11941, 38.872 ], [ -105.11917, 38.87199 ], [ -105.11901, 38.8721 ], [ -105.11887, 38.87218 ], [ -105.11871, 38.87213 ], [ -105.11856, 38.87192 ], [ -105.11836, 38.87167 ], [ -105.11816, 38.87152 ], [ -105.11795, 38.87148 ], [ -105.11769, 38.87148 ], [ -105.11738, 38.87154 ], [ -105.11688, 38.87165 ], [ -105.11629, 38.87151 ], [ -105.11607, 38.87151 ], [ -105.116, 38.87149 ], [ -105.11594, 38.87148 ], [ -105.11588, 38.87147 ], [ -105.11582, 38.87146 ], [ -105.11575, 38.87145 ], [ -105.11569, 38.87144 ], [ -105.11562, 38.87144 ], [ -105.11557, 38.87143 ], [ -105.1155, 38.87143 ], [ -105.11544, 38.87142 ], [ -105.11538, 38.87142 ], [ -105.11532, 38.87141 ], [ -105.11526, 38.8714 ], [ -105.1152, 38.87139 ], [ -105.11512, 38.87138 ], [ -105.11504, 38.87136 ], [ -105.11497, 38.87135 ], [ -105.11491, 38.87133 ], [ -105.11485, 38.87133 ], [ -105.11478, 38.87131 ], [ -105.1147, 38.8713 ], [ -105.11464, 38.87128 ], [ -105.11458, 38.87127 ], [ -105.11451, 38.87126 ], [ -105.11444, 38.87124 ], [ -105.11438, 38.87123 ], [ -105.11431, 38.87122 ], [ -105.11425, 38.87121 ], [ -105.11419, 38.87119 ], [ -105.11413, 38.87117 ], [ -105.11408, 38.87115 ], [ -105.114, 38.87113 ], [ -105.11393, 38.87112 ], [ -105.11387, 38.87111 ], [ -105.11382, 38.8711 ], [ -105.11375, 38.87109 ], [ -105.11369, 38.87108 ], [ -105.11362, 38.87106 ], [ -105.11355, 38.87104 ], [ -105.11347, 38.87103 ], [ -105.11339, 38.87101 ], [ -105.11333, 38.871 ], [ -105.11326, 38.87098 ], [ -105.1132, 38.87097 ], [ -105.11313, 38.87096 ], [ -105.11306, 38.87095 ], [ -105.11301, 38.87093 ], [ -105.11295, 38.87089 ], [ -105.1129, 38.87087 ], [ -105.11285, 38.87084 ], [ -105.11281, 38.8708 ], [ -105.11276, 38.87076 ], [ -105.11272, 38.87073 ], [ -105.11268, 38.87069 ], [ -105.11264, 38.87065 ], [ -105.1126, 38.87061 ], [ -105.11255, 38.87057 ], [ -105.11251, 38.87053 ], [ -105.11247, 38.87049 ], [ -105.11243, 38.87045 ], [ -105.11238, 38.87041 ], [ -105.11233, 38.87037 ], [ -105.11228, 38.87034 ], [ -105.11224, 38.87031 ], [ -105.11204, 38.87018 ], [ -105.11199, 38.87014 ], [ -105.11194, 38.87011 ], [ -105.1119, 38.87008 ], [ -105.11185, 38.87004 ], [ -105.11183, 38.87 ], [ -105.11179, 38.86996 ], [ -105.11175, 38.86992 ], [ -105.11172, 38.86987 ], [ -105.11168, 38.86983 ], [ -105.11163, 38.86979 ], [ -105.11159, 38.86975 ], [ -105.11154, 38.8697 ], [ -105.11151, 38.86966 ], [ -105.11148, 38.86961 ], [ -105.11144, 38.86956 ], [ -105.11138, 38.86953 ], [ -105.11132, 38.8695 ], [ -105.11128, 38.86947 ], [ -105.11122, 38.86945 ], [ -105.11114, 38.86943 ], [ -105.11106, 38.86941 ], [ -105.111, 38.8694 ], [ -105.11093, 38.86939 ], [ -105.11087, 38.86937 ], [ -105.11081, 38.86936 ], [ -105.11075, 38.86935 ], [ -105.11069, 38.86933 ], [ -105.11062, 38.86931 ], [ -105.11055, 38.86929 ], [ -105.11049, 38.86926 ], [ -105.11042, 38.86925 ], [ -105.11037, 38.86922 ], [ -105.11032, 38.8692 ], [ -105.11026, 38.86917 ], [ -105.1102, 38.86914 ], [ -105.11015, 38.86911 ], [ -105.1101, 38.86908 ], [ -105.11005, 38.86905 ], [ -105.11, 38.86902 ], [ -105.10993, 38.86901 ], [ -105.10988, 38.86899 ], [ -105.10982, 38.86896 ], [ -105.10977, 38.86893 ], [ -105.10973, 38.8689 ], [ -105.10973, 38.8689 ], [ -105.10955, 38.86876 ], [ -105.10952, 38.86873 ], [ -105.10947, 38.86869 ], [ -105.10943, 38.86866 ], [ -105.10937, 38.86862 ], [ -105.10931, 38.86858 ], [ -105.10922, 38.86852 ], [ -105.10917, 38.86848 ], [ -105.10911, 38.86844 ], [ -105.10906, 38.8684 ], [ -105.109, 38.86835 ], [ -105.10895, 38.86832 ], [ -105.10891, 38.86828 ], [ -105.10887, 38.86825 ], [ -105.10882, 38.86821 ], [ -105.10877, 38.86818 ], [ -105.10872, 38.86814 ], [ -105.10868, 38.8681 ], [ -105.10863, 38.86806 ], [ -105.10859, 38.86803 ], [ -105.10853, 38.868 ], [ -105.10848, 38.86797 ], [ -105.10842, 38.86793 ], [ -105.10836, 38.8679 ], [ -105.10832, 38.86786 ], [ -105.10826, 38.86782 ], [ -105.10822, 38.86778 ], [ -105.10818, 38.86775 ], [ -105.10812, 38.86772 ], [ -105.10807, 38.8677 ], [ -105.10802, 38.86768 ], [ -105.10773, 38.86753 ], [ -105.10765, 38.86749 ], [ -105.10757, 38.86746 ], [ -105.10751, 38.86744 ], [ -105.10745, 38.86742 ], [ -105.10737, 38.8674 ], [ -105.10731, 38.86739 ], [ -105.10723, 38.86738 ], [ -105.10715, 38.86737 ], [ -105.10709, 38.86736 ], [ -105.10701, 38.86735 ], [ -105.10692, 38.86734 ], [ -105.10685, 38.86733 ], [ -105.10679, 38.86732 ], [ -105.10672, 38.8673 ], [ -105.10666, 38.86728 ], [ -105.1066, 38.86726 ], [ -105.10654, 38.86724 ], [ -105.10648, 38.86722 ], [ -105.10641, 38.86721 ], [ -105.10635, 38.86719 ], [ -105.10626, 38.86717 ], [ -105.10618, 38.86716 ], [ -105.10611, 38.86715 ], [ -105.10605, 38.86715 ], [ -105.10597, 38.86715 ], [ -105.10589, 38.86715 ], [ -105.10583, 38.86714 ], [ -105.10576, 38.86714 ], [ -105.10568, 38.86712 ], [ -105.1056, 38.86712 ], [ -105.10554, 38.86712 ], [ -105.10548, 38.86712 ], [ -105.10542, 38.86712 ], [ -105.10536, 38.86712 ], [ -105.1053, 38.86712 ], [ -105.10523, 38.86714 ], [ -105.10517, 38.86717 ], [ -105.10511, 38.86718 ], [ -105.10505, 38.86718 ], [ -105.10498, 38.86718 ], [ -105.10496, 38.86718 ], [ -105.1047, 38.86716 ], [ -105.10463, 38.86715 ], [ -105.10457, 38.86714 ], [ -105.10449, 38.86713 ], [ -105.10442, 38.86713 ], [ -105.10436, 38.86713 ], [ -105.10429, 38.86713 ], [ -105.10423, 38.86713 ], [ -105.10416, 38.86713 ], [ -105.1041, 38.86714 ], [ -105.10404, 38.86715 ], [ -105.10398, 38.86716 ], [ -105.1039, 38.86717 ], [ -105.10384, 38.86718 ], [ -105.10376, 38.8672 ], [ -105.1037, 38.86722 ], [ -105.10364, 38.86725 ], [ -105.10359, 38.86728 ], [ -105.10354, 38.86731 ], [ -105.10348, 38.86735 ], [ -105.10341, 38.86739 ], [ -105.10335, 38.86743 ], [ -105.10328, 38.86745 ], [ -105.10321, 38.86748 ], [ -105.10315, 38.86751 ], [ -105.1031, 38.86753 ], [ -105.10302, 38.86756 ], [ -105.10295, 38.86758 ], [ -105.10289, 38.8676 ], [ -105.10282, 38.86762 ], [ -105.10274, 38.86765 ], [ -105.10267, 38.86767 ], [ -105.1026, 38.8677 ], [ -105.10254, 38.86773 ], [ -105.10248, 38.86775 ], [ -105.10241, 38.86778 ], [ -105.10235, 38.86781 ], [ -105.10229, 38.86784 ], [ -105.10223, 38.86786 ], [ -105.10216, 38.86789 ], [ -105.1021, 38.86791 ], [ -105.10204, 38.86792 ], [ -105.10198, 38.86794 ], [ -105.10192, 38.86796 ], [ -105.10186, 38.86798 ], [ -105.1018, 38.868 ], [ -105.10173, 38.86805 ], [ -105.10167, 38.86809 ], [ -105.10163, 38.86812 ], [ -105.10159, 38.86816 ], [ -105.10154, 38.86822 ], [ -105.1015, 38.86827 ], [ -105.10146, 38.86831 ], [ -105.10143, 38.86835 ], [ -105.10138, 38.86839 ], [ -105.10135, 38.86842 ], [ -105.1012, 38.86857 ], [ -105.10113, 38.86859 ], [ -105.10107, 38.86862 ], [ -105.101, 38.86865 ], [ -105.10095, 38.86868 ], [ -105.10089, 38.8687 ], [ -105.10083, 38.86873 ], [ -105.10076, 38.86875 ], [ -105.1007, 38.86876 ], [ -105.10065, 38.86877 ], [ -105.10058, 38.86877 ], [ -105.10052, 38.86875 ], [ -105.10046, 38.86873 ], [ -105.10041, 38.8687 ], [ -105.10034, 38.86867 ], [ -105.10028, 38.86865 ], [ -105.10022, 38.86864 ], [ -105.10014, 38.86864 ], [ -105.10007, 38.86864 ], [ -105.10001, 38.86864 ], [ -105.09993, 38.86863 ], [ -105.09987, 38.86863 ], [ -105.09981, 38.86862 ], [ -105.09975, 38.8686 ], [ -105.09969, 38.86859 ], [ -105.09962, 38.86858 ], [ -105.09955, 38.86857 ], [ -105.09949, 38.86856 ], [ -105.09942, 38.86854 ], [ -105.09937, 38.86853 ], [ -105.0993, 38.86852 ], [ -105.09923, 38.86851 ], [ -105.09916, 38.8685 ], [ -105.0991, 38.86848 ], [ -105.09903, 38.86846 ], [ -105.09898, 38.86844 ], [ -105.09893, 38.86841 ], [ -105.09887, 38.86839 ], [ -105.09882, 38.86837 ], [ -105.09876, 38.86834 ], [ -105.09871, 38.8683 ], [ -105.09867, 38.86827 ], [ -105.09862, 38.86824 ], [ -105.09857, 38.86821 ], [ -105.09851, 38.86817 ], [ -105.09846, 38.86816 ], [ -105.09839, 38.86812 ], [ -105.09834, 38.8681 ], [ -105.09829, 38.86807 ], [ -105.09823, 38.86805 ], [ -105.09816, 38.86805 ], [ -105.09809, 38.86805 ], [ -105.09804, 38.86808 ], [ -105.09797, 38.86808 ], [ -105.09789, 38.86808 ], [ -105.09783, 38.86808 ], [ -105.09777, 38.86808 ], [ -105.09771, 38.86808 ], [ -105.09765, 38.86808 ], [ -105.09759, 38.86807 ], [ -105.09754, 38.86805 ], [ -105.09748, 38.86802 ], [ -105.09742, 38.868 ], [ -105.09736, 38.86799 ], [ -105.0973, 38.86798 ], [ -105.09723, 38.86797 ], [ -105.09716, 38.86796 ], [ -105.0971, 38.86796 ], [ -105.09703, 38.86798 ], [ -105.09699, 38.86802 ], [ -105.09696, 38.86806 ], [ -105.09692, 38.8681 ], [ -105.09688, 38.86814 ], [ -105.09684, 38.86819 ], [ -105.0968, 38.86822 ], [ -105.09676, 38.86827 ], [ -105.09674, 38.86832 ], [ -105.09668, 38.86838 ], [ -105.09664, 38.86841 ], [ -105.0966, 38.86846 ], [ -105.09656, 38.8685 ], [ -105.09652, 38.86854 ], [ -105.09648, 38.86858 ], [ -105.09644, 38.86863 ], [ -105.09641, 38.86865 ], [ -105.09621, 38.86889 ], [ -105.09617, 38.86893 ], [ -105.09611, 38.86899 ], [ -105.09607, 38.86902 ], [ -105.09603, 38.86906 ], [ -105.09598, 38.86909 ], [ -105.09593, 38.86913 ], [ -105.09587, 38.86914 ], [ -105.0958, 38.86914 ], [ -105.09574, 38.86913 ], [ -105.09568, 38.86911 ], [ -105.09562, 38.86909 ], [ -105.09557, 38.86906 ], [ -105.09553, 38.86903 ], [ -105.09549, 38.86899 ], [ -105.09544, 38.86895 ], [ -105.09539, 38.86892 ], [ -105.09533, 38.86889 ], [ -105.09529, 38.86885 ], [ -105.09527, 38.8688 ], [ -105.09525, 38.86875 ], [ -105.09523, 38.8687 ], [ -105.09521, 38.86866 ], [ -105.09518, 38.86862 ], [ -105.09514, 38.86858 ], [ -105.0951, 38.86854 ], [ -105.09505, 38.8685 ], [ -105.09502, 38.86846 ], [ -105.09498, 38.86841 ], [ -105.09494, 38.86837 ], [ -105.09489, 38.86834 ], [ -105.09484, 38.8683 ], [ -105.0948, 38.86826 ], [ -105.09478, 38.86822 ], [ -105.09477, 38.86822 ], [ -105.09473, 38.86812 ], [ -105.09471, 38.86807 ], [ -105.09468, 38.86802 ], [ -105.09464, 38.86797 ], [ -105.0946, 38.86792 ], [ -105.09456, 38.86788 ], [ -105.09453, 38.86783 ], [ -105.09449, 38.8678 ], [ -105.09445, 38.86775 ], [ -105.09442, 38.86771 ], [ -105.09439, 38.86766 ], [ -105.09436, 38.86763 ], [ -105.09434, 38.86758 ], [ -105.09431, 38.86755 ], [ -105.09428, 38.86751 ], [ -105.09422, 38.86752 ], [ -105.09419, 38.86757 ], [ -105.09418, 38.86761 ], [ -105.09417, 38.86766 ], [ -105.09414, 38.86771 ], [ -105.09412, 38.86775 ], [ -105.0941, 38.86779 ], [ -105.09406, 38.86783 ], [ -105.09404, 38.86788 ], [ -105.09401, 38.86792 ], [ -105.09399, 38.86796 ], [ -105.09398, 38.86796 ], [ -105.09396, 38.86812 ], [ -105.09394, 38.86817 ], [ -105.09391, 38.86821 ], [ -105.09388, 38.86816 ], [ -105.09387, 38.86812 ], [ -105.09384, 38.86807 ], [ -105.09381, 38.86803 ], [ -105.09377, 38.868 ], [ -105.09373, 38.86796 ], [ -105.09368, 38.86794 ], [ -105.09363, 38.86791 ], [ -105.0936, 38.86787 ], [ -105.09356, 38.86783 ], [ -105.09354, 38.86779 ], [ -105.09352, 38.86774 ], [ -105.09349, 38.8677 ], [ -105.09347, 38.86765 ], [ -105.09344, 38.86761 ], [ -105.09341, 38.86757 ], [ -105.09338, 38.86753 ], [ -105.09334, 38.8675 ], [ -105.0933, 38.86746 ], [ -105.09327, 38.86742 ], [ -105.09324, 38.86737 ], [ -105.09321, 38.86733 ], [ -105.09319, 38.86728 ], [ -105.09316, 38.86724 ], [ -105.09314, 38.8672 ], [ -105.09311, 38.86716 ], [ -105.09308, 38.86712 ], [ -105.09304, 38.86708 ], [ -105.093, 38.86703 ], [ -105.09296, 38.867 ], [ -105.0929, 38.86697 ], [ -105.09285, 38.86695 ], [ -105.0928, 38.86693 ], [ -105.09275, 38.8669 ], [ -105.0927, 38.86687 ], [ -105.09264, 38.86686 ], [ -105.09263, 38.86686 ], [ -105.0925, 38.86681 ], [ -105.09246, 38.86678 ], [ -105.0924, 38.86675 ], [ -105.09235, 38.86672 ], [ -105.09229, 38.8667 ], [ -105.09224, 38.86667 ], [ -105.09218, 38.86664 ], [ -105.09214, 38.8666 ], [ -105.0921, 38.86657 ], [ -105.09206, 38.86653 ], [ -105.09202, 38.86649 ], [ -105.09199, 38.86645 ], [ -105.09196, 38.86641 ], [ -105.09192, 38.86637 ], [ -105.09188, 38.86633 ], [ -105.09183, 38.86631 ], [ -105.09177, 38.86628 ], [ -105.09169, 38.86627 ], [ -105.09162, 38.86626 ], [ -105.09155, 38.86625 ], [ -105.09148, 38.86623 ], [ -105.09143, 38.86621 ], [ -105.09138, 38.86619 ], [ -105.09133, 38.86617 ], [ -105.09128, 38.86613 ], [ -105.09123, 38.8661 ], [ -105.09118, 38.86614 ], [ -105.09119, 38.86619 ], [ -105.09123, 38.86623 ], [ -105.09126, 38.86627 ], [ -105.0913, 38.86631 ], [ -105.09134, 38.86635 ], [ -105.09138, 38.86639 ], [ -105.09142, 38.86643 ], [ -105.09146, 38.86647 ], [ -105.0915, 38.8665 ], [ -105.09153, 38.86654 ], [ -105.09155, 38.86659 ], [ -105.09157, 38.86663 ], [ -105.09159, 38.86668 ], [ -105.09159, 38.86673 ], [ -105.0916, 38.86678 ], [ -105.09161, 38.86682 ], [ -105.09161, 38.86687 ], [ -105.09162, 38.86692 ], [ -105.09158, 38.86695 ], [ -105.09153, 38.86693 ], [ -105.09149, 38.86689 ], [ -105.09146, 38.86685 ], [ -105.09143, 38.86681 ], [ -105.0914, 38.86677 ], [ -105.09136, 38.86673 ], [ -105.09131, 38.8667 ], [ -105.09127, 38.86666 ], [ -105.09122, 38.86662 ], [ -105.09118, 38.86658 ], [ -105.09113, 38.86655 ], [ -105.09108, 38.86652 ], [ -105.09103, 38.8665 ], [ -105.09098, 38.86647 ], [ -105.09093, 38.86644 ], [ -105.09089, 38.86642 ], [ -105.09084, 38.86639 ], [ -105.09077, 38.86637 ], [ -105.09071, 38.86636 ], [ -105.09066, 38.86634 ], [ -105.0906, 38.86631 ], [ -105.09055, 38.86629 ], [ -105.09049, 38.86629 ], [ -105.09044, 38.86632 ], [ -105.09042, 38.86633 ], [ -105.09031, 38.86629 ], [ -105.09027, 38.86625 ], [ -105.09023, 38.86621 ], [ -105.09018, 38.86619 ], [ -105.09013, 38.86616 ], [ -105.09007, 38.86613 ], [ -105.09001, 38.86612 ], [ -105.08995, 38.8661 ], [ -105.0899, 38.86607 ], [ -105.08985, 38.86605 ], [ -105.08979, 38.86607 ], [ -105.08979, 38.86612 ], [ -105.08979, 38.86617 ], [ -105.0898, 38.86622 ], [ -105.08981, 38.86626 ], [ -105.08983, 38.86631 ], [ -105.08986, 38.86636 ], [ -105.08988, 38.8664 ], [ -105.0899, 38.86644 ], [ -105.08992, 38.86649 ], [ -105.08993, 38.86653 ], [ -105.08995, 38.86658 ], [ -105.08997, 38.86663 ], [ -105.08999, 38.86667 ], [ -105.09002, 38.86672 ], [ -105.09003, 38.86677 ], [ -105.09002, 38.86681 ], [ -105.08996, 38.86681 ], [ -105.0899, 38.86679 ], [ -105.08985, 38.86676 ], [ -105.08981, 38.86673 ], [ -105.08976, 38.86671 ], [ -105.0897, 38.86668 ], [ -105.08965, 38.86665 ], [ -105.08961, 38.86662 ], [ -105.08956, 38.86659 ], [ -105.08952, 38.86655 ], [ -105.08948, 38.86652 ], [ -105.08944, 38.86648 ], [ -105.0894, 38.86644 ], [ -105.08937, 38.8664 ], [ -105.08933, 38.86636 ], [ -105.0893, 38.86632 ], [ -105.08926, 38.86628 ], [ -105.08922, 38.86624 ], [ -105.08918, 38.8662 ], [ -105.08913, 38.86617 ], [ -105.08909, 38.86613 ], [ -105.08904, 38.8661 ], [ -105.08898, 38.86608 ], [ -105.08892, 38.86606 ], [ -105.08886, 38.86604 ], [ -105.08884, 38.86603 ], [ -105.08874, 38.86601 ], [ -105.08868, 38.86599 ], [ -105.08862, 38.86596 ], [ -105.08857, 38.86593 ], [ -105.08852, 38.86591 ], [ -105.08846, 38.86588 ], [ -105.0884, 38.86586 ], [ -105.08834, 38.86585 ], [ -105.08828, 38.86583 ], [ -105.08823, 38.86582 ], [ -105.08817, 38.86581 ], [ -105.08811, 38.86579 ], [ -105.08806, 38.86576 ], [ -105.08801, 38.86574 ], [ -105.08796, 38.86571 ], [ -105.08791, 38.86569 ], [ -105.08786, 38.86567 ], [ -105.0878, 38.86565 ], [ -105.08774, 38.86563 ], [ -105.08768, 38.8656 ], [ -105.08762, 38.86557 ], [ -105.08757, 38.86554 ], [ -105.08757, 38.86554 ], [ -105.08746, 38.8655 ], [ -105.08741, 38.86547 ], [ -105.08737, 38.86544 ], [ -105.08732, 38.8654 ], [ -105.08728, 38.86536 ], [ -105.08725, 38.86533 ], [ -105.08721, 38.86529 ], [ -105.08716, 38.86525 ], [ -105.08711, 38.86522 ], [ -105.08705, 38.86521 ], [ -105.087, 38.8652 ], [ -105.08695, 38.86517 ], [ -105.08691, 38.86513 ], [ -105.08689, 38.86509 ], [ -105.08687, 38.86504 ], [ -105.08683, 38.86501 ], [ -105.08678, 38.86497 ], [ -105.08673, 38.86495 ], [ -105.08668, 38.86493 ], [ -105.08662, 38.8649 ], [ -105.08656, 38.86488 ], [ -105.0865, 38.86487 ], [ -105.08645, 38.86485 ], [ -105.08639, 38.86483 ], [ -105.08633, 38.86481 ], [ -105.08628, 38.86479 ], [ -105.08625, 38.86478 ], [ -105.08618, 38.86476 ], [ -105.08613, 38.86473 ], [ -105.08608, 38.8647 ], [ -105.08602, 38.86469 ], [ -105.08597, 38.86469 ], [ -105.08591, 38.8647 ], [ -105.08585, 38.86469 ], [ -105.08578, 38.86467 ], [ -105.08573, 38.86464 ], [ -105.08568, 38.86461 ], [ -105.08563, 38.86458 ], [ -105.08558, 38.86455 ], [ -105.08553, 38.86452 ], [ -105.08547, 38.86451 ], [ -105.08541, 38.86451 ], [ -105.08536, 38.86454 ], [ -105.0853, 38.86455 ], [ -105.08525, 38.86454 ], [ -105.08519, 38.86451 ], [ -105.08514, 38.86448 ], [ -105.08508, 38.86446 ], [ -105.08502, 38.86445 ], [ -105.08496, 38.86444 ], [ -105.08489, 38.86442 ], [ -105.08483, 38.86442 ], [ -105.08477, 38.86444 ], [ -105.08472, 38.86446 ], [ -105.08466, 38.86447 ], [ -105.0846, 38.86448 ], [ -105.08453, 38.86448 ], [ -105.08446, 38.86448 ], [ -105.0844, 38.86449 ], [ -105.08434, 38.8645 ], [ -105.08429, 38.8645 ], [ -105.08422, 38.86449 ], [ -105.08417, 38.86452 ], [ -105.08412, 38.86454 ], [ -105.08406, 38.86454 ], [ -105.084, 38.86454 ], [ -105.08394, 38.86452 ], [ -105.08389, 38.86449 ], [ -105.08385, 38.86446 ], [ -105.08379, 38.86444 ], [ -105.08374, 38.86442 ], [ -105.08368, 38.8644 ], [ -105.08362, 38.86438 ], [ -105.08357, 38.86436 ], [ -105.08351, 38.86434 ], [ -105.08346, 38.86432 ], [ -105.0834, 38.86432 ], [ -105.08334, 38.86432 ], [ -105.08328, 38.86432 ], [ -105.08322, 38.86432 ], [ -105.08316, 38.86433 ], [ -105.0831, 38.86434 ], [ -105.08303, 38.86434 ], [ -105.08297, 38.86435 ], [ -105.08291, 38.86436 ], [ -105.08286, 38.86437 ], [ -105.08281, 38.86437 ], [ -105.0827, 38.86436 ], [ -105.08261, 38.86436 ], [ -105.08254, 38.86436 ], [ -105.08249, 38.86438 ], [ -105.08243, 38.8644 ], [ -105.08237, 38.8644 ], [ -105.08231, 38.86439 ], [ -105.08224, 38.86439 ], [ -105.08217, 38.86438 ], [ -105.08211, 38.86438 ], [ -105.08205, 38.86438 ], [ -105.08199, 38.8644 ], [ -105.08192, 38.86441 ], [ -105.08186, 38.86443 ], [ -105.0818, 38.86443 ], [ -105.08172, 38.86443 ], [ -105.08167, 38.86443 ], [ -105.08156, 38.86445 ], [ -105.0815, 38.86445 ], [ -105.08143, 38.86445 ], [ -105.08137, 38.86445 ], [ -105.08131, 38.86445 ], [ -105.08124, 38.86445 ], [ -105.08118, 38.86447 ], [ -105.08113, 38.8645 ], [ -105.08108, 38.86453 ], [ -105.08104, 38.86456 ], [ -105.08099, 38.86459 ], [ -105.08093, 38.86461 ], [ -105.08086, 38.86462 ], [ -105.0808, 38.86462 ], [ -105.08073, 38.86462 ], [ -105.08067, 38.86462 ], [ -105.08061, 38.86461 ], [ -105.08056, 38.86459 ], [ -105.0805, 38.86457 ], [ -105.08044, 38.86455 ], [ -105.08037, 38.86453 ], [ -105.08031, 38.86452 ], [ -105.08025, 38.86452 ], [ -105.08019, 38.86452 ], [ -105.08013, 38.86451 ], [ -105.08007, 38.86451 ], [ -105.08001, 38.86451 ], [ -105.07995, 38.8645 ], [ -105.07989, 38.8645 ], [ -105.07982, 38.8645 ], [ -105.07975, 38.86449 ], [ -105.07968, 38.86449 ], [ -105.07963, 38.86449 ], [ -105.07956, 38.86449 ], [ -105.07949, 38.86449 ], [ -105.07943, 38.86448 ], [ -105.07936, 38.86448 ], [ -105.07931, 38.86448 ], [ -105.07925, 38.86448 ], [ -105.07924, 38.86447 ], [ -105.07912, 38.86449 ], [ -105.07906, 38.86449 ], [ -105.079, 38.86447 ], [ -105.07894, 38.86446 ], [ -105.07887, 38.86445 ], [ -105.0788, 38.86445 ], [ -105.07874, 38.86445 ], [ -105.07868, 38.86445 ], [ -105.07862, 38.86446 ], [ -105.07857, 38.86448 ], [ -105.07852, 38.86451 ], [ -105.07848, 38.86454 ], [ -105.07845, 38.86459 ], [ -105.07842, 38.86463 ], [ -105.07839, 38.86468 ], [ -105.07837, 38.86472 ], [ -105.07833, 38.86476 ], [ -105.07833, 38.86477 ], [ -105.07827, 38.8649 ], [ -105.07824, 38.86495 ], [ -105.07822, 38.86499 ], [ -105.07818, 38.86504 ], [ -105.07815, 38.86509 ], [ -105.07811, 38.86513 ], [ -105.07809, 38.86517 ], [ -105.07805, 38.86521 ], [ -105.07802, 38.86525 ], [ -105.07799, 38.86529 ], [ -105.07795, 38.86533 ], [ -105.07792, 38.86537 ], [ -105.07788, 38.86541 ], [ -105.07785, 38.86544 ], [ -105.0778, 38.86547 ], [ -105.07773, 38.86548 ], [ -105.07766, 38.86549 ], [ -105.0776, 38.8655 ], [ -105.07752, 38.8655 ], [ -105.07744, 38.8655 ], [ -105.07738, 38.86549 ], [ -105.07731, 38.86549 ], [ -105.07726, 38.86548 ], [ -105.07719, 38.86547 ], [ -105.07712, 38.86546 ], [ -105.07706, 38.86545 ], [ -105.07696, 38.86544 ], [ -105.0769, 38.86544 ], [ -105.07683, 38.86543 ], [ -105.07676, 38.86541 ], [ -105.0767, 38.8654 ], [ -105.07664, 38.86538 ], [ -105.07658, 38.86536 ], [ -105.07652, 38.86535 ], [ -105.07646, 38.86534 ], [ -105.07645, 38.86534 ], [ -105.07627, 38.86533 ], [ -105.07624, 38.86529 ], [ -105.07619, 38.86526 ], [ -105.07613, 38.86523 ], [ -105.07608, 38.86522 ], [ -105.07602, 38.86519 ], [ -105.07597, 38.86517 ], [ -105.07592, 38.86514 ], [ -105.07588, 38.86511 ], [ -105.07584, 38.86507 ], [ -105.07581, 38.86503 ], [ -105.07577, 38.86499 ], [ -105.07573, 38.86495 ], [ -105.07569, 38.86491 ], [ -105.07565, 38.86488 ], [ -105.07561, 38.86484 ], [ -105.07557, 38.8648 ], [ -105.07553, 38.86476 ], [ -105.07549, 38.86472 ], [ -105.07544, 38.86469 ], [ -105.07539, 38.86467 ], [ -105.07534, 38.86464 ], [ -105.0753, 38.8646 ], [ -105.07526, 38.86457 ], [ -105.07521, 38.86454 ], [ -105.07516, 38.86452 ], [ -105.0751, 38.86451 ], [ -105.07504, 38.86451 ], [ -105.07498, 38.86451 ], [ -105.07493, 38.86452 ], [ -105.07488, 38.86455 ], [ -105.07482, 38.86458 ], [ -105.07476, 38.8646 ], [ -105.07471, 38.8646 ], [ -105.07465, 38.86461 ], [ -105.0746, 38.86462 ], [ -105.07442, 38.86464 ], [ -105.07436, 38.86464 ], [ -105.07429, 38.86464 ], [ -105.07423, 38.86464 ], [ -105.07417, 38.86466 ], [ -105.07411, 38.86466 ], [ -105.07405, 38.86466 ], [ -105.074, 38.86465 ], [ -105.07394, 38.86464 ], [ -105.07388, 38.86463 ], [ -105.07381, 38.8646 ], [ -105.07376, 38.86456 ], [ -105.07371, 38.86453 ], [ -105.07366, 38.86451 ], [ -105.07361, 38.86448 ], [ -105.07357, 38.86444 ], [ -105.07354, 38.86442 ], [ -105.07342, 38.86435 ], [ -105.07338, 38.86431 ], [ -105.07333, 38.86428 ], [ -105.07328, 38.86425 ], [ -105.07323, 38.86423 ], [ -105.07318, 38.8642 ], [ -105.07314, 38.86417 ], [ -105.07309, 38.86413 ], [ -105.07304, 38.86409 ], [ -105.073, 38.86406 ], [ -105.07296, 38.86402 ], [ -105.07291, 38.86399 ], [ -105.07287, 38.86397 ], [ -105.07283, 38.86393 ], [ -105.07278, 38.86389 ], [ -105.07274, 38.86386 ], [ -105.07271, 38.86382 ], [ -105.07266, 38.86378 ], [ -105.07262, 38.86375 ], [ -105.07255, 38.86371 ], [ -105.07252, 38.86367 ], [ -105.07247, 38.86364 ], [ -105.07242, 38.8636 ], [ -105.07238, 38.86356 ], [ -105.07234, 38.86352 ], [ -105.07229, 38.8635 ], [ -105.07224, 38.86346 ], [ -105.07219, 38.86343 ], [ -105.07216, 38.8634 ], [ -105.0721, 38.86335 ], [ -105.07206, 38.8633 ], [ -105.07202, 38.86327 ], [ -105.07197, 38.86323 ], [ -105.0719, 38.86321 ], [ -105.07185, 38.86318 ], [ -105.07181, 38.86315 ], [ -105.07176, 38.86312 ], [ -105.07171, 38.86308 ], [ -105.07167, 38.86305 ], [ -105.07163, 38.86302 ], [ -105.07159, 38.86298 ], [ -105.07155, 38.86294 ], [ -105.0715, 38.86292 ], [ -105.07142, 38.8629 ], [ -105.07136, 38.8629 ], [ -105.07129, 38.8629 ], [ -105.07123, 38.86289 ], [ -105.07117, 38.86287 ], [ -105.07112, 38.86285 ], [ -105.07105, 38.86283 ], [ -105.071, 38.86281 ], [ -105.07094, 38.8628 ], [ -105.07087, 38.86278 ], [ -105.07081, 38.86277 ], [ -105.07075, 38.86275 ], [ -105.07069, 38.86274 ], [ -105.07062, 38.86271 ], [ -105.07056, 38.86269 ], [ -105.07051, 38.86267 ], [ -105.07046, 38.86265 ], [ -105.0704, 38.86263 ], [ -105.07034, 38.86261 ], [ -105.07029, 38.8626 ], [ -105.07023, 38.86258 ], [ -105.07017, 38.86257 ], [ -105.07011, 38.86256 ], [ -105.07005, 38.86256 ], [ -105.06999, 38.86256 ], [ -105.06993, 38.86256 ], [ -105.06987, 38.86256 ], [ -105.06981, 38.86257 ], [ -105.06975, 38.86258 ], [ -105.06969, 38.8626 ], [ -105.06964, 38.86262 ], [ -105.06959, 38.86265 ], [ -105.06954, 38.86268 ], [ -105.06951, 38.8627 ], [ -105.06937, 38.86277 ], [ -105.06932, 38.8628 ], [ -105.06928, 38.86284 ], [ -105.06924, 38.86288 ], [ -105.0692, 38.86292 ], [ -105.06916, 38.86296 ], [ -105.06912, 38.863 ], [ -105.06907, 38.86304 ], [ -105.06902, 38.86308 ], [ -105.06899, 38.86313 ], [ -105.06896, 38.86317 ], [ -105.06893, 38.86321 ], [ -105.0689, 38.86326 ], [ -105.06887, 38.8633 ], [ -105.06885, 38.86334 ], [ -105.06882, 38.86339 ], [ -105.06879, 38.86344 ], [ -105.06876, 38.86348 ], [ -105.06872, 38.86352 ], [ -105.06868, 38.86356 ], [ -105.06864, 38.8636 ], [ -105.0686, 38.86364 ], [ -105.06856, 38.86368 ], [ -105.06856, 38.86368 ], [ -105.06848, 38.86372 ], [ -105.06844, 38.86376 ], [ -105.0684, 38.8638 ], [ -105.06834, 38.86382 ], [ -105.06829, 38.86384 ], [ -105.06823, 38.86385 ], [ -105.06817, 38.86386 ], [ -105.06811, 38.86386 ], [ -105.06805, 38.86386 ], [ -105.06799, 38.86386 ], [ -105.06797, 38.86387 ], [ -105.068, 38.86389 ], [ -105.06783, 38.86379 ], [ -105.06766, 38.86374 ], [ -105.06765, 38.86371 ], [ -105.06763, 38.86366 ], [ -105.06758, 38.86357 ], [ -105.06755, 38.86351 ], [ -105.06753, 38.86342 ], [ -105.06751, 38.86337 ], [ -105.06748, 38.86331 ], [ -105.06746, 38.86323 ], [ -105.06743, 38.86317 ], [ -105.06739, 38.86306 ], [ -105.06736, 38.86295 ], [ -105.06732, 38.86287 ], [ -105.06731, 38.86282 ], [ -105.06729, 38.86277 ], [ -105.06727, 38.86271 ], [ -105.06725, 38.86265 ], [ -105.06724, 38.86261 ], [ -105.06721, 38.86257 ], [ -105.06718, 38.86251 ], [ -105.06715, 38.86243 ], [ -105.06711, 38.8624 ], [ -105.06712, 38.86236 ], [ -105.06714, 38.86229 ], [ -105.06714, 38.86223 ], [ -105.06714, 38.86212 ], [ -105.06715, 38.86195 ], [ -105.06717, 38.86188 ], [ -105.06717, 38.86182 ], [ -105.0672, 38.86175 ], [ -105.06721, 38.8617 ], [ -105.06722, 38.86163 ], [ -105.06724, 38.86159 ], [ -105.06728, 38.86152 ], [ -105.0673, 38.86147 ], [ -105.06732, 38.86142 ], [ -105.06734, 38.86135 ], [ -105.06737, 38.86126 ], [ -105.06741, 38.86114 ], [ -105.06745, 38.86105 ], [ -105.06746, 38.86098 ], [ -105.06749, 38.86091 ], [ -105.06751, 38.86086 ], [ -105.06755, 38.86078 ], [ -105.06757, 38.86072 ], [ -105.06758, 38.86067 ], [ -105.06759, 38.8606 ], [ -105.0676, 38.86057 ], [ -105.06761, 38.86052 ], [ -105.06763, 38.86046 ], [ -105.06765, 38.86041 ], [ -105.06766, 38.86036 ], [ -105.06766, 38.86033 ], [ -105.06765, 38.86027 ], [ -105.06765, 38.86023 ], [ -105.06765, 38.86016 ], [ -105.06766, 38.86008 ], [ -105.06768, 38.86001 ], [ -105.06768, 38.85994 ], [ -105.06768, 38.85989 ], [ -105.0677, 38.8598 ], [ -105.06776, 38.85968 ], [ -105.06774, 38.85963 ], [ -105.06772, 38.85959 ], [ -105.06771, 38.85951 ], [ -105.0677, 38.85945 ], [ -105.06769, 38.85941 ], [ -105.06766, 38.85938 ], [ -105.06762, 38.85933 ], [ -105.06758, 38.85928 ], [ -105.06756, 38.85923 ], [ -105.06753, 38.85921 ], [ -105.06749, 38.85918 ], [ -105.06746, 38.85913 ], [ -105.06746, 38.85913 ], [ -105.06744, 38.85909 ], [ -105.06741, 38.85903 ], [ -105.06736, 38.85896 ], [ -105.06733, 38.85891 ], [ -105.06731, 38.85887 ], [ -105.06729, 38.85882 ], [ -105.06727, 38.85875 ], [ -105.06725, 38.85869 ], [ -105.06721, 38.85866 ], [ -105.06717, 38.85862 ], [ -105.06712, 38.85859 ], [ -105.06708, 38.85858 ], [ -105.06708, 38.85857 ], [ -105.06708, 38.85853 ], [ -105.06708, 38.8585 ], [ -105.06706, 38.85848 ], [ -105.06702, 38.85845 ], [ -105.06696, 38.85842 ], [ -105.0669, 38.85838 ], [ -105.06681, 38.85835 ], [ -105.0667, 38.85829 ], [ -105.06664, 38.85826 ], [ -105.06659, 38.85823 ], [ -105.06648, 38.85815 ], [ -105.0664, 38.85811 ], [ -105.06633, 38.85807 ], [ -105.06624, 38.85803 ], [ -105.06617, 38.858 ], [ -105.06611, 38.85796 ], [ -105.06607, 38.85796 ], [ -105.06603, 38.85795 ], [ -105.06594, 38.85795 ], [ -105.06588, 38.85794 ], [ -105.06578, 38.8579 ], [ -105.06571, 38.85788 ], [ -105.06566, 38.85787 ], [ -105.06561, 38.85785 ], [ -105.06552, 38.85783 ], [ -105.06539, 38.85778 ], [ -105.06531, 38.85774 ], [ -105.06523, 38.85773 ], [ -105.06517, 38.85771 ], [ -105.06507, 38.85769 ], [ -105.06501, 38.85766 ], [ -105.06496, 38.85764 ], [ -105.06489, 38.85762 ], [ -105.06482, 38.8576 ], [ -105.06475, 38.85757 ], [ -105.06468, 38.85755 ], [ -105.06455, 38.85753 ], [ -105.06446, 38.85752 ], [ -105.0644, 38.85751 ], [ -105.0643, 38.85748 ], [ -105.06416, 38.85744 ], [ -105.06403, 38.85739 ], [ -105.06392, 38.85736 ], [ -105.0638, 38.85734 ], [ -105.06372, 38.85733 ], [ -105.06363, 38.8573 ], [ -105.0636, 38.85728 ], [ -105.06355, 38.85725 ], [ -105.06351, 38.85722 ], [ -105.06346, 38.85719 ], [ -105.06339, 38.85716 ], [ -105.06331, 38.85713 ], [ -105.06327, 38.85711 ], [ -105.06321, 38.85709 ], [ -105.06317, 38.85706 ], [ -105.06313, 38.85701 ], [ -105.06311, 38.85697 ], [ -105.06308, 38.85693 ], [ -105.06305, 38.85687 ], [ -105.06303, 38.85682 ], [ -105.06303, 38.85675 ], [ -105.06301, 38.85671 ], [ -105.063, 38.85668 ], [ -105.06297, 38.85662 ], [ -105.06294, 38.85659 ], [ -105.06293, 38.85656 ], [ -105.06292, 38.85653 ], [ -105.06288, 38.85652 ], [ -105.06286, 38.85651 ], [ -105.06285, 38.85645 ], [ -105.06284, 38.85642 ], [ -105.06284, 38.85639 ], [ -105.06283, 38.85633 ], [ -105.06281, 38.85628 ], [ -105.06279, 38.8562 ], [ -105.06276, 38.85611 ], [ -105.06273, 38.85604 ], [ -105.0627, 38.85598 ], [ -105.06269, 38.85596 ], [ -105.06269, 38.85591 ], [ -105.06269, 38.85587 ], [ -105.06269, 38.85582 ], [ -105.06269, 38.85578 ], [ -105.06271, 38.85575 ], [ -105.06271, 38.85572 ], [ -105.0627, 38.85566 ], [ -105.06269, 38.85556 ], [ -105.0627, 38.8555 ], [ -105.06268, 38.85547 ], [ -105.06265, 38.85534 ], [ -105.06262, 38.85526 ], [ -105.06261, 38.8552 ], [ -105.0626, 38.85516 ], [ -105.06261, 38.85511 ], [ -105.06261, 38.85505 ], [ -105.06261, 38.85497 ], [ -105.06254, 38.85494 ], [ -105.06249, 38.85492 ], [ -105.06241, 38.85488 ], [ -105.0624, 38.85484 ], [ -105.06239, 38.85478 ], [ -105.06238, 38.85474 ], [ -105.06237, 38.85468 ], [ -105.06235, 38.85462 ], [ -105.06233, 38.85457 ], [ -105.06233, 38.85452 ], [ -105.06233, 38.85447 ], [ -105.06232, 38.85445 ], [ -105.0623, 38.85445 ], [ -105.06227, 38.85446 ], [ -105.06224, 38.85445 ], [ -105.06222, 38.85441 ], [ -105.0622, 38.85437 ], [ -105.06213, 38.85431 ], [ -105.06203, 38.85421 ], [ -105.06196, 38.85416 ], [ -105.06187, 38.8541 ], [ -105.06185, 38.85406 ], [ -105.06181, 38.85403 ], [ -105.06174, 38.85394 ], [ -105.06165, 38.85384 ], [ -105.06161, 38.85379 ], [ -105.06158, 38.85374 ], [ -105.06153, 38.8537 ], [ -105.06145, 38.85364 ], [ -105.06126, 38.85352 ], [ -105.06119, 38.85348 ], [ -105.06107, 38.85342 ], [ -105.06103, 38.8534 ], [ -105.06097, 38.85336 ], [ -105.06092, 38.85334 ], [ -105.06088, 38.85331 ], [ -105.06084, 38.85327 ], [ -105.06079, 38.85324 ], [ -105.06075, 38.8532 ], [ -105.0607, 38.85315 ], [ -105.06065, 38.85311 ], [ -105.06058, 38.85307 ], [ -105.0605, 38.85303 ], [ -105.06044, 38.85303 ], [ -105.06041, 38.85303 ], [ -105.0604, 38.85304 ], [ -105.06038, 38.85304 ], [ -105.06036, 38.85304 ], [ -105.06033, 38.85302 ], [ -105.0603, 38.85299 ], [ -105.06025, 38.85295 ], [ -105.06023, 38.85292 ], [ -105.06022, 38.85289 ], [ -105.06022, 38.85286 ], [ -105.06022, 38.8528 ], [ -105.06021, 38.85275 ], [ -105.06018, 38.8527 ], [ -105.06018, 38.85266 ], [ -105.06017, 38.85261 ], [ -105.06016, 38.85254 ], [ -105.06015, 38.85248 ], [ -105.06015, 38.85242 ], [ -105.06015, 38.85239 ], [ -105.06014, 38.85233 ], [ -105.06009, 38.85226 ], [ -105.06005, 38.85222 ], [ -105.05998, 38.85217 ], [ -105.05996, 38.85214 ], [ -105.05992, 38.85209 ], [ -105.05991, 38.85206 ], [ -105.05986, 38.85201 ], [ -105.05979, 38.85195 ], [ -105.05975, 38.85192 ], [ -105.05974, 38.8519 ], [ -105.05973, 38.85185 ], [ -105.05969, 38.8518 ], [ -105.05966, 38.85174 ], [ -105.05964, 38.85169 ], [ -105.0596, 38.85165 ], [ -105.05947, 38.85159 ], [ -105.0594, 38.85156 ], [ -105.05933, 38.85154 ], [ -105.05926, 38.8515 ], [ -105.0591, 38.85142 ], [ -105.05902, 38.85137 ], [ -105.05893, 38.85134 ], [ -105.05886, 38.8513 ], [ -105.05886, 38.8513 ], [ -105.05878, 38.85125 ], [ -105.05876, 38.85119 ], [ -105.05872, 38.8511 ], [ -105.05868, 38.85107 ], [ -105.05862, 38.85102 ], [ -105.05858, 38.85096 ], [ -105.05854, 38.85091 ], [ -105.05851, 38.85088 ], [ -105.05848, 38.85085 ], [ -105.05844, 38.85082 ], [ -105.0584, 38.85079 ], [ -105.05832, 38.85077 ], [ -105.05826, 38.85074 ], [ -105.05819, 38.8507 ], [ -105.05816, 38.85066 ], [ -105.05811, 38.85063 ], [ -105.05804, 38.85058 ], [ -105.05798, 38.85052 ], [ -105.0579, 38.85045 ], [ -105.05785, 38.8504 ], [ -105.05778, 38.85035 ], [ -105.05774, 38.85031 ], [ -105.05767, 38.85026 ], [ -105.05762, 38.85021 ], [ -105.05757, 38.85014 ], [ -105.05753, 38.85009 ], [ -105.0575, 38.85006 ], [ -105.05746, 38.85002 ], [ -105.0574, 38.84997 ], [ -105.05734, 38.84993 ], [ -105.05727, 38.84989 ], [ -105.05716, 38.84982 ], [ -105.05711, 38.84978 ], [ -105.0571, 38.84973 ], [ -105.0571, 38.8497 ], [ -105.05709, 38.84965 ], [ -105.05711, 38.84961 ], [ -105.05711, 38.84955 ], [ -105.0571, 38.84951 ], [ -105.05707, 38.84946 ], [ -105.05703, 38.84942 ], [ -105.05699, 38.84937 ], [ -105.05687, 38.84932 ], [ -105.05672, 38.8493 ], [ -105.05647, 38.84929 ], [ -105.05623, 38.8493 ], [ -105.05604, 38.84931 ], [ -105.05589, 38.84931 ], [ -105.05574, 38.84928 ], [ -105.05557, 38.84924 ], [ -105.05547, 38.84922 ], [ -105.05523, 38.84918 ], [ -105.05503, 38.84915 ], [ -105.05498, 38.84914 ], [ -105.0549, 38.84912 ], [ -105.05469, 38.84906 ], [ -105.05453, 38.84901 ], [ -105.05433, 38.84897 ], [ -105.0542, 38.84897 ], [ -105.05409, 38.84893 ], [ -105.05384, 38.84883 ], [ -105.05353, 38.84876 ], [ -105.0533, 38.84871 ], [ -105.0532, 38.84865 ], [ -105.05315, 38.84862 ], [ -105.0531, 38.84855 ], [ -105.05306, 38.84851 ], [ -105.05302, 38.84846 ], [ -105.05297, 38.84841 ], [ -105.05288, 38.84838 ], [ -105.05286, 38.84833 ], [ -105.05289, 38.84828 ], [ -105.05294, 38.84821 ], [ -105.05295, 38.84815 ], [ -105.05287, 38.84807 ], [ -105.05279, 38.84804 ], [ -105.05275, 38.84799 ], [ -105.05269, 38.84794 ], [ -105.05262, 38.8479 ], [ -105.05255, 38.84787 ], [ -105.05249, 38.84784 ], [ -105.05244, 38.84783 ], [ -105.05247, 38.84781 ], [ -105.05256, 38.84781 ], [ -105.05263, 38.84777 ], [ -105.05268, 38.84774 ], [ -105.05273, 38.84772 ], [ -105.05273, 38.8477 ], [ -105.05267, 38.84766 ], [ -105.0526, 38.8476 ], [ -105.05256, 38.84756 ], [ -105.05253, 38.84756 ], [ -105.05244, 38.84751 ], [ -105.05234, 38.84743 ], [ -105.05226, 38.84735 ], [ -105.05212, 38.84729 ], [ -105.05204, 38.84718 ], [ -105.05193, 38.84704 ], [ -105.0519, 38.84696 ], [ -105.05187, 38.84689 ], [ -105.05187, 38.84682 ], [ -105.05188, 38.84676 ], [ -105.05182, 38.84663 ], [ -105.05174, 38.84655 ], [ -105.05168, 38.84651 ], [ -105.05165, 38.84643 ], [ -105.0516, 38.84639 ], [ -105.05155, 38.84634 ], [ -105.05148, 38.84634 ], [ -105.05141, 38.84632 ], [ -105.05131, 38.84625 ], [ -105.05124, 38.84621 ], [ -105.05111, 38.8462 ], [ -105.05099, 38.84617 ], [ -105.05088, 38.84616 ], [ -105.05081, 38.84618 ], [ -105.05076, 38.84615 ], [ -105.05067, 38.84613 ], [ -105.05047, 38.8462 ], [ -105.05038, 38.8462 ], [ -105.05032, 38.84618 ], [ -105.05027, 38.84617 ], [ -105.05024, 38.84613 ], [ -105.05017, 38.84613 ], [ -105.05014, 38.84611 ], [ -105.05005, 38.84611 ], [ -105.04999, 38.84597 ], [ -105.0499, 38.84595 ], [ -105.04981, 38.84592 ], [ -105.04981, 38.84589 ], [ -105.0499, 38.84579 ], [ -105.04989, 38.84577 ], [ -105.04982, 38.84575 ], [ -105.04974, 38.84573 ], [ -105.04971, 38.84571 ], [ -105.04971, 38.84565 ], [ -105.04969, 38.84563 ], [ -105.04966, 38.84558 ], [ -105.04961, 38.84558 ], [ -105.04959, 38.84556 ], [ -105.0496, 38.8455 ], [ -105.04959, 38.84522 ], [ -105.04958, 38.84509 ], [ -105.04931, 38.8451 ], [ -105.0491, 38.84514 ], [ -105.049, 38.84517 ], [ -105.04893, 38.84513 ], [ -105.04891, 38.84495 ], [ -105.04888, 38.84488 ], [ -105.04891, 38.84483 ], [ -105.04887, 38.8448 ], [ -105.04884, 38.84482 ], [ -105.04878, 38.84481 ], [ -105.04874, 38.84485 ], [ -105.04856, 38.84487 ], [ -105.04857, 38.84482 ], [ -105.04863, 38.84477 ], [ -105.0486, 38.84472 ], [ -105.0484, 38.84469 ], [ -105.04839, 38.84466 ], [ -105.04849, 38.84455 ], [ -105.04848, 38.84444 ], [ -105.04852, 38.84441 ], [ -105.04852, 38.84438 ], [ -105.04857, 38.84434 ], [ -105.04856, 38.84432 ], [ -105.04852, 38.84434 ], [ -105.04848, 38.84433 ], [ -105.04845, 38.84434 ], [ -105.04838, 38.84434 ], [ -105.0483, 38.84432 ], [ -105.04827, 38.84431 ], [ -105.04821, 38.84416 ], [ -105.04812, 38.8442 ], [ -105.04804, 38.8442 ], [ -105.048, 38.84418 ], [ -105.04798, 38.84409 ], [ -105.048, 38.84402 ], [ -105.04796, 38.84398 ], [ -105.04794, 38.84391 ], [ -105.04794, 38.84382 ], [ -105.04787, 38.84363 ], [ -105.04788, 38.8434 ], [ -105.04785, 38.84337 ], [ -105.04786, 38.84333 ], [ -105.04784, 38.84324 ], [ -105.04778, 38.84325 ], [ -105.04776, 38.84317 ], [ -105.04774, 38.84302 ], [ -105.04776, 38.84293 ], [ -105.04775, 38.84289 ], [ -105.04772, 38.84272 ], [ -105.04771, 38.84264 ], [ -105.04769, 38.84257 ], [ -105.04772, 38.84253 ], [ -105.04772, 38.84247 ], [ -105.04772, 38.84247 ], [ -105.04775, 38.8424 ], [ -105.04773, 38.84233 ], [ -105.0477, 38.8423 ], [ -105.04772, 38.84227 ], [ -105.04772, 38.84223 ], [ -105.04768, 38.84215 ], [ -105.04771, 38.8421 ], [ -105.04769, 38.84204 ], [ -105.04772, 38.84201 ], [ -105.04773, 38.84194 ], [ -105.04771, 38.84184 ], [ -105.04767, 38.84182 ], [ -105.0476, 38.84189 ], [ -105.04758, 38.84196 ], [ -105.04745, 38.84205 ], [ -105.04748, 38.84193 ], [ -105.04747, 38.84188 ], [ -105.04749, 38.84183 ], [ -105.04746, 38.84178 ], [ -105.04739, 38.84179 ], [ -105.04737, 38.84183 ], [ -105.04728, 38.84177 ], [ -105.04724, 38.84178 ], [ -105.04721, 38.84176 ], [ -105.0472, 38.84173 ], [ -105.04717, 38.84172 ], [ -105.04717, 38.84168 ], [ -105.04713, 38.84167 ], [ -105.04712, 38.84164 ], [ -105.04708, 38.84163 ], [ -105.04704, 38.84169 ], [ -105.04704, 38.84175 ], [ -105.047, 38.84187 ], [ -105.04689, 38.84186 ], [ -105.04684, 38.84178 ], [ -105.04679, 38.84179 ], [ -105.04677, 38.84181 ], [ -105.04678, 38.84186 ], [ -105.04674, 38.84191 ], [ -105.04662, 38.84194 ], [ -105.04658, 38.84194 ], [ -105.04659, 38.84198 ], [ -105.04654, 38.84199 ], [ -105.04653, 38.84203 ], [ -105.04656, 38.84207 ], [ -105.04652, 38.84207 ], [ -105.04648, 38.84206 ], [ -105.04642, 38.84207 ], [ -105.04637, 38.84205 ], [ -105.04635, 38.84201 ], [ -105.04635, 38.84195 ], [ -105.04634, 38.84185 ], [ -105.04631, 38.84179 ], [ -105.04632, 38.84172 ], [ -105.04636, 38.84167 ], [ -105.04631, 38.84165 ], [ -105.04626, 38.8416 ], [ -105.04622, 38.84153 ], [ -105.04618, 38.84143 ], [ -105.04621, 38.84137 ], [ -105.04616, 38.84134 ], [ -105.0461, 38.84134 ], [ -105.04608, 38.8413 ], [ -105.0461, 38.84125 ], [ -105.0461, 38.84119 ], [ -105.04615, 38.84111 ], [ -105.04611, 38.84106 ], [ -105.04607, 38.84108 ], [ -105.04599, 38.84104 ], [ -105.04593, 38.84105 ], [ -105.0459, 38.84109 ], [ -105.04586, 38.84109 ], [ -105.04582, 38.84113 ], [ -105.04577, 38.84112 ], [ -105.04573, 38.84109 ], [ -105.04574, 38.84102 ], [ -105.04572, 38.84099 ], [ -105.04566, 38.841 ], [ -105.04565, 38.84101 ], [ -105.04562, 38.841 ], [ -105.04557, 38.84097 ], [ -105.04551, 38.84099 ], [ -105.04548, 38.84094 ], [ -105.0454, 38.8409 ], [ -105.04533, 38.84089 ], [ -105.04527, 38.84082 ], [ -105.04528, 38.84073 ], [ -105.04526, 38.8407 ], [ -105.04513, 38.84067 ], [ -105.04508, 38.84065 ], [ -105.04506, 38.84068 ], [ -105.04501, 38.8407 ], [ -105.0449, 38.84074 ], [ -105.04475, 38.84075 ], [ -105.04456, 38.84072 ], [ -105.04446, 38.84067 ], [ -105.04433, 38.84064 ], [ -105.04426, 38.84058 ], [ -105.04419, 38.84056 ], [ -105.04412, 38.84053 ], [ -105.04402, 38.84045 ], [ -105.04395, 38.8404 ], [ -105.04402, 38.84045 ], [ -105.04412, 38.84053 ], [ -105.04419, 38.84056 ], [ -105.04426, 38.84058 ], [ -105.04433, 38.84064 ], [ -105.04446, 38.84067 ], [ -105.04456, 38.84072 ], [ -105.04475, 38.84075 ], [ -105.0449, 38.84074 ], [ -105.04501, 38.8407 ], [ -105.04506, 38.84068 ], [ -105.04508, 38.84065 ], [ -105.04513, 38.84067 ], [ -105.04526, 38.8407 ], [ -105.04528, 38.84073 ], [ -105.04527, 38.84082 ], [ -105.04533, 38.84089 ], [ -105.0454, 38.8409 ], [ -105.04548, 38.84094 ], [ -105.04551, 38.84099 ], [ -105.04557, 38.84097 ], [ -105.04562, 38.841 ], [ -105.04565, 38.84101 ], [ -105.04566, 38.841 ], [ -105.04572, 38.84099 ], [ -105.04574, 38.84102 ], [ -105.04573, 38.84109 ], [ -105.04577, 38.84112 ], [ -105.04582, 38.84113 ], [ -105.04586, 38.84109 ], [ -105.0459, 38.84109 ], [ -105.04593, 38.84105 ], [ -105.04599, 38.84104 ], [ -105.04607, 38.84108 ], [ -105.04611, 38.84106 ], [ -105.04615, 38.84111 ], [ -105.0461, 38.84119 ], [ -105.0461, 38.84125 ], [ -105.04608, 38.8413 ], [ -105.0461, 38.84134 ], [ -105.04616, 38.84134 ], [ -105.04621, 38.84137 ], [ -105.04618, 38.84143 ], [ -105.04622, 38.84153 ], [ -105.04626, 38.8416 ], [ -105.04631, 38.84165 ], [ -105.04636, 38.84167 ], [ -105.04632, 38.84172 ], [ -105.04631, 38.84179 ], [ -105.04634, 38.84185 ], [ -105.04635, 38.84195 ], [ -105.04635, 38.84201 ], [ -105.04637, 38.84205 ], [ -105.04642, 38.84207 ], [ -105.04648, 38.84206 ], [ -105.04652, 38.84207 ], [ -105.04656, 38.84207 ], [ -105.04653, 38.84203 ], [ -105.04654, 38.84199 ], [ -105.04659, 38.84198 ], [ -105.04658, 38.84194 ], [ -105.04662, 38.84194 ], [ -105.04674, 38.84191 ], [ -105.04678, 38.84186 ], [ -105.04677, 38.84181 ], [ -105.04679, 38.84179 ], [ -105.04684, 38.84178 ], [ -105.04689, 38.84186 ], [ -105.047, 38.84187 ], [ -105.04704, 38.84175 ], [ -105.04704, 38.84169 ], [ -105.04708, 38.84163 ], [ -105.04712, 38.84164 ], [ -105.04713, 38.84167 ], [ -105.04717, 38.84168 ], [ -105.04717, 38.84172 ], [ -105.0472, 38.84173 ], [ -105.04721, 38.84176 ], [ -105.04724, 38.84178 ], [ -105.04728, 38.84177 ], [ -105.04737, 38.84183 ], [ -105.04739, 38.84179 ], [ -105.04746, 38.84178 ], [ -105.04749, 38.84183 ], [ -105.04747, 38.84188 ], [ -105.04748, 38.84193 ], [ -105.04745, 38.84205 ], [ -105.04758, 38.84196 ], [ -105.0476, 38.84189 ], [ -105.04767, 38.84182 ], [ -105.04771, 38.84184 ], [ -105.04773, 38.84194 ], [ -105.04772, 38.84201 ], [ -105.04769, 38.84204 ], [ -105.04771, 38.8421 ], [ -105.04768, 38.84215 ], [ -105.04772, 38.84223 ], [ -105.04772, 38.84227 ], [ -105.0477, 38.8423 ], [ -105.04773, 38.84233 ], [ -105.04775, 38.8424 ], [ -105.04772, 38.84247 ], [ -105.04772, 38.84247 ], [ -105.04772, 38.84253 ], [ -105.04769, 38.84257 ], [ -105.04771, 38.84264 ], [ -105.04772, 38.84272 ], [ -105.04775, 38.84289 ], [ -105.04776, 38.84293 ], [ -105.04774, 38.84302 ], [ -105.04776, 38.84317 ], [ -105.04778, 38.84325 ], [ -105.04784, 38.84324 ], [ -105.04786, 38.84333 ], [ -105.04785, 38.84337 ], [ -105.04788, 38.8434 ], [ -105.04787, 38.84363 ], [ -105.04794, 38.84382 ], [ -105.04794, 38.84391 ], [ -105.04796, 38.84398 ], [ -105.048, 38.84402 ], [ -105.04798, 38.84409 ], [ -105.048, 38.84418 ], [ -105.04804, 38.8442 ], [ -105.04812, 38.8442 ], [ -105.04821, 38.84416 ], [ -105.04827, 38.84431 ], [ -105.0483, 38.84432 ], [ -105.04838, 38.84434 ], [ -105.04845, 38.84434 ], [ -105.04848, 38.84433 ], [ -105.04852, 38.84434 ], [ -105.04856, 38.84432 ], [ -105.04857, 38.84434 ], [ -105.04852, 38.84438 ], [ -105.04852, 38.84441 ], [ -105.04848, 38.84444 ], [ -105.04849, 38.84455 ], [ -105.04839, 38.84466 ], [ -105.0484, 38.84469 ], [ -105.0486, 38.84472 ], [ -105.04863, 38.84477 ], [ -105.04857, 38.84482 ], [ -105.04856, 38.84487 ], [ -105.04874, 38.84485 ], [ -105.04878, 38.84481 ], [ -105.04884, 38.84482 ], [ -105.04887, 38.8448 ], [ -105.04891, 38.84483 ], [ -105.04888, 38.84488 ], [ -105.04891, 38.84495 ], [ -105.04893, 38.84513 ], [ -105.049, 38.84517 ], [ -105.0491, 38.84514 ], [ -105.04931, 38.8451 ], [ -105.04958, 38.84509 ], [ -105.04959, 38.84522 ], [ -105.0496, 38.8455 ], [ -105.04959, 38.84556 ], [ -105.04961, 38.84558 ], [ -105.04966, 38.84558 ], [ -105.04969, 38.84563 ], [ -105.04971, 38.84565 ], [ -105.04971, 38.84571 ], [ -105.04974, 38.84573 ], [ -105.04982, 38.84575 ], [ -105.04989, 38.84577 ], [ -105.0499, 38.84579 ], [ -105.04981, 38.84589 ], [ -105.04981, 38.84592 ], [ -105.0499, 38.84595 ], [ -105.04999, 38.84597 ], [ -105.05005, 38.84611 ], [ -105.05014, 38.84611 ], [ -105.05017, 38.84613 ], [ -105.05024, 38.84613 ], [ -105.05027, 38.84617 ], [ -105.05032, 38.84618 ], [ -105.05038, 38.8462 ], [ -105.05047, 38.8462 ], [ -105.05067, 38.84613 ], [ -105.05076, 38.84615 ], [ -105.05081, 38.84618 ], [ -105.05088, 38.84616 ], [ -105.05099, 38.84617 ], [ -105.05111, 38.8462 ], [ -105.05124, 38.84621 ], [ -105.05131, 38.84625 ], [ -105.05141, 38.84632 ], [ -105.05148, 38.84634 ], [ -105.05155, 38.84634 ], [ -105.0516, 38.84639 ], [ -105.05165, 38.84643 ], [ -105.05168, 38.84651 ], [ -105.05174, 38.84655 ], [ -105.05182, 38.84663 ], [ -105.05188, 38.84676 ], [ -105.05187, 38.84682 ], [ -105.05187, 38.84689 ], [ -105.0519, 38.84696 ], [ -105.05193, 38.84704 ], [ -105.05204, 38.84718 ], [ -105.05212, 38.84729 ], [ -105.05226, 38.84735 ], [ -105.05234, 38.84743 ], [ -105.05244, 38.84751 ], [ -105.05253, 38.84756 ], [ -105.05256, 38.84756 ], [ -105.0526, 38.8476 ], [ -105.05267, 38.84766 ], [ -105.05273, 38.8477 ], [ -105.05273, 38.84772 ], [ -105.05268, 38.84774 ], [ -105.05263, 38.84777 ], [ -105.05256, 38.84781 ], [ -105.05247, 38.84781 ], [ -105.05244, 38.84783 ], [ -105.05249, 38.84784 ], [ -105.05255, 38.84787 ], [ -105.05262, 38.8479 ], [ -105.05269, 38.84794 ], [ -105.05275, 38.84799 ], [ -105.05279, 38.84804 ], [ -105.05287, 38.84807 ], [ -105.05295, 38.84815 ], [ -105.05294, 38.84821 ], [ -105.05289, 38.84828 ], [ -105.05286, 38.84833 ], [ -105.05288, 38.84838 ], [ -105.05297, 38.84841 ], [ -105.05302, 38.84846 ], [ -105.05306, 38.84851 ], [ -105.0531, 38.84855 ], [ -105.05315, 38.84862 ], [ -105.0532, 38.84865 ], [ -105.0533, 38.84871 ], [ -105.05353, 38.84876 ], [ -105.05384, 38.84883 ], [ -105.05409, 38.84893 ], [ -105.0542, 38.84897 ], [ -105.05433, 38.84897 ], [ -105.05453, 38.84901 ], [ -105.05469, 38.84906 ], [ -105.0549, 38.84912 ], [ -105.05498, 38.84914 ], [ -105.05503, 38.84915 ], [ -105.05523, 38.84918 ], [ -105.05547, 38.84922 ], [ -105.05557, 38.84924 ], [ -105.05574, 38.84928 ], [ -105.05589, 38.84931 ], [ -105.05604, 38.84931 ], [ -105.05623, 38.8493 ], [ -105.05647, 38.84929 ], [ -105.05672, 38.8493 ], [ -105.05687, 38.84932 ], [ -105.05699, 38.84937 ], [ -105.05703, 38.84942 ], [ -105.05707, 38.84946 ], [ -105.0571, 38.84951 ], [ -105.05711, 38.84955 ], [ -105.05711, 38.84961 ], [ -105.05709, 38.84965 ], [ -105.0571, 38.8497 ], [ -105.0571, 38.84973 ], [ -105.05711, 38.84978 ], [ -105.05716, 38.84982 ], [ -105.05727, 38.84989 ], [ -105.05734, 38.84993 ], [ -105.0574, 38.84997 ], [ -105.05746, 38.85002 ], [ -105.0575, 38.85006 ], [ -105.05753, 38.85009 ], [ -105.05757, 38.85014 ], [ -105.05762, 38.85021 ], [ -105.05767, 38.85026 ], [ -105.05774, 38.85031 ], [ -105.05778, 38.85035 ], [ -105.05785, 38.8504 ], [ -105.0579, 38.85045 ], [ -105.05798, 38.85052 ], [ -105.05804, 38.85058 ], [ -105.05811, 38.85063 ], [ -105.05816, 38.85066 ], [ -105.05819, 38.8507 ], [ -105.05826, 38.85074 ], [ -105.05832, 38.85077 ], [ -105.0584, 38.85079 ], [ -105.05844, 38.85082 ], [ -105.05848, 38.85085 ], [ -105.05851, 38.85088 ], [ -105.05854, 38.85091 ], [ -105.05858, 38.85096 ], [ -105.05862, 38.85102 ], [ -105.05868, 38.85107 ], [ -105.05872, 38.8511 ], [ -105.05876, 38.85119 ], [ -105.05878, 38.85125 ], [ -105.05886, 38.8513 ], [ -105.05886, 38.8513 ], [ -105.05893, 38.85134 ], [ -105.05902, 38.85137 ], [ -105.0591, 38.85142 ], [ -105.05926, 38.8515 ], [ -105.05933, 38.85154 ], [ -105.0594, 38.85156 ], [ -105.05947, 38.85159 ], [ -105.0596, 38.85165 ], [ -105.05964, 38.85169 ], [ -105.05966, 38.85174 ], [ -105.05969, 38.8518 ], [ -105.05973, 38.85185 ], [ -105.05974, 38.8519 ], [ -105.05975, 38.85192 ], [ -105.05979, 38.85195 ], [ -105.05986, 38.85201 ], [ -105.05991, 38.85206 ], [ -105.05992, 38.85209 ], [ -105.05996, 38.85214 ], [ -105.05998, 38.85217 ], [ -105.06005, 38.85222 ], [ -105.06009, 38.85226 ], [ -105.06014, 38.85233 ], [ -105.06015, 38.85239 ], [ -105.06015, 38.85242 ], [ -105.06015, 38.85248 ], [ -105.06016, 38.85254 ], [ -105.06017, 38.85261 ], [ -105.06018, 38.85266 ], [ -105.06018, 38.8527 ], [ -105.06021, 38.85275 ], [ -105.06022, 38.8528 ], [ -105.06022, 38.85286 ], [ -105.06022, 38.85289 ], [ -105.06023, 38.85292 ], [ -105.06025, 38.85295 ], [ -105.0603, 38.85299 ], [ -105.06033, 38.85302 ], [ -105.06036, 38.85304 ], [ -105.06038, 38.85304 ], [ -105.0604, 38.85304 ], [ -105.06041, 38.85303 ], [ -105.06044, 38.85303 ], [ -105.0605, 38.85303 ], [ -105.06058, 38.85307 ], [ -105.06065, 38.85311 ], [ -105.0607, 38.85315 ], [ -105.06075, 38.8532 ], [ -105.06079, 38.85324 ], [ -105.06084, 38.85327 ], [ -105.06088, 38.85331 ], [ -105.06092, 38.85334 ], [ -105.06097, 38.85336 ], [ -105.06103, 38.8534 ], [ -105.06107, 38.85342 ], [ -105.06119, 38.85348 ], [ -105.06126, 38.85352 ], [ -105.06145, 38.85364 ], [ -105.06153, 38.8537 ], [ -105.06158, 38.85374 ], [ -105.06161, 38.85379 ], [ -105.06165, 38.85384 ], [ -105.06174, 38.85394 ], [ -105.06181, 38.85403 ], [ -105.06185, 38.85406 ], [ -105.06187, 38.8541 ], [ -105.06196, 38.85416 ], [ -105.06203, 38.85421 ], [ -105.06213, 38.85431 ], [ -105.0622, 38.85437 ], [ -105.06222, 38.85441 ], [ -105.06224, 38.85445 ], [ -105.06227, 38.85446 ], [ -105.0623, 38.85445 ], [ -105.06232, 38.85445 ], [ -105.06233, 38.85447 ], [ -105.06233, 38.85452 ], [ -105.06233, 38.85457 ], [ -105.06235, 38.85462 ], [ -105.06237, 38.85468 ], [ -105.06238, 38.85474 ], [ -105.06239, 38.85478 ], [ -105.0624, 38.85484 ], [ -105.06241, 38.85488 ], [ -105.06249, 38.85492 ], [ -105.06254, 38.85494 ], [ -105.06261, 38.85497 ], [ -105.06261, 38.85505 ], [ -105.06261, 38.85511 ], [ -105.0626, 38.85516 ], [ -105.06261, 38.8552 ], [ -105.06262, 38.85526 ], [ -105.06265, 38.85534 ], [ -105.06268, 38.85547 ], [ -105.0627, 38.8555 ], [ -105.06269, 38.85556 ], [ -105.0627, 38.85566 ], [ -105.06271, 38.85572 ], [ -105.06271, 38.85575 ], [ -105.06269, 38.85578 ], [ -105.06269, 38.85582 ], [ -105.06269, 38.85587 ], [ -105.06269, 38.85591 ], [ -105.06269, 38.85596 ], [ -105.0627, 38.85598 ], [ -105.06273, 38.85604 ], [ -105.06276, 38.85611 ], [ -105.06279, 38.8562 ], [ -105.06281, 38.85628 ], [ -105.06283, 38.85633 ], [ -105.06284, 38.85639 ], [ -105.06284, 38.85642 ], [ -105.06285, 38.85645 ], [ -105.06286, 38.85651 ], [ -105.06288, 38.85652 ], [ -105.06292, 38.85653 ], [ -105.06293, 38.85656 ], [ -105.06294, 38.85659 ], [ -105.06297, 38.85662 ], [ -105.063, 38.85668 ], [ -105.06301, 38.85671 ], [ -105.06303, 38.85675 ], [ -105.06303, 38.85682 ], [ -105.06305, 38.85687 ], [ -105.06308, 38.85693 ], [ -105.06311, 38.85697 ], [ -105.06313, 38.85701 ], [ -105.06317, 38.85706 ], [ -105.06321, 38.85709 ], [ -105.06327, 38.85711 ], [ -105.06331, 38.85713 ], [ -105.06339, 38.85716 ], [ -105.06346, 38.85719 ], [ -105.06351, 38.85722 ], [ -105.06355, 38.85725 ], [ -105.0636, 38.85728 ], [ -105.06363, 38.8573 ], [ -105.06372, 38.85733 ], [ -105.0638, 38.85734 ], [ -105.06392, 38.85736 ], [ -105.06403, 38.85739 ], [ -105.06416, 38.85744 ], [ -105.0643, 38.85748 ], [ -105.0644, 38.85751 ], [ -105.06446, 38.85752 ], [ -105.06455, 38.85753 ], [ -105.06468, 38.85755 ], [ -105.06475, 38.85757 ], [ -105.06482, 38.8576 ], [ -105.06489, 38.85762 ], [ -105.06496, 38.85764 ], [ -105.06501, 38.85766 ], [ -105.06507, 38.85769 ], [ -105.06517, 38.85771 ], [ -105.06523, 38.85773 ], [ -105.06531, 38.85774 ], [ -105.06539, 38.85778 ], [ -105.06552, 38.85783 ], [ -105.06561, 38.85785 ], [ -105.06566, 38.85787 ], [ -105.06571, 38.85788 ], [ -105.06578, 38.8579 ], [ -105.06588, 38.85794 ], [ -105.06594, 38.85795 ], [ -105.06603, 38.85795 ], [ -105.06607, 38.85796 ], [ -105.06611, 38.85796 ], [ -105.06617, 38.858 ], [ -105.06624, 38.85803 ], [ -105.06633, 38.85807 ], [ -105.0664, 38.85811 ], [ -105.06648, 38.85815 ], [ -105.06659, 38.85823 ], [ -105.06664, 38.85826 ], [ -105.0667, 38.85829 ], [ -105.06681, 38.85835 ], [ -105.0669, 38.85838 ], [ -105.06696, 38.85842 ], [ -105.06702, 38.85845 ], [ -105.06706, 38.85848 ], [ -105.06708, 38.8585 ], [ -105.06708, 38.85853 ], [ -105.06708, 38.85857 ], [ -105.06708, 38.85858 ], [ -105.06712, 38.85859 ], [ -105.06717, 38.85862 ], [ -105.06721, 38.85866 ], [ -105.06725, 38.85869 ], [ -105.06727, 38.85875 ], [ -105.06729, 38.85882 ], [ -105.06731, 38.85887 ], [ -105.06733, 38.85891 ], [ -105.06736, 38.85896 ], [ -105.06741, 38.85903 ], [ -105.06744, 38.85909 ], [ -105.06746, 38.85913 ], [ -105.06746, 38.85913 ], [ -105.06749, 38.85918 ], [ -105.06753, 38.85921 ], [ -105.06756, 38.85923 ], [ -105.06758, 38.85928 ], [ -105.06762, 38.85933 ], [ -105.06766, 38.85938 ], [ -105.06769, 38.85941 ], [ -105.0677, 38.85945 ], [ -105.06771, 38.85951 ], [ -105.06772, 38.85959 ], [ -105.06774, 38.85963 ], [ -105.06776, 38.85968 ], [ -105.0677, 38.8598 ], [ -105.06768, 38.85989 ], [ -105.06768, 38.85994 ], [ -105.06768, 38.86001 ], [ -105.06766, 38.86008 ], [ -105.06765, 38.86016 ], [ -105.06765, 38.86023 ], [ -105.06765, 38.86027 ], [ -105.06766, 38.86033 ], [ -105.06766, 38.86036 ], [ -105.06765, 38.86041 ], [ -105.06763, 38.86046 ], [ -105.06761, 38.86052 ], [ -105.0676, 38.86057 ], [ -105.06759, 38.8606 ], [ -105.06758, 38.86067 ], [ -105.06757, 38.86072 ], [ -105.06755, 38.86078 ], [ -105.06751, 38.86086 ], [ -105.06749, 38.86091 ], [ -105.06746, 38.86098 ], [ -105.06745, 38.86105 ], [ -105.06741, 38.86114 ], [ -105.06737, 38.86126 ], [ -105.06734, 38.86135 ], [ -105.06732, 38.86142 ], [ -105.0673, 38.86147 ], [ -105.06728, 38.86152 ], [ -105.06724, 38.86159 ], [ -105.06722, 38.86163 ], [ -105.06721, 38.8617 ], [ -105.0672, 38.86175 ], [ -105.06717, 38.86182 ], [ -105.06717, 38.86188 ], [ -105.06715, 38.86195 ], [ -105.06714, 38.86212 ], [ -105.06714, 38.86223 ], [ -105.06714, 38.86229 ], [ -105.06712, 38.86236 ], [ -105.06711, 38.8624 ], [ -105.06715, 38.86243 ], [ -105.06718, 38.86251 ], [ -105.06721, 38.86257 ], [ -105.06724, 38.86261 ], [ -105.06725, 38.86265 ], [ -105.06727, 38.86271 ], [ -105.06729, 38.86277 ], [ -105.06731, 38.86282 ], [ -105.06732, 38.86287 ], [ -105.06736, 38.86295 ], [ -105.06739, 38.86306 ], [ -105.06743, 38.86317 ], [ -105.06746, 38.86323 ], [ -105.06748, 38.86331 ], [ -105.06751, 38.86337 ], [ -105.06753, 38.86342 ], [ -105.06755, 38.86351 ], [ -105.06758, 38.86357 ], [ -105.06763, 38.86366 ], [ -105.06765, 38.86371 ], [ -105.06766, 38.86374 ], [ -105.06783, 38.86379 ], [ -105.068, 38.86389 ], [ -105.06797, 38.86387 ], [ -105.06799, 38.86386 ], [ -105.06805, 38.86386 ], [ -105.06811, 38.86386 ], [ -105.06817, 38.86386 ], [ -105.06823, 38.86385 ], [ -105.06829, 38.86384 ], [ -105.06834, 38.86382 ], [ -105.0684, 38.8638 ], [ -105.06844, 38.86376 ], [ -105.06848, 38.86372 ], [ -105.06856, 38.86368 ], [ -105.06856, 38.86368 ], [ -105.0686, 38.86364 ], [ -105.06864, 38.8636 ], [ -105.06868, 38.86356 ], [ -105.06872, 38.86352 ], [ -105.06876, 38.86348 ], [ -105.06879, 38.86344 ], [ -105.06882, 38.86339 ], [ -105.06885, 38.86334 ], [ -105.06887, 38.8633 ], [ -105.0689, 38.86326 ], [ -105.06893, 38.86321 ], [ -105.06896, 38.86317 ], [ -105.06899, 38.86313 ], [ -105.06902, 38.86308 ], [ -105.06907, 38.86304 ], [ -105.06912, 38.863 ], [ -105.06916, 38.86296 ], [ -105.0692, 38.86292 ], [ -105.06924, 38.86288 ], [ -105.06928, 38.86284 ], [ -105.06932, 38.8628 ], [ -105.06937, 38.86277 ], [ -105.06951, 38.8627 ], [ -105.06954, 38.86268 ], [ -105.06959, 38.86265 ], [ -105.06964, 38.86262 ], [ -105.06969, 38.8626 ], [ -105.06975, 38.86258 ], [ -105.06981, 38.86257 ], [ -105.06987, 38.86256 ], [ -105.06993, 38.86256 ], [ -105.06999, 38.86256 ], [ -105.07005, 38.86256 ], [ -105.07011, 38.86256 ], [ -105.07017, 38.86257 ], [ -105.07023, 38.86258 ], [ -105.07029, 38.8626 ], [ -105.07034, 38.86261 ], [ -105.0704, 38.86263 ], [ -105.07046, 38.86265 ], [ -105.07051, 38.86267 ], [ -105.07056, 38.86269 ], [ -105.07062, 38.86271 ], [ -105.07069, 38.86274 ], [ -105.07075, 38.86275 ], [ -105.07081, 38.86277 ], [ -105.07087, 38.86278 ], [ -105.07094, 38.8628 ], [ -105.071, 38.86281 ], [ -105.07105, 38.86283 ], [ -105.07112, 38.86285 ], [ -105.07117, 38.86287 ], [ -105.07123, 38.86289 ], [ -105.07129, 38.8629 ], [ -105.07136, 38.8629 ], [ -105.07142, 38.8629 ], [ -105.0715, 38.86292 ], [ -105.07155, 38.86294 ], [ -105.07159, 38.86298 ], [ -105.07163, 38.86302 ], [ -105.07167, 38.86305 ], [ -105.07171, 38.86308 ], [ -105.07176, 38.86312 ], [ -105.07181, 38.86315 ], [ -105.07185, 38.86318 ], [ -105.0719, 38.86321 ], [ -105.07197, 38.86323 ], [ -105.07202, 38.86327 ], [ -105.07206, 38.8633 ], [ -105.0721, 38.86335 ], [ -105.07216, 38.8634 ], [ -105.07219, 38.86343 ], [ -105.07224, 38.86346 ], [ -105.07229, 38.8635 ], [ -105.07234, 38.86352 ], [ -105.07238, 38.86356 ], [ -105.07242, 38.8636 ], [ -105.07247, 38.86364 ], [ -105.07252, 38.86367 ], [ -105.07255, 38.86371 ], [ -105.07262, 38.86375 ], [ -105.07266, 38.86378 ], [ -105.07271, 38.86382 ], [ -105.07274, 38.86386 ], [ -105.07278, 38.86389 ], [ -105.07283, 38.86393 ], [ -105.07287, 38.86397 ], [ -105.07291, 38.86399 ], [ -105.07296, 38.86402 ], [ -105.073, 38.86406 ], [ -105.07304, 38.86409 ], [ -105.07309, 38.86413 ], [ -105.07314, 38.86417 ], [ -105.07318, 38.8642 ], [ -105.07323, 38.86423 ], [ -105.07328, 38.86425 ], [ -105.07333, 38.86428 ], [ -105.07338, 38.86431 ], [ -105.07342, 38.86435 ], [ -105.07354, 38.86442 ], [ -105.07357, 38.86444 ], [ -105.07361, 38.86448 ], [ -105.07366, 38.86451 ], [ -105.07371, 38.86453 ], [ -105.07376, 38.86456 ], [ -105.07381, 38.8646 ], [ -105.07388, 38.86463 ], [ -105.07394, 38.86464 ], [ -105.074, 38.86465 ], [ -105.07405, 38.86466 ], [ -105.07411, 38.86466 ], [ -105.07417, 38.86466 ], [ -105.07423, 38.86464 ], [ -105.07429, 38.86464 ], [ -105.07436, 38.86464 ], [ -105.07442, 38.86464 ], [ -105.0746, 38.86462 ], [ -105.07465, 38.86461 ], [ -105.07471, 38.8646 ], [ -105.07476, 38.8646 ], [ -105.07482, 38.86458 ], [ -105.07488, 38.86455 ], [ -105.07493, 38.86452 ], [ -105.07498, 38.86451 ], [ -105.07504, 38.86451 ], [ -105.0751, 38.86451 ], [ -105.07516, 38.86452 ], [ -105.07521, 38.86454 ], [ -105.07526, 38.86457 ], [ -105.0753, 38.8646 ], [ -105.07534, 38.86464 ], [ -105.07539, 38.86467 ], [ -105.07544, 38.86469 ], [ -105.07549, 38.86472 ], [ -105.07553, 38.86476 ], [ -105.07557, 38.8648 ], [ -105.07561, 38.86484 ], [ -105.07565, 38.86488 ], [ -105.07569, 38.86491 ], [ -105.07573, 38.86495 ], [ -105.07577, 38.86499 ], [ -105.07581, 38.86503 ], [ -105.07584, 38.86507 ], [ -105.07588, 38.86511 ], [ -105.07592, 38.86514 ], [ -105.07597, 38.86517 ], [ -105.07602, 38.86519 ], [ -105.07608, 38.86522 ], [ -105.07613, 38.86523 ], [ -105.07619, 38.86526 ], [ -105.07624, 38.86529 ], [ -105.07627, 38.86533 ], [ -105.07645, 38.86534 ], [ -105.07646, 38.86534 ], [ -105.07652, 38.86535 ], [ -105.07658, 38.86536 ], [ -105.07664, 38.86538 ], [ -105.0767, 38.8654 ], [ -105.07676, 38.86541 ], [ -105.07683, 38.86543 ], [ -105.0769, 38.86544 ], [ -105.07696, 38.86544 ], [ -105.07706, 38.86545 ], [ -105.07712, 38.86546 ], [ -105.07719, 38.86547 ], [ -105.07726, 38.86548 ], [ -105.07731, 38.86549 ], [ -105.07738, 38.86549 ], [ -105.07744, 38.8655 ], [ -105.07752, 38.8655 ], [ -105.0776, 38.8655 ], [ -105.07766, 38.86549 ], [ -105.07773, 38.86548 ], [ -105.0778, 38.86547 ], [ -105.07785, 38.86544 ], [ -105.07788, 38.86541 ], [ -105.07792, 38.86537 ], [ -105.07795, 38.86533 ], [ -105.07799, 38.86529 ], [ -105.07802, 38.86525 ], [ -105.07805, 38.86521 ], [ -105.07809, 38.86517 ], [ -105.07811, 38.86513 ], [ -105.07815, 38.86509 ], [ -105.07818, 38.86504 ], [ -105.07822, 38.86499 ], [ -105.07824, 38.86495 ], [ -105.07827, 38.8649 ], [ -105.07833, 38.86477 ], [ -105.07833, 38.86476 ], [ -105.07837, 38.86472 ], [ -105.07839, 38.86468 ], [ -105.07842, 38.86463 ], [ -105.07845, 38.86459 ], [ -105.07848, 38.86454 ], [ -105.07852, 38.86451 ], [ -105.07857, 38.86448 ], [ -105.07862, 38.86446 ], [ -105.07868, 38.86445 ], [ -105.07874, 38.86445 ], [ -105.0788, 38.86445 ], [ -105.07887, 38.86445 ], [ -105.07894, 38.86446 ], [ -105.079, 38.86447 ], [ -105.07906, 38.86449 ], [ -105.07912, 38.86449 ], [ -105.07924, 38.86447 ], [ -105.07925, 38.86448 ], [ -105.07931, 38.86448 ], [ -105.07936, 38.86448 ], [ -105.07943, 38.86448 ], [ -105.07949, 38.86449 ], [ -105.07956, 38.86449 ], [ -105.07963, 38.86449 ], [ -105.07968, 38.86449 ], [ -105.07975, 38.86449 ], [ -105.07982, 38.8645 ], [ -105.07989, 38.8645 ], [ -105.07995, 38.8645 ], [ -105.08001, 38.86451 ], [ -105.08007, 38.86451 ], [ -105.08013, 38.86451 ], [ -105.08019, 38.86452 ], [ -105.08025, 38.86452 ], [ -105.08031, 38.86452 ], [ -105.08037, 38.86453 ], [ -105.08044, 38.86455 ], [ -105.0805, 38.86457 ], [ -105.08056, 38.86459 ], [ -105.08061, 38.86461 ], [ -105.08067, 38.86462 ], [ -105.08073, 38.86462 ], [ -105.0808, 38.86462 ], [ -105.08086, 38.86462 ], [ -105.08093, 38.86461 ], [ -105.08099, 38.86459 ], [ -105.08104, 38.86456 ], [ -105.08108, 38.86453 ], [ -105.08113, 38.8645 ], [ -105.08118, 38.86447 ], [ -105.08124, 38.86445 ], [ -105.08131, 38.86445 ], [ -105.08137, 38.86445 ], [ -105.08143, 38.86445 ], [ -105.0815, 38.86445 ], [ -105.08156, 38.86445 ], [ -105.08167, 38.86443 ], [ -105.08172, 38.86443 ], [ -105.0818, 38.86443 ], [ -105.08186, 38.86443 ], [ -105.08192, 38.86441 ], [ -105.08199, 38.8644 ], [ -105.08205, 38.86438 ], [ -105.08211, 38.86438 ], [ -105.08217, 38.86438 ], [ -105.08224, 38.86439 ], [ -105.08231, 38.86439 ], [ -105.08237, 38.8644 ], [ -105.08243, 38.8644 ], [ -105.08249, 38.86438 ], [ -105.08254, 38.86436 ], [ -105.08261, 38.86436 ], [ -105.0827, 38.86436 ], [ -105.08281, 38.86437 ], [ -105.08286, 38.86437 ], [ -105.08291, 38.86436 ], [ -105.08297, 38.86435 ], [ -105.08303, 38.86434 ], [ -105.0831, 38.86434 ], [ -105.08316, 38.86433 ], [ -105.08322, 38.86432 ], [ -105.08328, 38.86432 ], [ -105.08334, 38.86432 ], [ -105.0834, 38.86432 ], [ -105.08346, 38.86432 ], [ -105.08351, 38.86434 ], [ -105.08357, 38.86436 ], [ -105.08362, 38.86438 ], [ -105.08368, 38.8644 ], [ -105.08374, 38.86442 ], [ -105.08379, 38.86444 ], [ -105.08385, 38.86446 ], [ -105.08389, 38.86449 ], [ -105.08394, 38.86452 ], [ -105.084, 38.86454 ], [ -105.08406, 38.86454 ], [ -105.08412, 38.86454 ], [ -105.08417, 38.86452 ], [ -105.08422, 38.86449 ], [ -105.08429, 38.8645 ], [ -105.08434, 38.8645 ], [ -105.0844, 38.86449 ], [ -105.08446, 38.86448 ], [ -105.08453, 38.86448 ], [ -105.0846, 38.86448 ], [ -105.08466, 38.86447 ], [ -105.08472, 38.86446 ], [ -105.08477, 38.86444 ], [ -105.08483, 38.86442 ], [ -105.08489, 38.86442 ], [ -105.08496, 38.86444 ], [ -105.08502, 38.86445 ], [ -105.08508, 38.86446 ], [ -105.08514, 38.86448 ], [ -105.08519, 38.86451 ], [ -105.08525, 38.86454 ], [ -105.0853, 38.86455 ], [ -105.08536, 38.86454 ], [ -105.08541, 38.86451 ], [ -105.08547, 38.86451 ], [ -105.08553, 38.86452 ], [ -105.08558, 38.86455 ], [ -105.08563, 38.86458 ], [ -105.08568, 38.86461 ], [ -105.08573, 38.86464 ], [ -105.08578, 38.86467 ], [ -105.08585, 38.86469 ], [ -105.08591, 38.8647 ], [ -105.08597, 38.86469 ], [ -105.08602, 38.86469 ], [ -105.08608, 38.8647 ], [ -105.08613, 38.86473 ], [ -105.08618, 38.86476 ], [ -105.08625, 38.86478 ], [ -105.08628, 38.86479 ], [ -105.08633, 38.86481 ], [ -105.08639, 38.86483 ], [ -105.08645, 38.86485 ], [ -105.0865, 38.86487 ], [ -105.08656, 38.86488 ], [ -105.08662, 38.8649 ], [ -105.08668, 38.86493 ], [ -105.08673, 38.86495 ], [ -105.08678, 38.86497 ], [ -105.08683, 38.86501 ], [ -105.08687, 38.86504 ], [ -105.08689, 38.86509 ], [ -105.08691, 38.86513 ], [ -105.08695, 38.86517 ], [ -105.087, 38.8652 ], [ -105.08705, 38.86521 ], [ -105.08711, 38.86522 ], [ -105.08716, 38.86525 ], [ -105.08721, 38.86529 ], [ -105.08725, 38.86533 ], [ -105.08728, 38.86536 ], [ -105.08732, 38.8654 ], [ -105.08737, 38.86544 ], [ -105.08741, 38.86547 ], [ -105.08746, 38.8655 ], [ -105.08757, 38.86554 ], [ -105.08757, 38.86554 ], [ -105.08762, 38.86557 ], [ -105.08768, 38.8656 ], [ -105.08774, 38.86563 ], [ -105.0878, 38.86565 ], [ -105.08786, 38.86567 ], [ -105.08791, 38.86569 ], [ -105.08796, 38.86571 ], [ -105.08801, 38.86574 ], [ -105.08806, 38.86576 ], [ -105.08811, 38.86579 ], [ -105.08817, 38.86581 ], [ -105.08823, 38.86582 ], [ -105.08828, 38.86583 ], [ -105.08834, 38.86585 ], [ -105.0884, 38.86586 ], [ -105.08846, 38.86588 ], [ -105.08852, 38.86591 ], [ -105.08857, 38.86593 ], [ -105.08862, 38.86596 ], [ -105.08868, 38.86599 ], [ -105.08874, 38.86601 ], [ -105.08884, 38.86603 ], [ -105.08886, 38.86604 ], [ -105.08892, 38.86606 ], [ -105.08898, 38.86608 ], [ -105.08904, 38.8661 ], [ -105.08909, 38.86613 ], [ -105.08913, 38.86617 ], [ -105.08918, 38.8662 ], [ -105.08922, 38.86624 ], [ -105.08926, 38.86628 ], [ -105.0893, 38.86632 ], [ -105.08933, 38.86636 ], [ -105.08937, 38.8664 ], [ -105.0894, 38.86644 ], [ -105.08944, 38.86648 ], [ -105.08948, 38.86652 ], [ -105.08952, 38.86655 ], [ -105.08956, 38.86659 ], [ -105.08961, 38.86662 ], [ -105.08965, 38.86665 ], [ -105.0897, 38.86668 ], [ -105.08976, 38.86671 ], [ -105.08981, 38.86673 ], [ -105.08985, 38.86676 ], [ -105.0899, 38.86679 ], [ -105.08996, 38.86681 ], [ -105.09002, 38.86681 ], [ -105.09003, 38.86677 ], [ -105.09002, 38.86672 ], [ -105.08999, 38.86667 ], [ -105.08997, 38.86663 ], [ -105.08995, 38.86658 ], [ -105.08993, 38.86653 ], [ -105.08992, 38.86649 ], [ -105.0899, 38.86644 ], [ -105.08988, 38.8664 ], [ -105.08986, 38.86636 ], [ -105.08983, 38.86631 ], [ -105.08981, 38.86626 ], [ -105.0898, 38.86622 ], [ -105.08979, 38.86617 ], [ -105.08979, 38.86612 ], [ -105.08979, 38.86607 ], [ -105.08985, 38.86605 ], [ -105.0899, 38.86607 ], [ -105.08995, 38.8661 ], [ -105.09001, 38.86612 ], [ -105.09007, 38.86613 ], [ -105.09013, 38.86616 ], [ -105.09018, 38.86619 ], [ -105.09023, 38.86621 ], [ -105.09027, 38.86625 ], [ -105.09031, 38.86629 ], [ -105.09042, 38.86633 ], [ -105.09044, 38.86632 ], [ -105.09049, 38.86629 ], [ -105.09055, 38.86629 ], [ -105.0906, 38.86631 ], [ -105.09066, 38.86634 ], [ -105.09071, 38.86636 ], [ -105.09077, 38.86637 ], [ -105.09084, 38.86639 ], [ -105.09089, 38.86642 ], [ -105.09093, 38.86644 ], [ -105.09098, 38.86647 ], [ -105.09103, 38.8665 ], [ -105.09108, 38.86652 ], [ -105.09113, 38.86655 ], [ -105.09118, 38.86658 ], [ -105.09122, 38.86662 ], [ -105.09127, 38.86666 ], [ -105.09131, 38.8667 ], [ -105.09136, 38.86673 ], [ -105.0914, 38.86677 ], [ -105.09143, 38.86681 ], [ -105.09146, 38.86685 ], [ -105.09149, 38.86689 ], [ -105.09153, 38.86693 ], [ -105.09158, 38.86695 ], [ -105.09162, 38.86692 ], [ -105.09161, 38.86687 ], [ -105.09161, 38.86682 ], [ -105.0916, 38.86678 ], [ -105.09159, 38.86673 ], [ -105.09159, 38.86668 ], [ -105.09157, 38.86663 ], [ -105.09155, 38.86659 ], [ -105.09153, 38.86654 ], [ -105.0915, 38.8665 ], [ -105.09146, 38.86647 ], [ -105.09142, 38.86643 ], [ -105.09138, 38.86639 ], [ -105.09134, 38.86635 ], [ -105.0913, 38.86631 ], [ -105.09126, 38.86627 ], [ -105.09123, 38.86623 ], [ -105.09119, 38.86619 ], [ -105.09118, 38.86614 ], [ -105.09123, 38.8661 ], [ -105.09128, 38.86613 ], [ -105.09133, 38.86617 ], [ -105.09138, 38.86619 ], [ -105.09143, 38.86621 ], [ -105.09148, 38.86623 ], [ -105.09155, 38.86625 ], [ -105.09162, 38.86626 ], [ -105.09169, 38.86627 ], [ -105.09177, 38.86628 ], [ -105.09183, 38.86631 ], [ -105.09188, 38.86633 ], [ -105.09192, 38.86637 ], [ -105.09196, 38.86641 ], [ -105.09199, 38.86645 ], [ -105.09202, 38.86649 ], [ -105.09206, 38.86653 ], [ -105.0921, 38.86657 ], [ -105.09214, 38.8666 ], [ -105.09218, 38.86664 ], [ -105.09224, 38.86667 ], [ -105.09229, 38.8667 ], [ -105.09235, 38.86672 ], [ -105.0924, 38.86675 ], [ -105.09246, 38.86678 ], [ -105.0925, 38.86681 ], [ -105.09263, 38.86686 ], [ -105.09264, 38.86686 ], [ -105.0927, 38.86687 ], [ -105.09275, 38.8669 ], [ -105.0928, 38.86693 ], [ -105.09285, 38.86695 ], [ -105.0929, 38.86697 ], [ -105.09296, 38.867 ], [ -105.093, 38.86703 ], [ -105.09304, 38.86708 ], [ -105.09308, 38.86712 ], [ -105.09311, 38.86716 ], [ -105.09314, 38.8672 ], [ -105.09316, 38.86724 ], [ -105.09319, 38.86728 ], [ -105.09321, 38.86733 ], [ -105.09324, 38.86737 ], [ -105.09327, 38.86742 ], [ -105.0933, 38.86746 ], [ -105.09334, 38.8675 ], [ -105.09338, 38.86753 ], [ -105.09341, 38.86757 ], [ -105.09344, 38.86761 ], [ -105.09347, 38.86765 ], [ -105.09349, 38.8677 ], [ -105.09352, 38.86774 ], [ -105.09354, 38.86779 ], [ -105.09356, 38.86783 ], [ -105.0936, 38.86787 ], [ -105.09363, 38.86791 ], [ -105.09368, 38.86794 ], [ -105.09373, 38.86796 ], [ -105.09377, 38.868 ], [ -105.09381, 38.86803 ], [ -105.09384, 38.86807 ], [ -105.09387, 38.86812 ], [ -105.09388, 38.86816 ], [ -105.09391, 38.86821 ], [ -105.09394, 38.86817 ], [ -105.09396, 38.86812 ], [ -105.09398, 38.86796 ], [ -105.09399, 38.86796 ], [ -105.09401, 38.86792 ], [ -105.09404, 38.86788 ], [ -105.09406, 38.86783 ], [ -105.0941, 38.86779 ], [ -105.09412, 38.86775 ], [ -105.09414, 38.86771 ], [ -105.09417, 38.86766 ], [ -105.09418, 38.86761 ], [ -105.09419, 38.86757 ], [ -105.09422, 38.86752 ], [ -105.09428, 38.86751 ], [ -105.09431, 38.86755 ], [ -105.09434, 38.86758 ], [ -105.09436, 38.86763 ], [ -105.09439, 38.86766 ], [ -105.09442, 38.86771 ], [ -105.09445, 38.86775 ], [ -105.09449, 38.8678 ], [ -105.09453, 38.86783 ], [ -105.09456, 38.86788 ], [ -105.0946, 38.86792 ], [ -105.09464, 38.86797 ], [ -105.09468, 38.86802 ], [ -105.09471, 38.86807 ], [ -105.09473, 38.86812 ], [ -105.09477, 38.86822 ], [ -105.09478, 38.86822 ], [ -105.0948, 38.86826 ], [ -105.09484, 38.8683 ], [ -105.09489, 38.86834 ], [ -105.09494, 38.86837 ], [ -105.09498, 38.86841 ], [ -105.09502, 38.86846 ], [ -105.09505, 38.8685 ], [ -105.0951, 38.86854 ], [ -105.09514, 38.86858 ], [ -105.09518, 38.86862 ], [ -105.09521, 38.86866 ], [ -105.09523, 38.8687 ], [ -105.09525, 38.86875 ], [ -105.09527, 38.8688 ], [ -105.09529, 38.86885 ], [ -105.09533, 38.86889 ], [ -105.09539, 38.86892 ], [ -105.09544, 38.86895 ], [ -105.09549, 38.86899 ], [ -105.09553, 38.86903 ], [ -105.09557, 38.86906 ], [ -105.09562, 38.86909 ], [ -105.09568, 38.86911 ], [ -105.09574, 38.86913 ], [ -105.0958, 38.86914 ], [ -105.09587, 38.86914 ], [ -105.09593, 38.86913 ], [ -105.09598, 38.86909 ], [ -105.09603, 38.86906 ], [ -105.09607, 38.86902 ], [ -105.09611, 38.86899 ], [ -105.09617, 38.86893 ], [ -105.09621, 38.86889 ], [ -105.09641, 38.86865 ], [ -105.09644, 38.86863 ], [ -105.09648, 38.86858 ], [ -105.09652, 38.86854 ], [ -105.09656, 38.8685 ], [ -105.0966, 38.86846 ], [ -105.09664, 38.86841 ], [ -105.09668, 38.86838 ], [ -105.09674, 38.86832 ], [ -105.09676, 38.86827 ], [ -105.0968, 38.86822 ], [ -105.09684, 38.86819 ], [ -105.09688, 38.86814 ], [ -105.09692, 38.8681 ], [ -105.09696, 38.86806 ], [ -105.09699, 38.86802 ], [ -105.09703, 38.86798 ], [ -105.0971, 38.86796 ], [ -105.09716, 38.86796 ], [ -105.09723, 38.86797 ], [ -105.0973, 38.86798 ], [ -105.09736, 38.86799 ], [ -105.09742, 38.868 ], [ -105.09748, 38.86802 ], [ -105.09754, 38.86805 ], [ -105.09759, 38.86807 ], [ -105.09765, 38.86808 ], [ -105.09771, 38.86808 ], [ -105.09777, 38.86808 ], [ -105.09783, 38.86808 ], [ -105.09789, 38.86808 ], [ -105.09797, 38.86808 ], [ -105.09804, 38.86808 ], [ -105.09809, 38.86805 ], [ -105.09816, 38.86805 ], [ -105.09823, 38.86805 ], [ -105.09829, 38.86807 ], [ -105.09834, 38.8681 ], [ -105.09839, 38.86812 ], [ -105.09846, 38.86816 ], [ -105.09851, 38.86817 ], [ -105.09857, 38.86821 ], [ -105.09862, 38.86824 ], [ -105.09867, 38.86827 ], [ -105.09871, 38.8683 ], [ -105.09876, 38.86834 ], [ -105.09882, 38.86837 ], [ -105.09887, 38.86839 ], [ -105.09893, 38.86841 ], [ -105.09898, 38.86844 ], [ -105.09903, 38.86846 ], [ -105.0991, 38.86848 ], [ -105.09916, 38.8685 ], [ -105.09923, 38.86851 ], [ -105.0993, 38.86852 ], [ -105.09937, 38.86853 ], [ -105.09942, 38.86854 ], [ -105.09949, 38.86856 ], [ -105.09955, 38.86857 ], [ -105.09962, 38.86858 ], [ -105.09969, 38.86859 ], [ -105.09975, 38.8686 ], [ -105.09981, 38.86862 ], [ -105.09987, 38.86863 ], [ -105.09993, 38.86863 ], [ -105.10001, 38.86864 ], [ -105.10007, 38.86864 ], [ -105.10014, 38.86864 ], [ -105.10022, 38.86864 ], [ -105.10028, 38.86865 ], [ -105.10034, 38.86867 ], [ -105.10041, 38.8687 ], [ -105.10046, 38.86873 ], [ -105.10052, 38.86875 ], [ -105.10058, 38.86877 ], [ -105.10065, 38.86877 ], [ -105.1007, 38.86876 ], [ -105.10076, 38.86875 ], [ -105.10083, 38.86873 ], [ -105.10089, 38.8687 ], [ -105.10095, 38.86868 ], [ -105.101, 38.86865 ], [ -105.10107, 38.86862 ], [ -105.10113, 38.86859 ], [ -105.1012, 38.86857 ], [ -105.10135, 38.86842 ], [ -105.10138, 38.86839 ], [ -105.10143, 38.86835 ], [ -105.10146, 38.86831 ], [ -105.1015, 38.86827 ], [ -105.10154, 38.86822 ], [ -105.10159, 38.86816 ], [ -105.10163, 38.86812 ], [ -105.10167, 38.86809 ], [ -105.10173, 38.86805 ], [ -105.1018, 38.868 ], [ -105.10186, 38.86798 ], [ -105.10192, 38.86796 ], [ -105.10198, 38.86794 ], [ -105.10204, 38.86792 ], [ -105.1021, 38.86791 ], [ -105.10216, 38.86789 ], [ -105.10223, 38.86786 ], [ -105.10229, 38.86784 ], [ -105.10235, 38.86781 ], [ -105.10241, 38.86778 ], [ -105.10248, 38.86775 ], [ -105.10254, 38.86773 ], [ -105.1026, 38.8677 ], [ -105.10267, 38.86767 ], [ -105.10274, 38.86765 ], [ -105.10282, 38.86762 ], [ -105.10289, 38.8676 ], [ -105.10295, 38.86758 ], [ -105.10302, 38.86756 ], [ -105.1031, 38.86753 ], [ -105.10315, 38.86751 ], [ -105.10321, 38.86748 ], [ -105.10328, 38.86745 ], [ -105.10335, 38.86743 ], [ -105.10341, 38.86739 ], [ -105.10348, 38.86735 ], [ -105.10354, 38.86731 ], [ -105.10359, 38.86728 ], [ -105.10364, 38.86725 ], [ -105.1037, 38.86722 ], [ -105.10376, 38.8672 ], [ -105.10384, 38.86718 ], [ -105.1039, 38.86717 ], [ -105.10398, 38.86716 ], [ -105.10404, 38.86715 ], [ -105.1041, 38.86714 ], [ -105.10416, 38.86713 ], [ -105.10423, 38.86713 ], [ -105.10429, 38.86713 ], [ -105.10436, 38.86713 ], [ -105.10442, 38.86713 ], [ -105.10449, 38.86713 ], [ -105.10457, 38.86714 ], [ -105.10463, 38.86715 ], [ -105.1047, 38.86716 ], [ -105.10496, 38.86718 ], [ -105.10498, 38.86718 ], [ -105.10505, 38.86718 ], [ -105.10511, 38.86718 ], [ -105.10517, 38.86717 ], [ -105.10523, 38.86714 ], [ -105.1053, 38.86712 ], [ -105.10536, 38.86712 ], [ -105.10542, 38.86712 ], [ -105.10548, 38.86712 ], [ -105.10554, 38.86712 ], [ -105.1056, 38.86712 ], [ -105.10568, 38.86712 ], [ -105.10576, 38.86714 ], [ -105.10583, 38.86714 ], [ -105.10589, 38.86715 ], [ -105.10597, 38.86715 ], [ -105.10605, 38.86715 ], [ -105.10611, 38.86715 ], [ -105.10618, 38.86716 ], [ -105.10626, 38.86717 ], [ -105.10635, 38.86719 ], [ -105.10641, 38.86721 ], [ -105.10648, 38.86722 ], [ -105.10654, 38.86724 ], [ -105.1066, 38.86726 ], [ -105.10666, 38.86728 ], [ -105.10672, 38.8673 ], [ -105.10679, 38.86732 ], [ -105.10685, 38.86733 ], [ -105.10692, 38.86734 ], [ -105.10701, 38.86735 ], [ -105.10709, 38.86736 ], [ -105.10715, 38.86737 ], [ -105.10723, 38.86738 ], [ -105.10731, 38.86739 ], [ -105.10737, 38.8674 ], [ -105.10745, 38.86742 ], [ -105.10751, 38.86744 ], [ -105.10757, 38.86746 ], [ -105.10765, 38.86749 ], [ -105.10773, 38.86753 ], [ -105.10802, 38.86768 ], [ -105.10807, 38.8677 ], [ -105.10812, 38.86772 ], [ -105.10818, 38.86775 ], [ -105.10822, 38.86778 ], [ -105.10826, 38.86782 ], [ -105.10832, 38.86786 ], [ -105.10836, 38.8679 ], [ -105.10842, 38.86793 ], [ -105.10848, 38.86797 ], [ -105.10853, 38.868 ], [ -105.10859, 38.86803 ], [ -105.10863, 38.86806 ], [ -105.10868, 38.8681 ], [ -105.10872, 38.86814 ], [ -105.10877, 38.86818 ], [ -105.10882, 38.86821 ], [ -105.10887, 38.86825 ], [ -105.10891, 38.86828 ], [ -105.10895, 38.86832 ], [ -105.109, 38.86835 ], [ -105.10906, 38.8684 ], [ -105.10911, 38.86844 ], [ -105.10917, 38.86848 ], [ -105.10922, 38.86852 ], [ -105.10931, 38.86858 ], [ -105.10937, 38.86862 ], [ -105.10943, 38.86866 ], [ -105.10947, 38.86869 ], [ -105.10952, 38.86873 ], [ -105.10955, 38.86876 ], [ -105.10973, 38.8689 ], [ -105.10973, 38.8689 ], [ -105.10977, 38.86893 ], [ -105.10982, 38.86896 ], [ -105.10988, 38.86899 ], [ -105.10993, 38.86901 ], [ -105.11, 38.86902 ], [ -105.11005, 38.86905 ], [ -105.1101, 38.86908 ], [ -105.11015, 38.86911 ], [ -105.1102, 38.86914 ], [ -105.11026, 38.86917 ], [ -105.11032, 38.8692 ], [ -105.11037, 38.86922 ], [ -105.11042, 38.86925 ], [ -105.11049, 38.86926 ], [ -105.11055, 38.86929 ], [ -105.11062, 38.86931 ], [ -105.11069, 38.86933 ], [ -105.11075, 38.86935 ], [ -105.11081, 38.86936 ], [ -105.11087, 38.86937 ], [ -105.11093, 38.86939 ], [ -105.111, 38.8694 ], [ -105.11106, 38.86941 ], [ -105.11114, 38.86943 ], [ -105.11122, 38.86945 ], [ -105.11128, 38.86947 ], [ -105.11132, 38.8695 ], [ -105.11138, 38.86953 ], [ -105.11144, 38.86956 ], [ -105.11148, 38.86961 ], [ -105.11151, 38.86966 ], [ -105.11154, 38.8697 ], [ -105.11159, 38.86975 ], [ -105.11163, 38.86979 ], [ -105.11168, 38.86983 ], [ -105.11172, 38.86987 ], [ -105.11175, 38.86992 ], [ -105.11179, 38.86996 ], [ -105.11183, 38.87 ], [ -105.11185, 38.87004 ], [ -105.1119, 38.87008 ], [ -105.11194, 38.87011 ], [ -105.11199, 38.87014 ], [ -105.11204, 38.87018 ], [ -105.11224, 38.87031 ], [ -105.11228, 38.87034 ], [ -105.11233, 38.87037 ], [ -105.11238, 38.87041 ], [ -105.11243, 38.87045 ], [ -105.11247, 38.87049 ], [ -105.11251, 38.87053 ], [ -105.11255, 38.87057 ], [ -105.1126, 38.87061 ], [ -105.11264, 38.87065 ], [ -105.11268, 38.87069 ], [ -105.11272, 38.87073 ], [ -105.11276, 38.87076 ], [ -105.11281, 38.8708 ], [ -105.11285, 38.87084 ], [ -105.1129, 38.87087 ], [ -105.11295, 38.87089 ], [ -105.11301, 38.87093 ], [ -105.11306, 38.87095 ], [ -105.11313, 38.87096 ], [ -105.1132, 38.87097 ], [ -105.11326, 38.87098 ], [ -105.11333, 38.871 ], [ -105.11339, 38.87101 ], [ -105.11347, 38.87103 ], [ -105.11355, 38.87104 ], [ -105.11362, 38.87106 ], [ -105.11369, 38.87108 ], [ -105.11375, 38.87109 ], [ -105.11382, 38.8711 ], [ -105.11387, 38.87111 ], [ -105.11393, 38.87112 ], [ -105.114, 38.87113 ], [ -105.11408, 38.87115 ], [ -105.11413, 38.87117 ], [ -105.11419, 38.87119 ], [ -105.11425, 38.87121 ], [ -105.11431, 38.87122 ], [ -105.11438, 38.87123 ], [ -105.11444, 38.87124 ], [ -105.11451, 38.87126 ], [ -105.11458, 38.87127 ], [ -105.11464, 38.87128 ], [ -105.1147, 38.8713 ], [ -105.11478, 38.87131 ], [ -105.11485, 38.87133 ], [ -105.11491, 38.87133 ], [ -105.11497, 38.87135 ], [ -105.11504, 38.87136 ], [ -105.11512, 38.87138 ], [ -105.1152, 38.87139 ], [ -105.11526, 38.8714 ], [ -105.11532, 38.87141 ], [ -105.11538, 38.87142 ], [ -105.11544, 38.87142 ], [ -105.1155, 38.87143 ], [ -105.11557, 38.87143 ], [ -105.11562, 38.87144 ], [ -105.11569, 38.87144 ], [ -105.11575, 38.87145 ], [ -105.11582, 38.87146 ], [ -105.11588, 38.87147 ], [ -105.11594, 38.87148 ], [ -105.116, 38.87149 ], [ -105.11607, 38.87151 ], [ -105.11629, 38.87151 ], [ -105.11688, 38.87165 ], [ -105.11738, 38.87154 ], [ -105.11769, 38.87148 ], [ -105.11795, 38.87148 ], [ -105.11816, 38.87152 ], [ -105.11836, 38.87167 ], [ -105.11856, 38.87192 ], [ -105.11871, 38.87213 ], [ -105.11887, 38.87218 ], [ -105.11901, 38.8721 ], [ -105.11917, 38.87199 ], [ -105.11941, 38.872 ], [ -105.11963, 38.8721 ], [ -105.11979, 38.87219 ], [ -105.12018, 38.87239 ], [ -105.12051, 38.8725 ], [ -105.12096, 38.8726 ], [ -105.12128, 38.87274 ], [ -105.12143, 38.87286 ], [ -105.12161, 38.8731 ], [ -105.12174, 38.87326 ], [ -105.12185, 38.8733 ], [ -105.12197, 38.87327 ], [ -105.12209, 38.87317 ], [ -105.12221, 38.87292 ], [ -105.12221, 38.8726 ], [ -105.12211, 38.87211 ], [ -105.12218, 38.87203 ], [ -105.12246, 38.87214 ], [ -105.12272, 38.87227 ], [ -105.1229, 38.87248 ], [ -105.12313, 38.87287 ], [ -105.12331, 38.87339 ], [ -105.12341, 38.87363 ], [ -105.12357, 38.87371 ], [ -105.12376, 38.87371 ], [ -105.12377, 38.87371 ] ] ] } },
{ "type": "Feature", "properties": { "full_id": "w454609908", "osm_id": "454609908", "osm_type": "way", "route": null, "to": null, "from": null, "roundtrip": null, "operator": null, "distance": null, "descriptio": null, "ascent": null, "modifier": null, "website": null, "old_railwa": null, "wikipedia": null, "wikidata": null, "type": null, "symbol": null, "ref": null, "network": null, "name": "Manitou and Pike's Peak Railway", "is_in_stat": null }, "geometry": { "type": "MultiLineString", "coordinates": [ [ [ -105.0422494, 38.8402588 ], [ -105.0422026, 38.8399588 ], [ -105.0421895, 38.8397891 ], [ -105.042184, 38.8396421 ], [ -105.0421842, 38.8395111 ], [ -105.0422095, 38.839255 ], [ -105.0422932, 38.8390159 ], [ -105.0425411, 38.8384512 ], [ -105.04338, 38.8365122 ], [ -105.0440358, 38.8348459 ], [ -105.0441099, 38.8345741 ], [ -105.0440946, 38.8343675 ], [ -105.0440385, 38.8341558 ], [ -105.0438792, 38.8338953 ], [ -105.0435866, 38.8335328 ], [ -105.0432677, 38.8332158 ], [ -105.0429187, 38.8329474 ], [ -105.0394597, 38.8307678 ], [ -105.0365501, 38.8299253 ], [ -105.0358634, 38.8295174 ], [ -105.0354171, 38.8291029 ], [ -105.0350566, 38.8286081 ], [ -105.0348335, 38.8278458 ], [ -105.0346189, 38.8275048 ], [ -105.0341468, 38.8272106 ], [ -105.033546, 38.8271036 ], [ -105.0301557, 38.8268161 ], [ -105.029809, 38.826709 ], [ -105.029438, 38.826529 ], [ -105.0291343, 38.8261742 ], [ -105.0272632, 38.8215469 ], [ -105.0270658, 38.8204301 ], [ -105.0267139, 38.819641 ], [ -105.0262246, 38.8190258 ], [ -105.0254092, 38.8184373 ], [ -105.0244394, 38.8180762 ], [ -105.0241779, 38.8179748 ], [ -105.0238491, 38.8177631 ], [ -105.0234456, 38.8173505 ], [ -105.0233836, 38.8172871 ], [ -105.0233319, 38.8172232 ], [ -105.0226084, 38.8163294 ], [ -105.0224309, 38.8161101 ], [ -105.0221305, 38.8159496 ], [ -105.0217529, 38.8158426 ], [ -105.0213752, 38.8158091 ], [ -105.0209639, 38.8159552 ], [ -105.0196914, 38.81659 ], [ -105.0192332, 38.816734 ], [ -105.0188103, 38.8168229 ], [ -105.0174613, 38.8170463 ], [ -105.0163627, 38.8174275 ], [ -105.0154529, 38.8179558 ], [ -105.0114618, 38.8207645 ], [ -105.0110755, 38.8212326 ], [ -105.0106905, 38.8222493 ], [ -105.0106464, 38.8228107 ], [ -105.0106528, 38.8232543 ], [ -105.0110154, 38.8241347 ], [ -105.0115476, 38.8250308 ], [ -105.0116163, 38.8254453 ], [ -105.0114961, 38.8258064 ], [ -105.0111871, 38.8261207 ], [ -105.0106034, 38.8263146 ], [ -105.0101485, 38.8264082 ], [ -105.0097795, 38.8266155 ], [ -105.0095477, 38.826883 ], [ -105.0091247, 38.8272657 ], [ -105.0085546, 38.8278117 ], [ -105.0083649, 38.8281153 ], [ -105.0080379, 38.8289877 ], [ -105.0078474, 38.8295509 ], [ -105.0078291, 38.8297533 ], [ -105.0078292, 38.8304948 ], [ -105.00775, 38.830858 ], [ -105.0075977, 38.8311414 ], [ -105.0072872, 38.8313815 ], [ -105.0068698, 38.8315032 ], [ -105.0040717, 38.8319445 ], [ -105.0009455, 38.8323715 ], [ -105.000532, 38.832428 ], [ -104.9926764, 38.8336261 ], [ -104.992215, 38.8336629 ], [ -104.9908266, 38.8337736 ], [ -104.9905028, 38.8337994 ], [ -104.9891973, 38.8339035 ], [ -104.9888196, 38.8340105 ], [ -104.9871888, 38.8349866 ], [ -104.9866395, 38.8351872 ], [ -104.9861589, 38.8352741 ], [ -104.9801336, 38.8355015 ], [ -104.979404, 38.8356352 ], [ -104.9785457, 38.8359427 ], [ -104.9768548, 38.8370258 ], [ -104.9765115, 38.8375072 ], [ -104.975604, 38.839764 ], [ -104.9746145, 38.8417773 ], [ -104.9742198, 38.8424209 ], [ -104.9740066, 38.8426839 ], [ -104.9736877, 38.8429089 ], [ -104.9732671, 38.8431295 ], [ -104.9727092, 38.84329 ], [ -104.972324, 38.843476 ], [ -104.9719453, 38.8437445 ], [ -104.9697652, 38.8460174 ], [ -104.9693704, 38.8462848 ], [ -104.9683404, 38.8466458 ], [ -104.9663749, 38.8471605 ], [ -104.9654307, 38.8471694 ], [ -104.9639459, 38.8475816 ], [ -104.9631734, 38.8476953 ], [ -104.9628043, 38.8478089 ], [ -104.9614053, 38.8489052 ], [ -104.961092, 38.849061 ], [ -104.9609018, 38.8490875 ], [ -104.9600996, 38.8492047 ], [ -104.9596271, 38.8492795 ], [ -104.9590793, 38.8493731 ], [ -104.958633, 38.8495402 ], [ -104.9582896, 38.8496137 ], [ -104.9578862, 38.8495937 ], [ -104.9575515, 38.8495135 ], [ -104.957204, 38.849349 ], [ -104.9565861, 38.8491851 ], [ -104.956385, 38.8491587 ], [ -104.9561731, 38.849167 ], [ -104.9559572, 38.8492015 ] ], [ [ -104.9558687, 38.8492276 ], [ -104.9555843, 38.8493049 ], [ -104.9554207, 38.8493279 ], [ -104.9552641, 38.8493363 ], [ -104.9530883, 38.8491926 ], [ -104.9518695, 38.8495201 ], [ -104.9507194, 38.8495201 ], [ -104.9503589, 38.8496137 ], [ -104.950068, 38.849765 ], [ -104.9491229, 38.8506966 ], [ -104.9487796, 38.8513049 ], [ -104.9485479, 38.8515455 ], [ -104.948299, 38.8517126 ], [ -104.9479814, 38.8518062 ], [ -104.9473119, 38.8518129 ], [ -104.9447541, 38.8514519 ], [ -104.944016, 38.8511846 ], [ -104.94272, 38.8504159 ], [ -104.9423166, 38.850349 ], [ -104.941896, 38.8503423 ], [ -104.9403854, 38.8504092 ], [ -104.9400935, 38.8504827 ], [ -104.939836, 38.8505763 ], [ -104.9386773, 38.851238 ], [ -104.9383254, 38.8516591 ], [ -104.9361453, 38.8528623 ], [ -104.9345145, 38.8534973 ], [ -104.9338708, 38.8538181 ], [ -104.9334588, 38.8541189 ], [ -104.9332065, 38.8543399 ], [ -104.9327369, 38.8547601 ], [ -104.9325576, 38.8549344 ], [ -104.9322471, 38.8553685 ], [ -104.9318324, 38.8557639 ], [ -104.9318177, 38.8557778 ], [ -104.931618, 38.855885 ], [ -104.9314842, 38.8559308 ], [ -104.9309069, 38.8560735 ] ] ] } },
{ "type": "Feature", "properties": { "full_id": "w56228063", "osm_id": "56228063", "osm_type": "way", "route": null, "to": null, "from": null, "roundtrip": null, "operator": null, "distance": null, "descriptio": "Considered difficult, no dogs, parking restricted - plan on using public transportation during summer. Check hours of use: http:\/\/www.manitouincline.net http:\/\/www.manitouincline.net\/main.htm", "ascent": null, "modifier": null, "website": null, "old_railwa": null, "wikipedia": "en:Manitou Incline", "wikidata": "Q6750238", "type": null, "symbol": null, "ref": null, "network": null, "name": "The Incline", "is_in_stat": null }, "geometry": { "type": "MultiLineString", "coordinates": [ [ [ -104.9322837, 38.8568783 ], [ -104.9398023, 38.8576196 ], [ -104.9424912, 38.8578848 ], [ -104.9475039, 38.858379 ] ] ] } },
{ "type": "Feature", "properties": { "full_id": "w78822878", "osm_id": "78822878", "osm_type": "way", "route": null, "to": null, "from": null, "roundtrip": null, "operator": null, "distance": null, "descriptio": null, "ascent": null, "modifier": null, "website": null, "old_railwa": null, "wikipedia": null, "wikidata": null, "type": null, "symbol": null, "ref": null, "network": null, "name": null, "is_in_stat": null }, "geometry": { "type": "MultiLineString", "coordinates": [ [ [ -104.9475039, 38.858379 ], [ -104.9475453, 38.8583024 ], [ -104.9475694, 38.8581854 ], [ -104.9475284, 38.8580304 ], [ -104.9475753, 38.8579355 ], [ -104.9477255, 38.8577935 ], [ -104.9477491, 38.85768 ], [ -104.9476283, 38.8576744 ], [ -104.9473488, 38.8577242 ], [ -104.9471911, 38.8578362 ], [ -104.9471986, 38.8577143 ], [ -104.9472609, 38.8576357 ], [ -104.9474824, 38.857532 ], [ -104.9476516, 38.8574223 ], [ -104.9478413, 38.8573493 ], [ -104.9479072, 38.8572963 ], [ -104.9478305, 38.8572829 ], [ -104.9475318, 38.8573541 ], [ -104.9474058, 38.8574001 ], [ -104.9468881, 38.8573541 ], [ -104.9467648, 38.8573834 ], [ -104.9466634, 38.8575094 ], [ -104.9465448, 38.8576278 ], [ -104.9465025, 38.8571376 ], [ -104.9463093, 38.8573507 ], [ -104.9462739, 38.8571202 ], [ -104.9463141, 38.8569089 ], [ -104.9464319, 38.8567807 ], [ -104.94634, 38.8568053 ], [ -104.9462662, 38.8568467 ], [ -104.9462177, 38.8569297 ], [ -104.9461645, 38.8570624 ], [ -104.9460733, 38.8571209 ], [ -104.9460733, 38.8568744 ], [ -104.9461264, 38.8567004 ], [ -104.9461752, 38.8565444 ], [ -104.9461591, 38.8564609 ], [ -104.9460647, 38.8564372 ], [ -104.9459574, 38.8564789 ], [ -104.9459145, 38.8565458 ], [ -104.9458153, 38.8568027 ], [ -104.9457246, 38.8566238 ], [ -104.9456763, 38.8564191 ], [ -104.9457102, 38.8562254 ], [ -104.9456582, 38.8560639 ], [ -104.9457252, 38.8559903 ], [ -104.9458099, 38.8559714 ], [ -104.9462096, 38.8559401 ], [ -104.9459547, 38.8557918 ], [ -104.9462766, 38.8558429 ], [ -104.9465019, 38.8558837 ], [ -104.9466789, 38.8559004 ], [ -104.9467946, 38.8559313 ] ] ] } },
{ "type": "Feature", "properties": { "full_id": "w79062063", "osm_id": "79062063", "osm_type": "way", "route": null, "to": null, "from": null, "roundtrip": null, "operator": null, "distance": null, "descriptio": null, "ascent": null, "modifier": null, "website": null, "old_railwa": null, "wikipedia": null, "wikidata": null, "type": null, "symbol": null, "ref": null, "network": null, "name": null, "is_in_stat": null }, "geometry": { "type": "MultiLineString", "coordinates": [ [ [ -105.0068708, 38.8475603 ], [ -105.0069057, 38.8475896 ], [ -105.0069513, 38.8476648 ], [ -105.0069835, 38.8477295 ] ] ] } },
{ "type": "Feature", "properties": { "full_id": "w79290959", "osm_id": "79290959", "osm_type": "way", "route": null, "to": null, "from": null, "roundtrip": null, "operator": null, "distance": null, "descriptio": null, "ascent": null, "modifier": null, "website": null, "old_railwa": null, "wikipedia": null, "wikidata": null, "type": null, "symbol": null, "ref": null, "network": null, "name": "Longs Ranch Road", "is_in_stat": null }, "geometry": { "type": "MultiLineString", "coordinates": [ [ [ -104.9562964, 38.8733597 ], [ -104.9562374, 38.8733033 ], [ -104.9561971, 38.8732657 ], [ -104.9561328, 38.8732114 ], [ -104.9559638, 38.8731175 ], [ -104.9555427, 38.872942 ], [ -104.9554247, 38.8729107 ], [ -104.955312, 38.872894 ], [ -104.9551672, 38.8729086 ], [ -104.954966, 38.8729107 ], [ -104.954679, 38.872942 ], [ -104.9544698, 38.8729274 ], [ -104.9542418, 38.8728794 ], [ -104.9541587, 38.8728376 ], [ -104.9541453, 38.8727875 ], [ -104.9541453, 38.8727416 ], [ -104.9541774, 38.8726956 ], [ -104.9542499, 38.8726393 ], [ -104.954384, 38.8725808 ], [ -104.9545234, 38.8724179 ], [ -104.9547461, 38.8721924 ], [ -104.9548587, 38.8721611 ], [ -104.955135, 38.872088 ], [ -104.9552691, 38.8719982 ], [ -104.9553576, 38.8719105 ], [ -104.9554864, 38.871758 ], [ -104.9557009, 38.8714845 ], [ -104.9558887, 38.8711503 ], [ -104.9559236, 38.8710605 ], [ -104.9559477, 38.8709457 ], [ -104.9559557, 38.8708413 ], [ -104.9559289, 38.8707264 ], [ -104.9559396, 38.870599 ], [ -104.9559933, 38.8703798 ], [ -104.9559933, 38.8703359 ], [ -104.9559718, 38.8702858 ], [ -104.9558029, 38.8700477 ], [ -104.9557278, 38.8699412 ], [ -104.9557036, 38.8698869 ], [ -104.955717, 38.8698431 ], [ -104.9557653, 38.8698243 ], [ -104.9558485, 38.8698452 ], [ -104.9559504, 38.869912 ], [ -104.9562401, 38.8701229 ], [ -104.95635, 38.8701981 ], [ -104.9564117, 38.870219 ], [ -104.9564573, 38.8702148 ], [ -104.9564761, 38.8701814 ], [ -104.9564761, 38.8701459 ], [ -104.9564493, 38.8701083 ], [ -104.9564037, 38.8700707 ], [ -104.9562991, 38.8700206 ], [ -104.956232, 38.8699726 ], [ -104.9561435, 38.8698535 ], [ -104.9561113, 38.8697825 ], [ -104.9560925, 38.8696844 ], [ -104.9561006, 38.869628 ], [ -104.9562052, 38.8694066 ], [ -104.9563178, 38.8692229 ], [ -104.9563393, 38.8691581 ], [ -104.95635, 38.8690788 ], [ -104.9563742, 38.868989 ], [ -104.9564117, 38.8688845 ], [ -104.9564707, 38.8688073 ], [ -104.956511, 38.868753 ], [ -104.9567014, 38.8683959 ], [ -104.956798, 38.8682246 ], [ -104.9568301, 38.8681578 ], [ -104.9568355, 38.8681077 ], [ -104.9567685, 38.8677568 ], [ -104.9567202, 38.8675083 ], [ -104.9566987, 38.8673517 ], [ -104.9566692, 38.8672535 ], [ -104.9566102, 38.8671533 ], [ -104.9564788, 38.8670009 ], [ -104.9563903, 38.8668066 ], [ -104.9562588, 38.8664203 ], [ -104.956173, 38.8661258 ], [ -104.9561381, 38.8660214 ], [ -104.9560818, 38.8659587 ], [ -104.9559906, 38.8658815 ], [ -104.9558216, 38.8657812 ], [ -104.9555507, 38.8656517 ], [ -104.9554569, 38.8655912 ], [ -104.9553952, 38.8655578 ], [ -104.9552852, 38.8655578 ], [ -104.9551645, 38.8655682 ], [ -104.9550867, 38.8655682 ], [ -104.9549606, 38.8655431 ], [ -104.9548614, 38.8655097 ], [ -104.9548024, 38.865468 ], [ -104.9547783, 38.8654011 ], [ -104.9547729, 38.8652884 ], [ -104.9547863, 38.8652424 ], [ -104.9548721, 38.8651818 ], [ -104.9549606, 38.8651129 ], [ -104.9549982, 38.8650649 ], [ -104.9550223, 38.8650022 ], [ -104.955076, 38.8649083 ], [ -104.9552047, 38.8647955 ], [ -104.9552315, 38.8647579 ], [ -104.9553308, 38.8645616 ], [ -104.9553764, 38.864524 ], [ -104.955532, 38.8644008 ], [ -104.9555722, 38.8643444 ], [ -104.9555936, 38.8642692 ], [ -104.9556205, 38.8641961 ], [ -104.9556741, 38.8641606 ], [ -104.9557412, 38.8641585 ], [ -104.9558216, 38.8641731 ], [ -104.9559262, 38.8641961 ], [ -104.9559826, 38.8642003 ], [ -104.9560174, 38.8641585 ], [ -104.9560174, 38.8641209 ], [ -104.9560067, 38.8640562 ], [ -104.9559692, 38.8639538 ], [ -104.9558753, 38.8634234 ], [ -104.9558243, 38.8631915 ], [ -104.9557841, 38.8631498 ], [ -104.9557197, 38.8630829 ], [ -104.9556956, 38.8630307 ], [ -104.955709, 38.8629681 ], [ -104.9557814, 38.8629138 ], [ -104.9558941, 38.8628574 ], [ -104.9559638, 38.8628595 ], [ -104.9560523, 38.8627968 ], [ -104.9563608, 38.8625754 ], [ -104.9564278, 38.8625149 ], [ -104.956468, 38.8624459 ], [ -104.9565136, 38.862377 ], [ -104.9566129, 38.8622914 ], [ -104.9566853, 38.8622225 ], [ -104.9567524, 38.8621556 ], [ -104.9568838, 38.862118 ], [ -104.9571225, 38.8620784 ], [ -104.9573934, 38.8620115 ], [ -104.9575141, 38.861999 ], [ -104.9575731, 38.862022 ], [ -104.9576375, 38.8620199 ], [ -104.9576858, 38.8619927 ], [ -104.9577501, 38.8619719 ], [ -104.9579647, 38.861951 ], [ -104.9580908, 38.8619008 ], [ -104.9581471, 38.8618716 ], [ -104.9582088, 38.8618236 ], [ -104.9582678, 38.8618006 ], [ -104.9583456, 38.8617818 ], [ -104.9584046, 38.8617505 ], [ -104.9584448, 38.8617003 ], [ -104.9585092, 38.861669 ], [ -104.9586567, 38.8616502 ], [ -104.9588364, 38.8616272 ], [ -104.9590215, 38.8616231 ], [ -104.9593058, 38.8615938 ], [ -104.9594051, 38.861598 ], [ -104.9596089, 38.8616105 ], [ -104.959676, 38.8616043 ], [ -104.9597538, 38.8615625 ], [ -104.9598181, 38.8615061 ], [ -104.9600247, 38.861314 ], [ -104.9601319, 38.8611907 ], [ -104.9602339, 38.8610341 ], [ -104.9602795, 38.8609318 ], [ -104.960435, 38.8606811 ], [ -104.9605477, 38.8605266 ], [ -104.9606094, 38.8604639 ], [ -104.9606657, 38.8604493 ], [ -104.9607408, 38.8604535 ], [ -104.9608749, 38.8604869 ] ] ] } },
{ "type": "Feature", "properties": { "full_id": "w79290960", "osm_id": "79290960", "osm_type": "way", "route": null, "to": null, "from": null, "roundtrip": null, "operator": null, "distance": null, "descriptio": null, "ascent": null, "modifier": null, "website": null, "old_railwa": null, "wikipedia": null, "wikidata": null, "type": null, "symbol": null, "ref": null, "network": null, "name": "Longs Ranch Road", "is_in_stat": null }, "geometry": { "type": "MultiLineString", "coordinates": [ [ [ -104.9608749, 38.8604869 ], [ -104.9610171, 38.8605287 ], [ -104.9611726, 38.8605704 ], [ -104.9613014, 38.8606018 ], [ -104.9613765, 38.8606435 ], [ -104.9614784, 38.8606937 ], [ -104.9616688, 38.8607772 ], [ -104.9620658, 38.8608273 ], [ -104.9622643, 38.8608837 ], [ -104.9624628, 38.8609506 ], [ -104.9626881, 38.8609589 ], [ -104.9628597, 38.8609986 ], [ -104.9631441, 38.8610863 ], [ -104.9632245, 38.8611135 ], [ -104.9632782, 38.8611531 ], [ -104.9633989, 38.8612847 ], [ -104.9634713, 38.8613348 ], [ -104.9635571, 38.8613745 ], [ -104.9636751, 38.8613745 ], [ -104.9643457, 38.8612993 ], [ -104.9644101, 38.8612743 ], [ -104.9644691, 38.8612346 ], [ -104.9645415, 38.8611657 ], [ -104.9646407, 38.8611093 ], [ -104.9647078, 38.8610633 ], [ -104.9647668, 38.8610195 ], [ -104.9648231, 38.860938 ], [ -104.9650028, 38.8607939 ], [ -104.9651209, 38.8607229 ], [ -104.9651718, 38.8606728 ], [ -104.9652013, 38.8606143 ], [ -104.965212, 38.860537 ], [ -104.9652335, 38.8604263 ], [ -104.9653381, 38.8601715 ], [ -104.9653488, 38.8601026 ], [ -104.9653327, 38.8600462 ], [ -104.9652764, 38.8599919 ], [ -104.9651799, 38.8599522 ], [ -104.9649224, 38.8598854 ], [ -104.9648607, 38.8598833 ], [ -104.964563, 38.8599898 ], [ -104.9645013, 38.8600378 ], [ -104.9644449, 38.8601151 ], [ -104.9643886, 38.860253 ], [ -104.9643457, 38.8602947 ], [ -104.9642786, 38.8603261 ], [ -104.9642116, 38.8603365 ], [ -104.9641472, 38.8603282 ], [ -104.9640721, 38.8602927 ], [ -104.9640185, 38.8602425 ], [ -104.9639648, 38.8601861 ], [ -104.9638897, 38.8599835 ], [ -104.9638066, 38.8597684 ], [ -104.9637234, 38.8596348 ], [ -104.9636081, 38.8595303 ], [ -104.9634901, 38.8594322 ], [ -104.963415, 38.8593528 ], [ -104.9633479, 38.8592525 ], [ -104.9632433, 38.8591335 ], [ -104.9630985, 38.8590186 ], [ -104.9629804, 38.8589351 ], [ -104.9627954, 38.8588369 ], [ -104.9626371, 38.8587116 ], [ -104.9624655, 38.858603 ], [ -104.9623448, 38.8585487 ], [ -104.9622536, 38.8585173 ], [ -104.9621677, 38.8585111 ], [ -104.962106, 38.8584818 ], [ -104.9620873, 38.8584213 ], [ -104.9620283, 38.8582751 ], [ -104.9620068, 38.858227 ], [ -104.9619934, 38.8581477 ], [ -104.9619934, 38.8580704 ], [ -104.9620041, 38.8579973 ], [ -104.9620095, 38.8579618 ], [ -104.9619961, 38.8579242 ], [ -104.9619532, 38.8578928 ], [ -104.9618942, 38.857872 ], [ -104.9618298, 38.8578364 ], [ -104.9617547, 38.857778 ], [ -104.9616849, 38.8577028 ], [ -104.9615669, 38.8575607 ], [ -104.9615374, 38.8575315 ], [ -104.9614757, 38.8574876 ], [ -104.9613658, 38.857448 ], [ -104.9610841, 38.857354 ], [ -104.9609742, 38.8573393 ], [ -104.9608588, 38.8573352 ], [ -104.960781, 38.8573247 ], [ -104.9605879, 38.8572683 ], [ -104.9603009, 38.8571952 ], [ -104.9599227, 38.8570908 ], [ -104.9597242, 38.8570407 ], [ -104.9596438, 38.8570323 ], [ -104.9589491, 38.8571012 ], [ -104.9587399, 38.8571138 ], [ -104.9586192, 38.8570866 ], [ -104.9585119, 38.8570344 ], [ -104.9584073, 38.8570031 ], [ -104.9583081, 38.8569342 ], [ -104.9582008, 38.8568673 ], [ -104.9580533, 38.856813 ], [ -104.9578226, 38.8567691 ], [ -104.9577582, 38.8567441 ], [ -104.9577247, 38.8567031 ] ] ] } },
{ "type": "Feature", "properties": { "full_id": "w79291779", "osm_id": "79291779", "osm_type": "way", "route": null, "to": null, "from": null, "roundtrip": null, "operator": null, "distance": null, "descriptio": null, "ascent": null, "modifier": null, "website": null, "old_railwa": null, "wikipedia": null, "wikidata": null, "type": null, "symbol": null, "ref": null, "network": null, "name": "Bob's Road", "is_in_stat": null }, "geometry": { "type": "MultiLineString", "coordinates": [ [ [ -104.9653327, 38.8600462 ], [ -104.9654262, 38.8600317 ], [ -104.9655282, 38.860015 ], [ -104.9656569, 38.8599941 ], [ -104.9657588, 38.8599398 ], [ -104.9659037, 38.8599252 ], [ -104.9660163, 38.8599252 ], [ -104.9661048, 38.8599106 ], [ -104.9661987, 38.8598625 ], [ -104.9663033, 38.8598354 ], [ -104.9665072, 38.859827 ], [ -104.9667352, 38.8598312 ], [ -104.9668183, 38.8598228 ], [ -104.9670034, 38.8597623 ], [ -104.9672314, 38.8596996 ], [ -104.9673467, 38.8596411 ], [ -104.9673816, 38.8596098 ], [ -104.9674218, 38.8595555 ], [ -104.967454, 38.859426 ], [ -104.9674996, 38.8591858 ], [ -104.967521, 38.859142 ], [ -104.9675693, 38.8590897 ], [ -104.9676712, 38.8590459 ], [ -104.9679341, 38.8589811 ], [ -104.9679958, 38.8589665 ], [ -104.9680441, 38.858931 ], [ -104.9681996, 38.8588266 ], [ -104.9683043, 38.8587618 ], [ -104.9683552, 38.8587389 ], [ -104.9684196, 38.8587389 ], [ -104.9685483, 38.8587472 ], [ -104.968602, 38.858743 ], [ -104.9686503, 38.8587159 ], [ -104.9686771, 38.8586929 ], [ -104.9686905, 38.8586449 ], [ -104.9686851, 38.8585571 ], [ -104.9687093, 38.8584924 ], [ -104.9687522, 38.8584277 ], [ -104.9687656, 38.8583608 ], [ -104.968771, 38.8582125 ], [ -104.9687924, 38.8581812 ], [ -104.9688353, 38.858154 ], [ -104.9689346, 38.8581499 ], [ -104.9690928, 38.8581666 ], [ -104.9692108, 38.8581645 ], [ -104.9693476, 38.8581269 ], [ -104.969463, 38.8580851 ], [ -104.9695059, 38.8580454 ], [ -104.9695327, 38.8579932 ], [ -104.9695837, 38.8579577 ], [ -104.969648, 38.8579389 ], [ -104.969707, 38.8579285 ], [ -104.9697366, 38.8579034 ], [ -104.9697392, 38.8578491 ], [ -104.9697366, 38.8578011 ], [ -104.9697097, 38.8577468 ], [ -104.9696936, 38.8577092 ], [ -104.969707, 38.8576737 ], [ -104.9697339, 38.8576465 ], [ -104.9697741, 38.8576298 ], [ -104.9698438, 38.8576193 ], [ -104.9700075, 38.8576402 ], [ -104.9700396, 38.8576465 ], [ -104.9700906, 38.8576131 ], [ -104.9701603, 38.8575504 ], [ -104.9702086, 38.8575421 ], [ -104.9702649, 38.8575421 ], [ -104.9703588, 38.857565 ], [ -104.9705037, 38.8576214 ], [ -104.9706995, 38.8576528 ], [ -104.970855, 38.8576799 ], [ -104.9709033, 38.8576757 ], [ -104.9709596, 38.8576507 ], [ -104.9709999, 38.8576444 ], [ -104.9710562, 38.857659 ], [ -104.9711179, 38.8576966 ], [ -104.9711662, 38.8577426 ], [ -104.9714639, 38.8577927 ], [ -104.9716141, 38.8578136 ], [ -104.971716, 38.8578115 ], [ -104.9717616, 38.8577906 ], [ -104.9718153, 38.857753 ], [ -104.9718501, 38.8577426 ], [ -104.9719065, 38.8577468 ], [ -104.971944, 38.8577697 ], [ -104.9719628, 38.8578052 ], [ -104.9719816, 38.8578512 ], [ -104.9720191, 38.8578867 ], [ -104.9720674, 38.8578867 ], [ -104.9721103, 38.8578721 ], [ -104.9721479, 38.8578428 ], [ -104.9721613, 38.8577969 ] ] ] } },
{ "type": "Feature", "properties": { "full_id": "w79291928", "osm_id": "79291928", "osm_type": "way", "route": null, "to": null, "from": null, "roundtrip": null, "operator": null, "distance": null, "descriptio": null, "ascent": null, "modifier": null, "website": null, "old_railwa": null, "wikipedia": null, "wikidata": null, "type": null, "symbol": null, "ref": null, "network": null, "name": "Longs Ranch Road", "is_in_stat": null }, "geometry": { "type": "MultiLineString", "coordinates": [ [ [ -104.9585507, 38.8562769 ], [ -104.9585585, 38.8562142 ], [ -104.9585209, 38.8561745 ], [ -104.9584458, 38.8561515 ], [ -104.9581588, 38.8561473 ], [ -104.9580274, 38.8561452 ], [ -104.9578879, 38.8561369 ], [ -104.9575875, 38.8560471 ], [ -104.9575446, 38.8560136 ], [ -104.9575205, 38.855976 ], [ -104.9575285, 38.8559343 ], [ -104.9575661, 38.8558862 ], [ -104.9576197, 38.8558194 ], [ -104.9576546, 38.8557358 ], [ -104.9576573, 38.8556795 ], [ -104.9576438, 38.8556293 ], [ -104.9576117, 38.8555792 ], [ -104.9575714, 38.8555332 ], [ -104.9574212, 38.8553557 ], [ -104.9573408, 38.8552241 ], [ -104.9573005, 38.8551197 ], [ -104.9572469, 38.8549296 ], [ -104.9572415, 38.8548857 ], [ -104.9572683, 38.8548147 ], [ -104.957322, 38.8546163 ], [ -104.9573971, 38.8544596 ], [ -104.9574615, 38.8543406 ], [ -104.9574775, 38.8542863 ], [ -104.9574856, 38.8542257 ], [ -104.9574802, 38.8541609 ], [ -104.9574641, 38.8541129 ], [ -104.9574212, 38.8540774 ], [ -104.9573408, 38.8540085 ], [ -104.9571369, 38.8537453 ], [ -104.9570028, 38.8535573 ], [ -104.9569492, 38.8534758 ], [ -104.9569277, 38.8533839 ], [ -104.9569545, 38.8533233 ], [ -104.9570108, 38.8532293 ], [ -104.9570886, 38.8531437 ], [ -104.9573461, 38.8530246 ], [ -104.9575982, 38.8529139 ], [ -104.9577109, 38.8528492 ], [ -104.9577833, 38.8527635 ], [ -104.9578772, 38.8526696 ], [ -104.9580435, 38.8525588 ], [ -104.9581776, 38.8524983 ], [ -104.9582152, 38.8524064 ], [ -104.9582849, 38.8523479 ], [ -104.9583895, 38.8523082 ], [ -104.9585022, 38.8522957 ], [ -104.9587006, 38.8523019 ], [ -104.9589715, 38.8522977 ], [ -104.9593819, 38.8523521 ], [ -104.9596501, 38.8523688 ], [ -104.9599801, 38.8523437 ], [ -104.9601222, 38.8523165 ], [ -104.9601866, 38.8522852 ], [ -104.9602617, 38.8522267 ], [ -104.9602885, 38.8521787 ], [ -104.9603207, 38.8521348 ], [ -104.9604173, 38.8520868 ], [ -104.9606613, 38.8520387 ], [ -104.9609537, 38.8520053 ], [ -104.9611844, 38.8519782 ], [ -104.9613641, 38.8519531 ], [ -104.9614901, 38.8519218 ], [ -104.9615733, 38.8518779 ], [ -104.9616377, 38.8518278 ], [ -104.9617423, 38.8516857 ], [ -104.9618066, 38.8515917 ], [ -104.9618174, 38.8515019 ], [ -104.9618066, 38.8513996 ], [ -104.9618227, 38.8512429 ], [ -104.9618522, 38.85108 ], [ -104.9619193, 38.8508418 ], [ -104.9619488, 38.8507186 ], [ -104.9619783, 38.8506559 ], [ -104.9620507, 38.8506162 ], [ -104.9621661, 38.8505724 ], [ -104.9622868, 38.8504846 ], [ -104.9624718, 38.8503635 ], [ -104.9626006, 38.8503238 ], [ -104.9627186, 38.8502966 ], [ -104.9627883, 38.8502966 ], [ -104.9628822, 38.8503217 ], [ -104.9631665, 38.8504073 ], [ -104.963373, 38.8505013 ], [ -104.9634562, 38.8505264 ], [ -104.9635554, 38.8504888 ], [ -104.9637888, 38.8503593 ], [ -104.9639068, 38.8503029 ], [ -104.963998, 38.8502799 ], [ -104.9642501, 38.8502381 ], [ -104.9644513, 38.8501985 ], [ -104.9646498, 38.8501525 ], [ -104.9647866, 38.850117 ], [ -104.9648992, 38.8501295 ], [ -104.9649743, 38.8501504 ], [ -104.9650226, 38.8501525 ], [ -104.9650682, 38.8501337 ], [ -104.9650816, 38.8500982 ], [ -104.9650843, 38.8500481 ], [ -104.9650655, 38.8500021 ], [ -104.9650092, 38.8499311 ], [ -104.9648992, 38.8498538 ], [ -104.9647302, 38.8497076 ], [ -104.9646256, 38.8496177 ], [ -104.9645827, 38.8495676 ], [ -104.964572, 38.8495217 ], [ -104.9646176, 38.8495112 ], [ -104.9646793, 38.8495217 ], [ -104.9648295, 38.8495989 ], [ -104.9649636, 38.84967 ], [ -104.9650011, 38.8496741 ], [ -104.9650199, 38.8496533 ], [ -104.9650119, 38.8496261 ], [ -104.9649421, 38.8495697 ], [ -104.9648509, 38.8494861 ], [ -104.9648322, 38.8494214 ], [ -104.9648617, 38.8492668 ], [ -104.9649126, 38.8490579 ], [ -104.9649743, 38.8488574 ], [ -104.965028, 38.8487989 ], [ -104.9651487, 38.8487676 ], [ -104.9654088, 38.8487049 ], [ -104.965602, 38.8486715 ], [ -104.9656905, 38.848661 ], [ -104.9657629, 38.8486276 ], [ -104.9657978, 38.8485733 ], [ -104.9657414, 38.8484897 ], [ -104.9657388, 38.8484312 ], [ -104.9657683, 38.848379 ], [ -104.9658675, 38.8482683 ], [ -104.965948, 38.8482098 ], [ -104.9660821, 38.8481346 ], [ -104.9662135, 38.8480782 ], [ -104.966361, 38.8480385 ], [ -104.9664925, 38.848026 ], [ -104.9667178, 38.8480281 ], [ -104.9668814, 38.8480051 ], [ -104.9670584, 38.8479529 ], [ -104.967391, 38.847838 ], [ -104.9676753, 38.8477419 ], [ -104.9679516, 38.847627 ], [ -104.9681393, 38.8474891 ], [ -104.9682842, 38.8474139 ], [ -104.9684478, 38.8473596 ], [ -104.9686972, 38.847297 ], [ -104.9688474, 38.8472552 ], [ -104.968995, 38.8472573 ], [ -104.9691344, 38.8472698 ], [ -104.9693088, 38.8472489 ], [ -104.9695073, 38.847228 ], [ -104.9697272, 38.8472238 ], [ -104.9698747, 38.8472447 ], [ -104.9701832, 38.8473241 ], [ -104.970438, 38.8473659 ], [ -104.9705211, 38.8473847 ], [ -104.9706285, 38.8473272 ] ] ] } },
{ "type": "Feature", "properties": { "full_id": "w79291929", "osm_id": "79291929", "osm_type": "way", "route": null, "to": null, "from": null, "roundtrip": null, "operator": null, "distance": null, "descriptio": null, "ascent": null, "modifier": null, "website": null, "old_railwa": null, "wikipedia": null, "wikidata": null, "type": null, "symbol": null, "ref": null, "network": null, "name": "Longs Ranch Road", "is_in_stat": null }, "geometry": { "type": "MultiLineString", "coordinates": [ [ [ -104.9712292, 38.8470066 ], [ -104.9712587, 38.8469836 ], [ -104.9712748, 38.8469481 ], [ -104.9712695, 38.8469147 ], [ -104.9712507, 38.8468645 ], [ -104.9712266, 38.8468165 ], [ -104.9711622, 38.8467288 ], [ -104.9710334, 38.8465073 ], [ -104.9709717, 38.8463653 ], [ -104.9709396, 38.8462378 ], [ -104.9709476, 38.8460791 ], [ -104.9710334, 38.8457845 ], [ -104.9710951, 38.8456216 ], [ -104.971138, 38.8454273 ], [ -104.9711702, 38.8453458 ], [ -104.9712802, 38.8452435 ], [ -104.9714304, 38.8450701 ], [ -104.9715055, 38.8449928 ], [ -104.9716021, 38.8449698 ], [ -104.9716906, 38.8448967 ], [ -104.9717254, 38.8448027 ], [ -104.971822, 38.8446648 ], [ -104.9723155, 38.8439274 ], [ -104.9724121, 38.8437979 ], [ -104.9724872, 38.8436454 ], [ -104.9726025, 38.8434949 ] ] ] } },
{ "type": "Feature", "properties": { "full_id": "w79291930", "osm_id": "79291930", "osm_type": "way", "route": null, "to": null, "from": null, "roundtrip": null, "operator": null, "distance": null, "descriptio": null, "ascent": null, "modifier": null, "website": null, "old_railwa": null, "wikipedia": null, "wikidata": null, "type": null, "symbol": null, "ref": null, "network": null, "name": "Longs Ranch Road", "is_in_stat": null }, "geometry": { "type": "MultiLineString", "coordinates": [ [ [ -104.9706285, 38.8473272 ], [ -104.9712292, 38.8470066 ] ] ] } },
{ "type": "Feature", "properties": { "full_id": "w79291931", "osm_id": "79291931", "osm_type": "way", "route": null, "to": null, "from": null, "roundtrip": null, "operator": null, "distance": null, "descriptio": null, "ascent": null, "modifier": null, "website": null, "old_railwa": null, "wikipedia": null, "wikidata": null, "type": null, "symbol": null, "ref": null, "network": null, "name": "Water Pipe Trail", "is_in_stat": null }, "geometry": { "type": "MultiLineString", "coordinates": [ [ [ -104.9705211, 38.8473847 ], [ -104.9706338, 38.8474682 ], [ -104.9707894, 38.8476563 ], [ -104.970894, 38.8477461 ], [ -104.9712024, 38.8480594 ], [ -104.9713928, 38.8482474 ], [ -104.9715913, 38.8484312 ], [ -104.9718461, 38.8486965 ], [ -104.9720017, 38.8488553 ] ] ] } },
{ "type": "Feature", "properties": { "full_id": "w82805116", "osm_id": "82805116", "osm_type": "way", "route": null, "to": null, "from": null, "roundtrip": null, "operator": null, "distance": null, "descriptio": null, "ascent": null, "modifier": null, "website": null, "old_railwa": null, "wikipedia": null, "wikidata": null, "type": null, "symbol": null, "ref": null, "network": null, "name": null, "is_in_stat": null }, "geometry": { "type": "MultiLineString", "coordinates": [ [ [ -104.9475039, 38.858379 ], [ -104.9476893, 38.8583801 ], [ -104.9479816, 38.8584073 ], [ -104.9480621, 38.8584532 ], [ -104.9481989, 38.8586099 ], [ -104.9483974, 38.8587248 ], [ -104.9486334, 38.8587895 ], [ -104.9488534, 38.858825 ], [ -104.9491135, 38.8588563 ], [ -104.9494005, 38.8588584 ], [ -104.949658, 38.8588229 ], [ -104.9498216, 38.8587749 ], [ -104.949945, 38.8587958 ], [ -104.9501381, 38.8588542 ], [ -104.9503366, 38.8589044 ], [ -104.9505405, 38.8589336 ], [ -104.9506478, 38.8589691 ], [ -104.950798, 38.8589921 ], [ -104.9510179, 38.85899 ], [ -104.9511976, 38.8589796 ], [ -104.9513478, 38.8589378 ], [ -104.951447, 38.8588918 ], [ -104.9514712, 38.8588292 ], [ -104.9514497, 38.8587603 ], [ -104.9513934, 38.8586872 ], [ -104.9513237, 38.8585744 ], [ -104.9512378, 38.8583551 ], [ -104.9511037, 38.8580752 ], [ -104.9510581, 38.8579373 ], [ -104.9511064, 38.8577744 ], [ -104.9511654, 38.8576219 ], [ -104.9511708, 38.8575342 ], [ -104.9511601, 38.8574716 ], [ -104.9511842, 38.8574068 ], [ -104.951262, 38.8573713 ], [ -104.9513961, 38.8573692 ], [ -104.9515329, 38.8573964 ], [ -104.9516938, 38.8574361 ], [ -104.9519003, 38.8574528 ], [ -104.9520371, 38.8574632 ], [ -104.9521203, 38.8574193 ], [ -104.9521954, 38.8573504 ], [ -104.9522544, 38.8572523 ], [ -104.9523214, 38.8572021 ], [ -104.9525172, 38.8571938 ], [ -104.9526514, 38.8571708 ], [ -104.9528069, 38.8571228 ], [ -104.9529679, 38.8571207 ], [ -104.9531476, 38.8570998 ], [ -104.9533192, 38.8570622 ], [ -104.9535311, 38.8570538 ], [ -104.9536572, 38.8570246 ], [ -104.9537564, 38.8569452 ], [ -104.9538718, 38.8568888 ], [ -104.9540247, 38.8568366 ], [ -104.9542821, 38.8568032 ], [ -104.9544323, 38.856776 ], [ -104.9545504, 38.8567196 ], [ -104.9546845, 38.8566152 ], [ -104.9547596, 38.8565129 ], [ -104.9548916, 38.8564221 ] ] ] } },
{ "type": "Feature", "properties": { "full_id": "w222721007", "osm_id": "222721007", "osm_type": "way", "route": null, "to": null, "from": null, "roundtrip": null, "operator": null, "distance": null, "descriptio": null, "ascent": null, "modifier": null, "website": null, "old_railwa": null, "wikipedia": null, "wikidata": null, "type": null, "symbol": null, "ref": null, "network": null, "name": "South Fork French Creek", "is_in_stat": null }, "geometry": { "type": "MultiLineString", "coordinates": [ [ [ -105.0161466, 38.856877 ], [ -105.0150958, 38.8559976 ], [ -105.0142018, 38.8552648 ], [ -105.0132608, 38.854251 ], [ -105.0124922, 38.8537991 ], [ -105.0118335, 38.8537625 ], [ -105.0102808, 38.8541289 ], [ -105.0090731, 38.854422 ], [ -105.0089006, 38.8548373 ], [ -105.0089633, 38.8557655 ], [ -105.0085227, 38.8563472 ], [ -105.0076954, 38.8559045 ], [ -105.0053114, 38.8552205 ], [ -105.004935, 38.8548297 ], [ -105.0029902, 38.8549274 ], [ -105.0019654, 38.8543841 ], [ -105.0005957, 38.8545741 ], [ -105.0000745, 38.8545309 ], [ -104.9992316, 38.8525272 ], [ -104.9979187, 38.8517312 ], [ -104.9963282, 38.8517789 ], [ -104.9938813, 38.850969 ], [ -104.9924132, 38.8507785 ], [ -104.9911898, 38.8510166 ], [ -104.9884982, 38.8527316 ], [ -104.9864832, 38.854183 ], [ -104.9843385, 38.8556852 ], [ -104.9829316, 38.8546848 ], [ -104.9813411, 38.8548753 ], [ -104.9796895, 38.8564473 ], [ -104.9773038, 38.8581622 ], [ -104.9767532, 38.8596865 ], [ -104.9754074, 38.8614013 ], [ -104.9748569, 38.8635923 ], [ -104.9743064, 38.8663072 ], [ -104.9732758, 38.8676157 ], [ -104.9726569, 38.8682195 ], [ -104.971628, 38.8685039 ], [ -104.9708974, 38.8692411 ], [ -104.9704798, 38.8696359 ], [ -104.9704798, 38.8701467 ], [ -104.9704798, 38.8707388 ], [ -104.9707035, 38.8714702 ], [ -104.9708824, 38.8717953 ], [ -104.9707482, 38.8720739 ], [ -104.9703456, 38.8730723 ], [ -104.9701816, 38.8738269 ], [ -104.9699981, 38.8739785 ] ] ] } },
{ "type": "Feature", "properties": { "full_id": "w304561640", "osm_id": "304561640", "osm_type": "way", "route": null, "to": null, "from": null, "roundtrip": null, "operator": null, "distance": null, "descriptio": null, "ascent": null, "modifier": null, "website": null, "old_railwa": null, "wikipedia": null, "wikidata": null, "type": null, "symbol": null, "ref": null, "network": null, "name": "Elk Park Trail", "is_in_stat": null }, "geometry": { "type": "MultiLineString", "coordinates": [ [ [ -105.0654488, 38.8762643 ], [ -105.0652489, 38.8763011 ], [ -105.0651093, 38.8763161 ], [ -105.0650104, 38.8763395 ], [ -105.0648471, 38.8763412 ], [ -105.0646624, 38.8763329 ], [ -105.0645227, 38.8762743 ], [ -105.0644969, 38.8762308 ], [ -105.0644539, 38.8761907 ], [ -105.0644475, 38.8761288 ], [ -105.0643809, 38.8760585 ], [ -105.0642477, 38.8758913 ], [ -105.0641424, 38.8757307 ], [ -105.0640693, 38.8756186 ], [ -105.0640156, 38.8755333 ], [ -105.063949, 38.8754329 ], [ -105.0639039, 38.8753627 ], [ -105.0638437, 38.8752807 ], [ -105.0637685, 38.8751753 ], [ -105.0636795, 38.875072 ], [ -105.0636104, 38.8749867 ], [ -105.0635073, 38.8748577 ], [ -105.063463, 38.8747968 ], [ -105.0634212, 38.8747074 ], [ -105.0634043, 38.8746231 ], [ -105.0633756, 38.8744688 ], [ -105.0633586, 38.8743337 ], [ -105.0633312, 38.8741306 ], [ -105.0633208, 38.8740331 ], [ -105.0632895, 38.8738818 ], [ -105.0632092, 38.8735746 ], [ -105.063195, 38.8732825 ], [ -105.0632163, 38.8730869 ], [ -105.0631809, 38.872985 ], [ -105.0630818, 38.8728059 ], [ -105.0630075, 38.8725358 ], [ -105.0629331, 38.8723843 ], [ -105.0628517, 38.8721776 ], [ -105.0627385, 38.8719655 ], [ -105.0627102, 38.871858 ], [ -105.0626323, 38.8717368 ], [ -105.0626358, 38.8716568 ], [ -105.0626182, 38.8716155 ], [ -105.0625438, 38.8715384 ], [ -105.062381, 38.8713868 ], [ -105.062066, 38.8711526 ], [ -105.0619386, 38.8710451 ], [ -105.0617511, 38.8708771 ], [ -105.0616343, 38.8708605 ], [ -105.0615493, 38.8708357 ], [ -105.061429, 38.8707531 ], [ -105.0612768, 38.8706346 ], [ -105.0610432, 38.8705657 ], [ -105.0607884, 38.870483 ], [ -105.0605796, 38.8704031 ], [ -105.0603, 38.8702874 ], [ -105.0600841, 38.8701964 ], [ -105.0598611, 38.870089 ], [ -105.0596205, 38.8699402 ], [ -105.0593302, 38.8697666 ], [ -105.0590471, 38.869615 ], [ -105.0589728, 38.8695902 ], [ -105.0588878, 38.8695269 ], [ -105.0587109, 38.8694139 ], [ -105.0585835, 38.869345 ], [ -105.058311, 38.869119 ], [ -105.0581765, 38.8690529 ], [ -105.0580278, 38.8689868 ], [ -105.0579039, 38.8689592 ], [ -105.057596, 38.8689096 ], [ -105.0572209, 38.8688765 ], [ -105.0571289, 38.8688821 ], [ -105.0570156, 38.8689289 ], [ -105.056874, 38.8689675 ], [ -105.0567077, 38.8689675 ], [ -105.0565201, 38.8689261 ], [ -105.0562547, 38.8688214 ], [ -105.0559609, 38.8686974 ], [ -105.0556636, 38.8685045 ], [ -105.0554548, 38.8683475 ], [ -105.0553557, 38.8682483 ], [ -105.0552566, 38.8681077 ], [ -105.0551257, 38.8679176 ], [ -105.0550443, 38.8677826 ], [ -105.054931, 38.8676641 ], [ -105.0548956, 38.8675897 ], [ -105.0544497, 38.8672094 ], [ -105.0542409, 38.8670909 ], [ -105.0540639, 38.8670303 ], [ -105.053933, 38.8670248 ], [ -105.0533609, 38.8674134 ], [ -105.0532341, 38.8674218 ], [ -105.053146, 38.8674117 ], [ -105.0530816, 38.8674418 ], [ -105.0528796, 38.8675472 ], [ -105.052452, 38.8677597 ], [ -105.0522114, 38.8678634 ], [ -105.052003, 38.8679772 ], [ -105.0518375, 38.8680056 ], [ -105.0516463, 38.8679454 ], [ -105.0516527, 38.8678116 ], [ -105.0517752, 38.8676627 ], [ -105.0520159, 38.8674201 ], [ -105.052263, 38.8671625 ], [ -105.052596, 38.8668831 ], [ -105.0526776, 38.8667961 ], [ -105.0526733, 38.8667375 ], [ -105.0528345, 38.8666054 ], [ -105.052957, 38.8662909 ], [ -105.0529441, 38.8662323 ], [ -105.0530494, 38.8660918 ], [ -105.0531482, 38.8657388 ], [ -105.0531783, 38.8656852 ], [ -105.0532148, 38.865543 ], [ -105.0532814, 38.865456 ], [ -105.0532578, 38.8653975 ], [ -105.0533716, 38.8651114 ], [ -105.0534533, 38.8647367 ], [ -105.0536381, 38.8645024 ], [ -105.053449, 38.8644288 ], [ -105.0532277, 38.8645091 ], [ -105.0530515, 38.8646145 ], [ -105.0528194, 38.8649073 ], [ -105.0527507, 38.8651382 ], [ -105.0527442, 38.8653306 ], [ -105.0526239, 38.8656535 ], [ -105.0525444, 38.865891 ], [ -105.0523102, 38.8661202 ], [ -105.0522157, 38.8661671 ], [ -105.0519342, 38.8664381 ], [ -105.0514035, 38.8666689 ], [ -105.0508062, 38.8668229 ], [ -105.0506687, 38.8668162 ], [ -105.0504731, 38.8668747 ], [ -105.0502174, 38.8669182 ], [ -105.0500606, 38.8669717 ], [ -105.0500004, 38.8669717 ], [ -105.0497447, 38.8670353 ], [ -105.0493945, 38.867119 ], [ -105.0489755, 38.8672561 ], [ -105.0488359, 38.8672679 ], [ -105.048578, 38.8673431 ], [ -105.0484126, 38.8674134 ], [ -105.0480796, 38.8676275 ], [ -105.0475918, 38.867748 ], [ -105.0472502, 38.8678132 ], [ -105.0470804, 38.8678785 ], [ -105.0468828, 38.8679186 ], [ -105.0468011, 38.8680407 ], [ -105.0466034, 38.8680759 ], [ -105.0462683, 38.868203 ], [ -105.0456555, 38.8683451 ], [ -105.0454927, 38.8683313 ], [ -105.0453122, 38.8683891 ], [ -105.0450114, 38.8684718 ], [ -105.0448273, 38.8685352 ], [ -105.0444239, 38.8686619 ], [ -105.0440522, 38.868808 ], [ -105.0438737, 38.8688199 ], [ -105.0438176, 38.8687905 ], [ -105.0437106, 38.8687184 ], [ -105.0432945, 38.868889 ], [ -105.043211, 38.8688829 ], [ -105.0431419, 38.868826 ], [ -105.0430884, 38.8687326 ], [ -105.0430741, 38.8685549 ], [ -105.0429759, 38.8683269 ], [ -105.0428237, 38.8681781 ], [ -105.0425582, 38.8681946 ], [ -105.0422114, 38.868021 ], [ -105.0422185, 38.8676903 ], [ -105.0420592, 38.867412 ], [ -105.042268, 38.8669215 ], [ -105.0421583, 38.866679 ], [ -105.0419035, 38.8665771 ], [ -105.0413018, 38.8664172 ], [ -105.0410187, 38.8664889 ], [ -105.0403533, 38.8664172 ], [ -105.0393517, 38.8665247 ], [ -105.039058, 38.8666019 ], [ -105.0380316, 38.8665633 ], [ -105.0371751, 38.8664475 ], [ -105.0369911, 38.8663869 ], [ -105.0366549, 38.8663483 ], [ -105.0363434, 38.8662354 ], [ -105.0360214, 38.8661857 ], [ -105.0352746, 38.8661306 ], [ -105.0341916, 38.8660011 ], [ -105.0336466, 38.8657807 ], [ -105.0335581, 38.8657421 ], [ -105.0332289, 38.8656401 ], [ -105.0326627, 38.8654224 ], [ -105.0324114, 38.8653205 ], [ -105.0321141, 38.8652543 ], [ -105.0318734, 38.8650725 ], [ -105.0313602, 38.8651221 ], [ -105.03107, 38.8652819 ], [ -105.0309037, 38.8652902 ], [ -105.0307055, 38.8652213 ], [ -105.0306418, 38.8651689 ], [ -105.0304507, 38.8650973 ], [ -105.0301994, 38.8648272 ], [ -105.0297888, 38.864626 ], [ -105.0294101, 38.8644524 ], [ -105.0291199, 38.8642926 ], [ -105.0289465, 38.864265 ], [ -105.0287798, 38.8642259 ], [ -105.0285284, 38.8642041 ], [ -105.0283522, 38.8641205 ], [ -105.0279526, 38.8641221 ], [ -105.0273552, 38.864266 ], [ -105.0270244, 38.8642978 ], [ -105.0267665, 38.8643279 ], [ -105.0264743, 38.8643028 ], [ -105.0259651, 38.8643329 ], [ -105.025761, 38.8643011 ], [ -105.02514, 38.8643329 ], [ -105.0248628, 38.8643279 ], [ -105.0245878, 38.8643162 ], [ -105.024171, 38.8641857 ], [ -105.0238014, 38.8640502 ], [ -105.0236811, 38.8639833 ], [ -105.0232299, 38.8638327 ], [ -105.0227034, 38.863468 ], [ -105.0224456, 38.8632689 ], [ -105.0223489, 38.8632421 ], [ -105.0220202, 38.8631618 ], [ -105.0216721, 38.8630213 ], [ -105.0213519, 38.862864 ], [ -105.0210254, 38.8627084 ], [ -105.02089, 38.8625645 ], [ -105.0207439, 38.8623102 ], [ -105.0206536, 38.8620509 ], [ -105.0206193, 38.8619371 ], [ -105.0203636, 38.8615891 ], [ -105.0201251, 38.8612311 ], [ -105.0200821, 38.8610872 ], [ -105.0200757, 38.8610069 ], [ -105.0197663, 38.8607309 ], [ -105.0192592, 38.8605 ], [ -105.018997, 38.860495 ], [ -105.018765, 38.8605234 ], [ -105.0186812, 38.8604799 ], [ -105.018505, 38.8605234 ], [ -105.018404, 38.8606037 ], [ -105.0183825, 38.8607141 ], [ -105.0182235, 38.8608145 ], [ -105.0179571, 38.8608296 ], [ -105.017826, 38.860848 ], [ -105.017695, 38.8608614 ], [ -105.0175961, 38.8610186 ], [ -105.0176563, 38.8611926 ], [ -105.0176713, 38.8614285 ], [ -105.0176649, 38.8614804 ], [ -105.0175875, 38.8614787 ], [ -105.0175102, 38.8614469 ], [ -105.0174479, 38.8613767 ], [ -105.0172867, 38.8613783 ], [ -105.0170955, 38.8613047 ], [ -105.0168978, 38.8611525 ], [ -105.0167925, 38.861104 ], [ -105.0165519, 38.8608262 ], [ -105.0165048, 38.8604673 ], [ -105.0164765, 38.8602523 ], [ -105.0166145, 38.8598941 ], [ -105.0164942, 38.8596323 ], [ -105.0162464, 38.8594063 ], [ -105.0163066, 38.8592106 ], [ -105.0162358, 38.8589598 ], [ -105.0164092, 38.8582212 ], [ -105.0165508, 38.8578547 ], [ -105.0170923, 38.8577307 ], [ -105.0176267, 38.8576314 ], [ -105.0176833, 38.8575791 ], [ -105.017432, 38.8574881 ], [ -105.017071, 38.8574027 ], [ -105.0167525, 38.8572925 ], [ -105.0163986, 38.8573228 ], [ -105.0162429, 38.8572677 ], [ -105.016119, 38.8571629 ], [ -105.0158854, 38.8569259 ], [ -105.0155633, 38.856416 ], [ -105.0154713, 38.8562341 ], [ -105.0153899, 38.8562121 ], [ -105.015259, 38.8559503 ], [ -105.0150749, 38.8557325 ], [ -105.014675, 38.8554266 ], [ -105.0142184, 38.8551648 ], [ -105.0139035, 38.8548506 ], [ -105.0137513, 38.8547459 ], [ -105.0135531, 38.854699 ], [ -105.013362, 38.8544041 ], [ -105.013185, 38.8540706 ], [ -105.0132452, 38.8540155 ], [ -105.0131355, 38.8537288 ], [ -105.0131708, 38.8534367 ], [ -105.013316, 38.8532686 ], [ -105.0136239, 38.8531445 ], [ -105.0135637, 38.8529709 ], [ -105.0133974, 38.8528358 ], [ -105.0130293, 38.8526787 ], [ -105.0129443, 38.8525437 ], [ -105.012417, 38.8521744 ], [ -105.0120383, 38.8518188 ], [ -105.0119781, 38.8516782 ], [ -105.0120772, 38.8514715 ], [ -105.012194, 38.8512951 ], [ -105.0122188, 38.8511353 ], [ -105.0120808, 38.8509478 ], [ -105.0114225, 38.8504076 ], [ -105.0112561, 38.8501678 ], [ -105.0112137, 38.8499363 ], [ -105.0112951, 38.8496965 ], [ -105.0112068, 38.849555 ], [ -105.0109576, 38.8494379 ], [ -105.0104527, 38.8494563 ], [ -105.0099048, 38.8494346 ], [ -105.0090528, 38.8489205 ], [ -105.0086015, 38.8487883 ], [ -105.0081869, 38.8486093 ], [ -105.0076841, 38.848124 ], [ -105.0073704, 38.8477977 ], [ -105.0071899, 38.8474747 ], [ -105.007021, 38.8474162 ] ] ] } },
{ "type": "Feature", "properties": { "full_id": "w425833178", "osm_id": "425833178", "osm_type": "way", "route": null, "to": null, "from": null, "roundtrip": null, "operator": null, "distance": null, "descriptio": null, "ascent": null, "modifier": null, "website": null, "old_railwa": null, "wikipedia": null, "wikidata": null, "type": null, "symbol": null, "ref": null, "network": null, "name": null, "is_in_stat": null }, "geometry": { "type": "MultiLineString", "coordinates": [ [ [ -104.9423901, 38.8577009 ], [ -104.9423585, 38.8577538 ], [ -104.9423749, 38.8577858 ], [ -104.9424029, 38.8578096 ], [ -104.942438, 38.8578255 ], [ -104.942471, 38.8578478 ], [ -104.9424874, 38.8578732 ], [ -104.9424912, 38.8578848 ] ] ] } },
{ "type": "Feature", "properties": { "full_id": "w488256102", "osm_id": "488256102", "osm_type": "way", "route": null, "to": null, "from": null, "roundtrip": null, "operator": null, "distance": null, "descriptio": null, "ascent": null, "modifier": null, "website": null, "old_railwa": null, "wikipedia": null, "wikidata": null, "type": null, "symbol": null, "ref": null, "network": null, "name": null, "is_in_stat": null }, "geometry": { "type": "MultiLineString", "coordinates": [ [ [ -104.9322261, 38.8569358 ], [ -104.9322304, 38.8568992 ], [ -104.9322376, 38.8568927 ], [ -104.9322479, 38.8568846 ], [ -104.9322837, 38.8568783 ] ] ] } },
{ "type": "Feature", "properties": { "full_id": "w488256105", "osm_id": "488256105", "osm_type": "way", "route": null, "to": null, "from": null, "roundtrip": null, "operator": null, "distance": null, "descriptio": null, "ascent": null, "modifier": null, "website": null, "old_railwa": null, "wikipedia": null, "wikidata": null, "type": null, "symbol": null, "ref": null, "network": null, "name": "Manitou and Pike's Peak Railway", "is_in_stat": null }, "geometry": { "type": "MultiLineString", "coordinates": [ [ [ -104.9559572, 38.8492015 ], [ -104.9558687, 38.8492276 ] ] ] } },
{ "type": "Feature", "properties": { "full_id": "w708571437", "osm_id": "708571437", "osm_type": "way", "route": null, "to": null, "from": null, "roundtrip": null, "operator": null, "distance": null, "descriptio": null, "ascent": null, "modifier": null, "website": null, "old_railwa": null, "wikipedia": null, "wikidata": null, "type": null, "symbol": null, "ref": null, "network": null, "name": "Lake Moraine", "is_in_stat": null }, "geometry": { "type": "MultiLineString", "coordinates": [ [ [ -105.0041806, 38.8463989 ], [ -105.0042497, 38.8463277 ], [ -105.0042605, 38.8462901 ], [ -105.0042417, 38.8462148 ], [ -105.0042497, 38.846125 ], [ -105.0042122, 38.8460832 ], [ -105.0041666, 38.8460039 ], [ -105.0041559, 38.8459057 ], [ -105.0041988, 38.8458555 ], [ -105.0041478, 38.8457699 ], [ -105.0040781, 38.8457156 ], [ -105.0039788, 38.8456069 ], [ -105.0038474, 38.8455464 ], [ -105.0037803, 38.8454983 ], [ -105.0037052, 38.8455505 ], [ -105.0035845, 38.8456278 ], [ -105.0034424, 38.845703 ], [ -105.0032869, 38.8456857 ], [ -105.0031159, 38.8455467 ], [ -105.0030856, 38.8454524 ], [ -105.0030454, 38.8453479 ], [ -105.0029784, 38.8452476 ], [ -105.0028389, 38.8451996 ], [ -105.002804, 38.8451265 ], [ -105.0027155, 38.8450262 ], [ -105.0025841, 38.8449907 ], [ -105.0024312, 38.8449134 ], [ -105.0023856, 38.8448528 ], [ -105.0023024, 38.8447003 ], [ -105.0021925, 38.8445478 ], [ -105.0020691, 38.8444956 ], [ -105.0019591, 38.8444287 ], [ -105.0018787, 38.8443264 ], [ -105.0018331, 38.8441718 ], [ -105.0017311, 38.8440172 ], [ -105.0016507, 38.8439921 ], [ -105.0015917, 38.8439336 ], [ -105.0014871, 38.8438542 ], [ -105.00142, 38.8437728 ], [ -105.0012644, 38.8435973 ], [ -105.001141, 38.8434949 ], [ -105.0011196, 38.8433696 ], [ -105.0010767, 38.8432756 ], [ -105.0010043, 38.8431147 ], [ -105.0009292, 38.8429539 ], [ -105.000846, 38.8426948 ], [ -105.0007468, 38.8424838 ], [ -105.0006545, 38.8423413 ], [ -105.0006052, 38.8421901 ], [ -105.0005713, 38.8420413 ], [ -105.0005929, 38.8418709 ], [ -105.0006853, 38.841751 ], [ -105.0009041, 38.8415998 ], [ -105.0010828, 38.8413934 ], [ -105.0011875, 38.8412494 ], [ -105.0012954, 38.841163 ], [ -105.0013539, 38.8410478 ], [ -105.0014402, 38.8408726 ], [ -105.0014494, 38.8407814 ], [ -105.0014371, 38.8406999 ], [ -105.0014926, 38.8406783 ], [ -105.0015141, 38.8405847 ], [ -105.0015018, 38.8405175 ], [ -105.0015018, 38.8404095 ], [ -105.0014371, 38.8402943 ], [ -105.0013539, 38.8402079 ], [ -105.0012553, 38.8401263 ], [ -105.0011352, 38.8399703 ], [ -105.0010088, 38.8398767 ], [ -105.0009103, 38.8397711 ], [ -105.0007993, 38.8397543 ], [ -105.0006823, 38.8396799 ], [ -105.0005621, 38.8396055 ], [ -105.0004234, 38.8395623 ], [ -105.0002232, 38.8395527 ], [ -105.0000383, 38.8394903 ], [ -104.9998535, 38.8394519 ], [ -104.9997456, 38.8394519 ], [ -104.9996686, 38.8393679 ], [ -104.9995946, 38.8392648 ], [ -104.9995423, 38.8391424 ], [ -104.9995392, 38.839032 ], [ -104.9995238, 38.838996 ], [ -104.999493, 38.8388448 ], [ -104.9994683, 38.83872 ], [ -104.9995207, 38.8385736 ], [ -104.9995916, 38.8384608 ], [ -104.9995885, 38.8383624 ], [ -104.9995854, 38.8382664 ], [ -104.9996255, 38.8381824 ], [ -104.9995885, 38.8381104 ], [ -104.9994591, 38.8379928 ], [ -104.9993759, 38.8378872 ], [ -104.9992588, 38.8377576 ], [ -104.9991633, 38.8376616 ], [ -104.9990555, 38.8375128 ], [ -104.9989661, 38.8373904 ], [ -104.9988737, 38.8373472 ], [ -104.9987874, 38.8373544 ], [ -104.9986796, 38.8373352 ], [ -104.9985563, 38.8372656 ], [ -104.9984516, 38.8372512 ], [ -104.9983653, 38.8372368 ], [ -104.9982636, 38.8372224 ], [ -104.9981804, 38.83728 ], [ -104.9980634, 38.837304 ], [ -104.9979278, 38.8373472 ], [ -104.9977984, 38.8374264 ], [ -104.9976505, 38.8374696 ], [ -104.9974472, 38.8374672 ], [ -104.9973362, 38.8374192 ], [ -104.9972192, 38.8373256 ], [ -104.9971514, 38.8372968 ], [ -104.9970836, 38.8373616 ], [ -104.996985, 38.8374168 ], [ -104.9969111, 38.837376 ], [ -104.9968402, 38.837364 ], [ -104.9967786, 38.8372944 ], [ -104.9966923, 38.8371529 ], [ -104.9966707, 38.8370065 ], [ -104.9966923, 38.8368817 ], [ -104.9965906, 38.8367977 ], [ -104.996492, 38.8366921 ], [ -104.9963102, 38.8365625 ], [ -104.9962271, 38.8365025 ], [ -104.9960935, 38.8364706 ], [ -104.9958857, 38.8364924 ], [ -104.9957315, 38.8365215 ], [ -104.9956451, 38.8365215 ], [ -104.9955611, 38.8365361 ], [ -104.9954654, 38.8365451 ], [ -104.9953556, 38.8366288 ], [ -104.9952786, 38.8367398 ], [ -104.9952132, 38.8368161 ], [ -104.9951501, 38.8368744 ], [ -104.9948653, 38.8370581 ], [ -104.9947742, 38.8370762 ], [ -104.9947041, 38.8370526 ], [ -104.9945384, 38.8370308 ], [ -104.9943796, 38.8369889 ], [ -104.9943119, 38.8369125 ], [ -104.9941624, 38.8368834 ], [ -104.9940714, 38.8367925 ], [ -104.9939639, 38.8367325 ], [ -104.9938332, 38.8366415 ], [ -104.9937304, 38.8364906 ], [ -104.9935717, 38.8363742 ], [ -104.993518, 38.836276 ], [ -104.9932354, 38.8360068 ], [ -104.993149, 38.8358431 ], [ -104.9930977, 38.835794 ], [ -104.9929879, 38.8357467 ], [ -104.9929085, 38.8356557 ], [ -104.9928128, 38.8355466 ], [ -104.9927287, 38.8354629 ], [ -104.9925466, 38.8354247 ], [ -104.9924275, 38.8353338 ], [ -104.9922944, 38.835312 ], [ -104.992187, 38.835272 ], [ -104.9920936, 38.8351756 ], [ -104.9919885, 38.8350792 ], [ -104.9917457, 38.8350173 ], [ -104.9916079, 38.8348991 ], [ -104.9914608, 38.8348573 ], [ -104.9913908, 38.8348209 ], [ -104.991302, 38.8347227 ], [ -104.9912203, 38.8346608 ], [ -104.9911386, 38.8346445 ], [ -104.9910919, 38.8346044 ], [ -104.9910008, 38.8345481 ], [ -104.9908771, 38.8344971 ], [ -104.990793, 38.8344371 ], [ -104.9906996, 38.8344044 ], [ -104.9906109, 38.8344153 ], [ -104.9904941, 38.8344262 ], [ -104.9904381, 38.834408 ], [ -104.9903774, 38.834388 ], [ -104.99034, 38.8343662 ], [ -104.9903564, 38.8343407 ], [ -104.9904171, 38.8343134 ], [ -104.9905082, 38.8342934 ], [ -104.9906296, 38.834277 ], [ -104.9906903, 38.8342534 ], [ -104.9906553, 38.8342279 ], [ -104.9905432, 38.8342061 ], [ -104.9904825, 38.8341606 ], [ -104.9904148, 38.8341224 ], [ -104.99034, 38.8341133 ], [ -104.9903657, 38.8340806 ], [ -104.9904171, 38.8340588 ], [ -104.9904918, 38.8340424 ], [ -104.9905222, 38.8339751 ], [ -104.9905245, 38.8339278 ], [ -104.990512, 38.8338516 ], [ -104.9905028, 38.8337994 ], [ -104.9904934, 38.8337438 ], [ -104.9904893, 38.833656 ], [ -104.9905255, 38.8336372 ], [ -104.9905671, 38.8336362 ], [ -104.9906181, 38.8336331 ], [ -104.9906677, 38.8335735 ], [ -104.9907093, 38.8335192 ], [ -104.9907213, 38.8334513 ], [ -104.9906972, 38.8333176 ], [ -104.9905872, 38.8331431 ], [ -104.9904692, 38.8330888 ], [ -104.9900615, 38.8329342 ], [ -104.989863, 38.8327336 ], [ -104.9895412, 38.8325706 ], [ -104.9893534, 38.8325246 ], [ -104.9888706, 38.8326291 ], [ -104.9885005, 38.8326834 ], [ -104.9881625, 38.8326793 ], [ -104.9879909, 38.8325832 ], [ -104.9878085, 38.8323074 ], [ -104.9878353, 38.8321527 ], [ -104.9880499, 38.8320357 ], [ -104.9881572, 38.8317892 ], [ -104.9882054, 38.8314674 ], [ -104.9884629, 38.8311874 ], [ -104.9887848, 38.8310788 ], [ -104.9888974, 38.8308907 ], [ -104.9888438, 38.8307277 ], [ -104.9885541, 38.8304519 ], [ -104.9883825, 38.830431 ], [ -104.9882484, 38.8303725 ], [ -104.9882752, 38.8301678 ], [ -104.9888492, 38.8296747 ], [ -104.9895412, 38.8294991 ], [ -104.9897933, 38.8294782 ], [ -104.99026, 38.829378 ], [ -104.9905926, 38.8289768 ], [ -104.9905443, 38.8285463 ], [ -104.9897611, 38.8276186 ], [ -104.9892139, 38.826975 ], [ -104.9887151, 38.8265111 ], [ -104.9887204, 38.8261893 ], [ -104.9896324, 38.8255332 ], [ -104.9904317, 38.8251738 ], [ -104.9904317, 38.824923 ], [ -104.9902922, 38.8247768 ], [ -104.989965, 38.8246556 ], [ -104.9896216, 38.8246347 ], [ -104.9890745, 38.8246388 ], [ -104.9881142, 38.8248771 ], [ -104.9878299, 38.8248812 ], [ -104.9873579, 38.8248185 ], [ -104.9869502, 38.8246848 ], [ -104.986741, 38.8245093 ], [ -104.9872345, 38.8245302 ], [ -104.9875832, 38.8245553 ], [ -104.987964, 38.8243881 ], [ -104.9883986, 38.8242627 ], [ -104.9888331, 38.8241624 ], [ -104.9897021, 38.823966 ], [ -104.989847, 38.8237445 ], [ -104.989171, 38.8233683 ], [ -104.9884147, 38.8229253 ], [ -104.9881464, 38.8224447 ], [ -104.9881491, 38.8222357 ], [ -104.9883986, 38.8219808 ], [ -104.988538, 38.821847 ], [ -104.9886346, 38.8217217 ], [ -104.9886641, 38.8216005 ], [ -104.9887928, 38.8214479 ], [ -104.9890396, 38.8213037 ], [ -104.9891469, 38.8210049 ], [ -104.9892381, 38.8208126 ], [ -104.9893481, 38.8206747 ], [ -104.9894419, 38.8204845 ], [ -104.9893212, 38.820403 ], [ -104.9891523, 38.8204845 ], [ -104.9890128, 38.8205556 ], [ -104.9889216, 38.8206455 ], [ -104.988876, 38.8206308 ], [ -104.9888787, 38.8205535 ], [ -104.9889296, 38.8204992 ], [ -104.9889484, 38.8204407 ], [ -104.9888787, 38.820449 ], [ -104.9887472, 38.8205849 ], [ -104.9886239, 38.8205932 ], [ -104.9886963, 38.8205075 ], [ -104.9887365, 38.8203968 ], [ -104.9887607, 38.8203006 ], [ -104.9887151, 38.8202526 ], [ -104.9885944, 38.8202818 ], [ -104.9884763, 38.820286 ], [ -104.9883637, 38.8202275 ], [ -104.9883905, 38.8200144 ], [ -104.9883851, 38.819912 ], [ -104.9883771, 38.81982 ], [ -104.9883637, 38.8197657 ], [ -104.9882671, 38.8197072 ], [ -104.9881169, 38.8196695 ], [ -104.9880794, 38.8195985 ], [ -104.9881062, 38.8194146 ], [ -104.9882832, 38.8188336 ], [ -104.9883154, 38.818656 ], [ -104.9884039, 38.8185536 ], [ -104.9886131, 38.8184533 ], [ -104.9888518, 38.8184198 ], [ -104.9889806, 38.818307 ], [ -104.9891067, 38.8181774 ], [ -104.9892381, 38.8180897 ], [ -104.9893776, 38.8180876 ], [ -104.9894366, 38.8182485 ], [ -104.9893749, 38.8183404 ], [ -104.9893749, 38.8184596 ], [ -104.9895626, 38.8184616 ], [ -104.9897665, 38.8184282 ], [ -104.9898255, 38.8183383 ], [ -104.989796, 38.8181795 ], [ -104.9896967, 38.8180771 ], [ -104.9895868, 38.8179016 ], [ -104.9895868, 38.8177532 ], [ -104.9895519, 38.8175923 ], [ -104.9894071, 38.8174815 ], [ -104.9893346, 38.817306 ], [ -104.9893346, 38.817168 ], [ -104.9894419, 38.8171701 ], [ -104.9894795, 38.8172057 ], [ -104.9895492, 38.8172161 ], [ -104.9895358, 38.8170907 ], [ -104.9894446, 38.816865 ], [ -104.9892998, 38.8167271 ], [ -104.9891925, 38.8165641 ], [ -104.9891469, 38.8163864 ], [ -104.9890772, 38.816259 ], [ -104.9890155, 38.8161691 ], [ -104.9889162, 38.8161085 ], [ -104.9888197, 38.8160395 ], [ -104.9889296, 38.8160249 ], [ -104.9890718, 38.8160395 ], [ -104.9891737, 38.8160709 ], [ -104.9892408, 38.8161565 ], [ -104.9893239, 38.8162464 ], [ -104.9893749, 38.8162025 ], [ -104.9893373, 38.8160562 ], [ -104.9892247, 38.8159308 ], [ -104.9890745, 38.8158117 ], [ -104.9889618, 38.8156571 ], [ -104.9889565, 38.8154648 ], [ -104.9889618, 38.8152913 ], [ -104.9888116, 38.814842 ], [ -104.9885595, 38.8142735 ], [ -104.9885005, 38.8140395 ], [ -104.9884227, 38.8135734 ], [ -104.9883717, 38.8134125 ], [ -104.98831, 38.8133456 ], [ -104.9882269, 38.8133101 ], [ -104.9881116, 38.8133017 ], [ -104.9879935, 38.8133289 ], [ -104.9878004, 38.8134062 ], [ -104.9876073, 38.8135212 ], [ -104.9873579, 38.813634 ], [ -104.987146, 38.8136382 ], [ -104.9869877, 38.8136696 ], [ -104.9868053, 38.8137009 ], [ -104.9866229, 38.8137887 ], [ -104.9864888, 38.813843 ], [ -104.9864298, 38.8138033 ], [ -104.9865747, 38.8136988 ], [ -104.9866873, 38.813586 ], [ -104.98658, 38.8135818 ], [ -104.986403, 38.8136716 ], [ -104.986285, 38.8137615 ], [ -104.986226, 38.8137511 ], [ -104.9862474, 38.813657 ], [ -104.9863896, 38.813563 ], [ -104.9865505, 38.8134041 ], [ -104.9866551, 38.8132098 ], [ -104.9869528, 38.8130656 ], [ -104.9870923, 38.8129945 ], [ -104.9872828, 38.8128837 ], [ -104.9874035, 38.8128022 ], [ -104.9874732, 38.8127124 ], [ -104.9875724, 38.8126476 ], [ -104.9877656, 38.8125243 ], [ -104.988015, 38.8123926 ], [ -104.9880204, 38.8123466 ], [ -104.9879158, 38.8123633 ], [ -104.9878353, 38.8124093 ], [ -104.9877226, 38.8124156 ], [ -104.987618, 38.8124072 ], [ -104.987441, 38.8123466 ], [ -104.9872533, 38.8122923 ], [ -104.9870548, 38.8122902 ], [ -104.9868616, 38.8123278 ], [ -104.9867383, 38.8123612 ], [ -104.9865854, 38.8123905 ], [ -104.9865156, 38.8123424 ], [ -104.9865666, 38.8122463 ], [ -104.9867946, 38.812123 ], [ -104.9869368, 38.8120164 ], [ -104.9870923, 38.8118492 ], [ -104.9871326, 38.811682 ], [ -104.9872398, 38.8112431 ], [ -104.987331, 38.8110905 ], [ -104.9875376, 38.8109359 ], [ -104.9875939, 38.8108523 ], [ -104.9875993, 38.8107937 ], [ -104.9875161, 38.8107206 ], [ -104.9870735, 38.8105325 ], [ -104.986918, 38.810474 ] ] ] } },
{ "type": "Feature", "properties": { "full_id": "r6457461", "osm_id": "6457461", "osm_type": "relation", "route": "mtb", "to": null, "from": null, "roundtrip": null, "operator": null, "distance": null, "descriptio": null, "ascent": null, "modifier": null, "website": null, "old_railwa": null, "wikipedia": null, "wikidata": null, "type": null, "symbol": null, "ref": null, "network": null, "name": "Heizer Trail", "is_in_stat": null }, "geometry": { "type": "MultiLineString", "coordinates": [ [ [ -104.9811182, 38.8516443 ], [ -104.9811852, 38.8516903 ], [ -104.9812898, 38.8517467 ], [ -104.9813756, 38.8518156 ], [ -104.98144, 38.8518804 ], [ -104.9815768, 38.8519284 ], [ -104.9818236, 38.8519723 ], [ -104.9820864, 38.8520412 ], [ -104.9823922, 38.8521289 ], [ -104.9826604, 38.8521937 ], [ -104.9828804, 38.8522731 ], [ -104.9830976, 38.8524548 ], [ -104.9831432, 38.8525655 ], [ -104.9831325, 38.8527577 ], [ -104.9832183, 38.8529122 ], [ -104.9833471, 38.8530606 ], [ -104.9835402, 38.8532694 ], [ -104.9836421, 38.8534616 ], [ -104.9837226, 38.8536997 ], [ -104.9838245, 38.8538606 ], [ -104.9840283, 38.8539838 ], [ -104.9842268, 38.8540611 ], [ -104.9844951, 38.8540548 ], [ -104.9846801, 38.8541008 ], [ -104.9848652, 38.8541801 ], [ -104.9849591, 38.8542908 ], [ -104.9850047, 38.8543159 ], [ -104.9850717, 38.8543305 ], [ -104.9850851, 38.8544057 ], [ -104.9850074, 38.854529 ], [ -104.9850261, 38.8546459 ], [ -104.9850074, 38.8547316 ], [ -104.9848947, 38.8548214 ], [ -104.9847391, 38.8549112 ], [ -104.9846882, 38.8549571 ], [ -104.9846748, 38.8549927 ], [ -104.9847311, 38.855024 ], [ -104.9849457, 38.8550595 ], [ -104.985171, 38.8550908 ], [ -104.9853185, 38.8551117 ], [ -104.9855223, 38.8551639 ], [ -104.9857047, 38.8552579 ], [ -104.9860105, 38.8553686 ], [ -104.9862412, 38.8554167 ], [ -104.9864343, 38.8554668 ], [ -104.986673, 38.8555169 ], [ -104.9869707, 38.8556109 ], [ -104.987239, 38.8556986 ], [ -104.9873892, 38.8557321 ], [ -104.9875474, 38.8557571 ], [ -104.9877003, 38.8559221 ], [ -104.9878129, 38.8561018 ], [ -104.9878559, 38.8561958 ], [ -104.9878156, 38.8563357 ], [ -104.9878317, 38.8564694 ], [ -104.987931, 38.8565487 ], [ -104.9881107, 38.8566031 ], [ -104.9883923, 38.8566469 ], [ -104.988631, 38.8566699 ], [ -104.9888134, 38.8566615 ], [ -104.9890924, 38.8566135 ], [ -104.9893579, 38.8565571 ], [ -104.9896744, 38.8564422 ], [ -104.9903047, 38.8562354 ], [ -104.9907044, 38.8561247 ], [ -104.9908653, 38.8561185 ], [ -104.9910155, 38.8561415 ], [ -104.9911255, 38.8561832 ], [ -104.9912033, 38.8562396 ], [ -104.9912489, 38.8563441 ], [ -104.9912784, 38.8565634 ], [ -104.9913132, 38.8567326 ], [ -104.991273, 38.8569748 ], [ -104.9912596, 38.8572088 ], [ -104.9912381, 38.8574928 ], [ -104.9912408, 38.8578061 ], [ -104.9913025, 38.8580192 ], [ -104.9913535, 38.8582761 ], [ -104.9913561, 38.8585434 ], [ -104.9913749, 38.8587481 ], [ -104.991324, 38.8590029 ], [ -104.9913401, 38.8591992 ], [ -104.9914608, 38.859429 ], [ -104.9915063, 38.8596253 ], [ -104.99156, 38.859782 ], [ -104.9916539, 38.8598968 ], [ -104.9918282, 38.8600556 ], [ -104.9924773, 38.86082 ], [ -104.9926865, 38.8611019 ], [ -104.9928421, 38.8612836 ], [ -104.9930728, 38.8613985 ], [ -104.9933276, 38.8614904 ], [ -104.9936253, 38.8616115 ], [ -104.9938479, 38.8617181 ], [ -104.9939928, 38.8618079 ], [ -104.9940062, 38.8619227 ], [ -104.9938586, 38.8621065 ], [ -104.9937111, 38.8623404 ], [ -104.9936816, 38.8625013 ], [ -104.993695, 38.862683 ], [ -104.9937245, 38.8629043 ], [ -104.9937192, 38.8631445 ], [ -104.9937916, 38.863439 ], [ -104.9938533, 38.863627 ], [ -104.9937782, 38.8638087 ], [ -104.9935395, 38.8640467 ], [ -104.9933785, 38.8642994 ], [ -104.9934805, 38.864596 ], [ -104.9935448, 38.864832 ], [ -104.9937433, 38.8652727 ], [ -104.9938318, 38.8655692 ], [ -104.9938721, 38.8656966 ], [ -104.9941295, 38.8659806 ], [ -104.9944246, 38.8659911 ], [ -104.9947196, 38.8658324 ], [ -104.9950791, 38.8655442 ], [ -104.9952453, 38.8653896 ], [ -104.995586, 38.8650408 ], [ -104.9959052, 38.8647359 ], [ -104.9965945, 38.8644623 ], [ -104.9971175, 38.864383 ], [ -104.9975494, 38.8642702 ], [ -104.99778, 38.8640572 ], [ -104.998177, 38.8639005 ], [ -104.9984533, 38.8637251 ], [ -104.9985579, 38.8636938 ], [ -104.9986249, 38.8637126 ], [ -104.9986705, 38.8638295 ], [ -104.9987564, 38.8642827 ], [ -104.9987751, 38.8644331 ], [ -104.9986947, 38.8646587 ], [ -104.9985954, 38.8648404 ], [ -104.9983433, 38.8649865 ], [ -104.9976271, 38.8652351 ], [ -104.9972972, 38.8654126 ], [ -104.9970692, 38.8656423 ], [ -104.9969164, 38.8659911 ], [ -104.9968681, 38.8661435 ], [ -104.9968493, 38.8663106 ], [ -104.9968118, 38.8666447 ], [ -104.9968144, 38.8668891 ], [ -104.9968064, 38.867029 ], [ -104.9966401, 38.8672399 ], [ -104.9965891, 38.8676033 ], [ -104.9965113, 38.8681943 ], [ -104.9964658, 38.8684199 ], [ -104.9965435, 38.868683 ], [ -104.9965006, 38.8689231 ], [ -104.9963209, 38.8692134 ], [ -104.9960446, 38.8696332 ], [ -104.9959239, 38.8699234 ], [ -104.9957925, 38.8701824 ], [ -104.9956638, 38.8704873 ], [ -104.9955028, 38.8708903 ], [ -104.9953365, 38.8714333 ], [ -104.995189, 38.8718175 ], [ -104.9950174, 38.8721641 ], [ -104.9947786, 38.8723813 ], [ -104.9944809, 38.8725442 ], [ -104.9941027, 38.8727071 ], [ -104.9935958, 38.872966 ], [ -104.9931264, 38.8731957 ], [ -104.9926114, 38.8734108 ], [ -104.9921528, 38.8736155 ], [ -104.9918792, 38.8737178 ], [ -104.991729, 38.8737178 ], [ -104.991611, 38.8736196 ], [ -104.9913964, 38.8732793 ], [ -104.9912971, 38.8731519 ], [ -104.9910933, 38.8730579 ], [ -104.9908921, 38.8730579 ], [ -104.9906856, 38.8730997 ], [ -104.9905568, 38.8732751 ], [ -104.990302, 38.873438 ], [ -104.9900848, 38.873628 ], [ -104.9899346, 38.873818 ], [ -104.9898461, 38.8740707 ], [ -104.9897629, 38.8742816 ], [ -104.9895349, 38.8744382 ], [ -104.989315, 38.8745468 ], [ -104.9890575, 38.8746032 ], [ -104.9885613, 38.8746157 ], [ -104.9880731, 38.8746407 ], [ -104.9876708, 38.8747159 ], [ -104.9873194, 38.8748141 ], [ -104.9870217, 38.8749414 ], [ -104.986665, 38.875025 ], [ -104.986378, 38.8750939 ], [ -104.9861285, 38.8751837 ], [ -104.9859998, 38.875286 ], [ -104.985922, 38.875453 ], [ -104.985863, 38.875641 ], [ -104.9858147, 38.8757913 ], [ -104.985863, 38.8760064 ], [ -104.9861848, 38.8763989 ], [ -104.9864262, 38.8767163 ], [ -104.9866515, 38.8769627 ], [ -104.9867857, 38.8770609 ], [ -104.9870539, 38.877111 ], [ -104.9872363, 38.8771131 ], [ -104.9874562, 38.8770546 ], [ -104.9877459, 38.8770421 ], [ -104.988049, 38.8770316 ], [ -104.9882287, 38.8770128 ], [ -104.988564, 38.8768876 ], [ -104.9888402, 38.8767665 ], [ -104.9890012, 38.8766808 ], [ -104.9891916, 38.8765827 ], [ -104.9895537, 38.876614 ], [ -104.9899694, 38.8766495 ], [ -104.9902296, 38.8767017 ], [ -104.9904925, 38.8767852 ], [ -104.9909887, 38.8768792 ], [ -104.9910584, 38.8769732 ], [ -104.9909324, 38.8769878 ], [ -104.9906561, 38.8769168 ], [ -104.9902698, 38.8768124 ], [ -104.9899775, 38.876804 ], [ -104.9897575, 38.8768333 ], [ -104.989669, 38.8769084 ], [ -104.9896234, 38.8770003 ], [ -104.9895376, 38.8771653 ], [ -104.9893954, 38.8773741 ], [ -104.9893203, 38.8774242 ], [ -104.9891862, 38.8774618 ], [ -104.9887624, 38.8775808 ], [ -104.9883816, 38.8776706 ], [ -104.9880892, 38.8777416 ], [ -104.9877378, 38.8778564 ], [ -104.9875394, 38.8779065 ], [ -104.9873355, 38.8779212 ], [ -104.9870727, 38.8779567 ], [ -104.9870056, 38.8779963 ], [ -104.9870002, 38.8780819 ], [ -104.9870539, 38.8782093 ], [ -104.9872765, 38.8784139 ], [ -104.9875984, 38.8786499 ], [ -104.9878371, 38.8788963 ], [ -104.9881321, 38.8791573 ], [ -104.9883762, 38.8793348 ], [ -104.9884513, 38.879435 ], [ -104.9884486, 38.8795519 ], [ -104.9883869, 38.8798046 ], [ -104.9883413, 38.8799633 ], [ -104.9883413, 38.8801282 ], [ -104.9883896, 38.8803391 ], [ -104.9884218, 38.8804205 ], [ -104.9885345, 38.8804226 ], [ -104.9887061, 38.8804393 ], [ -104.9888778, 38.8805166 ], [ -104.9889958, 38.8806189 ], [ -104.9889663, 38.8808193 ], [ -104.9888912, 38.8811931 ], [ -104.9888536, 38.8815021 ], [ -104.9888429, 38.8817151 ], [ -104.9887678, 38.8817422 ], [ -104.9886498, 38.8817025 ], [ -104.988513, 38.8816378 ], [ -104.9884647, 38.8815543 ], [ -104.988336, 38.8814478 ], [ -104.9882233, 38.8814019 ], [ -104.9881643, 38.8814374 ], [ -104.9881831, 38.8814979 ], [ -104.9882475, 38.881571 ], [ -104.9882716, 38.881665 ], [ -104.9881965, 38.8816984 ], [ -104.9880007, 38.8816775 ], [ -104.9879041, 38.8816691 ], [ -104.9878317, 38.8816921 ], [ -104.9878344, 38.8817798 ], [ -104.9878639, 38.8819009 ], [ -104.9878934, 38.8820095 ], [ -104.9880543, 38.8823039 ], [ -104.9881563, 38.8824124 ], [ -104.9882153, 38.8824876 ], [ -104.9881965, 38.8825857 ], [ -104.988057, 38.8826776 ], [ -104.9878478, 38.8829616 ], [ -104.987652, 38.8832288 ], [ -104.9873945, 38.8836234 ], [ -104.9870458, 38.8840139 ], [ -104.9868742, 38.8843688 ], [ -104.9868527, 38.8844836 ], [ -104.9868688, 38.8845254 ], [ -104.9869064, 38.8845525 ], [ -104.9869144, 38.8846381 ], [ -104.986901, 38.8847822 ], [ -104.9868581, 38.8848386 ], [ -104.9868661, 38.8848908 ], [ -104.9869278, 38.8849534 ], [ -104.9870002, 38.8851914 ], [ -104.9869895, 38.8854294 ], [ -104.9869064, 38.8856403 ], [ -104.9866918, 38.8859013 ], [ -104.9864718, 38.8860182 ], [ -104.9862653, 38.8861623 ], [ -104.9861258, 38.8862813 ], [ -104.9860534, 38.8865109 ], [ -104.9859515, 38.8866508 ], [ -104.985804, 38.8868241 ], [ -104.9856484, 38.8869264 ], [ -104.9853292, 38.8870788 ], [ -104.9850395, 38.8871477 ], [ -104.9848142, 38.8872333 ], [ -104.984597, 38.8873126 ], [ -104.9845219, 38.8873774 ], [ -104.9844468, 38.8874797 ], [ -104.9844495, 38.8875966 ], [ -104.9843717, 38.8877552 ], [ -104.9844226, 38.8878742 ], [ -104.9845058, 38.8878993 ], [ -104.9846265, 38.8879223 ], [ -104.9848142, 38.8879452 ], [ -104.9850074, 38.8879494 ], [ -104.9850771, 38.8880079 ], [ -104.9851683, 38.8881102 ], [ -104.9851817, 38.8882521 ], [ -104.9852032, 38.8884338 ], [ -104.9852112, 38.8886217 ], [ -104.9851871, 38.8887407 ], [ -104.9850798, 38.8887908 ], [ -104.9848893, 38.8888116 ], [ -104.9846533, 38.8888158 ], [ -104.9844173, 38.8888304 ], [ -104.9843046, 38.8889453 ], [ -104.9841571, 38.8889954 ], [ -104.9838138, 38.8889787 ], [ -104.9836663, 38.8889724 ], [ -104.9835804, 38.8888889 ], [ -104.9834436, 38.8887929 ], [ -104.9830306, 38.8886154 ], [ -104.9827892, 38.8885757 ], [ -104.9825987, 38.8885653 ], [ -104.9823439, 38.888534 ], [ -104.9820355, 38.8885152 ], [ -104.981617, 38.888463 ], [ -104.9813676, 38.8884275 ], [ -104.9810055, 38.8883649 ], [ -104.9806273, 38.8883315 ], [ -104.9804422, 38.8883043 ], [ -104.9803054, 38.8882751 ], [ -104.9802169, 38.888225 ], [ -104.9801096, 38.8881603 ], [ -104.9800292, 38.888131 ], [ -104.979946, 38.8881749 ], [ -104.9799058, 38.8882542 ], [ -104.9798495, 38.8883837 ], [ -104.9796778, 38.888607 ], [ -104.9794901, 38.8886947 ], [ -104.9793559, 38.8887344 ], [ -104.9790609, 38.8887135 ], [ -104.9787444, 38.8886906 ], [ -104.9785835, 38.8886843 ], [ -104.9784306, 38.8887344 ], [ -104.9783447, 38.888797 ], [ -104.9782214, 38.8889453 ], [ -104.9782857, 38.8891791 ], [ -104.9783823, 38.8894588 ], [ -104.9784359, 38.8896112 ], [ -104.9784279, 38.8897115 ], [ -104.9783608, 38.8897636 ], [ -104.9782482, 38.8897699 ], [ -104.9781731, 38.8897657 ], [ -104.9780926, 38.8896948 ], [ -104.9780095, 38.8896509 ], [ -104.9779692, 38.8896614 ], [ -104.9779478, 38.8897135 ], [ -104.9779505, 38.8897574 ], [ -104.9778995, 38.8897678 ], [ -104.9778593, 38.8897407 ], [ -104.9778137, 38.8896885 ], [ -104.9777439, 38.8896363 ], [ -104.9777144, 38.8896154 ], [ -104.9776769, 38.8896259 ], [ -104.9776876, 38.8896927 ], [ -104.9777466, 38.8898409 ], [ -104.9777842, 38.8899682 ], [ -104.9778324, 38.8900643 ], [ -104.9778539, 38.8901373 ], [ -104.9777788, 38.8902 ], [ -104.9776313, 38.8902647 ], [ -104.9775133, 38.8903211 ], [ -104.9773657, 38.8903232 ], [ -104.9772692, 38.8903252 ], [ -104.977186, 38.8902939 ], [ -104.9771297, 38.890319 ], [ -104.9771136, 38.8903628 ], [ -104.9771512, 38.890438 ], [ -104.9772316, 38.8904964 ], [ -104.9772289, 38.8905403 ], [ -104.9771565, 38.8905966 ], [ -104.9770358, 38.8906572 ], [ -104.9770224, 38.8906989 ], [ -104.9770519, 38.8907428 ], [ -104.9770331, 38.8907824 ], [ -104.9768937, 38.8908012 ], [ -104.9766657, 38.8907532 ], [ -104.9765396, 38.890701 ], [ -104.9764511, 38.8906426 ], [ -104.9764001, 38.8905298 ], [ -104.9763948, 38.8904484 ], [ -104.9763975, 38.890367 ], [ -104.9763599, 38.8903524 ], [ -104.9762955, 38.89039 ], [ -104.9762553, 38.8904651 ], [ -104.9761829, 38.8905424 ], [ -104.9761051, 38.8906092 ], [ -104.9760729, 38.8905946 ], [ -104.9760246, 38.8904839 ], [ -104.9759522, 38.8904108 ], [ -104.975861, 38.8904547 ], [ -104.9757859, 38.8905465 ], [ -104.9757725, 38.8906634 ], [ -104.9758396, 38.8907678 ], [ -104.9758557, 38.8908242 ], [ -104.9757966, 38.8908618 ], [ -104.9756813, 38.8908576 ], [ -104.9755606, 38.8908096 ], [ -104.9754319, 38.8906342 ], [ -104.9753943, 38.8906426 ], [ -104.9754104, 38.8907177 ], [ -104.9754426, 38.8908096 ], [ -104.9754346, 38.8908827 ], [ -104.9753219, 38.890891 ], [ -104.9753085, 38.8909766 ], [ -104.9752522, 38.8910058 ], [ -104.9751771, 38.8908889 ], [ -104.9751422, 38.890891 ], [ -104.9750081, 38.8911373 ], [ -104.974772, 38.8913106 ], [ -104.9747318, 38.8913607 ], [ -104.9747774, 38.8914234 ], [ -104.9748337, 38.8914672 ], [ -104.9747908, 38.8915257 ], [ -104.9744743, 38.8916133 ], [ -104.9742168, 38.8917323 ], [ -104.9740505, 38.8918325 ], [ -104.973895, 38.8919432 ], [ -104.9740237, 38.8920538 ], [ -104.973852, 38.8921123 ], [ -104.9735543, 38.8921039 ], [ -104.9734283, 38.8920538 ], [ -104.9733585, 38.8919515 ], [ -104.9732861, 38.8917866 ], [ -104.9732432, 38.8917261 ], [ -104.9731895, 38.8917073 ], [ -104.973093, 38.8917532 ], [ -104.9729776, 38.8918952 ], [ -104.9728811, 38.8920142 ], [ -104.9728945, 38.8921687 ], [ -104.973042, 38.8924839 ], [ -104.9731976, 38.8926071 ], [ -104.9734336, 38.8927198 ], [ -104.9737743, 38.8927908 ], [ -104.974072, 38.8928179 ], [ -104.9743939, 38.892797 ], [ -104.9744958, 38.892797 ], [ -104.974536, 38.8928221 ], [ -104.9744985, 38.8928638 ], [ -104.9743161, 38.8929139 ], [ -104.9740854, 38.8930434 ], [ -104.9737609, 38.8932104 ], [ -104.9735087, 38.8932814 ], [ -104.9731439, 38.8932793 ], [ -104.9729079, 38.893248 ], [ -104.9727979, 38.893202 ], [ -104.9727738, 38.8932104 ], [ -104.9728221, 38.8932688 ], [ -104.972975, 38.8933857 ], [ -104.9731734, 38.8934818 ], [ -104.973321, 38.8935841 ], [ -104.9736053, 38.8935945 ], [ -104.9739218, 38.8935653 ], [ -104.9742034, 38.8934964 ], [ -104.9744824, 38.8934672 ], [ -104.9745923, 38.8934672 ], [ -104.9747238, 38.8934943 ], [ -104.9747211, 38.8935235 ], [ -104.9746809, 38.8935966 ], [ -104.9744019, 38.8937552 ], [ -104.9739245, 38.8939494 ], [ -104.9736402, 38.8940308 ], [ -104.9733505, 38.894083 ], [ -104.9731118, 38.8941247 ], [ -104.9728596, 38.8941498 ], [ -104.9728489, 38.8941811 ], [ -104.972916, 38.894227 ], [ -104.9731332, 38.8942396 ], [ -104.9736187, 38.8942291 ], [ -104.9740157, 38.8941957 ], [ -104.9744207, 38.8941519 ], [ -104.9746326, 38.8941185 ], [ -104.9747372, 38.8941477 ], [ -104.9746433, 38.8942709 ], [ -104.9743107, 38.8944567 ], [ -104.9737018, 38.8946404 ], [ -104.9733371, 38.8947093 ], [ -104.973093, 38.8947719 ], [ -104.972916, 38.8947865 ], [ -104.972696, 38.8947635 ], [ -104.9725539, 38.8947239 ], [ -104.9725673, 38.8947782 ], [ -104.9727523, 38.8949118 ], [ -104.9727765, 38.8949723 ], [ -104.9726611, 38.8950809 ], [ -104.9727261, 38.8951278 ], [ -104.9727734, 38.895162 ] ] ] } },
{ "type": "Feature", "properties": { "full_id": "w7672042", "osm_id": "7672042", "osm_type": "way", "route": null, "to": null, "from": null, "roundtrip": null, "operator": null, "distance": null, "descriptio": null, "ascent": null, "modifier": null, "website": null, "old_railwa": null, "wikipedia": null, "wikidata": null, "type": null, "symbol": null, "ref": null, "network": null, "name": "Forest Road", "is_in_stat": null }, "geometry": { "type": "MultiLineString", "coordinates": [ [ [ -105.0006777, 38.7982634 ], [ -105.0002501, 38.7984488 ], [ -104.9999833, 38.7988283 ], [ -104.9996986, 38.7995471 ], [ -104.9996348, 38.7999832 ], [ -104.9995751, 38.8002326 ], [ -104.9989119, 38.8011406 ], [ -104.998609, 38.8019334 ], [ -104.9981661, 38.8026449 ], [ -104.9968338, 38.8031481 ], [ -104.9960308, 38.804196 ], [ -104.995082, 38.805284 ], [ -104.9947221, 38.8063276 ], [ -104.9939537, 38.8072706 ], [ -104.9930142, 38.8081522 ], [ -104.9916425, 38.8100451 ], [ -104.9914077, 38.8107024 ], [ -104.991073, 38.810891 ], [ -104.9902764, 38.8111399 ], [ -104.9902108, 38.8112158 ], [ -104.9903511, 38.811253 ], [ -104.9909399, 38.8113171 ], [ -104.991025, 38.8114781 ], [ -104.9909316, 38.8120344 ], [ -104.9898615, 38.8127777 ], [ -104.9895824, 38.8131494 ], [ -104.9895524, 38.8135329 ], [ -104.9897544, 38.8139058 ], [ -104.989725, 38.8140303 ], [ -104.9895664, 38.814013 ], [ -104.9893364, 38.8136461 ], [ -104.9892104, 38.8131225 ], [ -104.9893309, 38.8125768 ], [ -104.9892488, 38.8124582 ], [ -104.9888493, 38.8125178 ], [ -104.9886149, 38.812654 ], [ -104.9880924, 38.8129155 ], [ -104.9874159, 38.813534 ], [ -104.9869374, 38.813897 ], [ -104.9864866, 38.8144648 ], [ -104.9858994, 38.8147473 ], [ -104.9856564, 38.8148879 ], [ -104.9857585, 38.8149795 ], [ -104.9863529, 38.8150076 ], [ -104.986812, 38.815054 ], [ -104.98709, 38.8150541 ], [ -104.9873875, 38.8148886 ], [ -104.9878994, 38.8146799 ], [ -104.9882104, 38.8153537 ], [ -104.9881224, 38.8155534 ], [ -104.9872829, 38.8162408 ], [ -104.9869144, 38.8171831 ], [ -104.9867974, 38.8177106 ], [ -104.9871374, 38.8178706 ], [ -104.987498, 38.8178089 ], [ -104.9877869, 38.817667 ], [ -104.9880334, 38.8176765 ], [ -104.9880589, 38.8179413 ], [ -104.9881694, 38.8181039 ], [ -104.9876829, 38.8186877 ], [ -104.986419, 38.819251 ], [ -104.984483, 38.821491 ], [ -104.983731, 38.821939 ], [ -104.983123, 38.822196 ], [ -104.982627, 38.822612 ], [ -104.980707, 38.823092 ], [ -104.980227, 38.823764 ], [ -104.980003, 38.824916 ], [ -104.979859, 38.825892 ], [ -104.979427, 38.826484 ], [ -104.978915, 38.826644 ], [ -104.977475, 38.826852 ], [ -104.976771, 38.827188 ], [ -104.976179, 38.827524 ], [ -104.976099, 38.827668 ], [ -104.976019, 38.827892 ], [ -104.975859, 38.828052 ], [ -104.975379, 38.82826 ], [ -104.975235, 38.828564 ], [ -104.975219, 38.829108 ], [ -104.975219, 38.829524 ], [ -104.974803, 38.829636 ], [ -104.974019, 38.829732 ], [ -104.973619, 38.830004 ], [ -104.973379, 38.830196 ], [ -104.973587, 38.830708 ], [ -104.974179, 38.831188 ], [ -104.975155, 38.83186 ], [ -104.975651, 38.831956 ], [ -104.976163, 38.832036 ], [ -104.976483, 38.832148 ], [ -104.976819, 38.832212 ], [ -104.977043, 38.832308 ], [ -104.976931, 38.832372 ], [ -104.976771, 38.832452 ], [ -104.976819, 38.832676 ], [ -104.977107, 38.832788 ], [ -104.977571, 38.833012 ], [ -104.977635, 38.832772 ], [ -104.977795, 38.83266 ], [ -104.977971, 38.832468 ], [ -104.978211, 38.832324 ], [ -104.978355, 38.83234 ], [ -104.979347, 38.832308 ], [ -104.980003, 38.832084 ], [ -104.980339, 38.831732 ] ], [ [ -104.9748331, 38.8418932 ], [ -104.9746145, 38.8417773 ], [ -104.9745275, 38.8417246 ], [ -104.9742793, 38.8416797 ], [ -104.9743986, 38.8414801 ], [ -104.9748225, 38.8408074 ], [ -104.974964, 38.840484 ], [ -104.975252, 38.8401 ], [ -104.9750952, 38.8395883 ], [ -104.975252, 38.839092 ], [ -104.975764, 38.838436 ], [ -104.976004, 38.838036 ], [ -104.975908, 38.83778 ], [ -104.975876, 38.837428 ], [ -104.9765035, 38.8367359 ], [ -104.9768783, 38.8363122 ], [ -104.977012, 38.835508 ], [ -104.977204, 38.834996 ], [ -104.977476, 38.834292 ], [ -104.97778, 38.833844 ], [ -104.977811, 38.833604 ], [ -104.977619, 38.833428 ], [ -104.977603, 38.833204 ], [ -104.977571, 38.833012 ] ] ] } },
{ "type": "Feature", "properties": { "full_id": "w56228896", "osm_id": "56228896", "osm_type": "way", "route": null, "to": null, "from": null, "roundtrip": null, "operator": null, "distance": null, "descriptio": null, "ascent": null, "modifier": null, "website": null, "old_railwa": null, "wikipedia": null, "wikidata": null, "type": null, "symbol": null, "ref": null, "network": null, "name": "Path from Ruxton to base of Incline", "is_in_stat": null }, "geometry": { "type": "MultiLineString", "coordinates": [ [ [ -104.9307767, 38.8565975 ], [ -104.9307921, 38.8565803 ], [ -104.9309386, 38.8565831 ], [ -104.9309772, 38.8566455 ], [ -104.9309636, 38.8567009 ], [ -104.9311868, 38.8567566 ], [ -104.9312111, 38.8568404 ], [ -104.9313826, 38.8569123 ], [ -104.9313785, 38.8569337 ], [ -104.931585, 38.8569671 ], [ -104.931746, 38.8569734 ], [ -104.9319874, 38.8569567 ], [ -104.9322261, 38.8569358 ], [ -104.9324004, 38.8569462 ], [ -104.932607, 38.8569859 ], [ -104.9328645, 38.8570548 ], [ -104.933079, 38.8571613 ], [ -104.9332319, 38.8572344 ], [ -104.9333821, 38.8573034 ], [ -104.9335243, 38.8573326 ], [ -104.9336584, 38.8573702 ], [ -104.9337576, 38.8573994 ], [ -104.9338274, 38.8574496 ], [ -104.9338837, 38.8575143 ], [ -104.9339373, 38.8576501 ], [ -104.9339776, 38.8577629 ], [ -104.9340393, 38.8578464 ], [ -104.934117, 38.8579112 ], [ -104.934227, 38.8579822 ], [ -104.9343128, 38.8580699 ], [ -104.9343826, 38.8581764 ], [ -104.9344791, 38.8583226 ], [ -104.9345596, 38.8584271 ], [ -104.9346374, 38.8585169 ], [ -104.9347313, 38.8586318 ], [ -104.9348627, 38.8587028 ], [ -104.9349727, 38.858732 ], [ -104.9350499, 38.858741 ], [ -104.9349778, 38.8588218 ], [ -104.9349035, 38.8588737 ], [ -104.9347688, 38.8589659 ], [ -104.9346812, 38.8590015 ], [ -104.9345752, 38.8589901 ], [ -104.9344807, 38.8589827 ], [ -104.9344251, 38.8589957 ], [ -104.9344658, 38.8590252 ], [ -104.9345276, 38.8590599 ], [ -104.9345695, 38.8591324 ], [ -104.9347253, 38.8592496 ], [ -104.9348758, 38.8593241 ], [ -104.9349443, 38.8594026 ], [ -104.9350943, 38.8595116 ], [ -104.9352085, 38.8596374 ], [ -104.9352937, 38.8597197 ], [ -104.9352946, 38.859789 ], [ -104.9352859, 38.8598471 ], [ -104.935277, 38.8599052 ], [ -104.9353555, 38.8598822 ], [ -104.9354873, 38.8598931 ], [ -104.935517, 38.8599295 ], [ -104.9355195, 38.8599743 ], [ -104.9354919, 38.8600371 ], [ -104.9354692, 38.8600866 ], [ -104.9354041, 38.8601142 ], [ -104.9353581, 38.8601197 ], [ -104.9352559, 38.8600679 ], [ -104.9351999, 38.8600212 ], [ -104.9351659, 38.8599812 ], [ -104.9350544, 38.8599154 ], [ -104.9349726, 38.8598734 ], [ -104.9348437, 38.8597797 ], [ -104.9347705, 38.8597691 ], [ -104.9346495, 38.8597338 ], [ -104.934586, 38.8597822 ], [ -104.9344917, 38.8598222 ], [ -104.934373, 38.8598479 ], [ -104.9343864, 38.8598835 ], [ -104.9344789, 38.8599243 ], [ -104.9346021, 38.8599123 ], [ -104.9346791, 38.8598979 ], [ -104.9348039, 38.8599339 ], [ -104.9350211, 38.8600826 ], [ -104.9351459, 38.8602326 ], [ -104.9352938, 38.8603873 ], [ -104.9353477, 38.8604725 ], [ -104.9354402, 38.8605469 ], [ -104.9354848, 38.8605769 ], [ -104.9355234, 38.8605781 ], [ -104.9356235, 38.8605709 ], [ -104.9357823, 38.8605837 ], [ -104.9358128, 38.8605703 ], [ -104.9358311, 38.8605537 ], [ -104.9358464, 38.860518 ], [ -104.9358758, 38.8604207 ], [ -104.9358768, 38.8603795 ], [ -104.9359053, 38.8603162 ], [ -104.935948, 38.8602711 ], [ -104.936012, 38.8602316 ], [ -104.9361391, 38.8601738 ], [ -104.9361929, 38.86015 ], [ -104.9362356, 38.86012 ], [ -104.9362458, 38.8601002 ], [ -104.9363159, 38.8599965 ], [ -104.9363352, 38.8599609 ], [ -104.9363413, 38.8599387 ], [ -104.9363251, 38.8598865 ], [ -104.9362966, 38.859824 ], [ -104.9362488, 38.8597591 ], [ -104.9362305, 38.8596973 ], [ -104.9362366, 38.8596688 ], [ -104.936261, 38.8596419 ], [ -104.9363251, 38.8596332 ], [ -104.9364003, 38.8596324 ], [ -104.9364968, 38.8596356 ], [ -104.9365995, 38.859634 ], [ -104.9366513, 38.8596214 ], [ -104.9366727, 38.8596111 ], [ -104.9366889, 38.8595921 ], [ -104.9367093, 38.8595422 ], [ -104.9367509, 38.8594338 ], [ -104.9367824, 38.8594093 ], [ -104.9367885, 38.8594219 ], [ -104.9367987, 38.8594623 ], [ -104.9368058, 38.8595058 ], [ -104.9368139, 38.8595541 ], [ -104.936818, 38.8595984 ], [ -104.9368017, 38.8596483 ], [ -104.9367875, 38.8597029 ], [ -104.9367499, 38.8597306 ], [ -104.9366981, 38.8597527 ], [ -104.9366269, 38.8597868 ], [ -104.9366046, 38.8598034 ], [ -104.9365924, 38.8598271 ], [ -104.9365893, 38.8598469 ], [ -104.9366046, 38.8598461 ], [ -104.9366584, 38.8598192 ], [ -104.9367916, 38.8597622 ], [ -104.9368475, 38.8597266 ], [ -104.9368739, 38.8596926 ], [ -104.9368942, 38.8596578 ], [ -104.9369074, 38.8596301 ], [ -104.9369572, 38.8596087 ], [ -104.9370345, 38.8596396 ], [ -104.937068, 38.8596601 ], [ -104.9371341, 38.8597084 ], [ -104.937193, 38.8597037 ], [ -104.9372317, 38.8596855 ], [ -104.9372906, 38.8596427 ], [ -104.9373211, 38.8596119 ], [ -104.9373689, 38.8595755 ], [ -104.9374075, 38.8595232 ], [ -104.937436, 38.8594852 ], [ -104.9374908, 38.8594275 ], [ -104.9375539, 38.8593483 ], [ -104.9376067, 38.859285 ], [ -104.9376646, 38.8591766 ], [ -104.9376951, 38.8590982 ], [ -104.9376839, 38.8590436 ], [ -104.9376596, 38.8589882 ], [ -104.9376128, 38.8589114 ], [ -104.9376026, 38.8588782 ], [ -104.9376016, 38.8588545 ], [ -104.9376504, 38.8588038 ], [ -104.9376778, 38.8587927 ], [ -104.9377764, 38.8587698 ], [ -104.9378354, 38.858746 ], [ -104.9379258, 38.8586985 ], [ -104.9379899, 38.8586614 ], [ -104.9380478, 38.858617 ], [ -104.9380681, 38.858598 ], [ -104.9381535, 38.8585751 ], [ -104.9381667, 38.8585775 ], [ -104.9381708, 38.8585893 ], [ -104.9381027, 38.8586392 ], [ -104.9380509, 38.8586653 ], [ -104.9380072, 38.8587009 ], [ -104.9379858, 38.8587373 ], [ -104.9379675, 38.8587832 ], [ -104.9379604, 38.858803 ], [ -104.9379269, 38.8588434 ], [ -104.9378801, 38.858894 ], [ -104.9378588, 38.8589304 ], [ -104.9378679, 38.8590017 ], [ -104.9378862, 38.8590444 ], [ -104.9379258, 38.8591133 ], [ -104.9379289, 38.859141 ], [ -104.9379258, 38.8591813 ], [ -104.9379055, 38.859228 ], [ -104.9378872, 38.8592834 ], [ -104.9378801, 38.859338 ], [ -104.9378638, 38.8594298 ], [ -104.9378506, 38.8594718 ], [ -104.9378273, 38.8595209 ], [ -104.9378029, 38.8595628 ], [ -104.9377429, 38.8596253 ], [ -104.9377002, 38.8596776 ], [ -104.9376575, 38.8597385 ], [ -104.9376189, 38.8598042 ], [ -104.9375701, 38.8598833 ], [ -104.9375437, 38.8599403 ], [ -104.9375284, 38.8599949 ], [ -104.9375183, 38.8600353 ], [ -104.9375051, 38.8600812 ], [ -104.9374847, 38.8601358 ], [ -104.937439, 38.8601864 ], [ -104.9374268, 38.8602347 ], [ -104.9374227, 38.8602767 ], [ -104.9374268, 38.8603131 ], [ -104.9374156, 38.8603526 ], [ -104.9373943, 38.8604167 ], [ -104.937374, 38.8604761 ], [ -104.937379, 38.8605093 ], [ -104.9373882, 38.8605109 ], [ -104.9374105, 38.8604793 ], [ -104.9374207, 38.8604429 ], [ -104.9374807, 38.8603534 ], [ -104.9375183, 38.8602846 ], [ -104.9375762, 38.8602355 ], [ -104.9376179, 38.8601817 ], [ -104.9376839, 38.8600772 ], [ -104.9377439, 38.8599759 ], [ -104.9378303, 38.8598683 ], [ -104.9379492, 38.859763 ], [ -104.9380011, 38.8597076 ], [ -104.9380529, 38.8596657 ], [ -104.9381037, 38.8596309 ], [ -104.9381535, 38.859577 ], [ -104.9382145, 38.8595011 ], [ -104.9382806, 38.8594203 ], [ -104.9382958, 38.8594045 ], [ -104.938306, 38.8593824 ], [ -104.9383293, 38.8593657 ], [ -104.9383527, 38.8593744 ], [ -104.9383771, 38.8594029 ], [ -104.938434, 38.8594544 ], [ -104.9385031, 38.8595034 ], [ -104.9385814, 38.8595414 ], [ -104.9386505, 38.8595493 ], [ -104.9387369, 38.8595707 ], [ -104.9388101, 38.859604 ], [ -104.9388663, 38.8596162 ], [ -104.9389527, 38.8596542 ], [ -104.9390564, 38.8596874 ], [ -104.9391235, 38.8597024 ], [ -104.9391682, 38.859723 ], [ -104.9392231, 38.8597452 ], [ -104.9392475, 38.8597428 ], [ -104.9393152, 38.859729 ], [ -104.9393711, 38.8596839 ], [ -104.9394148, 38.8596556 ], [ -104.9394595, 38.8596762 ], [ -104.9395093, 38.8596849 ], [ -104.9395419, 38.8596762 ], [ -104.9395815, 38.8596516 ], [ -104.9395917, 38.8596152 ], [ -104.9395927, 38.8595796 ], [ -104.9395622, 38.8595337 ], [ -104.9395022, 38.859468 ], [ -104.9394534, 38.8594293 ], [ -104.9394138, 38.8593968 ], [ -104.9393813, 38.8593644 ], [ -104.9393721, 38.8593248 ], [ -104.9394656, 38.8592526 ], [ -104.939553, 38.8591884 ], [ -104.9395967, 38.8591607 ], [ -104.9396587, 38.8591291 ], [ -104.9396706, 38.8591011 ], [ -104.9397082, 38.8590678 ], [ -104.9397366, 38.8590299 ], [ -104.9397286, 38.8590123 ], [ -104.9396872, 38.8589445 ], [ -104.9396728, 38.8588832 ], [ -104.9396685, 38.8588399 ], [ -104.9396923, 38.8587756 ], [ -104.9397349, 38.8587075 ], [ -104.9398796, 38.8586436 ], [ -104.9398094, 38.8587312 ], [ -104.9397938, 38.8587716 ], [ -104.9397842, 38.8588323 ], [ -104.9397852, 38.8588727 ], [ -104.9397923, 38.8588893 ], [ -104.9398167, 38.8589257 ], [ -104.9398492, 38.8589629 ], [ -104.9399413, 38.8590228 ], [ -104.9399525, 38.8590553 ], [ -104.9399342, 38.8590996 ], [ -104.9399128, 38.8591352 ], [ -104.9398925, 38.8591613 ], [ -104.9398786, 38.8592041 ], [ -104.9398562, 38.85925 ], [ -104.9398247, 38.8593252 ], [ -104.9398359, 38.8593244 ], [ -104.9398806, 38.8592967 ], [ -104.9399508, 38.859231 ], [ -104.940013, 38.8591643 ], [ -104.9400677, 38.8591201 ], [ -104.9400947, 38.8590913 ], [ -104.9401019, 38.8590771 ], [ -104.9401029, 38.8590257 ], [ -104.9401022, 38.8590006 ], [ -104.9400393, 38.8589281 ], [ -104.9399854, 38.8588742 ], [ -104.93996, 38.858822 ], [ -104.9399671, 38.858765 ], [ -104.9399905, 38.8587223 ], [ -104.9400372, 38.8586677 ], [ -104.9400901, 38.8586226 ], [ -104.9401551, 38.8585743 ], [ -104.940207, 38.85853 ], [ -104.9402202, 38.8584975 ], [ -104.9402151, 38.8584722 ], [ -104.9401765, 38.858439 ], [ -104.9401063, 38.8583717 ], [ -104.9400321, 38.8582981 ], [ -104.9400118, 38.8582704 ], [ -104.9399549, 38.858234 ], [ -104.9399092, 38.8581952 ], [ -104.9398911, 38.8581632 ], [ -104.939885, 38.8581378 ], [ -104.9398799, 38.8580769 ], [ -104.9398789, 38.8580421 ], [ -104.9398758, 38.8579969 ], [ -104.9398657, 38.8579471 ], [ -104.9398586, 38.8579289 ], [ -104.9398543, 38.8578901 ], [ -104.939836, 38.8578363 ], [ -104.9398146, 38.8577675 ], [ -104.9398004, 38.8577176 ], [ -104.9398023, 38.8576196 ] ] ] } },
{ "type": "Feature", "properties": { "full_id": "w79290963", "osm_id": "79290963", "osm_type": "way", "route": null, "to": null, "from": null, "roundtrip": null, "operator": null, "distance": null, "descriptio": null, "ascent": null, "modifier": null, "website": null, "old_railwa": null, "wikipedia": null, "wikidata": null, "type": null, "symbol": null, "ref": null, "network": null, "name": null, "is_in_stat": null }, "geometry": { "type": "MultiLineString", "coordinates": [ [ [ -104.955709, 38.8629681 ], [ -104.9556178, 38.8629179 ], [ -104.9555293, 38.8628261 ], [ -104.9554139, 38.8626799 ], [ -104.9553093, 38.8625608 ], [ -104.9551833, 38.8624104 ], [ -104.9551082, 38.8622956 ], [ -104.9549875, 38.8619322 ], [ -104.9548936, 38.8617129 ], [ -104.9548668, 38.8616398 ], [ -104.954856, 38.8615583 ], [ -104.9548453, 38.8615124 ], [ -104.9548051, 38.8614769 ], [ -104.9547407, 38.8614539 ], [ -104.9544215, 38.8614184 ], [ -104.954333, 38.8613996 ], [ -104.9542257, 38.8613704 ], [ -104.9541077, 38.8612889 ], [ -104.9539763, 38.8611824 ], [ -104.9538958, 38.861126 ], [ -104.9537939, 38.86108 ], [ -104.9536732, 38.8610278 ], [ -104.953626, 38.8609437 ], [ -104.9534211, 38.8607479 ], [ -104.9533473, 38.8606735 ], [ -104.9532134, 38.8606267 ], [ -104.9530768, 38.8605607 ], [ -104.9529402, 38.8603841 ], [ -104.952779, 38.8603522 ], [ -104.9527052, 38.8602139 ], [ -104.9525413, 38.8600267 ], [ -104.9525577, 38.8597841 ], [ -104.9526888, 38.8595969 ], [ -104.9528282, 38.8596841 ], [ -104.9529675, 38.859716 ], [ -104.9531096, 38.8596798 ], [ -104.9533227, 38.8595969 ], [ -104.9534758, 38.8595607 ], [ -104.9535796, 38.8595352 ], [ -104.9537545, 38.8595926 ], [ -104.9537763, 38.8594735 ], [ -104.9537791, 38.8592926 ], [ -104.9540441, 38.8593075 ], [ -104.9541561, 38.8592352 ], [ -104.9544266, 38.8592288 ], [ -104.9545851, 38.8591607 ], [ -104.9547299, 38.8590415 ], [ -104.9547901, 38.8590139 ], [ -104.9548884, 38.8591245 ], [ -104.9549513, 38.8591373 ], [ -104.9550797, 38.8592054 ], [ -104.9553775, 38.8593139 ], [ -104.9555606, 38.8593373 ], [ -104.9555879, 38.8593032 ], [ -104.9556262, 38.8592203 ], [ -104.9557109, 38.8591394 ], [ -104.9558967, 38.8589926 ] ], [ [ -104.9514497, 38.8587603 ], [ -104.9514319, 38.8585979 ], [ -104.9513882, 38.8584638 ], [ -104.9514046, 38.8582521 ], [ -104.9514415, 38.8581351 ], [ -104.9515207, 38.858034 ], [ -104.9516204, 38.8579808 ], [ -104.9516723, 38.8579713 ], [ -104.9516942, 38.8579766 ], [ -104.9516997, 38.858034 ], [ -104.9517366, 38.8582032 ], [ -104.9517857, 38.8582692 ], [ -104.9518226, 38.8582872 ], [ -104.9518691, 38.8582245 ], [ -104.9519019, 38.8581904 ], [ -104.9519278, 38.8582053 ], [ -104.9519511, 38.8582936 ], [ -104.9519579, 38.8583351 ], [ -104.9521956, 38.8582532 ], [ -104.9521437, 38.858316 ], [ -104.9520945, 38.8584128 ], [ -104.9521437, 38.8585256 ], [ -104.9522994, 38.8586968 ], [ -104.9523172, 38.8586022 ], [ -104.9523254, 38.8585479 ], [ -104.9523828, 38.8585745 ], [ -104.9525235, 38.8587298 ], [ -104.9525659, 38.8587053 ], [ -104.952626, 38.8586298 ], [ -104.9529074, 38.8585053 ], [ -104.9531205, 38.8584649 ], [ -104.953167, 38.8584841 ], [ -104.9531588, 38.8585266 ], [ -104.9529361, 38.8588426 ], [ -104.9529033, 38.8591564 ], [ -104.9528992, 38.8592873 ], [ -104.9528036, 38.8594266 ], [ -104.9526888, 38.8595969 ] ] ] } },
{ "type": "Feature", "properties": { "full_id": "w38340854", "osm_id": "38340854", "osm_type": "way", "route": null, "to": null, "from": null, "roundtrip": null, "operator": null, "distance": null, "descriptio": null, "ascent": null, "modifier": null, "website": null, "old_railwa": null, "wikipedia": null, "wikidata": null, "type": null, "symbol": null, "ref": null, "network": null, "name": "Pikes Peak Highway", "is_in_stat": null }, "geometry": { "type": "MultiLineString", "coordinates": [ [ [ -105.0439459, 38.839947 ], [ -105.0440839, 38.8399084 ], [ -105.0442598, 38.839866 ], [ -105.0444042, 38.8398341 ], [ -105.0445545, 38.83983 ], [ -105.0448509, 38.8398224 ], [ -105.0450814, 38.8398216 ], [ -105.0453977, 38.8398369 ], [ -105.0455156, 38.8398418 ], [ -105.0456096, 38.8398584 ], [ -105.0457151, 38.8398877 ], [ -105.045843, 38.8399331 ], [ -105.0460063, 38.8400055 ], [ -105.0460799, 38.8400524 ], [ -105.0461633, 38.8401206 ], [ -105.0462384, 38.8402013 ], [ -105.0462863, 38.8402714 ], [ -105.0463448, 38.8403886 ], [ -105.0463971, 38.8405335 ], [ -105.0464144, 38.8406354 ], [ -105.0464293, 38.8407995 ], [ -105.046424, 38.8409448 ], [ -105.0464187, 38.8410485 ], [ -105.0464069, 38.8411212 ], [ -105.046379, 38.8412048 ], [ -105.0463361, 38.8412936 ], [ -105.0462826, 38.8413817 ], [ -105.0462643, 38.841419 ], [ -105.0462612, 38.8414556 ], [ -105.0462665, 38.84149 ], [ -105.0462882, 38.8415298 ], [ -105.046331, 38.8415549 ], [ -105.0464146, 38.8415601 ], [ -105.0464852, 38.8415297 ], [ -105.0465401, 38.8414971 ], [ -105.0465758, 38.8414464 ], [ -105.0466016, 38.8413774 ], [ -105.0466792, 38.8411234 ], [ -105.0467358, 38.8409712 ], [ -105.0468036, 38.8408087 ], [ -105.0468698, 38.8406743 ], [ -105.0469077, 38.8405804 ], [ -105.0469478, 38.8404549 ], [ -105.0469701, 38.840334 ], [ -105.0469772, 38.8402279 ], [ -105.0469776, 38.8401369 ], [ -105.0469699, 38.8400724 ], [ -105.0469527, 38.8400007 ], [ -105.0469252, 38.8399142 ], [ -105.0468715, 38.8397948 ], [ -105.0467462, 38.8395731 ], [ -105.0466239, 38.8394112 ], [ -105.046535, 38.8393143 ], [ -105.0464629, 38.8392433 ], [ -105.0463467, 38.8391502 ], [ -105.046105, 38.839003 ], [ -105.0456944, 38.8387438 ], [ -105.0454219, 38.8385812 ], [ -105.0451782, 38.8384362 ], [ -105.0450291, 38.8383488 ], [ -105.0448818, 38.8382722 ], [ -105.0447509, 38.8382157 ], [ -105.0446616, 38.8381721 ], [ -105.0445732, 38.8381104 ], [ -105.0443679, 38.8379119 ], [ -105.044148, 38.8376999 ], [ -105.0440364, 38.8376111 ], [ -105.0439266, 38.8375351 ], [ -105.0438384, 38.8374849 ], [ -105.0436303, 38.8373458 ], [ -105.0435349, 38.837282 ], [ -105.0434956, 38.8372403 ], [ -105.0434625, 38.8372075 ], [ -105.043452, 38.8371661 ], [ -105.0434814, 38.837104 ], [ -105.0435355, 38.8370751 ], [ -105.0436067, 38.8370789 ], [ -105.0436916, 38.8370922 ], [ -105.0437729, 38.837117 ], [ -105.0439543, 38.8371695 ], [ -105.0440706, 38.8372019 ], [ -105.0441974, 38.8372396 ], [ -105.0443008, 38.8372663 ], [ -105.0444411, 38.8372978 ], [ -105.0446802, 38.8373522 ], [ -105.0448182, 38.8373892 ], [ -105.0449058, 38.8374172 ], [ -105.0450265, 38.8374599 ], [ -105.0452119, 38.8375219 ], [ -105.0453308, 38.8375607 ], [ -105.0454631, 38.8376011 ], [ -105.0456013, 38.8376412 ], [ -105.0457048, 38.8376684 ], [ -105.0458152, 38.8376916 ], [ -105.0459811, 38.8377223 ], [ -105.046124, 38.8377468 ], [ -105.0466382, 38.8378579 ], [ -105.0470714, 38.8379264 ], [ -105.0473512, 38.8379794 ], [ -105.0474717, 38.8380126 ], [ -105.047612, 38.8380593 ], [ -105.0477398, 38.8381015 ], [ -105.0478673, 38.8381388 ], [ -105.0479441, 38.8381555 ], [ -105.0480505, 38.8381766 ], [ -105.048185, 38.8381924 ], [ -105.048461, 38.8382221 ], [ -105.0485585, 38.8382377 ], [ -105.0486909, 38.8382784 ], [ -105.0487619, 38.8383079 ], [ -105.0488397, 38.8383433 ], [ -105.0489084, 38.838381 ], [ -105.0489798, 38.838426 ], [ -105.0490761, 38.8384915 ], [ -105.04916, 38.8385517 ], [ -105.0492221, 38.8386063 ], [ -105.0492694, 38.8386627 ], [ -105.0493183, 38.8387237 ], [ -105.049358, 38.8387816 ], [ -105.0494187, 38.8388596 ], [ -105.0494488, 38.8389466 ], [ -105.0494703, 38.8390666 ], [ -105.0495054, 38.839391 ], [ -105.0495094, 38.8395014 ], [ -105.049521, 38.8397501 ], [ -105.0495571, 38.8400742 ], [ -105.0496128, 38.8404286 ], [ -105.0497, 38.8410971 ], [ -105.049748, 38.8414255 ], [ -105.0497921, 38.8416995 ], [ -105.0498171, 38.8418695 ], [ -105.0498331, 38.8420001 ], [ -105.0498374, 38.8421284 ], [ -105.0498234, 38.8422604 ], [ -105.0497923, 38.8424189 ], [ -105.0497527, 38.8426139 ], [ -105.0497478, 38.8426614 ], [ -105.0497486, 38.8427326 ], [ -105.0497595, 38.8427888 ], [ -105.049786, 38.8428721 ], [ -105.0498309, 38.8429638 ], [ -105.0498691, 38.8430625 ], [ -105.049965, 38.8432162 ], [ -105.0500629, 38.8433588 ], [ -105.0501848, 38.8435282 ], [ -105.0502789, 38.8436533 ], [ -105.0503846, 38.8437919 ], [ -105.0504576, 38.8438991 ], [ -105.0504966, 38.8439694 ], [ -105.0505434, 38.8440396 ], [ -105.050578, 38.8441195 ], [ -105.0506152, 38.8442357 ], [ -105.050648, 38.8443781 ], [ -105.0506603, 38.8444564 ], [ -105.0506908, 38.8446304 ], [ -105.0507181, 38.8447834 ], [ -105.0507608, 38.8450346 ], [ -105.0507929, 38.8452097 ], [ -105.0508285, 38.845309 ], [ -105.0508602, 38.845371 ], [ -105.0509107, 38.8454404 ], [ -105.0509654, 38.8455143 ], [ -105.0510239, 38.8455868 ], [ -105.0511171, 38.8456807 ], [ -105.0511976, 38.8457623 ], [ -105.0513145, 38.8458758 ], [ -105.0513852, 38.8459489 ], [ -105.0514393, 38.8459906 ], [ -105.0515043, 38.846029 ], [ -105.0515563, 38.8460629 ], [ -105.0516495, 38.8460911 ], [ -105.0517226, 38.8461087 ], [ -105.0517961, 38.8461122 ], [ -105.0518937, 38.8461086 ], [ -105.0520024, 38.8460862 ], [ -105.0520684, 38.846035 ], [ -105.052199, 38.8459926 ], [ -105.0522944, 38.8459387 ], [ -105.052705, 38.8456897 ], [ -105.0528135, 38.8456327 ], [ -105.0528846, 38.8456018 ], [ -105.0529148, 38.8455954 ], [ -105.0529938, 38.8455898 ], [ -105.0530503, 38.8455951 ], [ -105.0531026, 38.8456079 ], [ -105.0531482, 38.8456357 ], [ -105.0531785, 38.8456581 ], [ -105.0532408, 38.8457161 ], [ -105.053295, 38.8457955 ], [ -105.0533719, 38.8459331 ], [ -105.0534497, 38.8460557 ], [ -105.0535182, 38.8461536 ], [ -105.0535675, 38.846214 ], [ -105.0536056, 38.8462592 ], [ -105.0536457, 38.8463001 ], [ -105.0536678, 38.8463236 ], [ -105.0537167, 38.8463613 ], [ -105.053767, 38.8463922 ], [ -105.0538254, 38.8464227 ], [ -105.0538982, 38.8464567 ], [ -105.0539695, 38.8464811 ], [ -105.0540492, 38.8465045 ], [ -105.0541317, 38.8465237 ], [ -105.0542255, 38.8465424 ], [ -105.0543257, 38.8465622 ], [ -105.0544236, 38.8465853 ], [ -105.0544963, 38.8466095 ], [ -105.0545516, 38.8466333 ], [ -105.0545945, 38.846661 ], [ -105.0546401, 38.846701 ], [ -105.0546752, 38.8467399 ], [ -105.0547109, 38.8467772 ], [ -105.0547407, 38.8468182 ], [ -105.0547618, 38.8468611 ], [ -105.0547719, 38.8469253 ], [ -105.0547678, 38.846977 ], [ -105.0547545, 38.8470271 ], [ -105.0547137, 38.8471181 ], [ -105.0546601, 38.8471991 ], [ -105.0545652, 38.8473182 ], [ -105.0545052, 38.847375 ], [ -105.0543421, 38.847557 ], [ -105.0541112, 38.8478233 ], [ -105.05405, 38.8478845 ], [ -105.0539919, 38.8479354 ], [ -105.0539222, 38.8479889 ], [ -105.0538468, 38.8480333 ], [ -105.0537617, 38.8480758 ], [ -105.0536811, 38.8481063 ], [ -105.0535974, 38.848129 ], [ -105.0534762, 38.8481466 ], [ -105.0532413, 38.8481852 ], [ -105.0531878, 38.8482104 ], [ -105.0531574, 38.8482323 ], [ -105.0531205, 38.8482597 ], [ -105.0530969, 38.8482967 ], [ -105.053086, 38.8483333 ], [ -105.0530896, 38.8483712 ], [ -105.0531063, 38.8484027 ], [ -105.0531331, 38.8484295 ], [ -105.0531765, 38.8484553 ], [ -105.0532664, 38.8484848 ], [ -105.0534953, 38.848545 ], [ -105.0538859, 38.8486485 ], [ -105.0542045, 38.848731 ], [ -105.0547008, 38.8488642 ], [ -105.0552279, 38.8490073 ], [ -105.0555436, 38.8490945 ], [ -105.055677, 38.8491307 ], [ -105.055752, 38.849148 ], [ -105.0558106, 38.849158 ], [ -105.0558829, 38.8491669 ], [ -105.0559592, 38.849174 ], [ -105.0560373, 38.8491777 ], [ -105.0561102, 38.8491787 ], [ -105.0561982, 38.8491788 ], [ -105.0562576, 38.8491768 ], [ -105.056314, 38.8491725 ], [ -105.05638, 38.8491649 ], [ -105.0564667, 38.8491495 ], [ -105.0565517, 38.8491331 ], [ -105.0566228, 38.8491169 ], [ -105.0566923, 38.8490971 ], [ -105.0567671, 38.8490694 ], [ -105.0568493, 38.8490356 ], [ -105.056933, 38.8489962 ], [ -105.0570141, 38.8489487 ], [ -105.0570902, 38.8489005 ], [ -105.057191, 38.8488324 ], [ -105.0572995, 38.8487672 ], [ -105.0574834, 38.8486659 ], [ -105.0578539, 38.848474 ], [ -105.0584195, 38.8481916 ], [ -105.0587451, 38.8480322 ], [ -105.0590124, 38.8479421 ], [ -105.0592741, 38.8478835 ], [ -105.0596177, 38.8478526 ], [ -105.0599204, 38.8478691 ], [ -105.060232, 38.8479309 ], [ -105.06068, 38.8481293 ], [ -105.06164, 38.8485709 ], [ -105.061864, 38.8486989 ], [ -105.062088, 38.8488909 ], [ -105.0621904, 38.8490701 ], [ -105.0622352, 38.8493325 ], [ -105.0621904, 38.8495949 ], [ -105.0620496, 38.8499022 ], [ -105.0617424, 38.8503822 ], [ -105.0614992, 38.8508046 ], [ -105.0614544, 38.8510542 ], [ -105.0614928, 38.8512398 ], [ -105.061608, 38.8515086 ], [ -105.0618448, 38.8517518 ], [ -105.0625105, 38.8522766 ], [ -105.0630225, 38.8526222 ], [ -105.0632209, 38.8528398 ], [ -105.0633553, 38.853051 ], [ -105.0634193, 38.8533326 ], [ -105.0634129, 38.8535759 ], [ -105.0633617, 38.8539087 ], [ -105.0631505, 38.8548239 ], [ -105.0630737, 38.8552591 ], [ -105.0630545, 38.8556751 ], [ -105.0630993, 38.8565455 ], [ -105.0631633, 38.8568143 ], [ -105.0632721, 38.857 ], [ -105.0635025, 38.85716 ], [ -105.0638097, 38.8572432 ], [ -105.0645009, 38.8573904 ], [ -105.0656593, 38.857672 ], [ -105.0663378, 38.8578896 ], [ -105.0668754, 38.8581968 ], [ -105.0672786, 38.8585616 ], [ -105.067861, 38.8592784 ], [ -105.0679378, 38.859496 ], [ -105.0679698, 38.8597584 ], [ -105.0679506, 38.8599824 ], [ -105.0678866, 38.8603152 ], [ -105.0676818, 38.8609937 ], [ -105.0674194, 38.8620433 ], [ -105.0673938, 38.8623121 ], [ -105.0674258, 38.8625233 ], [ -105.0675474, 38.8628241 ], [ -105.0679058, 38.8636881 ], [ -105.0679965, 38.8638856 ], [ -105.0680788, 38.864094 ], [ -105.068126, 38.8643168 ], [ -105.0681155, 38.8644924 ], [ -105.0680107, 38.8647493 ], [ -105.0677774, 38.8649328 ], [ -105.0674549, 38.8651137 ], [ -105.0674051, 38.8651793 ], [ -105.067392, 38.865271 ], [ -105.0674339, 38.8653365 ], [ -105.0675336, 38.8653601 ], [ -105.0676568, 38.8653575 ], [ -105.0679923, 38.8652972 ], [ -105.0683017, 38.8652631 ], [ -105.0686162, 38.865216 ], [ -105.0690645, 38.8651085 ], [ -105.069248, 38.8650796 ], [ -105.0693236, 38.865111 ], [ -105.0693528, 38.8651656 ], [ -105.0693345, 38.8652238 ], [ -105.0692061, 38.8652972 ], [ -105.0688548, 38.8654309 ], [ -105.0684039, 38.8656118 ], [ -105.0681313, 38.8656826 ], [ -105.0674964, 38.8658341 ], [ -105.0669895, 38.8659519 ], [ -105.0667386, 38.8660646 ], [ -105.0664913, 38.8662743 ], [ -105.0661651, 38.8666177 ], [ -105.0659921, 38.8667671 ], [ -105.0658129, 38.8668183 ], [ -105.0655313, 38.8668183 ], [ -105.0652241, 38.8667095 ], [ -105.0648144, 38.8665175 ], [ -105.0644752, 38.8662359 ], [ -105.064334, 38.8661743 ], [ -105.064251, 38.8661878 ], [ -105.0641972, 38.8662392 ], [ -105.0642064, 38.8662999 ], [ -105.064328, 38.8664471 ], [ -105.0650449, 38.8671575 ], [ -105.0652817, 38.8673367 ], [ -105.0656017, 38.8674839 ], [ -105.0658577, 38.8675415 ], [ -105.0660497, 38.8675735 ], [ -105.0662161, 38.8675735 ], [ -105.0662673, 38.8676183 ], [ -105.0662542, 38.8676871 ], [ -105.0661264, 38.8677395 ], [ -105.0658708, 38.8677297 ], [ -105.0652078, 38.8676387 ], [ -105.064619, 38.8674659 ], [ -105.0641133, 38.8672099 ], [ -105.0635629, 38.8669155 ], [ -105.0632429, 38.8667043 ], [ -105.0631229, 38.8666872 ], [ -105.0630205, 38.8667082 ], [ -105.0629714, 38.8667671 ], [ -105.0629747, 38.8668326 ], [ -105.0630189, 38.8669027 ], [ -105.0633069, 38.8671139 ], [ -105.0637165, 38.8674915 ], [ -105.0642413, 38.8680419 ], [ -105.0645038, 38.8682083 ], [ -105.0658734, 38.8690212 ], [ -105.0661358, 38.8691428 ], [ -105.0664494, 38.8691748 ], [ -105.0667374, 38.8691236 ], [ -105.0670126, 38.8690084 ], [ -105.0671918, 38.8689188 ], [ -105.0672736, 38.8689225 ], [ -105.0673335, 38.8689675 ], [ -105.0673454, 38.8690276 ], [ -105.0672686, 38.8691492 ], [ -105.0667694, 38.8694436 ], [ -105.066539, 38.8696804 ], [ -105.066251, 38.8701924 ], [ -105.0660782, 38.8706852 ], [ -105.0660846, 38.8709028 ], [ -105.066155, 38.8710052 ], [ -105.0662645, 38.8710546 ], [ -105.0663902, 38.8710371 ], [ -105.066475, 38.8709668 ], [ -105.066539, 38.870794 ], [ -105.0666094, 38.8705252 ], [ -105.0667054, 38.8703908 ], [ -105.0670382, 38.8700836 ], [ -105.0674773, 38.8697761 ], [ -105.067545, 38.8697468 ], [ -105.0676163, 38.869751 ], [ -105.0676681, 38.8697923 ], [ -105.0676764, 38.8698437 ], [ -105.0676084, 38.8699268 ], [ -105.0674085, 38.8700284 ], [ -105.0673135, 38.8701234 ], [ -105.067225, 38.8702873 ], [ -105.0671726, 38.870497 ], [ -105.0671748, 38.8707036 ], [ -105.0672568, 38.8709033 ], [ -105.0674104, 38.8712822 ], [ -105.0676305, 38.8720349 ], [ -105.0677124, 38.8726134 ], [ -105.0678645, 38.8736088 ], [ -105.0680164, 38.8742553 ], [ -105.0680008, 38.8743748 ], [ -105.0679365, 38.8744968 ], [ -105.0678325, 38.8746328 ], [ -105.0673605, 38.8749528 ], [ -105.0669525, 38.8751448 ], [ -105.0665664, 38.875212 ], [ -105.0662645, 38.8752568 ], [ -105.0659124, 38.8752168 ], [ -105.0657364, 38.8751448 ], [ -105.0655986, 38.875122 ], [ -105.0654967, 38.8751449 ], [ -105.0654532, 38.8752042 ], [ -105.0654935, 38.8753061 ], [ -105.065649, 38.8754012 ], [ -105.0660963, 38.8755444 ], [ -105.0666462, 38.8756642 ], [ -105.0672316, 38.875708 ], [ -105.0676354, 38.8756642 ], [ -105.0682141, 38.8755728 ], [ -105.0686437, 38.8754113 ], [ -105.0689244, 38.8752359 ], [ -105.0693491, 38.8749998 ], [ -105.0698243, 38.8745942 ], [ -105.0699971, 38.874351 ], [ -105.0700995, 38.8741654 ], [ -105.0701443, 38.8740054 ], [ -105.0701955, 38.8737238 ], [ -105.0701827, 38.8733974 ], [ -105.0702723, 38.8728918 ], [ -105.0704195, 38.8726358 ], [ -105.0706244, 38.8724118 ], [ -105.0707716, 38.872335 ], [ -105.0709572, 38.8723158 ], [ -105.0712964, 38.8724182 ], [ -105.0715716, 38.8725718 ], [ -105.071869, 38.8728627 ], [ -105.07209, 38.8729942 ], [ -105.0723012, 38.8730902 ], [ -105.0725956, 38.8731734 ], [ -105.073242, 38.873263 ], [ -105.07385, 38.8733718 ], [ -105.0742213, 38.8733654 ], [ -105.0745541, 38.8733334 ], [ -105.0748549, 38.8732758 ], [ -105.0751231, 38.8731626 ], [ -105.0752275, 38.8731006 ], [ -105.0753385, 38.8730273 ], [ -105.0754518, 38.8729467 ], [ -105.0755749, 38.8729006 ], [ -105.0757009, 38.8728977 ], [ -105.0757743, 38.8729318 ], [ -105.0758084, 38.8730026 ], [ -105.0757848, 38.8730917 ], [ -105.0756669, 38.873173 ], [ -105.0753287, 38.8732726 ], [ -105.0750089, 38.8734194 ], [ -105.0744243, 38.8737288 ], [ -105.0741347, 38.873909 ], [ -105.0738892, 38.8740294 ], [ -105.0735231, 38.8741708 ], [ -105.0734163, 38.8742866 ], [ -105.0733661, 38.8744214 ], [ -105.073346, 38.8750365 ], [ -105.0732446, 38.8753423 ], [ -105.07322, 38.8756605 ], [ -105.0732742, 38.8758367 ], [ -105.0732515, 38.8763889 ], [ -105.0732532, 38.8768744 ], [ -105.073345, 38.8772152 ], [ -105.0734466, 38.8773528 ], [ -105.0736039, 38.8775593 ], [ -105.0736497, 38.8777526 ], [ -105.0736465, 38.8780443 ], [ -105.0736196, 38.878453 ], [ -105.0736851, 38.8786537 ], [ -105.0738694, 38.8788831 ], [ -105.0740988, 38.8791944 ], [ -105.0741561, 38.8793378 ], [ -105.0743359, 38.8795679 ], [ -105.0744239, 38.8797039 ], [ -105.0744319, 38.8798879 ], [ -105.0743119, 38.8800239 ], [ -105.0740719, 38.8800719 ], [ -105.0737119, 38.8800239 ], [ -105.0734879, 38.8799418 ], [ -105.0732959, 38.8797679 ], [ -105.0731919, 38.8795439 ], [ -105.0730764, 38.8792945 ], [ -105.0730355, 38.8791429 ], [ -105.0729288, 38.8790367 ], [ -105.072817, 38.8790205 ], [ -105.0727077, 38.879054 ], [ -105.0726463, 38.879147 ], [ -105.0726586, 38.8793068 ], [ -105.0727364, 38.8795198 ], [ -105.0727651, 38.8796918 ], [ -105.0727692, 38.8801342 ], [ -105.0728061, 38.8804455 ], [ -105.0728757, 38.8806872 ], [ -105.0730774, 38.8810606 ], [ -105.0731033, 38.881249 ], [ -105.0730559, 38.881404 ], [ -105.0730191, 38.8815883 ], [ -105.0730478, 38.8817808 ], [ -105.0731665, 38.8819488 ], [ -105.0732812, 38.8820594 ], [ -105.0733468, 38.8821863 ], [ -105.0733713, 38.882342 ], [ -105.0733386, 38.8824321 ], [ -105.0731788, 38.8825427 ], [ -105.0729945, 38.8825714 ], [ -105.0728511, 38.8825468 ], [ -105.0727584, 38.8824921 ], [ -105.0726463, 38.882387 ], [ -105.0726054, 38.8822928 ], [ -105.0725194, 38.8819897 ], [ -105.0724415, 38.8817317 ], [ -105.0723268, 38.8816211 ], [ -105.0721794, 38.8815514 ], [ -105.0719746, 38.8815514 ], [ -105.0717042, 38.8816047 ], [ -105.0714585, 38.8817358 ], [ -105.0713192, 38.881916 ], [ -105.0712045, 38.8821577 ], [ -105.0711799, 38.8823256 ], [ -105.0712127, 38.8825263 ], [ -105.0712946, 38.8827352 ], [ -105.0714257, 38.8832431 ], [ -105.0714667, 38.8835299 ], [ -105.0714744, 38.8837913 ], [ -105.0714503, 38.8839968 ], [ -105.0712693, 38.884397 ], [ -105.0711861, 38.8845314 ], [ -105.0711615, 38.8846133 ], [ -105.0711738, 38.8847444 ], [ -105.0712475, 38.8848386 ], [ -105.0714687, 38.8849614 ], [ -105.0716325, 38.8851212 ], [ -105.0717604, 38.8853451 ], [ -105.0718333, 38.8856496 ], [ -105.0718374, 38.8858585 ], [ -105.0717964, 38.8861575 ], [ -105.0717022, 38.8864893 ], [ -105.0714715, 38.887053 ], [ -105.0714256, 38.8872234 ], [ -105.0714256, 38.8873643 ], [ -105.0714715, 38.8874495 ], [ -105.0715894, 38.8875216 ], [ -105.0717729, 38.887538 ], [ -105.0720941, 38.8874954 ], [ -105.0724447, 38.8873905 ], [ -105.07272, 38.8872726 ], [ -105.0729231, 38.8871481 ], [ -105.0730345, 38.8870727 ], [ -105.0731165, 38.8870661 ], [ -105.0731754, 38.8870956 ], [ -105.0732017, 38.8871644 ], [ -105.0731591, 38.8872562 ], [ -105.0730411, 38.8873578 ], [ -105.0727003, 38.8875904 ], [ -105.0724218, 38.8878362 ], [ -105.072117, 38.8880623 ], [ -105.0714256, 38.8884293 ], [ -105.0711634, 38.8886095 ], [ -105.0699925, 38.8895123 ], [ -105.0697045, 38.8898003 ], [ -105.0695845, 38.8900243 ], [ -105.0692885, 38.8906644 ], [ -105.0690085, 38.8910964 ], [ -105.0687205, 38.8912644 ], [ -105.0684484, 38.8912964 ], [ -105.0681684, 38.8912804 ], [ -105.0677284, 38.8911284 ], [ -105.0670484, 38.8908724 ], [ -105.0668967, 38.8908599 ], [ -105.0667743, 38.8909014 ], [ -105.0667367, 38.8909869 ], [ -105.0667855, 38.8910796 ], [ -105.0670206, 38.8912181 ], [ -105.0674269, 38.8914573 ], [ -105.0675711, 38.8916342 ], [ -105.0676432, 38.8918472 ], [ -105.067735, 38.892093 ], [ -105.0678562, 38.8922634 ], [ -105.0679709, 38.8923257 ], [ -105.0684124, 38.8924683 ], [ -105.0686684, 38.8927499 ], [ -105.068726, 38.8930635 ], [ -105.06863, 38.8932939 ], [ -105.0682844, 38.8935243 ], [ -105.0678684, 38.8937036 ], [ -105.0676252, 38.8937228 ], [ -105.0674204, 38.8936716 ], [ -105.0672476, 38.8935371 ], [ -105.066998, 38.8931723 ], [ -105.0667292, 38.8928715 ], [ -105.0664604, 38.8927435 ], [ -105.0662743, 38.8927435 ], [ -105.0662043, 38.8927435 ], [ -105.0659227, 38.8928523 ], [ -105.0652315, 38.8933707 ], [ -105.0649627, 38.8936075 ], [ -105.0647259, 38.8938636 ], [ -105.0642779, 38.8946636 ], [ -105.0640155, 38.894926 ], [ -105.0637723, 38.8950156 ], [ -105.0633883, 38.8950668 ], [ -105.0629787, 38.8950284 ], [ -105.0627163, 38.8950476 ], [ -105.0620378, 38.8951884 ], [ -105.0619479, 38.8952662 ], [ -105.0619441, 38.8953646 ], [ -105.0620229, 38.8954371 ], [ -105.0621899, 38.8954577 ], [ -105.0624152, 38.8954355 ], [ -105.0626528, 38.8954352 ], [ -105.0628699, 38.8954516 ], [ -105.0631402, 38.8955826 ], [ -105.0635621, 38.8960332 ], [ -105.0637382, 38.8962462 ], [ -105.0640004, 38.8964305 ], [ -105.0643939, 38.8967094 ], [ -105.0645086, 38.8968405 ], [ -105.0646028, 38.8970289 ], [ -105.064652, 38.8973566 ], [ -105.0647503, 38.8976515 ], [ -105.0649059, 38.8979546 ], [ -105.0651517, 38.8982086 ], [ -105.0654177, 38.8983873 ], [ -105.0655611, 38.8984528 ], [ -105.0657618, 38.8985347 ], [ -105.0659174, 38.8986126 ], [ -105.0660116, 38.8986986 ], [ -105.0660772, 38.8988133 ], [ -105.0660936, 38.8989361 ], [ -105.066069, 38.8991123 ], [ -105.0659584, 38.8993253 ], [ -105.0657967, 38.8996089 ], [ -105.0657085, 38.8997636 ], [ -105.065446, 38.9003632 ], [ -105.065111, 38.9010988 ], [ -105.064979, 38.9013889 ], [ -105.064843, 38.9015774 ], [ -105.0647089, 38.9017377 ], [ -105.0643851, 38.9020889 ], [ -105.0641786, 38.902254 ], [ -105.0639226, 38.9024025 ], [ -105.0635745, 38.9025202 ], [ -105.0631648, 38.9025458 ], [ -105.0621459, 38.9026073 ], [ -105.0616676, 38.9026725 ], [ -105.061386, 38.9027749 ], [ -105.0612017, 38.9029029 ], [ -105.0610152, 38.9031662 ], [ -105.0607891, 38.9035726 ], [ -105.0607789, 38.9037211 ], [ -105.0608198, 38.903885 ], [ -105.0608881, 38.9039607 ], [ -105.0610843, 38.9040745 ], [ -105.061365, 38.9041547 ], [ -105.0614162, 38.9042264 ], [ -105.0614111, 38.9043288 ], [ -105.0613394, 38.9043954 ], [ -105.0608174, 38.9045509 ], [ -105.0605587, 38.9046041 ], [ -105.060016, 38.9046246 ], [ -105.0592838, 38.9046041 ], [ -105.0588998, 38.9046451 ], [ -105.0585209, 38.904768 ], [ -105.0573944, 38.9052698 ], [ -105.0568927, 38.9055053 ], [ -105.0565029, 38.9058482 ], [ -105.0562821, 38.9060896 ], [ -105.0561467, 38.9062892 ], [ -105.0561188, 38.9064502 ], [ -105.056125, 38.9066165 ], [ -105.0561416, 38.9067727 ], [ -105.0561835, 38.9070711 ], [ -105.0561724, 38.9073922 ], [ -105.0560779, 38.9075767 ], [ -105.0558021, 38.9077121 ], [ -105.0554693, 38.9077837 ], [ -105.0544248, 38.9080551 ], [ -105.0540766, 38.9081882 ], [ -105.0539332, 38.9083162 ], [ -105.0538564, 38.9084903 ], [ -105.0538667, 38.9086849 ], [ -105.0540221, 38.9089151 ], [ -105.0540605, 38.9090641 ], [ -105.0540247, 38.909208 ], [ -105.053841, 38.9094966 ], [ -105.0536629, 38.9096872 ], [ -105.0533393, 38.9098318 ], [ -105.0524689, 38.9100059 ], [ -105.0521207, 38.9101697 ], [ -105.0519364, 38.9103233 ], [ -105.0518288, 38.9104616 ], [ -105.0517162, 38.9106664 ], [ -105.0517213, 38.9108507 ], [ -105.0517776, 38.9110453 ], [ -105.0518084, 38.9112091 ], [ -105.0517725, 38.9114191 ], [ -105.0516394, 38.9115727 ], [ -105.0512196, 38.9118645 ], [ -105.0509431, 38.9121103 ], [ -105.05082, 38.912282 ], [ -105.0506154, 38.9127042 ], [ -105.0504771, 38.9131701 ], [ -105.0503133, 38.913421 ], [ -105.0501085, 38.9136105 ], [ -105.0495617, 38.9137548 ], [ -105.0490735, 38.9139393 ], [ -105.048808, 38.914102 ], [ -105.0483574, 38.9145577 ], [ -105.0480451, 38.9147369 ], [ -105.0476252, 38.9148393 ], [ -105.0471542, 38.9150595 ], [ -105.0467804, 38.9151721 ], [ -105.0463196, 38.9151568 ], [ -105.045741, 38.9150646 ], [ -105.045357, 38.91508 ], [ -105.0448143, 38.9152592 ], [ -105.0447347, 38.9153573 ], [ -105.0443377, 38.9157997 ], [ -105.0442733, 38.9161754 ], [ -105.0441896, 38.9166467 ], [ -105.0440974, 38.9169898 ], [ -105.0438363, 38.9173482 ], [ -105.0429608, 38.9178807 ], [ -105.0422747, 38.9182237 ], [ -105.0419521, 38.9183056 ], [ -105.04161, 38.9182739 ], [ -105.0412774, 38.9182154 ], [ -105.0409099, 38.9181403 ], [ -105.0407839, 38.9181205 ], [ -105.0406404, 38.9181059 ], [ -105.0405411, 38.9181007 ], [ -105.0404311, 38.9180954 ], [ -105.0403265, 38.9180934 ], [ -105.0401965, 38.9180965 ], [ -105.0400302, 38.9181121 ], [ -105.0399014, 38.9181309 ], [ -105.0396909, 38.9181654 ], [ -105.0390485, 38.9182874 ], [ -105.0388795, 38.9183333 ], [ -105.0387601, 38.9183918 ], [ -105.0386327, 38.9184648 ], [ -105.0385053, 38.9185723 ], [ -105.0384182, 38.9186672 ], [ -105.0383363, 38.9187685 ], [ -105.0382264, 38.9189312 ], [ -105.0379716, 38.919287 ], [ -105.0376685, 38.9197128 ], [ -105.0374821, 38.9199966 ], [ -105.037419, 38.9201166 ], [ -105.0373667, 38.9202804 ], [ -105.037347, 38.9203915 ], [ -105.0373533, 38.9205141 ], [ -105.0373721, 38.9206205 ], [ -105.0374043, 38.920752 ], [ -105.0374847, 38.9211015 ], [ -105.0374861, 38.9212027 ], [ -105.0374727, 38.9212987 ], [ -105.0374499, 38.9213655 ], [ -105.0374056, 38.92145 ], [ -105.0373479, 38.9215324 ], [ -105.0372796, 38.9216013 ], [ -105.0372045, 38.9216587 ], [ -105.0371307, 38.9217046 ], [ -105.0370435, 38.9217411 ], [ -105.0362536, 38.9219905 ], [ -105.036011, 38.9220651 ], [ -105.0358258, 38.922122 ], [ -105.0352303, 38.9223192 ], [ -105.0349112, 38.9224214 ], [ -105.0346792, 38.9224809 ], [ -105.0345115, 38.9225049 ], [ -105.0343854, 38.9225174 ], [ -105.0342889, 38.9225143 ], [ -105.0341642, 38.922508 ], [ -105.0340327, 38.9224871 ], [ -105.0339174, 38.9224621 ], [ -105.0338128, 38.9224329 ], [ -105.0334199, 38.9222826 ], [ -105.0328392, 38.9220604 ], [ -105.0327654, 38.9220406 ], [ -105.0326742, 38.9220239 ], [ -105.0325508, 38.9220051 ], [ -105.0323939, 38.9219884 ], [ -105.0319755, 38.9219508 ], [ -105.031254, 38.9218955 ], [ -105.0310287, 38.9218799 ], [ -105.0307873, 38.9218768 ], [ -105.030397, 38.9218935 ], [ -105.0300993, 38.9219122 ], [ -105.0298753, 38.9219373 ], [ -105.0297586, 38.9219602 ], [ -105.0295776, 38.9220166 ], [ -105.0294421, 38.922074 ], [ -105.0292356, 38.9221762 ], [ -105.028738, 38.9224944 ], [ -105.0284225, 38.9227313 ], [ -105.0282928, 38.9227969 ], [ -105.028173, 38.9228565 ], [ -105.0280175, 38.9229045 ], [ -105.0278699, 38.9229379 ], [ -105.0277188, 38.9229618 ], [ -105.027532, 38.9229692 ], [ -105.0273415, 38.9229608 ], [ -105.0271806, 38.9229441 ], [ -105.0270023, 38.9229106 ], [ -105.0268266, 38.9228617 ], [ -105.0266656, 38.9228064 ], [ -105.0265087, 38.9227417 ], [ -105.0263625, 38.9226681 ], [ -105.0262445, 38.9225894 ], [ -105.0261265, 38.9224976 ], [ -105.02592, 38.9223051 ], [ -105.0253386, 38.9216875 ], [ -105.0249103, 38.9212264 ], [ -105.0248716, 38.9211769 ] ], [ [ -105.0247562, 38.9210571 ], [ -105.0246611, 38.920954 ], [ -105.0242528, 38.920522 ], [ -105.023829, 38.9200963 ], [ -105.0233703, 38.9196852 ], [ -105.0231397, 38.9194828 ], [ -105.0229066, 38.9192925 ], [ -105.0228283, 38.9192148 ], [ -105.0227178, 38.9190689 ], [ -105.0226517, 38.9188321 ], [ -105.0226571, 38.9185368 ], [ -105.022696, 38.9181079 ], [ -105.022708, 38.9179504 ], [ -105.0227429, 38.9177365 ], [ -105.0228328, 38.9175142 ], [ -105.0228703, 38.917437 ], [ -105.0229642, 38.9173107 ], [ -105.0232968, 38.9170645 ], [ -105.0237528, 38.9168182 ], [ -105.024654, 38.9163299 ], [ -105.0249825, 38.9161442 ], [ -105.0254571, 38.9158227 ], [ -105.0257694, 38.9155718 ], [ -105.0261506, 38.9152509 ], [ -105.0264296, 38.9150715 ], [ -105.0266536, 38.914964 ], [ -105.0270955, 38.9148038 ], [ -105.027772, 38.9146155 ], [ -105.0282117, 38.9144454 ], [ -105.0286981, 38.9142048 ], [ -105.0291913, 38.9140016 ], [ -105.0297394, 38.9138307 ], [ -105.030178, 38.9136961 ], [ -105.0303201, 38.9136492 ], [ -105.0304393, 38.9135776 ], [ -105.0305709, 38.9134321 ], [ -105.0306326, 38.9132913 ], [ -105.030646, 38.9131285 ], [ -105.0306232, 38.9130272 ], [ -105.0305723, 38.9129208 ], [ -105.0304516, 38.9127925 ], [ -105.0303381, 38.9127373 ], [ -105.0301377, 38.9126902 ], [ -105.0297743, 38.9126171 ], [ -105.0291923, 38.9125618 ], [ -105.0288369, 38.9125264 ], [ -105.0286075, 38.9124679 ], [ -105.0284265, 38.9123844 ], [ -105.0282227, 38.9122582 ], [ -105.0279692, 38.9121204 ], [ -105.0277922, 38.9120526 ], [ -105.0276433, 38.9120234 ], [ -105.0272128, 38.9119482 ], [ -105.02662, 38.9118783 ], [ -105.0263357, 38.9118815 ], [ -105.0260514, 38.9119535 ], [ -105.025802, 38.912015 ], [ -105.0255632, 38.9120516 ], [ -105.0253715, 38.9120578 ], [ -105.0252239, 38.9120359 ], [ -105.0248981, 38.911919 ], [ -105.0246741, 38.9118658 ], [ -105.0243536, 38.9118272 ], [ -105.0239727, 38.9117928 ], [ -105.0237313, 38.9117896 ], [ -105.0235462, 38.9118053 ], [ -105.023282, 38.9118522 ], [ -105.022881, 38.911967 ], [ -105.0223875, 38.9121058 ], [ -105.022177, 38.9121455 ], [ -105.0219905, 38.9121684 ], [ -105.0217411, 38.9121622 ], [ -105.0214447, 38.9121319 ], [ -105.0211912, 38.9120891 ], [ -105.0208265, 38.9120109 ], [ -105.0203678, 38.9119044 ], [ -105.0200138, 38.9118157 ], [ -105.0197187, 38.9116988 ], [ -105.0194304, 38.9115392 ], [ -105.0191962, 38.9113604 ], [ -105.0190763, 38.9112501 ], [ -105.018961, 38.9110758 ], [ -105.0187866, 38.9107716 ], [ -105.018601, 38.9105795 ], [ -105.0180919, 38.9102932 ], [ -105.0174809, 38.9099587 ], [ -105.016661, 38.9094834 ], [ -105.0154841, 38.9088515 ], [ -105.0151643, 38.9087122 ], [ -105.014939, 38.9086558 ], [ -105.0146775, 38.9086454 ], [ -105.0140445, 38.9086329 ], [ -105.0138943, 38.9086162 ], [ -105.0137521, 38.9085849 ], [ -105.0136314, 38.9085129 ], [ -105.0135576, 38.9084483 ], [ -105.013212, 38.9079299 ], [ -105.0129193, 38.9075131 ], [ -105.0128254, 38.907342 ], [ -105.0127919, 38.9072032 ], [ -105.0127678, 38.9068963 ], [ -105.0127704, 38.906674 ], [ -105.0127999, 38.9065019 ], [ -105.0128751, 38.9063192 ], [ -105.0129783, 38.9059884 ], [ -105.013103, 38.9055939 ], [ -105.0131728, 38.9053299 ], [ -105.0132144, 38.9051629 ], [ -105.0132197, 38.9050564 ], [ -105.0131705, 38.9048409 ], [ -105.0129864, 38.9044365 ], [ -105.0128737, 38.9042727 ], [ -105.0127691, 38.9041787 ], [ -105.0126055, 38.9040984 ], [ -105.0124352, 38.9040316 ], [ -105.0120248, 38.9039397 ], [ -105.0115071, 38.9038291 ], [ -105.0108433, 38.9036559 ], [ -105.0102022, 38.9035327 ], [ -105.0093627, 38.9033929 ], [ -105.0087176, 38.9032802 ], [ -105.0082362, 38.9031789 ], [ -105.007567, 38.9030265 ], [ -105.0069568, 38.9029201 ], [ -105.0060019, 38.9027531 ], [ -105.0053662, 38.9026383 ], [ -105.0042303, 38.9024557 ], [ -105.0040171, 38.9024129 ], [ -105.0038239, 38.9023544 ], [ -105.0036107, 38.902273 ], [ -105.00314, 38.9020476 ], [ -105.0029495, 38.9019589 ], [ -105.0025351, 38.9018263 ], [ -105.0019719, 38.9016239 ], [ -105.0013255, 38.9014109 ], [ -105.0005624, 38.9012126 ], [ -105.0000018, 38.9010352 ], [ -104.9995606, 38.9009048 ], [ -104.9986412, 38.9007189 ], [ -104.9981363, 38.9006042 ], [ -104.9979432, 38.9005875 ], [ -104.9977005, 38.9005802 ], [ -104.9972673, 38.9006031 ], [ -104.9969079, 38.900624 ], [ -104.9965082, 38.9006167 ], [ -104.9961193, 38.900601 ], [ -104.9959195, 38.9006198 ], [ -104.9954568, 38.9006731 ], [ -104.9950236, 38.9007336 ], [ -104.9946937, 38.9007712 ], [ -104.9943249, 38.9007837 ], [ -104.9940164, 38.900767 ], [ -104.9937335, 38.900743 ], [ -104.9933271, 38.9007451 ], [ -104.9930428, 38.90072 ], [ -104.9928309, 38.9006751 ], [ -104.9924718, 38.9005912 ], [ -104.9921009, 38.9004932 ], [ -104.9919555, 38.9004589 ], [ -104.991247, 38.9002915 ], [ -104.9911581, 38.9002705 ], [ -104.9908823, 38.900193 ], [ -104.9905215, 38.9001449 ], [ -104.9901634, 38.9001366 ], [ -104.9899167, 38.9001554 ], [ -104.9896029, 38.9001856 ], [ -104.9893279, 38.9002284 ], [ -104.9891643, 38.9002462 ], [ -104.988935, 38.9002337 ], [ -104.9887258, 38.9001742 ], [ -104.9885353, 38.9000886 ], [ -104.9882095, 38.8998757 ], [ -104.9879064, 38.8996022 ], [ -104.987665, 38.8992881 ], [ -104.9874182, 38.8988059 ], [ -104.9872653, 38.8985637 ], [ -104.9870816, 38.8983602 ], [ -104.9867986, 38.8981243 ], [ -104.9863628, 38.8977277 ], [ -104.985951, 38.8973363 ], [ -104.9856816, 38.8969477 ], [ -104.9855568, 38.8967424 ], [ -104.9854682, 38.8966286 ], [ -104.9853502, 38.8965649 ], [ -104.9851947, 38.8965482 ], [ -104.9850512, 38.8965618 ], [ -104.9845952, 38.8966098 ], [ -104.9842076, 38.8965973 ], [ -104.9838763, 38.8965201 ], [ -104.9836712, 38.8964345 ], [ -104.9833868, 38.896351 ], [ -104.983183, 38.8963395 ], [ -104.9830006, 38.8963645 ], [ -104.9828504, 38.8964731 ], [ -104.9827404, 38.8966589 ], [ -104.9826962, 38.8969814 ], [ -104.982664, 38.8971954 ], [ -104.9825956, 38.8973144 ], [ -104.9824414, 38.8974532 ], [ -104.9821061, 38.8976536 ], [ -104.9815656, 38.8979291 ], [ -104.9810037, 38.8981765 ], [ -104.980879, 38.8982663 ], [ -104.9807999, 38.898379 ], [ -104.980773, 38.8984802 ], [ -104.9807462, 38.8986576 ], [ -104.9806617, 38.8987954 ], [ -104.9805531, 38.8989029 ], [ -104.9803935, 38.898977 ], [ -104.9802259, 38.8990355 ], [ -104.9800126, 38.8990793 ], [ -104.9799, 38.8991138 ], [ -104.9798061, 38.8991973 ], [ -104.9797511, 38.8993131 ], [ -104.979731, 38.8994999 ], [ -104.9797337, 38.8997483 ], [ -104.9797739, 38.8999226 ], [ -104.9798664, 38.9001335 ], [ -104.9799509, 38.9003412 ], [ -104.9799965, 38.9005687 ], [ -104.9800274, 38.9007367 ], [ -104.9801213, 38.9009058 ], [ -104.9802782, 38.9010373 ], [ -104.9804994, 38.9011365 ], [ -104.9806617, 38.9012366 ], [ -104.9807529, 38.9013306 ], [ -104.9808042, 38.901478 ], [ -104.98084, 38.9016828 ], [ -104.9808656, 38.9018876 ], [ -104.9809755, 38.9020497 ], [ -104.9811204, 38.9022396 ], [ -104.9811901, 38.9023722 ], [ -104.9812752, 38.9027222 ], [ -104.9813792, 38.9029869 ], [ -104.9814396, 38.9031789 ], [ -104.9814838, 38.903491 ], [ -104.9816501, 38.9038051 ], [ -104.9818473, 38.9040504 ], [ -104.9819841, 38.9042612 ], [ -104.9820498, 38.9044417 ], [ -104.9821316, 38.9046964 ], [ -104.9822764, 38.9048989 ], [ -104.9824172, 38.9050909 ], [ -104.9825044, 38.9052464 ], [ -104.9825138, 38.905501 ], [ -104.9825098, 38.9057755 ], [ -104.9825701, 38.9059769 ], [ -104.9827351, 38.9063401 ], [ -104.9828558, 38.9065123 ], [ -104.9830931, 38.9067106 ], [ -104.9833734, 38.9069141 ], [ -104.9835612, 38.9070779 ], [ -104.9837235, 38.907296 ], [ -104.9838147, 38.9075695 ], [ -104.983867, 38.9077573 ], [ -104.9839018, 38.9080025 ], [ -104.983907, 38.9082417 ], [ -104.9839045, 38.9084502 ], [ -104.9838589, 38.9088124 ], [ -104.9837409, 38.9092872 ], [ -104.9836001, 38.9096629 ], [ -104.9835263, 38.9097996 ], [ -104.9834001, 38.9099006 ], [ -104.9832465, 38.9099365 ], [ -104.9831052, 38.9099373 ], [ -104.9830127, 38.9099311 ], [ -104.9829201, 38.9099029 ], [ -104.9828357, 38.9098674 ], [ -104.9827552, 38.9098058 ], [ -104.9826479, 38.9097119 ], [ -104.9825326, 38.9095596 ], [ -104.9825044, 38.9094917 ], [ -104.9824896, 38.9094333 ], [ -104.9824856, 38.9093049 ], [ -104.9825131, 38.9091442 ], [ -104.9825701, 38.9090242 ], [ -104.9826137, 38.9089834 ], [ -104.9827699, 38.9088374 ], [ -104.9828678, 38.9087612 ], [ -104.9829337, 38.9086809 ], [ -104.9829684, 38.9086282 ], [ -104.982961, 38.908551 ], [ -104.9829309, 38.9084868 ], [ -104.9828933, 38.9084163 ], [ -104.982841, 38.9083642 ], [ -104.9827545, 38.9083114 ], [ -104.9825013, 38.9082391 ], [ -104.9823299, 38.9082214 ], [ -104.9821396, 38.9082018 ], [ -104.9819385, 38.9081686 ], [ -104.981727, 38.9081336 ], [ -104.9815315, 38.9080979 ], [ -104.9812895, 38.9080537 ], [ -104.981004, 38.9079641 ], [ -104.9806494, 38.9077706 ], [ -104.98036, 38.9075731 ], [ -104.9799963, 38.9072662 ], [ -104.9797893, 38.9070942 ], [ -104.9793174, 38.9066907 ], [ -104.979208, 38.906589 ], [ -104.979106, 38.9065123 ], [ -104.97891, 38.9063647 ], [ -104.9788004, 38.9062822 ], [ -104.978596, 38.9061782 ], [ -104.9785261, 38.9061426 ], [ -104.9781913, 38.9060258 ], [ -104.977898, 38.9059331 ], [ -104.977234, 38.9057069 ], [ -104.9765114, 38.9054586 ], [ -104.9762655, 38.9053723 ], [ -104.97602, 38.9052859 ], [ -104.975913, 38.905251 ], [ -104.9756759, 38.9051529 ], [ -104.9753724, 38.9050272 ], [ -104.975118, 38.9048326 ], [ -104.9749491, 38.9046304 ], [ -104.9746723, 38.9044292 ], [ -104.9743966, 38.9041649 ], [ -104.9739997, 38.9037856 ], [ -104.9735669, 38.9033075 ], [ -104.9734927, 38.9031446 ], [ -104.9733435, 38.9025823 ], [ -104.9732488, 38.9020245 ], [ -104.973247, 38.9016556 ], [ -104.973247, 38.9014287 ], [ -104.9732336, 38.9011147 ], [ -104.9733493, 38.900636 ], [ -104.9733829, 38.9003713 ], [ -104.9734312, 38.9001167 ], [ -104.9734954, 38.8997685 ], [ -104.9735249, 38.8995393 ], [ -104.9735176, 38.8991296 ], [ -104.9734339, 38.8988193 ], [ -104.9733203, 38.8985228 ], [ -104.972918, 38.897749 ], [ -104.9726169, 38.8974597 ], [ -104.9723951, 38.8972462 ], [ -104.9719791, 38.8970599 ], [ -104.971686, 38.8969378 ], [ -104.9716254, 38.8969052 ], [ -104.9713312, 38.8967522 ] ] ] } }
]
}
