{
"type": "FeatureCollection",
"name": "gogalltrails",
"crs": { "type": "name", "properties": { "name": "urn:ogc:def:crs:OGC:1.3:CRS84" } },
"features": [
{ "type": "Feature", "properties": { "fid": 173, "full_id": "w37223137", "osm_id": "37223137", "osm_type": "way", "highway": "path", "name": "", "tiger:cfcc": "", "tiger:county": "", "tiger:reviewed": "", "cycleway": "", "oneway": "", "tiger:name_base": "", "tiger:name_type": "", "service": "", "access": "", "alt_name": "", "ref": "", "surface": "unpaved", "tiger:name_direction_prefix": "", "cycleway:both": "", "maxspeed:type": "", "sidewalk": "", "sidewalk:both:bicycle": "", "lanes": "", "bicycle": "no", "foot": "designated", "old_railway_operator": "", "segregated": "", "bridge": "", "layer": "", "tiger:separated": "", "tiger:source": "", "tiger:tlid": "", "maxspeed": "", "name_1": "", "tiger:name_base_1": "", "tiger:name_type_1": "", "cycleway:right": "", "route": "", "tracktype": "", "horse": "", "motor_vehicle": "", "railway": "", "tiger:name_base_2": "", "tiger:zip_right": "", "name_2": "", "destination": "", "destination:ref": "", "alt_name_1": "", "parking:lane:both": "", "mtb:scale": "", "old_ref": "", "NHS": "", "hgv": "", "hgv:national_network": "", "source:hgv:national_network": "", "sac_scale": "hiking", "description": "", "website": "", "trail_visibility": "", "mtb:scale:imba": "", "admin_level": "", "border_type": "", "boundary": "", "is_in:country": "", "is_in:country_code": "", "is_in:iso_3166_2": "", "is_in:state": "", "tiger:CLASSFP": "", "tiger:CPI": "", "tiger:FUNCSTAT": "", "tiger:LSAD": "", "tiger:MTFCC": "", "tiger:NAME": "", "tiger:NAMELSAD": "", "tiger:PCICBSA": "", "tiger:PCINECTA": "", "tiger:PLACEFP": "", "tiger:PLACENS": "", "tiger:PLCIDFP": "", "tiger:STATEFP": "", "wikidata": "", "wikipedia": "", "tunnel": "", "lit": "", "width": "", "waterway": "", "barrier": "", "fence_type": "", "junction": "", "shoulder": "", "lanes:backward": "", "lanes:forward": "", "turn:lanes:backward": "", "intermittent": "", "natural": "", "seasonal": "", "footway": "", "crossing": "", "tiger:name_base_3": "", "tiger:name_direction_prefix_3": "", "turn:lanes:forward": "", "turn:lanes": "", "lanes:both_ways": "", "turn:lanes:both_ways": "", "golf": "", "golf_cart": "", "power": "", "disused:highway": "", "tourism": "", "auxiliary_storage_labeling_positionx": null, "auxiliary_storage_labeling_positiony": null, "auxiliary_storage_labeling_show": null, "length": 105.01963864726474 }, "geometry": { "type": "LineString", "coordinates": [ [ -104.8803945, 38.8816558 ], [ -104.8803896, 38.8815892 ], [ -104.8804046, 38.8815236 ], [ -104.8804154, 38.8814993 ], [ -104.8804376, 38.8813712 ] ] } },
{ "type": "Feature", "properties": { "fid": 174, "full_id": "w37223138", "osm_id": "37223138", "osm_type": "way", "highway": "path", "name": "", "tiger:cfcc": "", "tiger:county": "", "tiger:reviewed": "", "cycleway": "", "oneway": "", "tiger:name_base": "", "tiger:name_type": "", "service": "", "access": "", "alt_name": "", "ref": "", "surface": "unpaved", "tiger:name_direction_prefix": "", "cycleway:both": "", "maxspeed:type": "", "sidewalk": "", "sidewalk:both:bicycle": "", "lanes": "", "bicycle": "no", "foot": "designated", "old_railway_operator": "", "segregated": "", "bridge": "", "layer": "", "tiger:separated": "", "tiger:source": "", "tiger:tlid": "", "maxspeed": "", "name_1": "", "tiger:name_base_1": "", "tiger:name_type_1": "", "cycleway:right": "", "route": "", "tracktype": "", "horse": "", "motor_vehicle": "", "railway": "", "tiger:name_base_2": "", "tiger:zip_right": "", "name_2": "", "destination": "", "destination:ref": "", "alt_name_1": "", "parking:lane:both": "", "mtb:scale": "", "old_ref": "", "NHS": "", "hgv": "", "hgv:national_network": "", "source:hgv:national_network": "", "sac_scale": "hiking", "description": "", "website": "", "trail_visibility": "", "mtb:scale:imba": "", "admin_level": "", "border_type": "", "boundary": "", "is_in:country": "", "is_in:country_code": "", "is_in:iso_3166_2": "", "is_in:state": "", "tiger:CLASSFP": "", "tiger:CPI": "", "tiger:FUNCSTAT": "", "tiger:LSAD": "", "tiger:MTFCC": "", "tiger:NAME": "", "tiger:NAMELSAD": "", "tiger:PCICBSA": "", "tiger:PCINECTA": "", "tiger:PLACEFP": "", "tiger:PLACENS": "", "tiger:PLCIDFP": "", "tiger:STATEFP": "", "wikidata": "", "wikipedia": "", "tunnel": "", "lit": "", "width": "", "waterway": "", "barrier": "", "fence_type": "", "junction": "", "shoulder": "", "lanes:backward": "", "lanes:forward": "", "turn:lanes:backward": "", "intermittent": "", "natural": "", "seasonal": "", "footway": "", "crossing": "", "tiger:name_base_3": "", "tiger:name_direction_prefix_3": "", "turn:lanes:forward": "", "turn:lanes": "", "lanes:both_ways": "", "turn:lanes:both_ways": "", "golf": "", "golf_cart": "", "power": "", "disused:highway": "", "tourism": "", "auxiliary_storage_labeling_positionx": null, "auxiliary_storage_labeling_positiony": null, "auxiliary_storage_labeling_show": null, "length": 57.571808241475736 }, "geometry": { "type": "LineString", "coordinates": [ [ -104.8807035, 38.881736 ], [ -104.8807548, 38.8815831 ] ] } },
{ "type": "Feature", "properties": { "fid": 175, "full_id": "w37223139", "osm_id": "37223139", "osm_type": "way", "highway": "path", "name": "Palmer Trail", "tiger:cfcc": "", "tiger:county": "", "tiger:reviewed": "", "cycleway": "", "oneway": "", "tiger:name_base": "", "tiger:name_type": "", "service": "", "access": "", "alt_name": "", "ref": "", "surface": "unpaved", "tiger:name_direction_prefix": "", "cycleway:both": "", "maxspeed:type": "", "sidewalk": "", "sidewalk:both:bicycle": "", "lanes": "", "bicycle": "no", "foot": "designated", "old_railway_operator": "", "segregated": "", "bridge": "", "layer": "", "tiger:separated": "", "tiger:source": "", "tiger:tlid": "", "maxspeed": "", "name_1": "", "tiger:name_base_1": "", "tiger:name_type_1": "", "cycleway:right": "", "route": "", "tracktype": "", "horse": "designated", "motor_vehicle": "", "railway": "", "tiger:name_base_2": "", "tiger:zip_right": "", "name_2": "", "destination": "", "destination:ref": "", "alt_name_1": "", "parking:lane:both": "", "mtb:scale": "", "old_ref": "", "NHS": "", "hgv": "", "hgv:national_network": "", "source:hgv:national_network": "", "sac_scale": "hiking", "description": "", "website": "", "trail_visibility": "", "mtb:scale:imba": "", "admin_level": "", "border_type": "", "boundary": "", "is_in:country": "", "is_in:country_code": "", "is_in:iso_3166_2": "", "is_in:state": "", "tiger:CLASSFP": "", "tiger:CPI": "", "tiger:FUNCSTAT": "", "tiger:LSAD": "", "tiger:MTFCC": "", "tiger:NAME": "", "tiger:NAMELSAD": "", "tiger:PCICBSA": "", "tiger:PCINECTA": "", "tiger:PLACEFP": "", "tiger:PLACENS": "", "tiger:PLCIDFP": "", "tiger:STATEFP": "", "wikidata": "", "wikipedia": "", "tunnel": "", "lit": "", "width": "", "waterway": "", "barrier": "", "fence_type": "", "junction": "", "shoulder": "", "lanes:backward": "", "lanes:forward": "", "turn:lanes:backward": "", "intermittent": "", "natural": "", "seasonal": "", "footway": "", "crossing": "", "tiger:name_base_3": "", "tiger:name_direction_prefix_3": "", "turn:lanes:forward": "", "turn:lanes": "", "lanes:both_ways": "", "turn:lanes:both_ways": "", "golf": "", "golf_cart": "", "power": "", "disused:highway": "", "tourism": "", "auxiliary_storage_labeling_positionx": -104.88599868586203, "auxiliary_storage_labeling_positiony": 38.87396473215486, "auxiliary_storage_labeling_show": null, "length": 1880.078482536416 }, "geometry": { "type": "LineString", "coordinates": [ [ -104.8854697, 38.8724288 ], [ -104.8854722, 38.8724503 ], [ -104.885475, 38.8724747 ], [ -104.8854724, 38.8725541 ], [ -104.8854831, 38.8726397 ], [ -104.8855287, 38.8726668 ], [ -104.8856252, 38.8726919 ], [ -104.8857084, 38.8727399 ], [ -104.8857218, 38.8728276 ], [ -104.8857245, 38.8729049 ], [ -104.8857674, 38.8729822 ], [ -104.8858613, 38.8729989 ], [ -104.8859283, 38.873026 ], [ -104.8859525, 38.8730928 ], [ -104.885923, 38.8731868 ], [ -104.885864, 38.8732265 ], [ -104.8858398, 38.8732912 ], [ -104.8858559, 38.8734186 ], [ -104.8858854, 38.8735334 ], [ -104.8859149, 38.8735439 ], [ -104.8859766, 38.8735501 ], [ -104.8860195, 38.8735877 ], [ -104.8860571, 38.8736274 ], [ -104.8861214, 38.873642 ], [ -104.8861778, 38.8736859 ], [ -104.8861697, 38.8737443 ], [ -104.8861214, 38.8738112 ], [ -104.8860544, 38.8738362 ], [ -104.8857459, 38.8739093 ], [ -104.8856091, 38.873878 ], [ -104.8855126, 38.873878 ], [ -104.8854294, 38.8739093 ], [ -104.8853865, 38.873972 ], [ -104.885357, 38.874043 ], [ -104.88529, 38.8741327 ], [ -104.8852497, 38.8741912 ], [ -104.8851934, 38.8742309 ], [ -104.8851639, 38.8742873 ], [ -104.8851317, 38.8744293 ], [ -104.885121, 38.8745211 ], [ -104.8850781, 38.8745608 ], [ -104.885011, 38.8745942 ], [ -104.8849493, 38.8746673 ], [ -104.884901, 38.8747529 ], [ -104.8848715, 38.8748281 ], [ -104.8848233, 38.8748615 ], [ -104.8847455, 38.874897 ], [ -104.884614, 38.8749242 ], [ -104.8845282, 38.8749492 ], [ -104.8844719, 38.8749889 ], [ -104.8844638, 38.8750369 ], [ -104.8844719, 38.8751476 ], [ -104.8843539, 38.8752478 ], [ -104.8842627, 38.8754232 ], [ -104.8842198, 38.8755151 ], [ -104.8842278, 38.8755882 ], [ -104.8842443, 38.8756411 ], [ -104.8842493, 38.8756571 ], [ -104.8842224, 38.8757114 ], [ -104.8841554, 38.8757636 ], [ -104.8840803, 38.8758701 ], [ -104.8840025, 38.8760517 ], [ -104.8839703, 38.8761102 ], [ -104.8839891, 38.8761374 ], [ -104.8839918, 38.8761729 ], [ -104.8839784, 38.8762167 ], [ -104.8839307, 38.8762837 ] ] } },
{ "type": "Feature", "properties": { "fid": 176, "full_id": "w37223140", "osm_id": "37223140", "osm_type": "way", "highway": "path", "name": "", "tiger:cfcc": "", "tiger:county": "", "tiger:reviewed": "", "cycleway": "", "oneway": "", "tiger:name_base": "", "tiger:name_type": "", "service": "", "access": "", "alt_name": "", "ref": "", "surface": "unpaved", "tiger:name_direction_prefix": "", "cycleway:both": "", "maxspeed:type": "", "sidewalk": "", "sidewalk:both:bicycle": "", "lanes": "", "bicycle": "no", "foot": "yes", "old_railway_operator": "", "segregated": "", "bridge": "", "layer": "", "tiger:separated": "", "tiger:source": "", "tiger:tlid": "", "maxspeed": "", "name_1": "", "tiger:name_base_1": "", "tiger:name_type_1": "", "cycleway:right": "", "route": "", "tracktype": "", "horse": "yes", "motor_vehicle": "", "railway": "", "tiger:name_base_2": "", "tiger:zip_right": "", "name_2": "", "destination": "", "destination:ref": "", "alt_name_1": "", "parking:lane:both": "", "mtb:scale": "", "old_ref": "", "NHS": "", "hgv": "", "hgv:national_network": "", "source:hgv:national_network": "", "sac_scale": "hiking", "description": "", "website": "", "trail_visibility": "", "mtb:scale:imba": "", "admin_level": "", "border_type": "", "boundary": "", "is_in:country": "", "is_in:country_code": "", "is_in:iso_3166_2": "", "is_in:state": "", "tiger:CLASSFP": "", "tiger:CPI": "", "tiger:FUNCSTAT": "", "tiger:LSAD": "", "tiger:MTFCC": "", "tiger:NAME": "", "tiger:NAMELSAD": "", "tiger:PCICBSA": "", "tiger:PCINECTA": "", "tiger:PLACEFP": "", "tiger:PLACENS": "", "tiger:PLCIDFP": "", "tiger:STATEFP": "", "wikidata": "", "wikipedia": "", "tunnel": "", "lit": "", "width": "", "waterway": "", "barrier": "", "fence_type": "", "junction": "", "shoulder": "", "lanes:backward": "", "lanes:forward": "", "turn:lanes:backward": "", "intermittent": "", "natural": "", "seasonal": "", "footway": "", "crossing": "", "tiger:name_base_3": "", "tiger:name_direction_prefix_3": "", "turn:lanes:forward": "", "turn:lanes": "", "lanes:both_ways": "", "turn:lanes:both_ways": "", "golf": "", "golf_cart": "", "power": "", "disused:highway": "", "tourism": "", "auxiliary_storage_labeling_positionx": null, "auxiliary_storage_labeling_positiony": null, "auxiliary_storage_labeling_show": null, "length": 57.142694451874149 }, "geometry": { "type": "LineString", "coordinates": [ [ -104.8823343, 38.8828518 ], [ -104.8823257, 38.882785 ], [ -104.8823622, 38.8826999 ] ] } },
{ "type": "Feature", "properties": { "fid": 177, "full_id": "w37223154", "osm_id": "37223154", "osm_type": "way", "highway": "path", "name": "Palmer Trail", "tiger:cfcc": "", "tiger:county": "", "tiger:reviewed": "", "cycleway": "", "oneway": "", "tiger:name_base": "", "tiger:name_type": "", "service": "", "access": "", "alt_name": "", "ref": "", "surface": "unpaved", "tiger:name_direction_prefix": "", "cycleway:both": "", "maxspeed:type": "", "sidewalk": "", "sidewalk:both:bicycle": "", "lanes": "", "bicycle": "no", "foot": "designated", "old_railway_operator": "", "segregated": "", "bridge": "", "layer": "", "tiger:separated": "", "tiger:source": "", "tiger:tlid": "", "maxspeed": "", "name_1": "", "tiger:name_base_1": "", "tiger:name_type_1": "", "cycleway:right": "", "route": "", "tracktype": "", "horse": "designated", "motor_vehicle": "", "railway": "", "tiger:name_base_2": "", "tiger:zip_right": "", "name_2": "", "destination": "", "destination:ref": "", "alt_name_1": "", "parking:lane:both": "", "mtb:scale": "", "old_ref": "", "NHS": "", "hgv": "", "hgv:national_network": "", "source:hgv:national_network": "", "sac_scale": "hiking", "description": "", "website": "", "trail_visibility": "", "mtb:scale:imba": "", "admin_level": "", "border_type": "", "boundary": "", "is_in:country": "", "is_in:country_code": "", "is_in:iso_3166_2": "", "is_in:state": "", "tiger:CLASSFP": "", "tiger:CPI": "", "tiger:FUNCSTAT": "", "tiger:LSAD": "", "tiger:MTFCC": "", "tiger:NAME": "", "tiger:NAMELSAD": "", "tiger:PCICBSA": "", "tiger:PCINECTA": "", "tiger:PLACEFP": "", "tiger:PLACENS": "", "tiger:PLCIDFP": "", "tiger:STATEFP": "", "wikidata": "", "wikipedia": "", "tunnel": "", "lit": "", "width": "", "waterway": "", "barrier": "", "fence_type": "", "junction": "", "shoulder": "", "lanes:backward": "", "lanes:forward": "", "turn:lanes:backward": "", "intermittent": "", "natural": "", "seasonal": "", "footway": "", "crossing": "", "tiger:name_base_3": "", "tiger:name_direction_prefix_3": "", "turn:lanes:forward": "", "turn:lanes": "", "lanes:both_ways": "", "turn:lanes:both_ways": "", "golf": "", "golf_cart": "", "power": "", "disused:highway": "", "tourism": "", "auxiliary_storage_labeling_positionx": null, "auxiliary_storage_labeling_positiony": null, "auxiliary_storage_labeling_show": null, "length": 410.5051846158359 }, "geometry": { "type": "LineString", "coordinates": [ [ -104.8842311, 38.8772192 ], [ -104.8841539, 38.8771724 ], [ -104.8838277, 38.8771791 ], [ -104.883596, 38.8772526 ], [ -104.8835702, 38.8774731 ], [ -104.8835273, 38.8776602 ], [ -104.8834157, 38.8777537 ], [ -104.883338, 38.8777569 ] ] } },
{ "type": "Feature", "properties": { "fid": 178, "full_id": "w37223155", "osm_id": "37223155", "osm_type": "way", "highway": "path", "name": "Palmer Trail", "tiger:cfcc": "", "tiger:county": "", "tiger:reviewed": "", "cycleway": "", "oneway": "", "tiger:name_base": "", "tiger:name_type": "", "service": "", "access": "", "alt_name": "", "ref": "", "surface": "ground", "tiger:name_direction_prefix": "", "cycleway:both": "", "maxspeed:type": "", "sidewalk": "", "sidewalk:both:bicycle": "", "lanes": "", "bicycle": "no", "foot": "designated", "old_railway_operator": "", "segregated": "", "bridge": "", "layer": "", "tiger:separated": "", "tiger:source": "", "tiger:tlid": "", "maxspeed": "", "name_1": "", "tiger:name_base_1": "", "tiger:name_type_1": "", "cycleway:right": "", "route": "", "tracktype": "", "horse": "designated", "motor_vehicle": "", "railway": "", "tiger:name_base_2": "", "tiger:zip_right": "", "name_2": "", "destination": "", "destination:ref": "", "alt_name_1": "", "parking:lane:both": "", "mtb:scale": "", "old_ref": "", "NHS": "", "hgv": "", "hgv:national_network": "", "source:hgv:national_network": "", "sac_scale": "hiking", "description": "", "website": "", "trail_visibility": "", "mtb:scale:imba": "", "admin_level": "", "border_type": "", "boundary": "", "is_in:country": "", "is_in:country_code": "", "is_in:iso_3166_2": "", "is_in:state": "", "tiger:CLASSFP": "", "tiger:CPI": "", "tiger:FUNCSTAT": "", "tiger:LSAD": "", "tiger:MTFCC": "", "tiger:NAME": "", "tiger:NAMELSAD": "", "tiger:PCICBSA": "", "tiger:PCINECTA": "", "tiger:PLACEFP": "", "tiger:PLACENS": "", "tiger:PLCIDFP": "", "tiger:STATEFP": "", "wikidata": "", "wikipedia": "", "tunnel": "", "lit": "", "width": "", "waterway": "", "barrier": "", "fence_type": "", "junction": "", "shoulder": "", "lanes:backward": "", "lanes:forward": "", "turn:lanes:backward": "", "intermittent": "", "natural": "", "seasonal": "", "footway": "", "crossing": "", "tiger:name_base_3": "", "tiger:name_direction_prefix_3": "", "turn:lanes:forward": "", "turn:lanes": "", "lanes:both_ways": "", "turn:lanes:both_ways": "", "golf": "", "golf_cart": "", "power": "", "disused:highway": "", "tourism": "", "auxiliary_storage_labeling_positionx": -104.88456824268269, "auxiliary_storage_labeling_positiony": 38.880747112063609, "auxiliary_storage_labeling_show": null, "length": 570.36957864734109 }, "geometry": { "type": "LineString", "coordinates": [ [ -104.883596, 38.8772526 ], [ -104.883699, 38.8770789 ], [ -104.8837333, 38.8769185 ], [ -104.8837247, 38.8766646 ], [ -104.8837162, 38.8764441 ], [ -104.8838713, 38.8763577 ], [ -104.8839307, 38.8762837 ], [ -104.8839143, 38.8762307 ], [ -104.8838621, 38.8761969 ], [ -104.8835531, 38.8762035 ], [ -104.8834501, 38.8762637 ], [ -104.8833862, 38.8762514 ] ] } },
{ "type": "Feature", "properties": { "fid": 179, "full_id": "w37223156", "osm_id": "37223156", "osm_type": "way", "highway": "path", "name": "", "tiger:cfcc": "", "tiger:county": "", "tiger:reviewed": "", "cycleway": "", "oneway": "", "tiger:name_base": "", "tiger:name_type": "", "service": "", "access": "", "alt_name": "", "ref": "", "surface": "unpaved", "tiger:name_direction_prefix": "", "cycleway:both": "", "maxspeed:type": "", "sidewalk": "", "sidewalk:both:bicycle": "", "lanes": "", "bicycle": "no", "foot": "designated", "old_railway_operator": "", "segregated": "", "bridge": "", "layer": "", "tiger:separated": "", "tiger:source": "", "tiger:tlid": "", "maxspeed": "", "name_1": "", "tiger:name_base_1": "", "tiger:name_type_1": "", "cycleway:right": "", "route": "", "tracktype": "", "horse": "designated", "motor_vehicle": "", "railway": "", "tiger:name_base_2": "", "tiger:zip_right": "", "name_2": "", "destination": "", "destination:ref": "", "alt_name_1": "", "parking:lane:both": "", "mtb:scale": "", "old_ref": "", "NHS": "", "hgv": "", "hgv:national_network": "", "source:hgv:national_network": "", "sac_scale": "hiking", "description": "", "website": "", "trail_visibility": "", "mtb:scale:imba": "", "admin_level": "", "border_type": "", "boundary": "", "is_in:country": "", "is_in:country_code": "", "is_in:iso_3166_2": "", "is_in:state": "", "tiger:CLASSFP": "", "tiger:CPI": "", "tiger:FUNCSTAT": "", "tiger:LSAD": "", "tiger:MTFCC": "", "tiger:NAME": "", "tiger:NAMELSAD": "", "tiger:PCICBSA": "", "tiger:PCINECTA": "", "tiger:PLACEFP": "", "tiger:PLACENS": "", "tiger:PLCIDFP": "", "tiger:STATEFP": "", "wikidata": "", "wikipedia": "", "tunnel": "", "lit": "", "width": "", "waterway": "", "barrier": "", "fence_type": "", "junction": "", "shoulder": "", "lanes:backward": "", "lanes:forward": "", "turn:lanes:backward": "", "intermittent": "", "natural": "", "seasonal": "", "footway": "", "crossing": "", "tiger:name_base_3": "", "tiger:name_direction_prefix_3": "", "turn:lanes:forward": "", "turn:lanes": "", "lanes:both_ways": "", "turn:lanes:both_ways": "", "golf": "", "golf_cart": "", "power": "", "disused:highway": "", "tourism": "", "auxiliary_storage_labeling_positionx": null, "auxiliary_storage_labeling_positiony": null, "auxiliary_storage_labeling_show": null, "length": 51.714457977832673 }, "geometry": { "type": "LineString", "coordinates": [ [ -104.8838277, 38.8771791 ], [ -104.883699, 38.8770789 ] ] } },
{ "type": "Feature", "properties": { "fid": 180, "full_id": "w37223159", "osm_id": "37223159", "osm_type": "way", "highway": "footway", "name": "", "tiger:cfcc": "", "tiger:county": "", "tiger:reviewed": "", "cycleway": "", "oneway": "", "tiger:name_base": "", "tiger:name_type": "", "service": "", "access": "", "alt_name": "", "ref": "", "surface": "paved", "tiger:name_direction_prefix": "", "cycleway:both": "", "maxspeed:type": "", "sidewalk": "", "sidewalk:both:bicycle": "", "lanes": "", "bicycle": "", "foot": "designated", "old_railway_operator": "", "segregated": "", "bridge": "", "layer": "", "tiger:separated": "", "tiger:source": "", "tiger:tlid": "", "maxspeed": "", "name_1": "", "tiger:name_base_1": "", "tiger:name_type_1": "", "cycleway:right": "", "route": "", "tracktype": "", "horse": "", "motor_vehicle": "", "railway": "", "tiger:name_base_2": "", "tiger:zip_right": "", "name_2": "", "destination": "", "destination:ref": "", "alt_name_1": "", "parking:lane:both": "", "mtb:scale": "", "old_ref": "", "NHS": "", "hgv": "", "hgv:national_network": "", "source:hgv:national_network": "", "sac_scale": "hiking", "description": "", "website": "", "trail_visibility": "", "mtb:scale:imba": "", "admin_level": "", "border_type": "", "boundary": "", "is_in:country": "", "is_in:country_code": "", "is_in:iso_3166_2": "", "is_in:state": "", "tiger:CLASSFP": "", "tiger:CPI": "", "tiger:FUNCSTAT": "", "tiger:LSAD": "", "tiger:MTFCC": "", "tiger:NAME": "", "tiger:NAMELSAD": "", "tiger:PCICBSA": "", "tiger:PCINECTA": "", "tiger:PLACEFP": "", "tiger:PLACENS": "", "tiger:PLCIDFP": "", "tiger:STATEFP": "", "wikidata": "", "wikipedia": "", "tunnel": "", "lit": "", "width": "", "waterway": "", "barrier": "", "fence_type": "", "junction": "", "shoulder": "", "lanes:backward": "", "lanes:forward": "", "turn:lanes:backward": "", "intermittent": "", "natural": "", "seasonal": "", "footway": "", "crossing": "", "tiger:name_base_3": "", "tiger:name_direction_prefix_3": "", "turn:lanes:forward": "", "turn:lanes": "", "lanes:both_ways": "", "turn:lanes:both_ways": "", "golf": "", "golf_cart": "", "power": "", "disused:highway": "", "tourism": "", "auxiliary_storage_labeling_positionx": null, "auxiliary_storage_labeling_positiony": null, "auxiliary_storage_labeling_show": null, "length": 1057.194133379847 }, "geometry": { "type": "LineString", "coordinates": [ [ -104.8801073, 38.8810229 ], [ -104.8801504, 38.8808952 ], [ -104.8801504, 38.8808685 ], [ -104.8801504, 38.8808284 ], [ -104.8801246, 38.8807349 ], [ -104.8801074, 38.8806681 ], [ -104.8799444, 38.8804008 ], [ -104.8798499, 38.8802672 ], [ -104.8798242, 38.8802137 ], [ -104.8798242, 38.8801402 ], [ -104.8798414, 38.8799264 ], [ -104.8798618, 38.879882 ], [ -104.8798843, 38.8798329 ], [ -104.880013, 38.8796792 ], [ -104.8800388, 38.8796257 ], [ -104.8800388, 38.8795055 ], [ -104.880013, 38.8794253 ], [ -104.8799529, 38.8793451 ], [ -104.8799196, 38.8793177 ], [ -104.8797984, 38.8792181 ], [ -104.8797813, 38.8791447 ], [ -104.8798671, 38.878864 ], [ -104.8799272, 38.8787705 ], [ -104.8800731, 38.8786368 ], [ -104.8802448, 38.8785032 ], [ -104.8803134, 38.8784163 ] ] } },
{ "type": "Feature", "properties": { "fid": 181, "full_id": "w37223184", "osm_id": "37223184", "osm_type": "way", "highway": "path", "name": "", "tiger:cfcc": "", "tiger:county": "", "tiger:reviewed": "", "cycleway": "", "oneway": "", "tiger:name_base": "", "tiger:name_type": "", "service": "", "access": "", "alt_name": "", "ref": "", "surface": "paved", "tiger:name_direction_prefix": "", "cycleway:both": "", "maxspeed:type": "", "sidewalk": "", "sidewalk:both:bicycle": "", "lanes": "", "bicycle": "", "foot": "designated", "old_railway_operator": "", "segregated": "", "bridge": "", "layer": "", "tiger:separated": "", "tiger:source": "", "tiger:tlid": "", "maxspeed": "", "name_1": "", "tiger:name_base_1": "", "tiger:name_type_1": "", "cycleway:right": "", "route": "", "tracktype": "", "horse": "", "motor_vehicle": "", "railway": "", "tiger:name_base_2": "", "tiger:zip_right": "", "name_2": "", "destination": "", "destination:ref": "", "alt_name_1": "", "parking:lane:both": "", "mtb:scale": "", "old_ref": "", "NHS": "", "hgv": "", "hgv:national_network": "", "source:hgv:national_network": "", "sac_scale": "hiking", "description": "", "website": "", "trail_visibility": "", "mtb:scale:imba": "", "admin_level": "", "border_type": "", "boundary": "", "is_in:country": "", "is_in:country_code": "", "is_in:iso_3166_2": "", "is_in:state": "", "tiger:CLASSFP": "", "tiger:CPI": "", "tiger:FUNCSTAT": "", "tiger:LSAD": "", "tiger:MTFCC": "", "tiger:NAME": "", "tiger:NAMELSAD": "", "tiger:PCICBSA": "", "tiger:PCINECTA": "", "tiger:PLACEFP": "", "tiger:PLACENS": "", "tiger:PLCIDFP": "", "tiger:STATEFP": "", "wikidata": "", "wikipedia": "", "tunnel": "", "lit": "", "width": "", "waterway": "", "barrier": "", "fence_type": "", "junction": "", "shoulder": "", "lanes:backward": "", "lanes:forward": "", "turn:lanes:backward": "", "intermittent": "", "natural": "", "seasonal": "", "footway": "", "crossing": "", "tiger:name_base_3": "", "tiger:name_direction_prefix_3": "", "turn:lanes:forward": "", "turn:lanes": "", "lanes:both_ways": "", "turn:lanes:both_ways": "", "golf": "", "golf_cart": "", "power": "", "disused:highway": "", "tourism": "", "auxiliary_storage_labeling_positionx": null, "auxiliary_storage_labeling_positiony": null, "auxiliary_storage_labeling_show": null, "length": 60.129567094337155 }, "geometry": { "type": "LineString", "coordinates": [ [ -104.8801504, 38.8808685 ], [ -104.8800817, 38.8808418 ], [ -104.8800302, 38.8808017 ], [ -104.8799787, 38.880775 ] ] } },
{ "type": "Feature", "properties": { "fid": 182, "full_id": "w37223185", "osm_id": "37223185", "osm_type": "way", "highway": "path", "name": "", "tiger:cfcc": "", "tiger:county": "", "tiger:reviewed": "", "cycleway": "", "oneway": "", "tiger:name_base": "", "tiger:name_type": "", "service": "", "access": "", "alt_name": "", "ref": "", "surface": "paved", "tiger:name_direction_prefix": "", "cycleway:both": "", "maxspeed:type": "", "sidewalk": "", "sidewalk:both:bicycle": "", "lanes": "", "bicycle": "", "foot": "designated", "old_railway_operator": "", "segregated": "", "bridge": "", "layer": "", "tiger:separated": "", "tiger:source": "", "tiger:tlid": "", "maxspeed": "", "name_1": "", "tiger:name_base_1": "", "tiger:name_type_1": "", "cycleway:right": "", "route": "", "tracktype": "", "horse": "", "motor_vehicle": "", "railway": "", "tiger:name_base_2": "", "tiger:zip_right": "", "name_2": "", "destination": "", "destination:ref": "", "alt_name_1": "", "parking:lane:both": "", "mtb:scale": "", "old_ref": "", "NHS": "", "hgv": "", "hgv:national_network": "", "source:hgv:national_network": "", "sac_scale": "hiking", "description": "", "website": "", "trail_visibility": "", "mtb:scale:imba": "", "admin_level": "", "border_type": "", "boundary": "", "is_in:country": "", "is_in:country_code": "", "is_in:iso_3166_2": "", "is_in:state": "", "tiger:CLASSFP": "", "tiger:CPI": "", "tiger:FUNCSTAT": "", "tiger:LSAD": "", "tiger:MTFCC": "", "tiger:NAME": "", "tiger:NAMELSAD": "", "tiger:PCICBSA": "", "tiger:PCINECTA": "", "tiger:PLACEFP": "", "tiger:PLACENS": "", "tiger:PLCIDFP": "", "tiger:STATEFP": "", "wikidata": "", "wikipedia": "", "tunnel": "", "lit": "", "width": "", "waterway": "", "barrier": "", "fence_type": "", "junction": "", "shoulder": "", "lanes:backward": "", "lanes:forward": "", "turn:lanes:backward": "", "intermittent": "", "natural": "", "seasonal": "", "footway": "", "crossing": "", "tiger:name_base_3": "", "tiger:name_direction_prefix_3": "", "turn:lanes:forward": "", "turn:lanes": "", "lanes:both_ways": "", "turn:lanes:both_ways": "", "golf": "", "golf_cart": "", "power": "", "disused:highway": "", "tourism": "", "auxiliary_storage_labeling_positionx": null, "auxiliary_storage_labeling_positiony": null, "auxiliary_storage_labeling_show": null, "length": 36.251238531474392 }, "geometry": { "type": "LineString", "coordinates": [ [ -104.8800302, 38.8808017 ], [ -104.8801246, 38.8807349 ] ] } },
{ "type": "Feature", "properties": { "fid": 183, "full_id": "w37223194", "osm_id": "37223194", "osm_type": "way", "highway": "footway", "name": "", "tiger:cfcc": "", "tiger:county": "", "tiger:reviewed": "", "cycleway": "", "oneway": "", "tiger:name_base": "", "tiger:name_type": "", "service": "", "access": "", "alt_name": "", "ref": "", "surface": "paved", "tiger:name_direction_prefix": "", "cycleway:both": "", "maxspeed:type": "", "sidewalk": "", "sidewalk:both:bicycle": "", "lanes": "", "bicycle": "", "foot": "designated", "old_railway_operator": "", "segregated": "", "bridge": "", "layer": "", "tiger:separated": "", "tiger:source": "", "tiger:tlid": "", "maxspeed": "", "name_1": "", "tiger:name_base_1": "", "tiger:name_type_1": "", "cycleway:right": "", "route": "", "tracktype": "", "horse": "", "motor_vehicle": "", "railway": "", "tiger:name_base_2": "", "tiger:zip_right": "", "name_2": "", "destination": "", "destination:ref": "", "alt_name_1": "", "parking:lane:both": "", "mtb:scale": "", "old_ref": "", "NHS": "", "hgv": "", "hgv:national_network": "", "source:hgv:national_network": "", "sac_scale": "hiking", "description": "", "website": "", "trail_visibility": "", "mtb:scale:imba": "", "admin_level": "", "border_type": "", "boundary": "", "is_in:country": "", "is_in:country_code": "", "is_in:iso_3166_2": "", "is_in:state": "", "tiger:CLASSFP": "", "tiger:CPI": "", "tiger:FUNCSTAT": "", "tiger:LSAD": "", "tiger:MTFCC": "", "tiger:NAME": "", "tiger:NAMELSAD": "", "tiger:PCICBSA": "", "tiger:PCINECTA": "", "tiger:PLACEFP": "", "tiger:PLACENS": "", "tiger:PLCIDFP": "", "tiger:STATEFP": "", "wikidata": "", "wikipedia": "", "tunnel": "", "lit": "", "width": "", "waterway": "", "barrier": "", "fence_type": "", "junction": "", "shoulder": "", "lanes:backward": "", "lanes:forward": "", "turn:lanes:backward": "", "intermittent": "", "natural": "", "seasonal": "", "footway": "", "crossing": "", "tiger:name_base_3": "", "tiger:name_direction_prefix_3": "", "turn:lanes:forward": "", "turn:lanes": "", "lanes:both_ways": "", "turn:lanes:both_ways": "", "golf": "", "golf_cart": "", "power": "", "disused:highway": "", "tourism": "", "auxiliary_storage_labeling_positionx": null, "auxiliary_storage_labeling_positiony": null, "auxiliary_storage_labeling_show": null, "length": 147.89777895972568 }, "geometry": { "type": "LineString", "coordinates": [ [ -104.8800388, 38.8795055 ], [ -104.8798671, 38.8795055 ], [ -104.8798156, 38.8794921 ], [ -104.8797994, 38.8794732 ], [ -104.8797813, 38.879452 ], [ -104.8797899, 38.8794052 ], [ -104.8799196, 38.8793177 ] ] } },
{ "type": "Feature", "properties": { "fid": 184, "full_id": "w37223197", "osm_id": "37223197", "osm_type": "way", "highway": "footway", "name": "Gateway Trail", "tiger:cfcc": "", "tiger:county": "", "tiger:reviewed": "", "cycleway": "", "oneway": "", "tiger:name_base": "", "tiger:name_type": "", "service": "", "access": "", "alt_name": "", "ref": "", "surface": "paved", "tiger:name_direction_prefix": "", "cycleway:both": "", "maxspeed:type": "", "sidewalk": "", "sidewalk:both:bicycle": "", "lanes": "", "bicycle": "", "foot": "designated", "old_railway_operator": "", "segregated": "", "bridge": "", "layer": "", "tiger:separated": "", "tiger:source": "", "tiger:tlid": "", "maxspeed": "", "name_1": "", "tiger:name_base_1": "", "tiger:name_type_1": "", "cycleway:right": "", "route": "", "tracktype": "", "horse": "", "motor_vehicle": "", "railway": "", "tiger:name_base_2": "", "tiger:zip_right": "", "name_2": "", "destination": "", "destination:ref": "", "alt_name_1": "", "parking:lane:both": "", "mtb:scale": "", "old_ref": "", "NHS": "", "hgv": "", "hgv:national_network": "", "source:hgv:national_network": "", "sac_scale": "hiking", "description": "", "website": "", "trail_visibility": "", "mtb:scale:imba": "", "admin_level": "", "border_type": "", "boundary": "", "is_in:country": "", "is_in:country_code": "", "is_in:iso_3166_2": "", "is_in:state": "", "tiger:CLASSFP": "", "tiger:CPI": "", "tiger:FUNCSTAT": "", "tiger:LSAD": "", "tiger:MTFCC": "", "tiger:NAME": "", "tiger:NAMELSAD": "", "tiger:PCICBSA": "", "tiger:PCINECTA": "", "tiger:PLACEFP": "", "tiger:PLACENS": "", "tiger:PLCIDFP": "", "tiger:STATEFP": "", "wikidata": "", "wikipedia": "", "tunnel": "", "lit": "", "width": "", "waterway": "", "barrier": "", "fence_type": "", "junction": "", "shoulder": "", "lanes:backward": "", "lanes:forward": "", "turn:lanes:backward": "", "intermittent": "", "natural": "", "seasonal": "", "footway": "", "crossing": "", "tiger:name_base_3": "", "tiger:name_direction_prefix_3": "", "turn:lanes:forward": "", "turn:lanes": "", "lanes:both_ways": "", "turn:lanes:both_ways": "", "golf": "", "golf_cart": "", "power": "", "disused:highway": "", "tourism": "", "auxiliary_storage_labeling_positionx": -104.8795893296211, "auxiliary_storage_labeling_positiony": 38.877586305128375, "auxiliary_storage_labeling_show": null, "length": 826.17843933292761 }, "geometry": { "type": "LineString", "coordinates": [ [ -104.8779744, 38.8771939 ], [ -104.8780086, 38.8771902 ], [ -104.8780244, 38.8771924 ], [ -104.878043, 38.8772016 ], [ -104.8780684, 38.8772285 ], [ -104.8781795, 38.8773603 ], [ -104.8784166, 38.8776012 ], [ -104.8786569, 38.8777883 ], [ -104.8789659, 38.877962 ], [ -104.879335, 38.8781223 ], [ -104.8797555, 38.878276 ], [ -104.8799959, 38.8783629 ], [ -104.8803134, 38.8784163 ] ] } },
{ "type": "Feature", "properties": { "fid": 185, "full_id": "w37223199", "osm_id": "37223199", "osm_type": "way", "highway": "footway", "name": "", "tiger:cfcc": "", "tiger:county": "", "tiger:reviewed": "", "cycleway": "", "oneway": "", "tiger:name_base": "", "tiger:name_type": "", "service": "", "access": "", "alt_name": "", "ref": "", "surface": "paved", "tiger:name_direction_prefix": "", "cycleway:both": "", "maxspeed:type": "", "sidewalk": "", "sidewalk:both:bicycle": "", "lanes": "", "bicycle": "", "foot": "designated", "old_railway_operator": "", "segregated": "", "bridge": "", "layer": "", "tiger:separated": "", "tiger:source": "", "tiger:tlid": "", "maxspeed": "", "name_1": "", "tiger:name_base_1": "", "tiger:name_type_1": "", "cycleway:right": "", "route": "", "tracktype": "", "horse": "", "motor_vehicle": "", "railway": "", "tiger:name_base_2": "", "tiger:zip_right": "", "name_2": "", "destination": "", "destination:ref": "", "alt_name_1": "", "parking:lane:both": "", "mtb:scale": "", "old_ref": "", "NHS": "", "hgv": "", "hgv:national_network": "", "source:hgv:national_network": "", "sac_scale": "hiking", "description": "", "website": "", "trail_visibility": "", "mtb:scale:imba": "", "admin_level": "", "border_type": "", "boundary": "", "is_in:country": "", "is_in:country_code": "", "is_in:iso_3166_2": "", "is_in:state": "", "tiger:CLASSFP": "", "tiger:CPI": "", "tiger:FUNCSTAT": "", "tiger:LSAD": "", "tiger:MTFCC": "", "tiger:NAME": "", "tiger:NAMELSAD": "", "tiger:PCICBSA": "", "tiger:PCINECTA": "", "tiger:PLACEFP": "", "tiger:PLACENS": "", "tiger:PLCIDFP": "", "tiger:STATEFP": "", "wikidata": "", "wikipedia": "", "tunnel": "", "lit": "", "width": "", "waterway": "", "barrier": "", "fence_type": "", "junction": "", "shoulder": "", "lanes:backward": "", "lanes:forward": "", "turn:lanes:backward": "", "intermittent": "", "natural": "", "seasonal": "", "footway": "", "crossing": "", "tiger:name_base_3": "", "tiger:name_direction_prefix_3": "", "turn:lanes:forward": "", "turn:lanes": "", "lanes:both_ways": "", "turn:lanes:both_ways": "", "golf": "", "golf_cart": "", "power": "", "disused:highway": "", "tourism": "", "auxiliary_storage_labeling_positionx": null, "auxiliary_storage_labeling_positiony": null, "auxiliary_storage_labeling_show": null, "length": 186.39642613547036 }, "geometry": { "type": "LineString", "coordinates": [ [ -104.8825305, 38.8794573 ], [ -104.8826652, 38.8794253 ], [ -104.8827339, 38.8794386 ], [ -104.8830176, 38.8795872 ], [ -104.8830789, 38.8796506 ] ] } },
{ "type": "Feature", "properties": { "fid": 186, "full_id": "w37223201", "osm_id": "37223201", "osm_type": "way", "highway": "footway", "name": "", "tiger:cfcc": "", "tiger:county": "", "tiger:reviewed": "", "cycleway": "", "oneway": "", "tiger:name_base": "", "tiger:name_type": "", "service": "", "access": "", "alt_name": "", "ref": "", "surface": "paved", "tiger:name_direction_prefix": "", "cycleway:both": "", "maxspeed:type": "", "sidewalk": "", "sidewalk:both:bicycle": "", "lanes": "", "bicycle": "", "foot": "designated", "old_railway_operator": "", "segregated": "", "bridge": "", "layer": "", "tiger:separated": "", "tiger:source": "", "tiger:tlid": "", "maxspeed": "", "name_1": "", "tiger:name_base_1": "", "tiger:name_type_1": "", "cycleway:right": "", "route": "", "tracktype": "", "horse": "", "motor_vehicle": "", "railway": "", "tiger:name_base_2": "", "tiger:zip_right": "", "name_2": "", "destination": "", "destination:ref": "", "alt_name_1": "", "parking:lane:both": "", "mtb:scale": "", "old_ref": "", "NHS": "", "hgv": "", "hgv:national_network": "", "source:hgv:national_network": "", "sac_scale": "hiking", "description": "", "website": "", "trail_visibility": "", "mtb:scale:imba": "", "admin_level": "", "border_type": "", "boundary": "", "is_in:country": "", "is_in:country_code": "", "is_in:iso_3166_2": "", "is_in:state": "", "tiger:CLASSFP": "", "tiger:CPI": "", "tiger:FUNCSTAT": "", "tiger:LSAD": "", "tiger:MTFCC": "", "tiger:NAME": "", "tiger:NAMELSAD": "", "tiger:PCICBSA": "", "tiger:PCINECTA": "", "tiger:PLACEFP": "", "tiger:PLACENS": "", "tiger:PLCIDFP": "", "tiger:STATEFP": "", "wikidata": "", "wikipedia": "", "tunnel": "", "lit": "", "width": "", "waterway": "", "barrier": "", "fence_type": "", "junction": "", "shoulder": "", "lanes:backward": "", "lanes:forward": "", "turn:lanes:backward": "", "intermittent": "", "natural": "", "seasonal": "", "footway": "", "crossing": "", "tiger:name_base_3": "", "tiger:name_direction_prefix_3": "", "turn:lanes:forward": "", "turn:lanes": "", "lanes:both_ways": "", "turn:lanes:both_ways": "", "golf": "", "golf_cart": "", "power": "", "disused:highway": "", "tourism": "", "auxiliary_storage_labeling_positionx": null, "auxiliary_storage_labeling_positiony": null, "auxiliary_storage_labeling_show": null, "length": 35.706691288102569 }, "geometry": { "type": "LineString", "coordinates": [ [ -104.8826652, 38.8794253 ], [ -104.8826259, 38.8793322 ] ] } },
{ "type": "Feature", "properties": { "fid": 187, "full_id": "w37223206", "osm_id": "37223206", "osm_type": "way", "highway": "footway", "name": "", "tiger:cfcc": "", "tiger:county": "", "tiger:reviewed": "", "cycleway": "", "oneway": "", "tiger:name_base": "", "tiger:name_type": "", "service": "", "access": "", "alt_name": "", "ref": "", "surface": "paved", "tiger:name_direction_prefix": "", "cycleway:both": "", "maxspeed:type": "", "sidewalk": "", "sidewalk:both:bicycle": "", "lanes": "", "bicycle": "", "foot": "designated", "old_railway_operator": "", "segregated": "", "bridge": "", "layer": "", "tiger:separated": "", "tiger:source": "", "tiger:tlid": "", "maxspeed": "", "name_1": "", "tiger:name_base_1": "", "tiger:name_type_1": "", "cycleway:right": "", "route": "", "tracktype": "", "horse": "", "motor_vehicle": "", "railway": "", "tiger:name_base_2": "", "tiger:zip_right": "", "name_2": "", "destination": "", "destination:ref": "", "alt_name_1": "", "parking:lane:both": "", "mtb:scale": "", "old_ref": "", "NHS": "", "hgv": "", "hgv:national_network": "", "source:hgv:national_network": "", "sac_scale": "hiking", "description": "", "website": "", "trail_visibility": "", "mtb:scale:imba": "", "admin_level": "", "border_type": "", "boundary": "", "is_in:country": "", "is_in:country_code": "", "is_in:iso_3166_2": "", "is_in:state": "", "tiger:CLASSFP": "", "tiger:CPI": "", "tiger:FUNCSTAT": "", "tiger:LSAD": "", "tiger:MTFCC": "", "tiger:NAME": "", "tiger:NAMELSAD": "", "tiger:PCICBSA": "", "tiger:PCINECTA": "", "tiger:PLACEFP": "", "tiger:PLACENS": "", "tiger:PLCIDFP": "", "tiger:STATEFP": "", "wikidata": "", "wikipedia": "", "tunnel": "", "lit": "", "width": "", "waterway": "", "barrier": "", "fence_type": "", "junction": "", "shoulder": "", "lanes:backward": "", "lanes:forward": "", "turn:lanes:backward": "", "intermittent": "", "natural": "", "seasonal": "", "footway": "", "crossing": "", "tiger:name_base_3": "", "tiger:name_direction_prefix_3": "", "turn:lanes:forward": "", "turn:lanes": "", "lanes:both_ways": "", "turn:lanes:both_ways": "", "golf": "", "golf_cart": "", "power": "", "disused:highway": "", "tourism": "", "auxiliary_storage_labeling_positionx": null, "auxiliary_storage_labeling_positiony": null, "auxiliary_storage_labeling_show": null, "length": 62.602784013159848 }, "geometry": { "type": "LineString", "coordinates": [ [ -104.8822275, 38.8764586 ], [ -104.8821159, 38.876492 ], [ -104.8820215, 38.8765187 ] ] } },
{ "type": "Feature", "properties": { "fid": 188, "full_id": "w37223207", "osm_id": "37223207", "osm_type": "way", "highway": "path", "name": "Central Garden Loop", "tiger:cfcc": "", "tiger:county": "", "tiger:reviewed": "", "cycleway": "", "oneway": "", "tiger:name_base": "", "tiger:name_type": "", "service": "", "access": "", "alt_name": "", "ref": "", "surface": "unpaved", "tiger:name_direction_prefix": "", "cycleway:both": "", "maxspeed:type": "", "sidewalk": "", "sidewalk:both:bicycle": "", "lanes": "", "bicycle": "", "foot": "designated", "old_railway_operator": "", "segregated": "", "bridge": "", "layer": "", "tiger:separated": "", "tiger:source": "", "tiger:tlid": "", "maxspeed": "", "name_1": "", "tiger:name_base_1": "", "tiger:name_type_1": "", "cycleway:right": "", "route": "", "tracktype": "", "horse": "", "motor_vehicle": "", "railway": "", "tiger:name_base_2": "", "tiger:zip_right": "", "name_2": "", "destination": "Parking Lot 6", "destination:ref": "", "alt_name_1": "", "parking:lane:both": "", "mtb:scale": "", "old_ref": "", "NHS": "", "hgv": "", "hgv:national_network": "", "source:hgv:national_network": "", "sac_scale": "hiking", "description": "", "website": "", "trail_visibility": "", "mtb:scale:imba": "", "admin_level": "", "border_type": "", "boundary": "", "is_in:country": "", "is_in:country_code": "", "is_in:iso_3166_2": "", "is_in:state": "", "tiger:CLASSFP": "", "tiger:CPI": "", "tiger:FUNCSTAT": "", "tiger:LSAD": "", "tiger:MTFCC": "", "tiger:NAME": "", "tiger:NAMELSAD": "", "tiger:PCICBSA": "", "tiger:PCINECTA": "", "tiger:PLACEFP": "", "tiger:PLACENS": "", "tiger:PLCIDFP": "", "tiger:STATEFP": "", "wikidata": "", "wikipedia": "", "tunnel": "", "lit": "", "width": "", "waterway": "", "barrier": "", "fence_type": "", "junction": "", "shoulder": "", "lanes:backward": "", "lanes:forward": "", "turn:lanes:backward": "", "intermittent": "", "natural": "", "seasonal": "", "footway": "", "crossing": "", "tiger:name_base_3": "", "tiger:name_direction_prefix_3": "", "turn:lanes:forward": "", "turn:lanes": "", "lanes:both_ways": "", "turn:lanes:both_ways": "", "golf": "", "golf_cart": "", "power": "", "disused:highway": "", "tourism": "", "auxiliary_storage_labeling_positionx": null, "auxiliary_storage_labeling_positiony": null, "auxiliary_storage_labeling_show": null, "length": 177.94681277307222 }, "geometry": { "type": "LineString", "coordinates": [ [ -104.8824077, 38.8765722 ], [ -104.8825364, 38.8764652 ], [ -104.8826566, 38.8764318 ], [ -104.8827939, 38.8763182 ], [ -104.8828626, 38.8762514 ] ] } },
{ "type": "Feature", "properties": { "fid": 189, "full_id": "w37223224", "osm_id": "37223224", "osm_type": "way", "highway": "footway", "name": "Central Garden Trail", "tiger:cfcc": "", "tiger:county": "", "tiger:reviewed": "", "cycleway": "", "oneway": "", "tiger:name_base": "", "tiger:name_type": "", "service": "", "access": "", "alt_name": "", "ref": "", "surface": "paved", "tiger:name_direction_prefix": "", "cycleway:both": "", "maxspeed:type": "", "sidewalk": "", "sidewalk:both:bicycle": "", "lanes": "", "bicycle": "", "foot": "designated", "old_railway_operator": "", "segregated": "", "bridge": "", "layer": "", "tiger:separated": "", "tiger:source": "", "tiger:tlid": "", "maxspeed": "", "name_1": "", "tiger:name_base_1": "", "tiger:name_type_1": "", "cycleway:right": "", "route": "", "tracktype": "", "horse": "", "motor_vehicle": "", "railway": "", "tiger:name_base_2": "", "tiger:zip_right": "", "name_2": "", "destination": "", "destination:ref": "", "alt_name_1": "", "parking:lane:both": "", "mtb:scale": "", "old_ref": "", "NHS": "", "hgv": "", "hgv:national_network": "", "source:hgv:national_network": "", "sac_scale": "hiking", "description": "", "website": "", "trail_visibility": "", "mtb:scale:imba": "", "admin_level": "", "border_type": "", "boundary": "", "is_in:country": "", "is_in:country_code": "", "is_in:iso_3166_2": "", "is_in:state": "", "tiger:CLASSFP": "", "tiger:CPI": "", "tiger:FUNCSTAT": "", "tiger:LSAD": "", "tiger:MTFCC": "", "tiger:NAME": "", "tiger:NAMELSAD": "", "tiger:PCICBSA": "", "tiger:PCINECTA": "", "tiger:PLACEFP": "", "tiger:PLACENS": "", "tiger:PLCIDFP": "", "tiger:STATEFP": "", "wikidata": "", "wikipedia": "", "tunnel": "", "lit": "", "width": "", "waterway": "", "barrier": "", "fence_type": "", "junction": "", "shoulder": "", "lanes:backward": "", "lanes:forward": "", "turn:lanes:backward": "", "intermittent": "", "natural": "", "seasonal": "", "footway": "", "crossing": "", "tiger:name_base_3": "", "tiger:name_direction_prefix_3": "", "turn:lanes:forward": "", "turn:lanes": "", "lanes:both_ways": "", "turn:lanes:both_ways": "", "golf": "", "golf_cart": "", "power": "", "disused:highway": "", "tourism": "", "auxiliary_storage_labeling_positionx": -104.88200042924295, "auxiliary_storage_labeling_positiony": 38.876782441865622, "auxiliary_storage_labeling_show": null, "length": 562.9461545197571 }, "geometry": { "type": "LineString", "coordinates": [ [ -104.8810001, 38.8768728 ], [ -104.8811288, 38.8768194 ], [ -104.881352, 38.8767659 ], [ -104.8816181, 38.8767325 ], [ -104.8818069, 38.8767058 ], [ -104.8819614, 38.8766123 ], [ -104.8820215, 38.8765187 ], [ -104.8820558, 38.8763517 ], [ -104.8820472, 38.8762314 ], [ -104.8820334, 38.8761906 ], [ -104.8820043, 38.8761044 ], [ -104.8819442, 38.8760176 ], [ -104.8818498, 38.8759574 ], [ -104.8818305, 38.8759514 ] ] } },
{ "type": "Feature", "properties": { "fid": 190, "full_id": "w37223225", "osm_id": "37223225", "osm_type": "way", "highway": "path", "name": "", "tiger:cfcc": "", "tiger:county": "", "tiger:reviewed": "", "cycleway": "", "oneway": "", "tiger:name_base": "", "tiger:name_type": "", "service": "", "access": "", "alt_name": "", "ref": "", "surface": "paved", "tiger:name_direction_prefix": "", "cycleway:both": "", "maxspeed:type": "", "sidewalk": "", "sidewalk:both:bicycle": "", "lanes": "", "bicycle": "", "foot": "designated", "old_railway_operator": "", "segregated": "", "bridge": "", "layer": "", "tiger:separated": "", "tiger:source": "", "tiger:tlid": "", "maxspeed": "", "name_1": "", "tiger:name_base_1": "", "tiger:name_type_1": "", "cycleway:right": "", "route": "", "tracktype": "", "horse": "", "motor_vehicle": "", "railway": "", "tiger:name_base_2": "", "tiger:zip_right": "", "name_2": "", "destination": "", "destination:ref": "", "alt_name_1": "", "parking:lane:both": "", "mtb:scale": "", "old_ref": "", "NHS": "", "hgv": "", "hgv:national_network": "", "source:hgv:national_network": "", "sac_scale": "hiking", "description": "", "website": "", "trail_visibility": "", "mtb:scale:imba": "", "admin_level": "", "border_type": "", "boundary": "", "is_in:country": "", "is_in:country_code": "", "is_in:iso_3166_2": "", "is_in:state": "", "tiger:CLASSFP": "", "tiger:CPI": "", "tiger:FUNCSTAT": "", "tiger:LSAD": "", "tiger:MTFCC": "", "tiger:NAME": "", "tiger:NAMELSAD": "", "tiger:PCICBSA": "", "tiger:PCINECTA": "", "tiger:PLACEFP": "", "tiger:PLACENS": "", "tiger:PLCIDFP": "", "tiger:STATEFP": "", "wikidata": "", "wikipedia": "", "tunnel": "", "lit": "", "width": "", "waterway": "", "barrier": "", "fence_type": "", "junction": "", "shoulder": "", "lanes:backward": "", "lanes:forward": "", "turn:lanes:backward": "", "intermittent": "", "natural": "", "seasonal": "", "footway": "", "crossing": "", "tiger:name_base_3": "", "tiger:name_direction_prefix_3": "", "turn:lanes:forward": "", "turn:lanes": "", "lanes:both_ways": "", "turn:lanes:both_ways": "", "golf": "", "golf_cart": "", "power": "", "disused:highway": "", "tourism": "", "auxiliary_storage_labeling_positionx": null, "auxiliary_storage_labeling_positiony": null, "auxiliary_storage_labeling_show": null, "length": 134.79793779358417 }, "geometry": { "type": "LineString", "coordinates": [ [ -104.8807769, 38.8768528 ], [ -104.8807941, 38.8769931 ], [ -104.8807855, 38.8771067 ], [ -104.8808112, 38.8772203 ] ] } },
{ "type": "Feature", "properties": { "fid": 191, "full_id": "w37223226", "osm_id": "37223226", "osm_type": "way", "highway": "path", "name": "", "tiger:cfcc": "", "tiger:county": "", "tiger:reviewed": "", "cycleway": "", "oneway": "", "tiger:name_base": "", "tiger:name_type": "", "service": "", "access": "", "alt_name": "", "ref": "", "surface": "paved", "tiger:name_direction_prefix": "", "cycleway:both": "", "maxspeed:type": "", "sidewalk": "", "sidewalk:both:bicycle": "", "lanes": "", "bicycle": "", "foot": "designated", "old_railway_operator": "", "segregated": "", "bridge": "", "layer": "", "tiger:separated": "", "tiger:source": "", "tiger:tlid": "", "maxspeed": "", "name_1": "", "tiger:name_base_1": "", "tiger:name_type_1": "", "cycleway:right": "", "route": "", "tracktype": "", "horse": "", "motor_vehicle": "", "railway": "", "tiger:name_base_2": "", "tiger:zip_right": "", "name_2": "", "destination": "", "destination:ref": "", "alt_name_1": "", "parking:lane:both": "", "mtb:scale": "", "old_ref": "", "NHS": "", "hgv": "", "hgv:national_network": "", "source:hgv:national_network": "", "sac_scale": "hiking", "description": "", "website": "", "trail_visibility": "", "mtb:scale:imba": "", "admin_level": "", "border_type": "", "boundary": "", "is_in:country": "", "is_in:country_code": "", "is_in:iso_3166_2": "", "is_in:state": "", "tiger:CLASSFP": "", "tiger:CPI": "", "tiger:FUNCSTAT": "", "tiger:LSAD": "", "tiger:MTFCC": "", "tiger:NAME": "", "tiger:NAMELSAD": "", "tiger:PCICBSA": "", "tiger:PCINECTA": "", "tiger:PLACEFP": "", "tiger:PLACENS": "", "tiger:PLCIDFP": "", "tiger:STATEFP": "", "wikidata": "", "wikipedia": "", "tunnel": "", "lit": "", "width": "", "waterway": "", "barrier": "", "fence_type": "", "junction": "", "shoulder": "", "lanes:backward": "", "lanes:forward": "", "turn:lanes:backward": "", "intermittent": "", "natural": "", "seasonal": "", "footway": "", "crossing": "", "tiger:name_base_3": "", "tiger:name_direction_prefix_3": "", "turn:lanes:forward": "", "turn:lanes": "", "lanes:both_ways": "", "turn:lanes:both_ways": "", "golf": "", "golf_cart": "", "power": "", "disused:highway": "", "tourism": "", "auxiliary_storage_labeling_positionx": null, "auxiliary_storage_labeling_positiony": null, "auxiliary_storage_labeling_show": null, "length": 111.96251218022134 }, "geometry": { "type": "LineString", "coordinates": [ [ -104.8813005, 38.8759641 ], [ -104.8812576, 38.8760242 ], [ -104.8811803, 38.8760376 ], [ -104.8811117, 38.8759641 ], [ -104.881043, 38.8758973 ] ] } },
{ "type": "Feature", "properties": { "fid": 192, "full_id": "w37223227", "osm_id": "37223227", "osm_type": "way", "highway": "path", "name": "", "tiger:cfcc": "", "tiger:county": "", "tiger:reviewed": "", "cycleway": "", "oneway": "", "tiger:name_base": "", "tiger:name_type": "", "service": "", "access": "", "alt_name": "", "ref": "", "surface": "ground", "tiger:name_direction_prefix": "", "cycleway:both": "", "maxspeed:type": "", "sidewalk": "", "sidewalk:both:bicycle": "", "lanes": "", "bicycle": "", "foot": "designated", "old_railway_operator": "", "segregated": "", "bridge": "", "layer": "", "tiger:separated": "", "tiger:source": "", "tiger:tlid": "", "maxspeed": "", "name_1": "", "tiger:name_base_1": "", "tiger:name_type_1": "", "cycleway:right": "", "route": "", "tracktype": "", "horse": "", "motor_vehicle": "", "railway": "", "tiger:name_base_2": "", "tiger:zip_right": "", "name_2": "", "destination": "", "destination:ref": "", "alt_name_1": "", "parking:lane:both": "", "mtb:scale": "", "old_ref": "", "NHS": "", "hgv": "", "hgv:national_network": "", "source:hgv:national_network": "", "sac_scale": "hiking", "description": "", "website": "", "trail_visibility": "", "mtb:scale:imba": "", "admin_level": "", "border_type": "", "boundary": "", "is_in:country": "", "is_in:country_code": "", "is_in:iso_3166_2": "", "is_in:state": "", "tiger:CLASSFP": "", "tiger:CPI": "", "tiger:FUNCSTAT": "", "tiger:LSAD": "", "tiger:MTFCC": "", "tiger:NAME": "", "tiger:NAMELSAD": "", "tiger:PCICBSA": "", "tiger:PCINECTA": "", "tiger:PLACEFP": "", "tiger:PLACENS": "", "tiger:PLCIDFP": "", "tiger:STATEFP": "", "wikidata": "", "wikipedia": "", "tunnel": "", "lit": "", "width": "", "waterway": "", "barrier": "", "fence_type": "", "junction": "", "shoulder": "", "lanes:backward": "", "lanes:forward": "", "turn:lanes:backward": "", "intermittent": "", "natural": "", "seasonal": "", "footway": "", "crossing": "", "tiger:name_base_3": "", "tiger:name_direction_prefix_3": "", "turn:lanes:forward": "", "turn:lanes": "", "lanes:both_ways": "", "turn:lanes:both_ways": "", "golf": "", "golf_cart": "", "power": "", "disused:highway": "", "tourism": "", "auxiliary_storage_labeling_positionx": null, "auxiliary_storage_labeling_positiony": null, "auxiliary_storage_labeling_show": null, "length": 250.37790685227077 }, "geometry": { "type": "LineString", "coordinates": [ [ -104.8822961, 38.8755431 ], [ -104.8822846, 38.8757113 ], [ -104.8822103, 38.8758171 ], [ -104.8821245, 38.8759908 ], [ -104.8820334, 38.8761906 ] ] } },
{ "type": "Feature", "properties": { "fid": 193, "full_id": "w37223228", "osm_id": "37223228", "osm_type": "way", "highway": "path", "name": "", "tiger:cfcc": "", "tiger:county": "", "tiger:reviewed": "", "cycleway": "", "oneway": "", "tiger:name_base": "", "tiger:name_type": "", "service": "", "access": "", "alt_name": "", "ref": "", "surface": "paved", "tiger:name_direction_prefix": "", "cycleway:both": "", "maxspeed:type": "", "sidewalk": "", "sidewalk:both:bicycle": "", "lanes": "", "bicycle": "", "foot": "designated", "old_railway_operator": "", "segregated": "", "bridge": "", "layer": "", "tiger:separated": "", "tiger:source": "", "tiger:tlid": "", "maxspeed": "", "name_1": "", "tiger:name_base_1": "", "tiger:name_type_1": "", "cycleway:right": "", "route": "", "tracktype": "", "horse": "", "motor_vehicle": "", "railway": "", "tiger:name_base_2": "", "tiger:zip_right": "", "name_2": "", "destination": "", "destination:ref": "", "alt_name_1": "", "parking:lane:both": "", "mtb:scale": "", "old_ref": "", "NHS": "", "hgv": "", "hgv:national_network": "", "source:hgv:national_network": "", "sac_scale": "hiking", "description": "", "website": "", "trail_visibility": "", "mtb:scale:imba": "", "admin_level": "", "border_type": "", "boundary": "", "is_in:country": "", "is_in:country_code": "", "is_in:iso_3166_2": "", "is_in:state": "", "tiger:CLASSFP": "", "tiger:CPI": "", "tiger:FUNCSTAT": "", "tiger:LSAD": "", "tiger:MTFCC": "", "tiger:NAME": "", "tiger:NAMELSAD": "", "tiger:PCICBSA": "", "tiger:PCINECTA": "", "tiger:PLACEFP": "", "tiger:PLACENS": "", "tiger:PLCIDFP": "", "tiger:STATEFP": "", "wikidata": "", "wikipedia": "", "tunnel": "", "lit": "", "width": "", "waterway": "", "barrier": "", "fence_type": "", "junction": "", "shoulder": "", "lanes:backward": "", "lanes:forward": "", "turn:lanes:backward": "", "intermittent": "", "natural": "", "seasonal": "", "footway": "", "crossing": "", "tiger:name_base_3": "", "tiger:name_direction_prefix_3": "", "turn:lanes:forward": "", "turn:lanes": "", "lanes:both_ways": "", "turn:lanes:both_ways": "", "golf": "", "golf_cart": "", "power": "", "disused:highway": "", "tourism": "", "auxiliary_storage_labeling_positionx": null, "auxiliary_storage_labeling_positiony": null, "auxiliary_storage_labeling_show": null, "length": 52.25171247884105 }, "geometry": { "type": "LineString", "coordinates": [ [ -104.8821245, 38.8759908 ], [ -104.8819442, 38.8760176 ] ] } },
{ "type": "Feature", "properties": { "fid": 194, "full_id": "w37223239", "osm_id": "37223239", "osm_type": "way", "highway": "path", "name": "Scotsman Trail", "tiger:cfcc": "", "tiger:county": "", "tiger:reviewed": "", "cycleway": "", "oneway": "", "tiger:name_base": "", "tiger:name_type": "", "service": "", "access": "", "alt_name": "", "ref": "", "surface": "unpaved", "tiger:name_direction_prefix": "", "cycleway:both": "", "maxspeed:type": "", "sidewalk": "", "sidewalk:both:bicycle": "", "lanes": "", "bicycle": "", "foot": "designated", "old_railway_operator": "", "segregated": "", "bridge": "", "layer": "", "tiger:separated": "", "tiger:source": "", "tiger:tlid": "", "maxspeed": "", "name_1": "", "tiger:name_base_1": "", "tiger:name_type_1": "", "cycleway:right": "", "route": "", "tracktype": "", "horse": "", "motor_vehicle": "", "railway": "", "tiger:name_base_2": "", "tiger:zip_right": "", "name_2": "", "destination": "", "destination:ref": "", "alt_name_1": "", "parking:lane:both": "", "mtb:scale": "", "old_ref": "", "NHS": "", "hgv": "", "hgv:national_network": "", "source:hgv:national_network": "", "sac_scale": "hiking", "description": "", "website": "", "trail_visibility": "", "mtb:scale:imba": "", "admin_level": "", "border_type": "", "boundary": "", "is_in:country": "", "is_in:country_code": "", "is_in:iso_3166_2": "", "is_in:state": "", "tiger:CLASSFP": "", "tiger:CPI": "", "tiger:FUNCSTAT": "", "tiger:LSAD": "", "tiger:MTFCC": "", "tiger:NAME": "", "tiger:NAMELSAD": "", "tiger:PCICBSA": "", "tiger:PCINECTA": "", "tiger:PLACEFP": "", "tiger:PLACENS": "", "tiger:PLCIDFP": "", "tiger:STATEFP": "", "wikidata": "", "wikipedia": "", "tunnel": "", "lit": "", "width": "", "waterway": "", "barrier": "", "fence_type": "", "junction": "", "shoulder": "", "lanes:backward": "", "lanes:forward": "", "turn:lanes:backward": "", "intermittent": "", "natural": "", "seasonal": "", "footway": "", "crossing": "", "tiger:name_base_3": "", "tiger:name_direction_prefix_3": "", "turn:lanes:forward": "", "turn:lanes": "", "lanes:both_ways": "", "turn:lanes:both_ways": "", "golf": "", "golf_cart": "", "power": "", "disused:highway": "", "tourism": "", "auxiliary_storage_labeling_positionx": null, "auxiliary_storage_labeling_positiony": null, "auxiliary_storage_labeling_show": null, "length": 362.40960790272453 }, "geometry": { "type": "LineString", "coordinates": [ [ -104.8822846, 38.8757113 ], [ -104.8824506, 38.8756968 ], [ -104.8825324, 38.8756895 ], [ -104.8825717, 38.8756395 ], [ -104.8825975, 38.8755928 ], [ -104.8826232, 38.8755059 ], [ -104.8827005, 38.8754257 ], [ -104.882752, 38.8753589 ], [ -104.8827606, 38.8752988 ], [ -104.8828378, 38.8751985 ], [ -104.8829322, 38.875105 ], [ -104.8830417, 38.8750121 ] ] } },
{ "type": "Feature", "properties": { "fid": 199, "full_id": "w37223260", "osm_id": "37223260", "osm_type": "way", "highway": "path", "name": "Gateway Trail", "tiger:cfcc": "", "tiger:county": "", "tiger:reviewed": "", "cycleway": "", "oneway": "", "tiger:name_base": "", "tiger:name_type": "", "service": "", "access": "", "alt_name": "", "ref": "", "surface": "paved", "tiger:name_direction_prefix": "", "cycleway:both": "", "maxspeed:type": "", "sidewalk": "", "sidewalk:both:bicycle": "", "lanes": "", "bicycle": "", "foot": "designated", "old_railway_operator": "", "segregated": "", "bridge": "", "layer": "", "tiger:separated": "", "tiger:source": "", "tiger:tlid": "", "maxspeed": "", "name_1": "", "tiger:name_base_1": "", "tiger:name_type_1": "", "cycleway:right": "", "route": "", "tracktype": "", "horse": "", "motor_vehicle": "", "railway": "", "tiger:name_base_2": "", "tiger:zip_right": "", "name_2": "", "destination": "", "destination:ref": "", "alt_name_1": "", "parking:lane:both": "", "mtb:scale": "", "old_ref": "", "NHS": "", "hgv": "", "hgv:national_network": "", "source:hgv:national_network": "", "sac_scale": "hiking", "description": "", "website": "", "trail_visibility": "", "mtb:scale:imba": "", "admin_level": "", "border_type": "", "boundary": "", "is_in:country": "", "is_in:country_code": "", "is_in:iso_3166_2": "", "is_in:state": "", "tiger:CLASSFP": "", "tiger:CPI": "", "tiger:FUNCSTAT": "", "tiger:LSAD": "", "tiger:MTFCC": "", "tiger:NAME": "", "tiger:NAMELSAD": "", "tiger:PCICBSA": "", "tiger:PCINECTA": "", "tiger:PLACEFP": "", "tiger:PLACENS": "", "tiger:PLCIDFP": "", "tiger:STATEFP": "", "wikidata": "", "wikipedia": "", "tunnel": "", "lit": "", "width": "", "waterway": "", "barrier": "", "fence_type": "", "junction": "", "shoulder": "", "lanes:backward": "", "lanes:forward": "", "turn:lanes:backward": "", "intermittent": "", "natural": "", "seasonal": "", "footway": "", "crossing": "", "tiger:name_base_3": "", "tiger:name_direction_prefix_3": "", "turn:lanes:forward": "", "turn:lanes": "", "lanes:both_ways": "", "turn:lanes:both_ways": "", "golf": "", "golf_cart": "", "power": "", "disused:highway": "", "tourism": "", "auxiliary_storage_labeling_positionx": null, "auxiliary_storage_labeling_positiony": null, "auxiliary_storage_labeling_show": null, "length": 109.64536391189739 }, "geometry": { "type": "LineString", "coordinates": [ [ -104.8779744, 38.8771939 ], [ -104.8779052, 38.8771992 ], [ -104.8778563, 38.8771956 ], [ -104.8778316, 38.87719 ], [ -104.8778044, 38.8771741 ], [ -104.8776956, 38.87708 ], [ -104.8776597, 38.8770594 ] ] } },
{ "type": "Feature", "properties": { "fid": 200, "full_id": "w37223261", "osm_id": "37223261", "osm_type": "way", "highway": "path", "name": "Gateway Trail", "tiger:cfcc": "", "tiger:county": "", "tiger:reviewed": "", "cycleway": "", "oneway": "", "tiger:name_base": "", "tiger:name_type": "", "service": "", "access": "", "alt_name": "", "ref": "", "surface": "paved", "tiger:name_direction_prefix": "", "cycleway:both": "", "maxspeed:type": "", "sidewalk": "", "sidewalk:both:bicycle": "", "lanes": "", "bicycle": "", "foot": "designated", "old_railway_operator": "", "segregated": "", "bridge": "", "layer": "", "tiger:separated": "", "tiger:source": "", "tiger:tlid": "", "maxspeed": "", "name_1": "", "tiger:name_base_1": "", "tiger:name_type_1": "", "cycleway:right": "", "route": "", "tracktype": "", "horse": "", "motor_vehicle": "", "railway": "", "tiger:name_base_2": "", "tiger:zip_right": "", "name_2": "", "destination": "", "destination:ref": "", "alt_name_1": "", "parking:lane:both": "", "mtb:scale": "", "old_ref": "", "NHS": "", "hgv": "", "hgv:national_network": "", "source:hgv:national_network": "", "sac_scale": "hiking", "description": "", "website": "", "trail_visibility": "", "mtb:scale:imba": "", "admin_level": "", "border_type": "", "boundary": "", "is_in:country": "", "is_in:country_code": "", "is_in:iso_3166_2": "", "is_in:state": "", "tiger:CLASSFP": "", "tiger:CPI": "", "tiger:FUNCSTAT": "", "tiger:LSAD": "", "tiger:MTFCC": "", "tiger:NAME": "", "tiger:NAMELSAD": "", "tiger:PCICBSA": "", "tiger:PCINECTA": "", "tiger:PLACEFP": "", "tiger:PLACENS": "", "tiger:PLCIDFP": "", "tiger:STATEFP": "", "wikidata": "", "wikipedia": "", "tunnel": "", "lit": "", "width": "", "waterway": "", "barrier": "", "fence_type": "", "junction": "", "shoulder": "", "lanes:backward": "", "lanes:forward": "", "turn:lanes:backward": "", "intermittent": "", "natural": "", "seasonal": "", "footway": "", "crossing": "", "tiger:name_base_3": "", "tiger:name_direction_prefix_3": "", "turn:lanes:forward": "", "turn:lanes": "", "lanes:both_ways": "", "turn:lanes:both_ways": "", "golf": "", "golf_cart": "", "power": "", "disused:highway": "", "tourism": "", "auxiliary_storage_labeling_positionx": null, "auxiliary_storage_labeling_positiony": null, "auxiliary_storage_labeling_show": null, "length": 218.83228744822028 }, "geometry": { "type": "LineString", "coordinates": [ [ -104.8776597, 38.8770594 ], [ -104.8775358, 38.8770035 ], [ -104.8774373, 38.8769656 ], [ -104.8773733, 38.8769461 ], [ -104.8773165, 38.8769365 ], [ -104.8772321, 38.8769263 ], [ -104.8770367, 38.8769135 ], [ -104.8769615, 38.8769149 ], [ -104.8769303, 38.8769214 ] ] } },
{ "type": "Feature", "properties": { "fid": 203, "full_id": "w37223264", "osm_id": "37223264", "osm_type": "way", "highway": "cycleway", "name": "Gateway Trail", "tiger:cfcc": "", "tiger:county": "", "tiger:reviewed": "", "cycleway": "", "oneway": "", "tiger:name_base": "", "tiger:name_type": "", "service": "", "access": "", "alt_name": "", "ref": "", "surface": "concrete", "tiger:name_direction_prefix": "", "cycleway:both": "", "maxspeed:type": "", "sidewalk": "", "sidewalk:both:bicycle": "", "lanes": "", "bicycle": "designated", "foot": "designated", "old_railway_operator": "", "segregated": "", "bridge": "", "layer": "", "tiger:separated": "", "tiger:source": "", "tiger:tlid": "", "maxspeed": "", "name_1": "", "tiger:name_base_1": "", "tiger:name_type_1": "", "cycleway:right": "", "route": "", "tracktype": "", "horse": "", "motor_vehicle": "", "railway": "", "tiger:name_base_2": "", "tiger:zip_right": "", "name_2": "", "destination": "", "destination:ref": "", "alt_name_1": "", "parking:lane:both": "", "mtb:scale": "", "old_ref": "", "NHS": "", "hgv": "", "hgv:national_network": "", "source:hgv:national_network": "", "sac_scale": "hiking", "description": "", "website": "", "trail_visibility": "", "mtb:scale:imba": "", "admin_level": "", "border_type": "", "boundary": "", "is_in:country": "", "is_in:country_code": "", "is_in:iso_3166_2": "", "is_in:state": "", "tiger:CLASSFP": "", "tiger:CPI": "", "tiger:FUNCSTAT": "", "tiger:LSAD": "", "tiger:MTFCC": "", "tiger:NAME": "", "tiger:NAMELSAD": "", "tiger:PCICBSA": "", "tiger:PCINECTA": "", "tiger:PLACEFP": "", "tiger:PLACENS": "", "tiger:PLCIDFP": "", "tiger:STATEFP": "", "wikidata": "", "wikipedia": "", "tunnel": "", "lit": "", "width": "", "waterway": "", "barrier": "", "fence_type": "", "junction": "", "shoulder": "", "lanes:backward": "", "lanes:forward": "", "turn:lanes:backward": "", "intermittent": "", "natural": "", "seasonal": "", "footway": "", "crossing": "", "tiger:name_base_3": "", "tiger:name_direction_prefix_3": "", "turn:lanes:forward": "", "turn:lanes": "", "lanes:both_ways": "", "turn:lanes:both_ways": "", "golf": "", "golf_cart": "", "power": "", "disused:highway": "", "tourism": "", "auxiliary_storage_labeling_positionx": null, "auxiliary_storage_labeling_positiony": null, "auxiliary_storage_labeling_show": null, "length": 257.99054123902442 }, "geometry": { "type": "LineString", "coordinates": [ [ -104.8729072, 38.8771922 ], [ -104.8726999, 38.8773131 ], [ -104.8724783, 38.8774457 ], [ -104.8723309, 38.8775484 ], [ -104.8722468, 38.8776648 ] ] } },
{ "type": "Feature", "properties": { "fid": 204, "full_id": "w37223265", "osm_id": "37223265", "osm_type": "way", "highway": "path", "name": "Gateway Trail", "tiger:cfcc": "", "tiger:county": "", "tiger:reviewed": "", "cycleway": "", "oneway": "", "tiger:name_base": "", "tiger:name_type": "", "service": "", "access": "", "alt_name": "", "ref": "", "surface": "paved", "tiger:name_direction_prefix": "", "cycleway:both": "", "maxspeed:type": "", "sidewalk": "", "sidewalk:both:bicycle": "", "lanes": "", "bicycle": "", "foot": "yes", "old_railway_operator": "", "segregated": "", "bridge": "yes", "layer": "1", "tiger:separated": "", "tiger:source": "", "tiger:tlid": "", "maxspeed": "", "name_1": "", "tiger:name_base_1": "", "tiger:name_type_1": "", "cycleway:right": "", "route": "", "tracktype": "", "horse": "", "motor_vehicle": "", "railway": "", "tiger:name_base_2": "", "tiger:zip_right": "", "name_2": "", "destination": "", "destination:ref": "", "alt_name_1": "", "parking:lane:both": "", "mtb:scale": "", "old_ref": "", "NHS": "", "hgv": "", "hgv:national_network": "", "source:hgv:national_network": "", "sac_scale": "hiking", "description": "", "website": "", "trail_visibility": "", "mtb:scale:imba": "", "admin_level": "", "border_type": "", "boundary": "", "is_in:country": "", "is_in:country_code": "", "is_in:iso_3166_2": "", "is_in:state": "", "tiger:CLASSFP": "", "tiger:CPI": "", "tiger:FUNCSTAT": "", "tiger:LSAD": "", "tiger:MTFCC": "", "tiger:NAME": "", "tiger:NAMELSAD": "", "tiger:PCICBSA": "", "tiger:PCINECTA": "", "tiger:PLACEFP": "", "tiger:PLACENS": "", "tiger:PLCIDFP": "", "tiger:STATEFP": "", "wikidata": "", "wikipedia": "", "tunnel": "", "lit": "", "width": "", "waterway": "", "barrier": "", "fence_type": "", "junction": "", "shoulder": "", "lanes:backward": "", "lanes:forward": "", "turn:lanes:backward": "", "intermittent": "", "natural": "", "seasonal": "", "footway": "", "crossing": "", "tiger:name_base_3": "", "tiger:name_direction_prefix_3": "", "turn:lanes:forward": "", "turn:lanes": "", "lanes:both_ways": "", "turn:lanes:both_ways": "", "golf": "", "golf_cart": "", "power": "", "disused:highway": "", "tourism": "", "auxiliary_storage_labeling_positionx": null, "auxiliary_storage_labeling_positiony": null, "auxiliary_storage_labeling_show": null, "length": 36.238691944533031 }, "geometry": { "type": "LineString", "coordinates": [ [ -104.8730301, 38.8771663 ], [ -104.8729072, 38.8771922 ] ] } },
{ "type": "Feature", "properties": { "fid": 212, "full_id": "w37223300", "osm_id": "37223300", "osm_type": "way", "highway": "cycleway", "name": "Foothills Trail", "tiger:cfcc": "", "tiger:county": "", "tiger:reviewed": "", "cycleway": "", "oneway": "", "tiger:name_base": "", "tiger:name_type": "", "service": "", "access": "", "alt_name": "", "ref": "", "surface": "concrete", "tiger:name_direction_prefix": "", "cycleway:both": "", "maxspeed:type": "", "sidewalk": "", "sidewalk:both:bicycle": "", "lanes": "", "bicycle": "designated", "foot": "designated", "old_railway_operator": "", "segregated": "", "bridge": "", "layer": "", "tiger:separated": "", "tiger:source": "", "tiger:tlid": "", "maxspeed": "", "name_1": "", "tiger:name_base_1": "", "tiger:name_type_1": "", "cycleway:right": "", "route": "", "tracktype": "", "horse": "", "motor_vehicle": "", "railway": "", "tiger:name_base_2": "", "tiger:zip_right": "", "name_2": "", "destination": "", "destination:ref": "", "alt_name_1": "", "parking:lane:both": "", "mtb:scale": "", "old_ref": "", "NHS": "", "hgv": "", "hgv:national_network": "", "source:hgv:national_network": "", "sac_scale": "hiking", "description": "", "website": "", "trail_visibility": "", "mtb:scale:imba": "", "admin_level": "", "border_type": "", "boundary": "", "is_in:country": "", "is_in:country_code": "", "is_in:iso_3166_2": "", "is_in:state": "", "tiger:CLASSFP": "", "tiger:CPI": "", "tiger:FUNCSTAT": "", "tiger:LSAD": "", "tiger:MTFCC": "", "tiger:NAME": "", "tiger:NAMELSAD": "", "tiger:PCICBSA": "", "tiger:PCINECTA": "", "tiger:PLACEFP": "", "tiger:PLACENS": "", "tiger:PLCIDFP": "", "tiger:STATEFP": "", "wikidata": "", "wikipedia": "", "tunnel": "", "lit": "", "width": "", "waterway": "", "barrier": "", "fence_type": "", "junction": "", "shoulder": "", "lanes:backward": "", "lanes:forward": "", "turn:lanes:backward": "", "intermittent": "", "natural": "", "seasonal": "", "footway": "", "crossing": "", "tiger:name_base_3": "", "tiger:name_direction_prefix_3": "", "turn:lanes:forward": "", "turn:lanes": "", "lanes:both_ways": "", "turn:lanes:both_ways": "", "golf": "", "golf_cart": "", "power": "", "disused:highway": "", "tourism": "", "auxiliary_storage_labeling_positionx": null, "auxiliary_storage_labeling_positiony": null, "auxiliary_storage_labeling_show": null, "length": 3100.9640691247919 }, "geometry": { "type": "LineString", "coordinates": [ [ -104.8750964, 38.8911832 ], [ -104.8751479, 38.8911765 ], [ -104.8752938, 38.891123 ], [ -104.8753611, 38.8910417 ], [ -104.8754126, 38.8909549 ], [ -104.8754384, 38.8907745 ], [ -104.8753955, 38.8904405 ], [ -104.8753096, 38.8899662 ], [ -104.8752238, 38.8895653 ], [ -104.875241, 38.8892914 ], [ -104.8752238, 38.8890309 ], [ -104.8751294, 38.8886033 ], [ -104.8749749, 38.8882024 ], [ -104.874829, 38.8876279 ], [ -104.8747346, 38.8873607 ], [ -104.8746573, 38.8871402 ], [ -104.8745372, 38.8869598 ], [ -104.8744599, 38.886766 ], [ -104.8744771, 38.8866592 ], [ -104.8745156, 38.8864367 ], [ -104.8745112, 38.8863754 ], [ -104.8745069, 38.8863323 ], [ -104.8744996, 38.8862937 ], [ -104.8744937, 38.8862801 ], [ -104.874513216138695, 38.886147851237943 ], [ -104.87455141984104, 38.886037161312309 ], [ -104.874574766547994, 38.885980990239304 ], [ -104.874602358110806, 38.885924819121882 ], [ -104.874627827245689, 38.885862039585163 ], [ -104.874634194529406, 38.885792651611602 ], [ -104.874634194529406, 38.88572326357027 ], [ -104.874621459961958, 38.88564396286862 ], [ -104.874615092678255, 38.885607616684119 ], [ -104.874606602966608, 38.885576226782533 ], [ -104.874591745971259, 38.885548141069364 ], [ -104.874572644120107, 38.885516751141502 ], [ -104.874557787124758, 38.885488665404822 ], [ -104.874538685273592, 38.885455623347447 ], [ -104.874523828278242, 38.885415972858318 ], [ -104.874504726427077, 38.885377974452126 ], [ -104.874483502147996, 38.885318498645134 ], [ -104.87446864515266, 38.885273891757194 ], [ -104.874451665729396, 38.885221024298211 ], [ -104.874438931161961, 38.885164852579919 ], [ -104.874434686306159, 38.885115289262195 ], [ -104.874421951738697, 38.88505581323529 ], [ -104.874398694446455, 38.884961775003909 ], [ -104.874384531922487, 38.884887361472437 ], [ -104.874380991291517, 38.884790899371168 ], [ -104.874395153815456, 38.884737156143657 ], [ -104.874427019494362, 38.884688925007424 ], [ -104.874469507066223, 38.884653096142181 ], [ -104.874510224322606, 38.884624157430132 ], [ -104.874543860317019, 38.884580060322435 ], [ -104.874572185364912, 38.884513914609585 ], [ -104.874577496311417, 38.884446390797521 ], [ -104.874561563471943, 38.884376110843348 ], [ -104.874549171263496, 38.884287916292678 ], [ -104.874515535269097, 38.884206611844306 ], [ -104.874485439905683, 38.884125307302881 ], [ -104.874458885173254, 38.884049514849963 ], [ -104.874415955022542, 38.883951673563921 ], [ -104.874355764295714, 38.883816624806904 ], [ -104.874277870413962, 38.88363885615378 ], [ -104.874222990633612, 38.883538258191763 ], [ -104.87419820621669, 38.88348727012923 ], [ -104.874096855654628, 38.883384604865263 ], [ -104.874018961772862, 38.883339128929123 ], [ -104.873926905367142, 38.883259201455665 ], [ -104.873866714640329, 38.883194432575017 ], [ -104.873822456752961, 38.8831517126427 ] ] } },
{ "type": "Feature", "properties": { "fid": 216, "full_id": "w37232780", "osm_id": "37232780", "osm_type": "way", "highway": "footway", "name": "Central Garden Trail", "tiger:cfcc": "", "tiger:county": "", "tiger:reviewed": "", "cycleway": "", "oneway": "", "tiger:name_base": "", "tiger:name_type": "", "service": "", "access": "", "alt_name": "", "ref": "", "surface": "paved", "tiger:name_direction_prefix": "", "cycleway:both": "", "maxspeed:type": "", "sidewalk": "", "sidewalk:both:bicycle": "", "lanes": "", "bicycle": "", "foot": "designated", "old_railway_operator": "", "segregated": "", "bridge": "", "layer": "", "tiger:separated": "", "tiger:source": "", "tiger:tlid": "", "maxspeed": "", "name_1": "", "tiger:name_base_1": "", "tiger:name_type_1": "", "cycleway:right": "", "route": "", "tracktype": "", "horse": "", "motor_vehicle": "", "railway": "", "tiger:name_base_2": "", "tiger:zip_right": "", "name_2": "", "destination": "", "destination:ref": "", "alt_name_1": "", "parking:lane:both": "", "mtb:scale": "", "old_ref": "", "NHS": "", "hgv": "", "hgv:national_network": "", "source:hgv:national_network": "", "sac_scale": "hiking", "description": "", "website": "", "trail_visibility": "", "mtb:scale:imba": "", "admin_level": "", "border_type": "", "boundary": "", "is_in:country": "", "is_in:country_code": "", "is_in:iso_3166_2": "", "is_in:state": "", "tiger:CLASSFP": "", "tiger:CPI": "", "tiger:FUNCSTAT": "", "tiger:LSAD": "", "tiger:MTFCC": "", "tiger:NAME": "", "tiger:NAMELSAD": "", "tiger:PCICBSA": "", "tiger:PCINECTA": "", "tiger:PLACEFP": "", "tiger:PLACENS": "", "tiger:PLCIDFP": "", "tiger:STATEFP": "", "wikidata": "", "wikipedia": "", "tunnel": "", "lit": "", "width": "", "waterway": "", "barrier": "", "fence_type": "", "junction": "", "shoulder": "", "lanes:backward": "", "lanes:forward": "", "turn:lanes:backward": "", "intermittent": "", "natural": "", "seasonal": "", "footway": "", "crossing": "", "tiger:name_base_3": "", "tiger:name_direction_prefix_3": "", "turn:lanes:forward": "", "turn:lanes": "", "lanes:both_ways": "", "turn:lanes:both_ways": "", "golf": "", "golf_cart": "", "power": "", "disused:highway": "", "tourism": "", "auxiliary_storage_labeling_positionx": -104.8826069652292, "auxiliary_storage_labeling_positiony": 38.878787849844251, "auxiliary_storage_labeling_show": null, "length": 2309.3636901605623 }, "geometry": { "type": "LineString", "coordinates": [ [ -104.8820558, 38.8763517 ], [ -104.8822275, 38.8764586 ], [ -104.8823133, 38.8765053 ], [ -104.8824077, 38.8765722 ], [ -104.8825107, 38.8766791 ], [ -104.882648, 38.8767593 ], [ -104.8827939, 38.8768795 ], [ -104.8828798, 38.8769998 ], [ -104.8828983, 38.8770498 ], [ -104.8828986, 38.8771268 ], [ -104.8828986, 38.877174 ], [ -104.8828764, 38.8772101 ], [ -104.8828542, 38.8772396 ], [ -104.8828254, 38.877284 ], [ -104.8827895, 38.8773394 ], [ -104.8827658, 38.8774084 ], [ -104.8827552, 38.8774663 ], [ -104.8827641, 38.877547 ], [ -104.882772, 38.8776026 ], [ -104.8828238, 38.8777816 ], [ -104.8828264, 38.8778211 ], [ -104.8828089, 38.8778801 ], [ -104.8827399, 38.8780169 ], [ -104.8826089, 38.8781748 ], [ -104.8825924, 38.8782297 ], [ -104.882598, 38.8783963 ], [ -104.882609, 38.8785732 ], [ -104.8826177, 38.8786463 ], [ -104.8826995, 38.8788239 ], [ -104.8827258, 38.8789082 ], [ -104.8827247, 38.8790122 ], [ -104.8827097, 38.8791106 ], [ -104.8826809, 38.8792297 ], [ -104.8826259, 38.8793322 ], [ -104.8825305, 38.8794573 ], [ -104.8824224, 38.8795496 ], [ -104.8823083, 38.8796285 ], [ -104.8820931, 38.8797445 ], [ -104.882031, 38.8797789 ], [ -104.8819811, 38.8797849 ], [ -104.8819442, 38.8797794 ], [ -104.8819104, 38.8797583 ], [ -104.8818747, 38.8797016 ], [ -104.8818405, 38.8796371 ], [ -104.8818074, 38.8795497 ], [ -104.8818089, 38.8794416 ], [ -104.8818166, 38.8793308 ], [ -104.8818082, 38.879277 ], [ -104.8817897, 38.8792248 ], [ -104.8816867, 38.8790645 ], [ -104.8814636, 38.8787304 ], [ -104.8813606, 38.8786368 ], [ -104.8811848, 38.878556 ], [ -104.8811248, 38.8783756 ], [ -104.8811046, 38.8782813 ], [ -104.881099, 38.8782553 ], [ -104.8810904, 38.8780348 ], [ -104.8810647, 38.8778344 ], [ -104.8810172, 38.8777348 ] ] } },
{ "type": "Feature", "properties": { "fid": 217, "full_id": "w37232785", "osm_id": "37232785", "osm_type": "way", "highway": "footway", "name": "", "tiger:cfcc": "", "tiger:county": "", "tiger:reviewed": "", "cycleway": "", "oneway": "", "tiger:name_base": "", "tiger:name_type": "", "service": "", "access": "", "alt_name": "", "ref": "", "surface": "paved", "tiger:name_direction_prefix": "", "cycleway:both": "", "maxspeed:type": "", "sidewalk": "", "sidewalk:both:bicycle": "", "lanes": "", "bicycle": "", "foot": "designated", "old_railway_operator": "", "segregated": "", "bridge": "", "layer": "", "tiger:separated": "", "tiger:source": "", "tiger:tlid": "", "maxspeed": "", "name_1": "", "tiger:name_base_1": "", "tiger:name_type_1": "", "cycleway:right": "", "route": "", "tracktype": "", "horse": "", "motor_vehicle": "", "railway": "", "tiger:name_base_2": "", "tiger:zip_right": "", "name_2": "", "destination": "", "destination:ref": "", "alt_name_1": "", "parking:lane:both": "", "mtb:scale": "", "old_ref": "", "NHS": "", "hgv": "", "hgv:national_network": "", "source:hgv:national_network": "", "sac_scale": "hiking", "description": "", "website": "", "trail_visibility": "", "mtb:scale:imba": "", "admin_level": "", "border_type": "", "boundary": "", "is_in:country": "", "is_in:country_code": "", "is_in:iso_3166_2": "", "is_in:state": "", "tiger:CLASSFP": "", "tiger:CPI": "", "tiger:FUNCSTAT": "", "tiger:LSAD": "", "tiger:MTFCC": "", "tiger:NAME": "", "tiger:NAMELSAD": "", "tiger:PCICBSA": "", "tiger:PCINECTA": "", "tiger:PLACEFP": "", "tiger:PLACENS": "", "tiger:PLCIDFP": "", "tiger:STATEFP": "", "wikidata": "", "wikipedia": "", "tunnel": "", "lit": "", "width": "", "waterway": "", "barrier": "", "fence_type": "", "junction": "", "shoulder": "", "lanes:backward": "", "lanes:forward": "", "turn:lanes:backward": "", "intermittent": "", "natural": "", "seasonal": "", "footway": "", "crossing": "", "tiger:name_base_3": "", "tiger:name_direction_prefix_3": "", "turn:lanes:forward": "", "turn:lanes": "", "lanes:both_ways": "", "turn:lanes:both_ways": "", "golf": "", "golf_cart": "", "power": "", "disused:highway": "", "tourism": "", "auxiliary_storage_labeling_positionx": null, "auxiliary_storage_labeling_positiony": null, "auxiliary_storage_labeling_show": null, "length": 120.95510916471386 }, "geometry": { "type": "LineString", "coordinates": [ [ -104.8808198, 38.8782159 ], [ -104.8809102, 38.8783556 ], [ -104.880996, 38.8783422 ], [ -104.8810292, 38.8783171 ], [ -104.8810697, 38.8782881 ], [ -104.8811046, 38.8782813 ] ] } },
{ "type": "Feature", "properties": { "fid": 218, "full_id": "w37233006", "osm_id": "37233006", "osm_type": "way", "highway": "path", "name": "", "tiger:cfcc": "", "tiger:county": "", "tiger:reviewed": "", "cycleway": "", "oneway": "", "tiger:name_base": "", "tiger:name_type": "", "service": "", "access": "", "alt_name": "", "ref": "", "surface": "unpaved", "tiger:name_direction_prefix": "", "cycleway:both": "", "maxspeed:type": "", "sidewalk": "", "sidewalk:both:bicycle": "", "lanes": "", "bicycle": "", "foot": "designated", "old_railway_operator": "", "segregated": "", "bridge": "", "layer": "", "tiger:separated": "", "tiger:source": "", "tiger:tlid": "", "maxspeed": "", "name_1": "", "tiger:name_base_1": "", "tiger:name_type_1": "", "cycleway:right": "", "route": "", "tracktype": "", "horse": "unknown", "motor_vehicle": "", "railway": "", "tiger:name_base_2": "", "tiger:zip_right": "", "name_2": "", "destination": "", "destination:ref": "", "alt_name_1": "", "parking:lane:both": "", "mtb:scale": "", "old_ref": "", "NHS": "", "hgv": "", "hgv:national_network": "", "source:hgv:national_network": "", "sac_scale": "hiking", "description": "", "website": "", "trail_visibility": "", "mtb:scale:imba": "", "admin_level": "", "border_type": "", "boundary": "", "is_in:country": "", "is_in:country_code": "", "is_in:iso_3166_2": "", "is_in:state": "", "tiger:CLASSFP": "", "tiger:CPI": "", "tiger:FUNCSTAT": "", "tiger:LSAD": "", "tiger:MTFCC": "", "tiger:NAME": "", "tiger:NAMELSAD": "", "tiger:PCICBSA": "", "tiger:PCINECTA": "", "tiger:PLACEFP": "", "tiger:PLACENS": "", "tiger:PLCIDFP": "", "tiger:STATEFP": "", "wikidata": "", "wikipedia": "", "tunnel": "", "lit": "", "width": "", "waterway": "", "barrier": "", "fence_type": "", "junction": "", "shoulder": "", "lanes:backward": "", "lanes:forward": "", "turn:lanes:backward": "", "intermittent": "", "natural": "", "seasonal": "", "footway": "", "crossing": "", "tiger:name_base_3": "", "tiger:name_direction_prefix_3": "", "turn:lanes:forward": "", "turn:lanes": "", "lanes:both_ways": "", "turn:lanes:both_ways": "", "golf": "", "golf_cart": "", "power": "", "disused:highway": "", "tourism": "", "auxiliary_storage_labeling_positionx": null, "auxiliary_storage_labeling_positiony": null, "auxiliary_storage_labeling_show": null, "length": 103.19067818475986 }, "geometry": { "type": "LineString", "coordinates": [ [ -104.883596, 38.8772526 ], [ -104.8834422, 38.8772865 ], [ -104.8833649, 38.8772932 ], [ -104.883317, 38.8773029 ], [ -104.8832448, 38.8773199 ] ] } },
{ "type": "Feature", "properties": { "fid": 219, "full_id": "w37316363", "osm_id": "37316363", "osm_type": "way", "highway": "path", "name": "Palmer Trail", "tiger:cfcc": "", "tiger:county": "", "tiger:reviewed": "", "cycleway": "", "oneway": "", "tiger:name_base": "", "tiger:name_type": "", "service": "", "access": "", "alt_name": "", "ref": "", "surface": "ground", "tiger:name_direction_prefix": "", "cycleway:both": "", "maxspeed:type": "", "sidewalk": "", "sidewalk:both:bicycle": "", "lanes": "", "bicycle": "no", "foot": "designated", "old_railway_operator": "", "segregated": "", "bridge": "", "layer": "", "tiger:separated": "", "tiger:source": "", "tiger:tlid": "", "maxspeed": "", "name_1": "", "tiger:name_base_1": "", "tiger:name_type_1": "", "cycleway:right": "", "route": "", "tracktype": "", "horse": "", "motor_vehicle": "", "railway": "", "tiger:name_base_2": "", "tiger:zip_right": "", "name_2": "", "destination": "", "destination:ref": "", "alt_name_1": "", "parking:lane:both": "", "mtb:scale": "", "old_ref": "", "NHS": "", "hgv": "", "hgv:national_network": "", "source:hgv:national_network": "", "sac_scale": "hiking", "description": "", "website": "", "trail_visibility": "", "mtb:scale:imba": "", "admin_level": "", "border_type": "", "boundary": "", "is_in:country": "", "is_in:country_code": "", "is_in:iso_3166_2": "", "is_in:state": "", "tiger:CLASSFP": "", "tiger:CPI": "", "tiger:FUNCSTAT": "", "tiger:LSAD": "", "tiger:MTFCC": "", "tiger:NAME": "", "tiger:NAMELSAD": "", "tiger:PCICBSA": "", "tiger:PCINECTA": "", "tiger:PLACEFP": "", "tiger:PLACENS": "", "tiger:PLCIDFP": "", "tiger:STATEFP": "", "wikidata": "", "wikipedia": "", "tunnel": "", "lit": "", "width": "", "waterway": "", "barrier": "", "fence_type": "", "junction": "", "shoulder": "", "lanes:backward": "", "lanes:forward": "", "turn:lanes:backward": "", "intermittent": "", "natural": "", "seasonal": "", "footway": "", "crossing": "", "tiger:name_base_3": "", "tiger:name_direction_prefix_3": "", "turn:lanes:forward": "", "turn:lanes": "", "lanes:both_ways": "", "turn:lanes:both_ways": "", "golf": "", "golf_cart": "", "power": "", "disused:highway": "", "tourism": "", "auxiliary_storage_labeling_positionx": -104.87935265580171, "auxiliary_storage_labeling_positiony": 38.881624774641146, "auxiliary_storage_labeling_show": null, "length": 826.52160656554622 }, "geometry": { "type": "LineString", "coordinates": [ [ -104.8803945, 38.8816558 ], [ -104.8802033, 38.8817363 ], [ -104.880066, 38.8817363 ], [ -104.8798085, 38.8816694 ], [ -104.879654, 38.881616 ], [ -104.879242, 38.8815358 ], [ -104.8790446, 38.8815158 ], [ -104.8788386, 38.8814423 ], [ -104.8785613, 38.8813377 ], [ -104.8782292, 38.8811951 ], [ -104.877903, 38.8810681 ], [ -104.8777142, 38.8810013 ] ] } },
{ "type": "Feature", "properties": { "fid": 220, "full_id": "w37316379", "osm_id": "37316379", "osm_type": "way", "highway": "cycleway", "name": "Palmer Mesa Trail", "tiger:cfcc": "", "tiger:county": "", "tiger:reviewed": "", "cycleway": "", "oneway": "", "tiger:name_base": "", "tiger:name_type": "", "service": "", "access": "", "alt_name": "", "ref": "", "surface": "paved", "tiger:name_direction_prefix": "", "cycleway:both": "", "maxspeed:type": "", "sidewalk": "", "sidewalk:both:bicycle": "", "lanes": "", "bicycle": "designated", "foot": "designated", "old_railway_operator": "", "segregated": "", "bridge": "", "layer": "", "tiger:separated": "", "tiger:source": "", "tiger:tlid": "", "maxspeed": "", "name_1": "", "tiger:name_base_1": "", "tiger:name_type_1": "", "cycleway:right": "", "route": "", "tracktype": "", "horse": "", "motor_vehicle": "", "railway": "", "tiger:name_base_2": "", "tiger:zip_right": "", "name_2": "", "destination": "", "destination:ref": "", "alt_name_1": "", "parking:lane:both": "", "mtb:scale": "", "old_ref": "", "NHS": "", "hgv": "", "hgv:national_network": "", "source:hgv:national_network": "", "sac_scale": "hiking", "description": "", "website": "", "trail_visibility": "", "mtb:scale:imba": "", "admin_level": "", "border_type": "", "boundary": "", "is_in:country": "", "is_in:country_code": "", "is_in:iso_3166_2": "", "is_in:state": "", "tiger:CLASSFP": "", "tiger:CPI": "", "tiger:FUNCSTAT": "", "tiger:LSAD": "", "tiger:MTFCC": "", "tiger:NAME": "", "tiger:NAMELSAD": "", "tiger:PCICBSA": "", "tiger:PCINECTA": "", "tiger:PLACEFP": "", "tiger:PLACENS": "", "tiger:PLCIDFP": "", "tiger:STATEFP": "", "wikidata": "", "wikipedia": "", "tunnel": "", "lit": "", "width": "", "waterway": "", "barrier": "", "fence_type": "", "junction": "", "shoulder": "", "lanes:backward": "", "lanes:forward": "", "turn:lanes:backward": "", "intermittent": "", "natural": "", "seasonal": "", "footway": "", "crossing": "", "tiger:name_base_3": "", "tiger:name_direction_prefix_3": "", "turn:lanes:forward": "", "turn:lanes": "", "lanes:both_ways": "", "turn:lanes:both_ways": "", "golf": "", "golf_cart": "", "power": "", "disused:highway": "", "tourism": "", "auxiliary_storage_labeling_positionx": null, "auxiliary_storage_labeling_positiony": null, "auxiliary_storage_labeling_show": null, "length": 1595.8522950394595 }, "geometry": { "type": "LineString", "coordinates": [ [ -104.8725203, 38.884034 ], [ -104.8724666, 38.884212 ], [ -104.8724092, 38.8844917 ], [ -104.8724017, 38.8845574 ], [ -104.8724175, 38.8846138 ], [ -104.8724497, 38.8846631 ], [ -104.8727489, 38.884994 ], [ -104.8728133, 38.8850836 ], [ -104.8731652, 38.8857495 ], [ -104.8732268, 38.8858848 ], [ -104.8732768, 38.8860122 ], [ -104.8733053, 38.8861516 ], [ -104.8733465, 38.8862607 ], [ -104.8734006, 38.8864204 ], [ -104.8734796, 38.8866561 ], [ -104.8735002, 38.8867337 ], [ -104.8735428, 38.8867939 ], [ -104.8736106, 38.8868654 ], [ -104.8736512, 38.8869243 ], [ -104.8736754, 38.8869825 ], [ -104.8737231, 38.8870511 ], [ -104.87379, 38.8871271 ], [ -104.8738269, 38.887201 ], [ -104.8738442, 38.8872681 ], [ -104.8738384, 38.8873915 ], [ -104.8738434, 38.8874511 ], [ -104.8738547, 38.8875118 ], [ -104.8738954, 38.8875726 ], [ -104.873941, 38.8876404 ], [ -104.8739664, 38.8876912 ], [ -104.8739798, 38.8877648 ], [ -104.8740018, 38.8878422 ], [ -104.8740381, 38.8879018 ], [ -104.8740919, 38.8879586 ], [ -104.8741555, 38.8880028 ], [ -104.8742037, 38.8880767 ] ] } },
{ "type": "Feature", "properties": { "fid": 221, "full_id": "w37316399", "osm_id": "37316399", "osm_type": "way", "highway": "cycleway", "name": "", "tiger:cfcc": "", "tiger:county": "", "tiger:reviewed": "", "cycleway": "", "oneway": "", "tiger:name_base": "", "tiger:name_type": "", "service": "", "access": "", "alt_name": "", "ref": "", "surface": "", "tiger:name_direction_prefix": "", "cycleway:both": "", "maxspeed:type": "", "sidewalk": "", "sidewalk:both:bicycle": "", "lanes": "", "bicycle": "designated", "foot": "designated", "old_railway_operator": "", "segregated": "", "bridge": "", "layer": "", "tiger:separated": "", "tiger:source": "", "tiger:tlid": "", "maxspeed": "", "name_1": "", "tiger:name_base_1": "", "tiger:name_type_1": "", "cycleway:right": "", "route": "", "tracktype": "", "horse": "", "motor_vehicle": "", "railway": "", "tiger:name_base_2": "", "tiger:zip_right": "", "name_2": "", "destination": "", "destination:ref": "", "alt_name_1": "", "parking:lane:both": "", "mtb:scale": "", "old_ref": "", "NHS": "", "hgv": "", "hgv:national_network": "", "source:hgv:national_network": "", "sac_scale": "hiking", "description": "", "website": "", "trail_visibility": "", "mtb:scale:imba": "", "admin_level": "", "border_type": "", "boundary": "", "is_in:country": "", "is_in:country_code": "", "is_in:iso_3166_2": "", "is_in:state": "", "tiger:CLASSFP": "", "tiger:CPI": "", "tiger:FUNCSTAT": "", "tiger:LSAD": "", "tiger:MTFCC": "", "tiger:NAME": "", "tiger:NAMELSAD": "", "tiger:PCICBSA": "", "tiger:PCINECTA": "", "tiger:PLACEFP": "", "tiger:PLACENS": "", "tiger:PLCIDFP": "", "tiger:STATEFP": "", "wikidata": "", "wikipedia": "", "tunnel": "", "lit": "", "width": "", "waterway": "", "barrier": "", "fence_type": "", "junction": "", "shoulder": "", "lanes:backward": "", "lanes:forward": "", "turn:lanes:backward": "", "intermittent": "", "natural": "", "seasonal": "", "footway": "", "crossing": "", "tiger:name_base_3": "", "tiger:name_direction_prefix_3": "", "turn:lanes:forward": "", "turn:lanes": "", "lanes:both_ways": "", "turn:lanes:both_ways": "", "golf": "", "golf_cart": "", "power": "", "disused:highway": "", "tourism": "", "auxiliary_storage_labeling_positionx": null, "auxiliary_storage_labeling_positiony": null, "auxiliary_storage_labeling_show": null, "length": 147.65345633750761 }, "geometry": { "type": "LineString", "coordinates": [ [ -104.8741555, 38.8880028 ], [ -104.8741665, 38.8879307 ], [ -104.8741911, 38.8878777 ], [ -104.8742552, 38.8877894 ], [ -104.8743353, 38.8877234 ], [ -104.8743991, 38.8876559 ] ] } },
{ "type": "Feature", "properties": { "fid": 222, "full_id": "w37316403", "osm_id": "37316403", "osm_type": "way", "highway": "cycleway", "name": "Palmer Mesa Trail", "tiger:cfcc": "", "tiger:county": "", "tiger:reviewed": "", "cycleway": "", "oneway": "", "tiger:name_base": "", "tiger:name_type": "", "service": "", "access": "", "alt_name": "", "ref": "", "surface": "paved", "tiger:name_direction_prefix": "", "cycleway:both": "", "maxspeed:type": "", "sidewalk": "", "sidewalk:both:bicycle": "", "lanes": "", "bicycle": "designated", "foot": "designated", "old_railway_operator": "", "segregated": "", "bridge": "", "layer": "", "tiger:separated": "", "tiger:source": "", "tiger:tlid": "", "maxspeed": "", "name_1": "", "tiger:name_base_1": "", "tiger:name_type_1": "", "cycleway:right": "", "route": "", "tracktype": "", "horse": "", "motor_vehicle": "", "railway": "", "tiger:name_base_2": "", "tiger:zip_right": "", "name_2": "", "destination": "", "destination:ref": "", "alt_name_1": "", "parking:lane:both": "", "mtb:scale": "", "old_ref": "", "NHS": "", "hgv": "", "hgv:national_network": "", "source:hgv:national_network": "", "sac_scale": "hiking", "description": "", "website": "", "trail_visibility": "", "mtb:scale:imba": "", "admin_level": "", "border_type": "", "boundary": "", "is_in:country": "", "is_in:country_code": "", "is_in:iso_3166_2": "", "is_in:state": "", "tiger:CLASSFP": "", "tiger:CPI": "", "tiger:FUNCSTAT": "", "tiger:LSAD": "", "tiger:MTFCC": "", "tiger:NAME": "", "tiger:NAMELSAD": "", "tiger:PCICBSA": "", "tiger:PCINECTA": "", "tiger:PLACEFP": "", "tiger:PLACENS": "", "tiger:PLCIDFP": "", "tiger:STATEFP": "", "wikidata": "", "wikipedia": "", "tunnel": "", "lit": "", "width": "", "waterway": "", "barrier": "", "fence_type": "", "junction": "", "shoulder": "", "lanes:backward": "", "lanes:forward": "", "turn:lanes:backward": "", "intermittent": "", "natural": "", "seasonal": "", "footway": "", "crossing": "", "tiger:name_base_3": "", "tiger:name_direction_prefix_3": "", "turn:lanes:forward": "", "turn:lanes": "", "lanes:both_ways": "", "turn:lanes:both_ways": "", "golf": "", "golf_cart": "", "power": "", "disused:highway": "", "tourism": "", "auxiliary_storage_labeling_positionx": null, "auxiliary_storage_labeling_positiony": null, "auxiliary_storage_labeling_show": null, "length": 1129.1696971815732 }, "geometry": { "type": "LineString", "coordinates": [ [ -104.8742037, 38.8880767 ], [ -104.8743411, 38.8882236 ], [ -104.8743959, 38.8882732 ], [ -104.8744441, 38.8883439 ], [ -104.874485, 38.8884251 ], [ -104.8745227, 38.8885146 ], [ -104.8745361, 38.8885819 ], [ -104.8745428, 38.8887049 ], [ -104.8745476, 38.8888044 ], [ -104.8745691, 38.8889095 ], [ -104.8746108, 38.8890536 ], [ -104.8746588, 38.8891631 ], [ -104.8746848, 38.8892406 ], [ -104.8746882, 38.8893653 ], [ -104.874693, 38.8894449 ], [ -104.8747085, 38.8895044 ], [ -104.8747383, 38.8895629 ], [ -104.874808, 38.8896695 ], [ -104.8748347, 38.889719 ], [ -104.8748531, 38.8897736 ], [ -104.8748624, 38.8898887 ], [ -104.8748681, 38.8899934 ], [ -104.8748637, 38.8900559 ], [ -104.8748389, 38.8901276 ], [ -104.8747934, 38.8902463 ], [ -104.8747788, 38.8903233 ], [ -104.8747739, 38.8903916 ], [ -104.8747975, 38.8908324 ], [ -104.8747851, 38.8909444 ], [ -104.8747583, 38.891054 ] ] } },
{ "type": "Feature", "properties": { "fid": 223, "full_id": "w37316404", "osm_id": "37316404", "osm_type": "way", "highway": "path", "name": "Blair Bridge", "tiger:cfcc": "", "tiger:county": "", "tiger:reviewed": "", "cycleway": "", "oneway": "", "tiger:name_base": "", "tiger:name_type": "", "service": "", "access": "", "alt_name": "", "ref": "", "surface": "paved", "tiger:name_direction_prefix": "", "cycleway:both": "", "maxspeed:type": "", "sidewalk": "", "sidewalk:both:bicycle": "", "lanes": "", "bicycle": "", "foot": "designated", "old_railway_operator": "", "segregated": "", "bridge": "yes", "layer": "", "tiger:separated": "", "tiger:source": "", "tiger:tlid": "", "maxspeed": "", "name_1": "", "tiger:name_base_1": "", "tiger:name_type_1": "", "cycleway:right": "", "route": "", "tracktype": "", "horse": "", "motor_vehicle": "", "railway": "", "tiger:name_base_2": "", "tiger:zip_right": "", "name_2": "", "destination": "", "destination:ref": "", "alt_name_1": "", "parking:lane:both": "", "mtb:scale": "", "old_ref": "", "NHS": "", "hgv": "", "hgv:national_network": "", "source:hgv:national_network": "", "sac_scale": "hiking", "description": "Built 1880 by John Blair, groundskeeper for the Glen Eyrie Castle", "website": "https://bridgehunter.com/co/el-paso/john-blair/", "trail_visibility": "", "mtb:scale:imba": "", "admin_level": "", "border_type": "", "boundary": "", "is_in:country": "", "is_in:country_code": "", "is_in:iso_3166_2": "", "is_in:state": "", "tiger:CLASSFP": "", "tiger:CPI": "", "tiger:FUNCSTAT": "", "tiger:LSAD": "", "tiger:MTFCC": "", "tiger:NAME": "", "tiger:NAMELSAD": "", "tiger:PCICBSA": "", "tiger:PCINECTA": "", "tiger:PLACEFP": "", "tiger:PLACENS": "", "tiger:PLCIDFP": "", "tiger:STATEFP": "", "wikidata": "", "wikipedia": "", "tunnel": "", "lit": "", "width": "", "waterway": "", "barrier": "", "fence_type": "", "junction": "", "shoulder": "", "lanes:backward": "", "lanes:forward": "", "turn:lanes:backward": "", "intermittent": "", "natural": "", "seasonal": "", "footway": "", "crossing": "", "tiger:name_base_3": "", "tiger:name_direction_prefix_3": "", "turn:lanes:forward": "", "turn:lanes": "", "lanes:both_ways": "", "turn:lanes:both_ways": "", "golf": "", "golf_cart": "", "power": "", "disused:highway": "", "tourism": "", "auxiliary_storage_labeling_positionx": null, "auxiliary_storage_labeling_positiony": null, "auxiliary_storage_labeling_show": null, "length": 44.908269022265721 }, "geometry": { "type": "LineString", "coordinates": [ [ -104.8742841, 38.8916456 ], [ -104.8742751, 38.8917687 ] ] } },
{ "type": "Feature", "properties": { "fid": 224, "full_id": "w37316405", "osm_id": "37316405", "osm_type": "way", "highway": "cycleway", "name": "Palmer Mesa Trail", "tiger:cfcc": "", "tiger:county": "", "tiger:reviewed": "", "cycleway": "", "oneway": "", "tiger:name_base": "", "tiger:name_type": "", "service": "", "access": "", "alt_name": "", "ref": "", "surface": "paved", "tiger:name_direction_prefix": "", "cycleway:both": "", "maxspeed:type": "", "sidewalk": "", "sidewalk:both:bicycle": "", "lanes": "", "bicycle": "yes", "foot": "designated", "old_railway_operator": "", "segregated": "", "bridge": "", "layer": "", "tiger:separated": "", "tiger:source": "", "tiger:tlid": "", "maxspeed": "", "name_1": "", "tiger:name_base_1": "", "tiger:name_type_1": "", "cycleway:right": "", "route": "", "tracktype": "", "horse": "", "motor_vehicle": "", "railway": "", "tiger:name_base_2": "", "tiger:zip_right": "", "name_2": "", "destination": "", "destination:ref": "", "alt_name_1": "", "parking:lane:both": "", "mtb:scale": "", "old_ref": "", "NHS": "", "hgv": "", "hgv:national_network": "", "source:hgv:national_network": "", "sac_scale": "hiking", "description": "", "website": "", "trail_visibility": "", "mtb:scale:imba": "", "admin_level": "", "border_type": "", "boundary": "", "is_in:country": "", "is_in:country_code": "", "is_in:iso_3166_2": "", "is_in:state": "", "tiger:CLASSFP": "", "tiger:CPI": "", "tiger:FUNCSTAT": "", "tiger:LSAD": "", "tiger:MTFCC": "", "tiger:NAME": "", "tiger:NAMELSAD": "", "tiger:PCICBSA": "", "tiger:PCINECTA": "", "tiger:PLACEFP": "", "tiger:PLACENS": "", "tiger:PLCIDFP": "", "tiger:STATEFP": "", "wikidata": "", "wikipedia": "", "tunnel": "", "lit": "", "width": "", "waterway": "", "barrier": "", "fence_type": "", "junction": "", "shoulder": "", "lanes:backward": "", "lanes:forward": "", "turn:lanes:backward": "", "intermittent": "", "natural": "", "seasonal": "", "footway": "", "crossing": "", "tiger:name_base_3": "", "tiger:name_direction_prefix_3": "", "turn:lanes:forward": "", "turn:lanes": "", "lanes:both_ways": "", "turn:lanes:both_ways": "", "golf": "", "golf_cart": "", "power": "", "disused:highway": "", "tourism": "", "auxiliary_storage_labeling_positionx": null, "auxiliary_storage_labeling_positiony": null, "auxiliary_storage_labeling_show": null, "length": 2452.9422706443156 }, "geometry": { "type": "LineString", "coordinates": [ [ -104.8742751, 38.8917687 ], [ -104.8743082, 38.891932 ], [ -104.8743432, 38.8920729 ], [ -104.8743886, 38.8922021 ], [ -104.8744246, 38.8922639 ], [ -104.8744956, 38.8923656 ], [ -104.8745818, 38.8924944 ], [ -104.8746595, 38.8926493 ], [ -104.8747658, 38.892879 ], [ -104.8748507, 38.8930571 ], [ -104.8749396, 38.8932774 ], [ -104.8750013, 38.8934105 ], [ -104.8750379, 38.8935087 ], [ -104.8750677, 38.8936032 ], [ -104.8750871, 38.8937242 ], [ -104.8751003, 38.8938398 ], [ -104.8750914, 38.8939847 ], [ -104.8750756, 38.8942081 ], [ -104.8750627, 38.8943152 ], [ -104.8750221, 38.8944349 ], [ -104.8749725, 38.8945319 ], [ -104.8749408, 38.8946072 ], [ -104.8748818, 38.8948307 ], [ -104.8748587, 38.8950063 ], [ -104.8748196, 38.8951252 ], [ -104.8747822, 38.8952742 ], [ -104.8747425, 38.8953815 ], [ -104.8747036, 38.8954607 ], [ -104.8745986, 38.8956256 ], [ -104.8744834, 38.8957801 ], [ -104.87438, 38.8958828 ], [ -104.8741694, 38.8960932 ], [ -104.873458, 38.8967153 ], [ -104.873254, 38.8969261 ], [ -104.8723474, 38.8976776 ] ] } },
{ "type": "Feature", "properties": { "fid": 235, "full_id": "w38896750", "osm_id": "38896750", "osm_type": "way", "highway": "path", "name": "", "tiger:cfcc": "", "tiger:county": "", "tiger:reviewed": "", "cycleway": "", "oneway": "", "tiger:name_base": "", "tiger:name_type": "", "service": "", "access": "", "alt_name": "", "ref": "", "surface": "", "tiger:name_direction_prefix": "", "cycleway:both": "", "maxspeed:type": "", "sidewalk": "", "sidewalk:both:bicycle": "", "lanes": "", "bicycle": "", "foot": "yes", "old_railway_operator": "", "segregated": "", "bridge": "", "layer": "", "tiger:separated": "", "tiger:source": "", "tiger:tlid": "", "maxspeed": "", "name_1": "", "tiger:name_base_1": "", "tiger:name_type_1": "", "cycleway:right": "", "route": "", "tracktype": "", "horse": "", "motor_vehicle": "", "railway": "", "tiger:name_base_2": "", "tiger:zip_right": "", "name_2": "", "destination": "", "destination:ref": "", "alt_name_1": "", "parking:lane:both": "", "mtb:scale": "", "old_ref": "", "NHS": "", "hgv": "", "hgv:national_network": "", "source:hgv:national_network": "", "sac_scale": "hiking", "description": "", "website": "", "trail_visibility": "intermediate", "mtb:scale:imba": "", "admin_level": "", "border_type": "", "boundary": "", "is_in:country": "", "is_in:country_code": "", "is_in:iso_3166_2": "", "is_in:state": "", "tiger:CLASSFP": "", "tiger:CPI": "", "tiger:FUNCSTAT": "", "tiger:LSAD": "", "tiger:MTFCC": "", "tiger:NAME": "", "tiger:NAMELSAD": "", "tiger:PCICBSA": "", "tiger:PCINECTA": "", "tiger:PLACEFP": "", "tiger:PLACENS": "", "tiger:PLCIDFP": "", "tiger:STATEFP": "", "wikidata": "", "wikipedia": "", "tunnel": "", "lit": "", "width": "", "waterway": "", "barrier": "", "fence_type": "", "junction": "", "shoulder": "", "lanes:backward": "", "lanes:forward": "", "turn:lanes:backward": "", "intermittent": "", "natural": "", "seasonal": "", "footway": "", "crossing": "", "tiger:name_base_3": "", "tiger:name_direction_prefix_3": "", "turn:lanes:forward": "", "turn:lanes": "", "lanes:both_ways": "", "turn:lanes:both_ways": "", "golf": "", "golf_cart": "", "power": "", "disused:highway": "", "tourism": "", "auxiliary_storage_labeling_positionx": null, "auxiliary_storage_labeling_positiony": null, "auxiliary_storage_labeling_show": null, "length": 1413.3220091977139 }, "geometry": { "type": "LineString", "coordinates": [ [ -104.8977866, 38.8609994 ], [ -104.8977179, 38.8610328 ], [ -104.8976836, 38.8611465 ], [ -104.8976407, 38.8612868 ], [ -104.8976149, 38.8615675 ], [ -104.8975978, 38.8617346 ], [ -104.8975377, 38.8619752 ], [ -104.8974862, 38.8621556 ], [ -104.8974433, 38.8622358 ], [ -104.8973746, 38.8622826 ], [ -104.897306, 38.8623361 ], [ -104.8972373, 38.8624363 ], [ -104.8971515, 38.86255 ], [ -104.8971257, 38.8626301 ], [ -104.8971515, 38.862697 ], [ -104.897203, 38.8627638 ], [ -104.897263, 38.8628507 ], [ -104.8972716, 38.8629576 ], [ -104.8972201, 38.8630846 ], [ -104.8971944, 38.8631915 ], [ -104.89716, 38.8632851 ], [ -104.8971429, 38.8633787 ], [ -104.8971686, 38.8634455 ], [ -104.8972115, 38.8635324 ], [ -104.8972545, 38.8636059 ], [ -104.8972974, 38.8636928 ], [ -104.8972802, 38.863773 ], [ -104.8972201, 38.8638198 ], [ -104.8971515, 38.8638732 ], [ -104.8970656, 38.8639534 ], [ -104.8969798, 38.8641272 ], [ -104.8969798, 38.864174 ], [ -104.8970313, 38.8642809 ], [ -104.8970828, 38.8643945 ], [ -104.8971343, 38.8645282 ], [ -104.8971832, 38.8645676 ] ] } },
{ "type": "Feature", "properties": { "fid": 236, "full_id": "w38896778", "osm_id": "38896778", "osm_type": "way", "highway": "path", "name": "", "tiger:cfcc": "", "tiger:county": "", "tiger:reviewed": "", "cycleway": "", "oneway": "", "tiger:name_base": "", "tiger:name_type": "", "service": "", "access": "", "alt_name": "", "ref": "", "surface": "", "tiger:name_direction_prefix": "", "cycleway:both": "", "maxspeed:type": "", "sidewalk": "", "sidewalk:both:bicycle": "", "lanes": "", "bicycle": "", "foot": "yes", "old_railway_operator": "", "segregated": "", "bridge": "", "layer": "", "tiger:separated": "", "tiger:source": "", "tiger:tlid": "", "maxspeed": "", "name_1": "", "tiger:name_base_1": "", "tiger:name_type_1": "", "cycleway:right": "", "route": "", "tracktype": "", "horse": "", "motor_vehicle": "", "railway": "", "tiger:name_base_2": "", "tiger:zip_right": "", "name_2": "", "destination": "", "destination:ref": "", "alt_name_1": "", "parking:lane:both": "", "mtb:scale": "", "old_ref": "", "NHS": "", "hgv": "", "hgv:national_network": "", "source:hgv:national_network": "", "sac_scale": "hiking", "description": "", "website": "", "trail_visibility": "bad", "mtb:scale:imba": "", "admin_level": "", "border_type": "", "boundary": "", "is_in:country": "", "is_in:country_code": "", "is_in:iso_3166_2": "", "is_in:state": "", "tiger:CLASSFP": "", "tiger:CPI": "", "tiger:FUNCSTAT": "", "tiger:LSAD": "", "tiger:MTFCC": "", "tiger:NAME": "", "tiger:NAMELSAD": "", "tiger:PCICBSA": "", "tiger:PCINECTA": "", "tiger:PLACEFP": "", "tiger:PLACENS": "", "tiger:PLCIDFP": "", "tiger:STATEFP": "", "wikidata": "", "wikipedia": "", "tunnel": "", "lit": "", "width": "", "waterway": "", "barrier": "", "fence_type": "", "junction": "", "shoulder": "", "lanes:backward": "", "lanes:forward": "", "turn:lanes:backward": "", "intermittent": "", "natural": "", "seasonal": "", "footway": "", "crossing": "", "tiger:name_base_3": "", "tiger:name_direction_prefix_3": "", "turn:lanes:forward": "", "turn:lanes": "", "lanes:both_ways": "", "turn:lanes:both_ways": "", "golf": "", "golf_cart": "", "power": "", "disused:highway": "", "tourism": "", "auxiliary_storage_labeling_positionx": null, "auxiliary_storage_labeling_positiony": null, "auxiliary_storage_labeling_show": null, "length": 400.06293018286971 }, "geometry": { "type": "LineString", "coordinates": [ [ -104.8969798, 38.8641272 ], [ -104.8968768, 38.8641472 ], [ -104.8967996, 38.8641806 ], [ -104.8967051, 38.8642274 ], [ -104.8966107, 38.8642475 ], [ -104.8965249, 38.8642809 ], [ -104.8964648, 38.8643544 ], [ -104.8964219, 38.8643945 ], [ -104.8963876, 38.8643945 ], [ -104.8963876, 38.8643611 ], [ -104.8964133, 38.8643143 ], [ -104.8964391, 38.8642608 ], [ -104.8964562, 38.8642141 ], [ -104.8964477, 38.8641806 ], [ -104.8964219, 38.8641606 ], [ -104.8963618, 38.864174 ], [ -104.8963189, 38.8642074 ], [ -104.896276, 38.8642675 ], [ -104.896276, 38.8643277 ], [ -104.8962502, 38.8643878 ] ] } },
{ "type": "Feature", "properties": { "fid": 237, "full_id": "w38896812", "osm_id": "38896812", "osm_type": "way", "highway": "path", "name": "", "tiger:cfcc": "", "tiger:county": "", "tiger:reviewed": "", "cycleway": "", "oneway": "", "tiger:name_base": "", "tiger:name_type": "", "service": "", "access": "", "alt_name": "", "ref": "", "surface": "", "tiger:name_direction_prefix": "", "cycleway:both": "", "maxspeed:type": "", "sidewalk": "", "sidewalk:both:bicycle": "", "lanes": "", "bicycle": "", "foot": "yes", "old_railway_operator": "", "segregated": "", "bridge": "", "layer": "", "tiger:separated": "", "tiger:source": "", "tiger:tlid": "", "maxspeed": "", "name_1": "", "tiger:name_base_1": "", "tiger:name_type_1": "", "cycleway:right": "", "route": "", "tracktype": "", "horse": "", "motor_vehicle": "", "railway": "", "tiger:name_base_2": "", "tiger:zip_right": "", "name_2": "", "destination": "", "destination:ref": "", "alt_name_1": "", "parking:lane:both": "", "mtb:scale": "", "old_ref": "", "NHS": "", "hgv": "", "hgv:national_network": "", "source:hgv:national_network": "", "sac_scale": "hiking", "description": "", "website": "", "trail_visibility": "bad", "mtb:scale:imba": "", "admin_level": "", "border_type": "", "boundary": "", "is_in:country": "", "is_in:country_code": "", "is_in:iso_3166_2": "", "is_in:state": "", "tiger:CLASSFP": "", "tiger:CPI": "", "tiger:FUNCSTAT": "", "tiger:LSAD": "", "tiger:MTFCC": "", "tiger:NAME": "", "tiger:NAMELSAD": "", "tiger:PCICBSA": "", "tiger:PCINECTA": "", "tiger:PLACEFP": "", "tiger:PLACENS": "", "tiger:PLCIDFP": "", "tiger:STATEFP": "", "wikidata": "", "wikipedia": "", "tunnel": "", "lit": "", "width": "", "waterway": "", "barrier": "", "fence_type": "", "junction": "", "shoulder": "", "lanes:backward": "", "lanes:forward": "", "turn:lanes:backward": "", "intermittent": "", "natural": "", "seasonal": "", "footway": "", "crossing": "", "tiger:name_base_3": "", "tiger:name_direction_prefix_3": "", "turn:lanes:forward": "", "turn:lanes": "", "lanes:both_ways": "", "turn:lanes:both_ways": "", "golf": "", "golf_cart": "", "power": "", "disused:highway": "", "tourism": "", "auxiliary_storage_labeling_positionx": null, "auxiliary_storage_labeling_positiony": null, "auxiliary_storage_labeling_show": null, "length": 726.61744341371423 }, "geometry": { "type": "LineString", "coordinates": [ [ -104.8963618, 38.864174 ], [ -104.8964047, 38.8641272 ], [ -104.8964734, 38.8640603 ], [ -104.8965421, 38.8640002 ], [ -104.8966536, 38.8639334 ], [ -104.8967395, 38.8638398 ], [ -104.8967824, 38.8637396 ], [ -104.8968167, 38.8636393 ], [ -104.8968167, 38.8635992 ], [ -104.8967481, 38.8635725 ], [ -104.8966966, 38.8635391 ], [ -104.8966279, 38.8634722 ], [ -104.8965592, 38.8634054 ], [ -104.8964477, 38.8633185 ], [ -104.8963532, 38.8632717 ], [ -104.8962588, 38.8631849 ], [ -104.8962073, 38.863098 ], [ -104.8962159, 38.8629844 ], [ -104.8962502, 38.8628641 ], [ -104.8962932, 38.8627772 ], [ -104.8964047, 38.8625299 ] ] } },
{ "type": "Feature", "properties": { "fid": 238, "full_id": "w38896813", "osm_id": "38896813", "osm_type": "way", "highway": "path", "name": "", "tiger:cfcc": "", "tiger:county": "", "tiger:reviewed": "", "cycleway": "", "oneway": "", "tiger:name_base": "", "tiger:name_type": "", "service": "", "access": "", "alt_name": "", "ref": "", "surface": "", "tiger:name_direction_prefix": "", "cycleway:both": "", "maxspeed:type": "", "sidewalk": "", "sidewalk:both:bicycle": "", "lanes": "", "bicycle": "", "foot": "yes", "old_railway_operator": "", "segregated": "", "bridge": "", "layer": "", "tiger:separated": "", "tiger:source": "", "tiger:tlid": "", "maxspeed": "", "name_1": "", "tiger:name_base_1": "", "tiger:name_type_1": "", "cycleway:right": "", "route": "", "tracktype": "", "horse": "", "motor_vehicle": "", "railway": "", "tiger:name_base_2": "", "tiger:zip_right": "", "name_2": "", "destination": "", "destination:ref": "", "alt_name_1": "", "parking:lane:both": "", "mtb:scale": "", "old_ref": "", "NHS": "", "hgv": "", "hgv:national_network": "", "source:hgv:national_network": "", "sac_scale": "hiking", "description": "", "website": "", "trail_visibility": "bad", "mtb:scale:imba": "", "admin_level": "", "border_type": "", "boundary": "", "is_in:country": "", "is_in:country_code": "", "is_in:iso_3166_2": "", "is_in:state": "", "tiger:CLASSFP": "", "tiger:CPI": "", "tiger:FUNCSTAT": "", "tiger:LSAD": "", "tiger:MTFCC": "", "tiger:NAME": "", "tiger:NAMELSAD": "", "tiger:PCICBSA": "", "tiger:PCINECTA": "", "tiger:PLACEFP": "", "tiger:PLACENS": "", "tiger:PLCIDFP": "", "tiger:STATEFP": "", "wikidata": "", "wikipedia": "", "tunnel": "", "lit": "", "width": "", "waterway": "", "barrier": "", "fence_type": "", "junction": "", "shoulder": "", "lanes:backward": "", "lanes:forward": "", "turn:lanes:backward": "", "intermittent": "", "natural": "", "seasonal": "", "footway": "", "crossing": "", "tiger:name_base_3": "", "tiger:name_direction_prefix_3": "", "turn:lanes:forward": "", "turn:lanes": "", "lanes:both_ways": "", "turn:lanes:both_ways": "", "golf": "", "golf_cart": "", "power": "", "disused:highway": "", "tourism": "", "auxiliary_storage_labeling_positionx": null, "auxiliary_storage_labeling_positiony": null, "auxiliary_storage_labeling_show": null, "length": 127.03803709528297 }, "geometry": { "type": "LineString", "coordinates": [ [ -104.8967395, 38.8638398 ], [ -104.8967738, 38.8639267 ], [ -104.8968253, 38.8639868 ], [ -104.8968854, 38.8640336 ], [ -104.8969798, 38.8641272 ] ] } },
{ "type": "Feature", "properties": { "fid": 240, "full_id": "w39072005", "osm_id": "39072005", "osm_type": "way", "highway": "path", "name": "Strausenbach Trail", "tiger:cfcc": "", "tiger:county": "", "tiger:reviewed": "", "cycleway": "", "oneway": "", "tiger:name_base": "", "tiger:name_type": "", "service": "", "access": "", "alt_name": "", "ref": "", "surface": "", "tiger:name_direction_prefix": "", "cycleway:both": "", "maxspeed:type": "", "sidewalk": "", "sidewalk:both:bicycle": "", "lanes": "", "bicycle": "no", "foot": "designated", "old_railway_operator": "", "segregated": "", "bridge": "", "layer": "", "tiger:separated": "", "tiger:source": "", "tiger:tlid": "", "maxspeed": "", "name_1": "", "tiger:name_base_1": "", "tiger:name_type_1": "", "cycleway:right": "", "route": "", "tracktype": "", "horse": "", "motor_vehicle": "", "railway": "", "tiger:name_base_2": "", "tiger:zip_right": "", "name_2": "", "destination": "", "destination:ref": "", "alt_name_1": "", "parking:lane:both": "", "mtb:scale": "", "old_ref": "", "NHS": "", "hgv": "", "hgv:national_network": "", "source:hgv:national_network": "", "sac_scale": "", "description": "", "website": "", "trail_visibility": "", "mtb:scale:imba": "", "admin_level": "", "border_type": "", "boundary": "", "is_in:country": "", "is_in:country_code": "", "is_in:iso_3166_2": "", "is_in:state": "", "tiger:CLASSFP": "", "tiger:CPI": "", "tiger:FUNCSTAT": "", "tiger:LSAD": "", "tiger:MTFCC": "", "tiger:NAME": "", "tiger:NAMELSAD": "", "tiger:PCICBSA": "", "tiger:PCINECTA": "", "tiger:PLACEFP": "", "tiger:PLACENS": "", "tiger:PLCIDFP": "", "tiger:STATEFP": "", "wikidata": "", "wikipedia": "", "tunnel": "", "lit": "", "width": "", "waterway": "", "barrier": "", "fence_type": "", "junction": "", "shoulder": "", "lanes:backward": "", "lanes:forward": "", "turn:lanes:backward": "", "intermittent": "", "natural": "", "seasonal": "", "footway": "", "crossing": "", "tiger:name_base_3": "", "tiger:name_direction_prefix_3": "", "turn:lanes:forward": "", "turn:lanes": "", "lanes:both_ways": "", "turn:lanes:both_ways": "", "golf": "", "golf_cart": "", "power": "", "disused:highway": "", "tourism": "", "auxiliary_storage_labeling_positionx": -104.88851732021858, "auxiliary_storage_labeling_positiony": 38.865747847082822, "auxiliary_storage_labeling_show": null, "length": 2881.3469160071759 }, "geometry": { "type": "LineString", "coordinates": [ [ -104.8899542, 38.8670279 ], [ -104.8899563, 38.8669225 ], [ -104.8899735, 38.8668289 ], [ -104.8899649, 38.8667888 ], [ -104.8899048, 38.8667621 ], [ -104.8898018, 38.8667287 ], [ -104.8897074, 38.8666819 ], [ -104.8896731, 38.8666418 ], [ -104.8896645, 38.866575 ], [ -104.8896902, 38.8664881 ], [ -104.8897417, 38.8663878 ], [ -104.8897417, 38.8663344 ], [ -104.8897331, 38.866194 ], [ -104.8896988, 38.8661339 ], [ -104.8896902, 38.8660537 ], [ -104.8896816, 38.8659802 ], [ -104.8895529, 38.86592 ], [ -104.8895186, 38.8658733 ], [ -104.8894413, 38.8658064 ], [ -104.8894038, 38.8657762 ], [ -104.8893609, 38.8657762 ], [ -104.8891378, 38.8658765 ], [ -104.8890863, 38.8658965 ], [ -104.8890519, 38.86597 ], [ -104.889009, 38.8661505 ], [ -104.8889661, 38.866244 ], [ -104.888906, 38.8663108 ], [ -104.8888374, 38.8663509 ], [ -104.8887773, 38.8663509 ], [ -104.8886571, 38.8663242 ], [ -104.8885284, 38.8663042 ], [ -104.8884168, 38.8663042 ], [ -104.888288, 38.8663042 ], [ -104.8882366, 38.8663042 ], [ -104.8881936, 38.8662908 ], [ -104.8881078, 38.8662908 ], [ -104.8880134, 38.8662707 ], [ -104.887919, 38.8662373 ], [ -104.887816, 38.8662106 ], [ -104.8876701, 38.8662039 ], [ -104.8874898, 38.8661972 ], [ -104.8874126, 38.8662039 ], [ -104.8873267, 38.8662574 ], [ -104.8873182, 38.8662908 ], [ -104.8873353, 38.8663309 ], [ -104.8873439, 38.8663643 ], [ -104.8873525, 38.866391 ], [ -104.8873954, 38.8664445 ], [ -104.887404, 38.8665046 ], [ -104.887404, 38.8665982 ], [ -104.8873525, 38.8666985 ], [ -104.8872752, 38.8667653 ], [ -104.887198, 38.8668254 ], [ -104.8871293, 38.8668722 ], [ -104.8871036, 38.8669257 ], [ -104.8870778, 38.8669858 ], [ -104.8870263, 38.867046 ], [ -104.8869491, 38.8671395 ], [ -104.8869405, 38.8672063 ], [ -104.8869319, 38.8672932 ], [ -104.8868633, 38.8673667 ], [ -104.8868547, 38.867467 ], [ -104.8868289, 38.8675138 ], [ -104.8868032, 38.8676006 ], [ -104.8867603, 38.8676541 ], [ -104.8867603, 38.8677476 ], [ -104.8866916, 38.8678145 ], [ -104.8866058, 38.8679548 ], [ -104.8865886, 38.8680417 ], [ -104.8865371, 38.8681085 ], [ -104.8865199, 38.8681687 ], [ -104.8864684, 38.8682288 ], [ -104.8864255, 38.8683023 ], [ -104.8863912, 38.8684092 ], [ -104.886374, 38.8684761 ], [ -104.8864599, 38.8685897 ], [ -104.8865371, 38.8686765 ], [ -104.8866401, 38.8687434 ], [ -104.8866744, 38.8688035 ], [ -104.8867088, 38.8688637 ], [ -104.8866916, 38.8689171 ], [ -104.8866487, 38.8689505 ], [ -104.8865886, 38.8689372 ], [ -104.8865285, 38.8688904 ], [ -104.8864856, 38.8688904 ], [ -104.8864684, 38.8689505 ], [ -104.8864856, 38.8690107 ], [ -104.886477, 38.8690575 ], [ -104.8864341, 38.8690708 ], [ -104.8863998, 38.8690374 ], [ -104.8863397, 38.8689572 ], [ -104.8862882, 38.8689372 ], [ -104.8862367, 38.8689505 ], [ -104.8862453, 38.8689839 ], [ -104.8862968, 38.8690307 ], [ -104.8863054, 38.8690775 ], [ -104.8862882, 38.8691243 ], [ -104.8862624, 38.8691711 ], [ -104.8862539, 38.8692245 ], [ -104.8862968, 38.869278 ], [ -104.8863139, 38.8693515 ], [ -104.8862796, 38.8694517 ], [ -104.8862109, 38.8695119 ], [ -104.8861337, 38.8695386 ], [ -104.886005, 38.8695587 ] ] } },
{ "type": "Feature", "properties": { "fid": 250, "full_id": "w39083609", "osm_id": "39083609", "osm_type": "way", "highway": "path", "name": "Columbia Trail", "tiger:cfcc": "", "tiger:county": "", "tiger:reviewed": "", "cycleway": "", "oneway": "", "tiger:name_base": "", "tiger:name_type": "", "service": "", "access": "", "alt_name": "", "ref": "", "surface": "ground", "tiger:name_direction_prefix": "", "cycleway:both": "", "maxspeed:type": "", "sidewalk": "", "sidewalk:both:bicycle": "", "lanes": "", "bicycle": "no", "foot": "", "old_railway_operator": "", "segregated": "", "bridge": "", "layer": "", "tiger:separated": "", "tiger:source": "", "tiger:tlid": "", "maxspeed": "", "name_1": "", "tiger:name_base_1": "", "tiger:name_type_1": "", "cycleway:right": "", "route": "", "tracktype": "", "horse": "permissive", "motor_vehicle": "", "railway": "", "tiger:name_base_2": "", "tiger:zip_right": "", "name_2": "", "destination": "", "destination:ref": "", "alt_name_1": "", "parking:lane:both": "", "mtb:scale": "", "old_ref": "", "NHS": "", "hgv": "", "hgv:national_network": "", "source:hgv:national_network": "", "sac_scale": "", "description": "", "website": "", "trail_visibility": "intermediate", "mtb:scale:imba": "1", "admin_level": "", "border_type": "", "boundary": "", "is_in:country": "", "is_in:country_code": "", "is_in:iso_3166_2": "", "is_in:state": "", "tiger:CLASSFP": "", "tiger:CPI": "", "tiger:FUNCSTAT": "", "tiger:LSAD": "", "tiger:MTFCC": "", "tiger:NAME": "", "tiger:NAMELSAD": "", "tiger:PCICBSA": "", "tiger:PCINECTA": "", "tiger:PLACEFP": "", "tiger:PLACENS": "", "tiger:PLCIDFP": "", "tiger:STATEFP": "", "wikidata": "", "wikipedia": "", "tunnel": "", "lit": "", "width": "", "waterway": "", "barrier": "", "fence_type": "", "junction": "", "shoulder": "", "lanes:backward": "", "lanes:forward": "", "turn:lanes:backward": "", "intermittent": "", "natural": "", "seasonal": "", "footway": "", "crossing": "", "tiger:name_base_3": "", "tiger:name_direction_prefix_3": "", "turn:lanes:forward": "", "turn:lanes": "", "lanes:both_ways": "", "turn:lanes:both_ways": "", "golf": "", "golf_cart": "", "power": "", "disused:highway": "", "tourism": "", "auxiliary_storage_labeling_positionx": -104.88622568644925, "auxiliary_storage_labeling_positiony": 38.86754640348996, "auxiliary_storage_labeling_show": null, "length": 359.0494374192283 }, "geometry": { "type": "LineString", "coordinates": [ [ -104.8852325, 38.8674135 ], [ -104.8851209, 38.8673935 ], [ -104.8850436, 38.8673801 ], [ -104.8849836, 38.8673534 ], [ -104.8849578, 38.86732 ], [ -104.8849664, 38.8672799 ], [ -104.8849922, 38.8672398 ], [ -104.8850265, 38.8671997 ], [ -104.8850351, 38.8671596 ], [ -104.8850093, 38.8671061 ], [ -104.8849922, 38.8670727 ], [ -104.8850179, 38.8670192 ], [ -104.8850436, 38.8669658 ], [ -104.8850694, 38.8668923 ], [ -104.8850694, 38.8668321 ], [ -104.8851014, 38.8667721 ], [ -104.885091, 38.8667246 ], [ -104.885066, 38.8666717 ], [ -104.8850382, 38.8666227 ] ] } },
{ "type": "Feature", "properties": { "fid": 251, "full_id": "w39083611", "osm_id": "39083611", "osm_type": "way", "highway": "path", "name": "Scotsman Trail", "tiger:cfcc": "", "tiger:county": "", "tiger:reviewed": "", "cycleway": "", "oneway": "", "tiger:name_base": "", "tiger:name_type": "", "service": "", "access": "", "alt_name": "", "ref": "", "surface": "ground", "tiger:name_direction_prefix": "", "cycleway:both": "", "maxspeed:type": "", "sidewalk": "", "sidewalk:both:bicycle": "", "lanes": "", "bicycle": "no", "foot": "designated", "old_railway_operator": "", "segregated": "", "bridge": "", "layer": "", "tiger:separated": "", "tiger:source": "", "tiger:tlid": "", "maxspeed": "", "name_1": "", "tiger:name_base_1": "", "tiger:name_type_1": "", "cycleway:right": "", "route": "", "tracktype": "", "horse": "", "motor_vehicle": "", "railway": "", "tiger:name_base_2": "", "tiger:zip_right": "", "name_2": "", "destination": "", "destination:ref": "", "alt_name_1": "", "parking:lane:both": "", "mtb:scale": "", "old_ref": "", "NHS": "", "hgv": "", "hgv:national_network": "", "source:hgv:national_network": "", "sac_scale": "", "description": "", "website": "", "trail_visibility": "", "mtb:scale:imba": "", "admin_level": "", "border_type": "", "boundary": "", "is_in:country": "", "is_in:country_code": "", "is_in:iso_3166_2": "", "is_in:state": "", "tiger:CLASSFP": "", "tiger:CPI": "", "tiger:FUNCSTAT": "", "tiger:LSAD": "", "tiger:MTFCC": "", "tiger:NAME": "", "tiger:NAMELSAD": "", "tiger:PCICBSA": "", "tiger:PCINECTA": "", "tiger:PLACEFP": "", "tiger:PLACENS": "", "tiger:PLCIDFP": "", "tiger:STATEFP": "", "wikidata": "", "wikipedia": "", "tunnel": "", "lit": "", "width": "", "waterway": "", "barrier": "", "fence_type": "", "junction": "", "shoulder": "", "lanes:backward": "", "lanes:forward": "", "turn:lanes:backward": "", "intermittent": "", "natural": "", "seasonal": "", "footway": "", "crossing": "", "tiger:name_base_3": "", "tiger:name_direction_prefix_3": "", "turn:lanes:forward": "", "turn:lanes": "", "lanes:both_ways": "", "turn:lanes:both_ways": "", "golf": "", "golf_cart": "", "power": "", "disused:highway": "", "tourism": "", "auxiliary_storage_labeling_positionx": null, "auxiliary_storage_labeling_positiony": null, "auxiliary_storage_labeling_show": null, "length": 230.38921526704257 }, "geometry": { "type": "LineString", "coordinates": [ [ -104.8859085, 38.8693992 ], [ -104.8858161, 38.8694517 ], [ -104.8857475, 38.8694918 ], [ -104.8856788, 38.8695386 ], [ -104.8856616, 38.8695854 ], [ -104.8856702, 38.8696255 ], [ -104.8856616, 38.8696789 ], [ -104.8856273, 38.8697458 ], [ -104.8855844, 38.8698126 ], [ -104.8854986, 38.8699061 ] ] } },
{ "type": "Feature", "properties": { "fid": 252, "full_id": "w39083612", "osm_id": "39083612", "osm_type": "way", "highway": "path", "name": "", "tiger:cfcc": "", "tiger:county": "", "tiger:reviewed": "", "cycleway": "", "oneway": "", "tiger:name_base": "", "tiger:name_type": "", "service": "", "access": "", "alt_name": "", "ref": "", "surface": "ground", "tiger:name_direction_prefix": "", "cycleway:both": "", "maxspeed:type": "", "sidewalk": "", "sidewalk:both:bicycle": "", "lanes": "", "bicycle": "no", "foot": "designated", "old_railway_operator": "", "segregated": "", "bridge": "", "layer": "", "tiger:separated": "", "tiger:source": "", "tiger:tlid": "", "maxspeed": "", "name_1": "", "tiger:name_base_1": "", "tiger:name_type_1": "", "cycleway:right": "", "route": "", "tracktype": "", "horse": "", "motor_vehicle": "", "railway": "", "tiger:name_base_2": "", "tiger:zip_right": "", "name_2": "", "destination": "", "destination:ref": "", "alt_name_1": "", "parking:lane:both": "", "mtb:scale": "", "old_ref": "", "NHS": "", "hgv": "", "hgv:national_network": "", "source:hgv:national_network": "", "sac_scale": "", "description": "", "website": "", "trail_visibility": "", "mtb:scale:imba": "", "admin_level": "", "border_type": "", "boundary": "", "is_in:country": "", "is_in:country_code": "", "is_in:iso_3166_2": "", "is_in:state": "", "tiger:CLASSFP": "", "tiger:CPI": "", "tiger:FUNCSTAT": "", "tiger:LSAD": "", "tiger:MTFCC": "", "tiger:NAME": "", "tiger:NAMELSAD": "", "tiger:PCICBSA": "", "tiger:PCINECTA": "", "tiger:PLACEFP": "", "tiger:PLACENS": "", "tiger:PLCIDFP": "", "tiger:STATEFP": "", "wikidata": "", "wikipedia": "", "tunnel": "", "lit": "", "width": "", "waterway": "", "barrier": "", "fence_type": "", "junction": "", "shoulder": "", "lanes:backward": "", "lanes:forward": "", "turn:lanes:backward": "", "intermittent": "", "natural": "", "seasonal": "", "footway": "", "crossing": "", "tiger:name_base_3": "", "tiger:name_direction_prefix_3": "", "turn:lanes:forward": "", "turn:lanes": "", "lanes:both_ways": "", "turn:lanes:both_ways": "", "golf": "", "golf_cart": "", "power": "", "disused:highway": "", "tourism": "", "auxiliary_storage_labeling_positionx": null, "auxiliary_storage_labeling_positiony": null, "auxiliary_storage_labeling_show": null, "length": 50.422539915510583 }, "geometry": { "type": "LineString", "coordinates": [ [ -104.8864698, 38.8698939 ], [ -104.8862947, 38.8699146 ] ] } },
{ "type": "Feature", "properties": { "fid": 253, "full_id": "w39083614", "osm_id": "39083614", "osm_type": "way", "highway": "path", "name": "Scotsman Trail", "tiger:cfcc": "", "tiger:county": "", "tiger:reviewed": "", "cycleway": "", "oneway": "", "tiger:name_base": "", "tiger:name_type": "", "service": "", "access": "", "alt_name": "", "ref": "", "surface": "ground", "tiger:name_direction_prefix": "", "cycleway:both": "", "maxspeed:type": "", "sidewalk": "", "sidewalk:both:bicycle": "", "lanes": "", "bicycle": "no", "foot": "designated", "old_railway_operator": "", "segregated": "", "bridge": "", "layer": "", "tiger:separated": "", "tiger:source": "", "tiger:tlid": "", "maxspeed": "", "name_1": "", "tiger:name_base_1": "", "tiger:name_type_1": "", "cycleway:right": "", "route": "", "tracktype": "", "horse": "designated", "motor_vehicle": "", "railway": "", "tiger:name_base_2": "", "tiger:zip_right": "", "name_2": "", "destination": "", "destination:ref": "", "alt_name_1": "", "parking:lane:both": "", "mtb:scale": "", "old_ref": "", "NHS": "", "hgv": "", "hgv:national_network": "", "source:hgv:national_network": "", "sac_scale": "hiking", "description": "", "website": "", "trail_visibility": "", "mtb:scale:imba": "", "admin_level": "", "border_type": "", "boundary": "", "is_in:country": "", "is_in:country_code": "", "is_in:iso_3166_2": "", "is_in:state": "", "tiger:CLASSFP": "", "tiger:CPI": "", "tiger:FUNCSTAT": "", "tiger:LSAD": "", "tiger:MTFCC": "", "tiger:NAME": "", "tiger:NAMELSAD": "", "tiger:PCICBSA": "", "tiger:PCINECTA": "", "tiger:PLACEFP": "", "tiger:PLACENS": "", "tiger:PLCIDFP": "", "tiger:STATEFP": "", "wikidata": "", "wikipedia": "", "tunnel": "", "lit": "", "width": "", "waterway": "", "barrier": "", "fence_type": "", "junction": "", "shoulder": "", "lanes:backward": "", "lanes:forward": "", "turn:lanes:backward": "", "intermittent": "", "natural": "", "seasonal": "", "footway": "", "crossing": "", "tiger:name_base_3": "", "tiger:name_direction_prefix_3": "", "turn:lanes:forward": "", "turn:lanes": "", "lanes:both_ways": "", "turn:lanes:both_ways": "", "golf": "", "golf_cart": "", "power": "", "disused:highway": "", "tourism": "", "auxiliary_storage_labeling_positionx": -104.88391795626714, "auxiliary_storage_labeling_positiony": 38.87397118406578, "auxiliary_storage_labeling_show": null, "length": 2350.347117094047 }, "geometry": { "type": "LineString", "coordinates": [ [ -104.8851872, 38.8696678 ], [ -104.8851386, 38.8696563 ], [ -104.8851037, 38.8696789 ], [ -104.885078, 38.869719 ], [ -104.8850608, 38.8697725 ], [ -104.8850522, 38.8698326 ], [ -104.8850694, 38.8699128 ], [ -104.8852067, 38.8700999 ], [ -104.8852325, 38.8701467 ], [ -104.8852239, 38.8702135 ], [ -104.8851981, 38.8702737 ], [ -104.8851381, 38.8703205 ], [ -104.8850686, 38.8703851 ], [ -104.8850158, 38.8704297 ], [ -104.8849542, 38.8704509 ], [ -104.8849031, 38.870476 ], [ -104.8848671, 38.8705128 ], [ -104.884878, 38.8705884 ], [ -104.8848992, 38.8706752 ], [ -104.8849091, 38.8707416 ], [ -104.8848953, 38.8708105 ], [ -104.8849002, 38.8709174 ], [ -104.8848696, 38.8710503 ], [ -104.8848319, 38.871132 ], [ -104.8848505, 38.8711595 ], [ -104.8849249, 38.8712131 ], [ -104.8849311, 38.8712434 ], [ -104.8848572, 38.871338 ], [ -104.8847543, 38.87148 ], [ -104.8846747, 38.8715579 ], [ -104.8845889, 38.8716153 ], [ -104.8845334, 38.8716297 ], [ -104.8844261, 38.8716496 ], [ -104.8843501, 38.8716607 ], [ -104.8842664, 38.8716552 ], [ -104.8840285, 38.8717553 ], [ -104.8838862, 38.8718063 ], [ -104.8838359, 38.8718711 ], [ -104.8838292, 38.8719491 ], [ -104.8838229, 38.8720779 ], [ -104.8838552, 38.8721809 ], [ -104.8838647, 38.8722584 ], [ -104.8838628, 38.872324 ], [ -104.8838942, 38.8723897 ], [ -104.8839173, 38.8724667 ], [ -104.8839021, 38.8725257 ], [ -104.8838592, 38.8726259 ], [ -104.883842, 38.8727194 ], [ -104.8838334, 38.8727996 ], [ -104.8837905, 38.8728264 ], [ -104.8837304, 38.8728932 ], [ -104.8836961, 38.8729667 ], [ -104.8836618, 38.8730736 ], [ -104.8836446, 38.8731471 ], [ -104.883636, 38.8732206 ], [ -104.8836274, 38.8732941 ], [ -104.883636, 38.8733609 ], [ -104.883636, 38.8734144 ], [ -104.8835931, 38.8734679 ], [ -104.883533, 38.8735347 ], [ -104.8834987, 38.8735881 ], [ -104.8834815, 38.8736616 ], [ -104.8834214, 38.8737418 ], [ -104.8833614, 38.8737819 ], [ -104.8833185, 38.8738421 ], [ -104.8832841, 38.8738688 ], [ -104.8832326, 38.8739022 ], [ -104.883164, 38.8739356 ], [ -104.883121, 38.8739623 ], [ -104.8831039, 38.8739957 ], [ -104.8830781, 38.8740292 ], [ -104.8830438, 38.8740559 ], [ -104.8829751, 38.8740893 ], [ -104.882958, 38.8741361 ], [ -104.8829751, 38.8742229 ], [ -104.8829923, 38.8743098 ], [ -104.883018, 38.8743699 ], [ -104.8830524, 38.8744769 ], [ -104.883061, 38.8745704 ], [ -104.8830867, 38.8746439 ], [ -104.8830867, 38.8746974 ], [ -104.8830781, 38.8747909 ], [ -104.8830695, 38.8748911 ], [ -104.8830953, 38.8749647 ], [ -104.8830953, 38.8750047 ], [ -104.8830781, 38.8750315 ], [ -104.8830524, 38.8750315 ], [ -104.8830417, 38.8750121 ] ] } },
{ "type": "Feature", "properties": { "fid": 254, "full_id": "w39083634", "osm_id": "39083634", "osm_type": "way", "highway": "path", "name": "", "tiger:cfcc": "", "tiger:county": "", "tiger:reviewed": "", "cycleway": "", "oneway": "", "tiger:name_base": "", "tiger:name_type": "", "service": "", "access": "", "alt_name": "", "ref": "", "surface": "ground", "tiger:name_direction_prefix": "", "cycleway:both": "", "maxspeed:type": "", "sidewalk": "", "sidewalk:both:bicycle": "", "lanes": "", "bicycle": "no", "foot": "designated", "old_railway_operator": "", "segregated": "", "bridge": "", "layer": "", "tiger:separated": "", "tiger:source": "", "tiger:tlid": "", "maxspeed": "", "name_1": "", "tiger:name_base_1": "", "tiger:name_type_1": "", "cycleway:right": "", "route": "", "tracktype": "", "horse": "designated", "motor_vehicle": "", "railway": "", "tiger:name_base_2": "", "tiger:zip_right": "", "name_2": "", "destination": "", "destination:ref": "", "alt_name_1": "", "parking:lane:both": "", "mtb:scale": "", "old_ref": "", "NHS": "", "hgv": "", "hgv:national_network": "", "source:hgv:national_network": "", "sac_scale": "hiking", "description": "", "website": "", "trail_visibility": "", "mtb:scale:imba": "", "admin_level": "", "border_type": "", "boundary": "", "is_in:country": "", "is_in:country_code": "", "is_in:iso_3166_2": "", "is_in:state": "", "tiger:CLASSFP": "", "tiger:CPI": "", "tiger:FUNCSTAT": "", "tiger:LSAD": "", "tiger:MTFCC": "", "tiger:NAME": "", "tiger:NAMELSAD": "", "tiger:PCICBSA": "", "tiger:PCINECTA": "", "tiger:PLACEFP": "", "tiger:PLACENS": "", "tiger:PLCIDFP": "", "tiger:STATEFP": "", "wikidata": "", "wikipedia": "", "tunnel": "", "lit": "", "width": "", "waterway": "", "barrier": "", "fence_type": "", "junction": "", "shoulder": "", "lanes:backward": "", "lanes:forward": "", "turn:lanes:backward": "", "intermittent": "", "natural": "", "seasonal": "", "footway": "", "crossing": "", "tiger:name_base_3": "", "tiger:name_direction_prefix_3": "", "turn:lanes:forward": "", "turn:lanes": "", "lanes:both_ways": "", "turn:lanes:both_ways": "", "golf": "", "golf_cart": "", "power": "", "disused:highway": "", "tourism": "", "auxiliary_storage_labeling_positionx": null, "auxiliary_storage_labeling_positiony": null, "auxiliary_storage_labeling_show": null, "length": 300.94181027737454 }, "geometry": { "type": "LineString", "coordinates": [ [ -104.8843501, 38.8716607 ], [ -104.8843828, 38.8716703 ], [ -104.8844943, 38.8717305 ], [ -104.8846231, 38.8717839 ], [ -104.8846746, 38.8718173 ], [ -104.8847347, 38.8718775 ], [ -104.8847862, 38.8719643 ], [ -104.8848377, 38.8720445 ], [ -104.8848445, 38.8720673 ], [ -104.884872, 38.8721514 ], [ -104.8848291, 38.8722249 ], [ -104.8848018, 38.8722701 ], [ -104.8847893, 38.872292 ] ] } },
{ "type": "Feature", "properties": { "fid": 255, "full_id": "w39083635", "osm_id": "39083635", "osm_type": "way", "highway": "path", "name": "", "tiger:cfcc": "", "tiger:county": "", "tiger:reviewed": "", "cycleway": "", "oneway": "", "tiger:name_base": "", "tiger:name_type": "", "service": "", "access": "", "alt_name": "", "ref": "", "surface": "ground", "tiger:name_direction_prefix": "", "cycleway:both": "", "maxspeed:type": "", "sidewalk": "", "sidewalk:both:bicycle": "", "lanes": "", "bicycle": "no", "foot": "designated", "old_railway_operator": "", "segregated": "", "bridge": "", "layer": "", "tiger:separated": "", "tiger:source": "", "tiger:tlid": "", "maxspeed": "", "name_1": "", "tiger:name_base_1": "", "tiger:name_type_1": "", "cycleway:right": "", "route": "", "tracktype": "", "horse": "", "motor_vehicle": "", "railway": "", "tiger:name_base_2": "", "tiger:zip_right": "", "name_2": "", "destination": "", "destination:ref": "", "alt_name_1": "", "parking:lane:both": "", "mtb:scale": "", "old_ref": "", "NHS": "", "hgv": "", "hgv:national_network": "", "source:hgv:national_network": "", "sac_scale": "", "description": "", "website": "", "trail_visibility": "", "mtb:scale:imba": "", "admin_level": "", "border_type": "", "boundary": "", "is_in:country": "", "is_in:country_code": "", "is_in:iso_3166_2": "", "is_in:state": "", "tiger:CLASSFP": "", "tiger:CPI": "", "tiger:FUNCSTAT": "", "tiger:LSAD": "", "tiger:MTFCC": "", "tiger:NAME": "", "tiger:NAMELSAD": "", "tiger:PCICBSA": "", "tiger:PCINECTA": "", "tiger:PLACEFP": "", "tiger:PLACENS": "", "tiger:PLCIDFP": "", "tiger:STATEFP": "", "wikidata": "", "wikipedia": "", "tunnel": "", "lit": "", "width": "", "waterway": "", "barrier": "", "fence_type": "", "junction": "", "shoulder": "", "lanes:backward": "", "lanes:forward": "", "turn:lanes:backward": "", "intermittent": "", "natural": "", "seasonal": "", "footway": "", "crossing": "", "tiger:name_base_3": "", "tiger:name_direction_prefix_3": "", "turn:lanes:forward": "", "turn:lanes": "", "lanes:both_ways": "", "turn:lanes:both_ways": "", "golf": "", "golf_cart": "", "power": "", "disused:highway": "", "tourism": "", "auxiliary_storage_labeling_positionx": null, "auxiliary_storage_labeling_positiony": null, "auxiliary_storage_labeling_show": null, "length": 20.723455084594264 }, "geometry": { "type": "LineString", "coordinates": [ [ -104.884872, 38.8721514 ], [ -104.884936, 38.8721785 ] ] } },
{ "type": "Feature", "properties": { "fid": 256, "full_id": "w39083638", "osm_id": "39083638", "osm_type": "way", "highway": "path", "name": "", "tiger:cfcc": "", "tiger:county": "", "tiger:reviewed": "", "cycleway": "", "oneway": "", "tiger:name_base": "", "tiger:name_type": "", "service": "", "access": "", "alt_name": "", "ref": "", "surface": "unpaved", "tiger:name_direction_prefix": "", "cycleway:both": "", "maxspeed:type": "", "sidewalk": "", "sidewalk:both:bicycle": "", "lanes": "", "bicycle": "no", "foot": "designated", "old_railway_operator": "", "segregated": "", "bridge": "", "layer": "", "tiger:separated": "", "tiger:source": "", "tiger:tlid": "", "maxspeed": "", "name_1": "", "tiger:name_base_1": "", "tiger:name_type_1": "", "cycleway:right": "", "route": "", "tracktype": "", "horse": "designated", "motor_vehicle": "", "railway": "", "tiger:name_base_2": "", "tiger:zip_right": "", "name_2": "", "destination": "", "destination:ref": "", "alt_name_1": "", "parking:lane:both": "", "mtb:scale": "", "old_ref": "", "NHS": "", "hgv": "", "hgv:national_network": "", "source:hgv:national_network": "", "sac_scale": "hiking", "description": "", "website": "", "trail_visibility": "", "mtb:scale:imba": "", "admin_level": "", "border_type": "", "boundary": "", "is_in:country": "", "is_in:country_code": "", "is_in:iso_3166_2": "", "is_in:state": "", "tiger:CLASSFP": "", "tiger:CPI": "", "tiger:FUNCSTAT": "", "tiger:LSAD": "", "tiger:MTFCC": "", "tiger:NAME": "", "tiger:NAMELSAD": "", "tiger:PCICBSA": "", "tiger:PCINECTA": "", "tiger:PLACEFP": "", "tiger:PLACENS": "", "tiger:PLCIDFP": "", "tiger:STATEFP": "", "wikidata": "", "wikipedia": "", "tunnel": "", "lit": "", "width": "", "waterway": "", "barrier": "", "fence_type": "", "junction": "", "shoulder": "", "lanes:backward": "", "lanes:forward": "", "turn:lanes:backward": "", "intermittent": "", "natural": "", "seasonal": "", "footway": "", "crossing": "", "tiger:name_base_3": "", "tiger:name_direction_prefix_3": "", "turn:lanes:forward": "", "turn:lanes": "", "lanes:both_ways": "", "turn:lanes:both_ways": "", "golf": "", "golf_cart": "", "power": "", "disused:highway": "", "tourism": "", "auxiliary_storage_labeling_positionx": null, "auxiliary_storage_labeling_positiony": null, "auxiliary_storage_labeling_show": null, "length": 62.382883816283751 }, "geometry": { "type": "LineString", "coordinates": [ [ -104.8846231, 38.8717839 ], [ -104.8846059, 38.8717171 ], [ -104.8845887, 38.8716503 ], [ -104.8845889, 38.8716153 ] ] } },
{ "type": "Feature", "properties": { "fid": 258, "full_id": "w39083648", "osm_id": "39083648", "osm_type": "way", "highway": "path", "name": "", "tiger:cfcc": "", "tiger:county": "", "tiger:reviewed": "", "cycleway": "", "oneway": "", "tiger:name_base": "", "tiger:name_type": "", "service": "", "access": "", "alt_name": "", "ref": "", "surface": "ground", "tiger:name_direction_prefix": "", "cycleway:both": "", "maxspeed:type": "", "sidewalk": "", "sidewalk:both:bicycle": "", "lanes": "", "bicycle": "no", "foot": "designated", "old_railway_operator": "", "segregated": "", "bridge": "", "layer": "", "tiger:separated": "", "tiger:source": "", "tiger:tlid": "", "maxspeed": "", "name_1": "", "tiger:name_base_1": "", "tiger:name_type_1": "", "cycleway:right": "", "route": "", "tracktype": "", "horse": "", "motor_vehicle": "", "railway": "", "tiger:name_base_2": "", "tiger:zip_right": "", "name_2": "", "destination": "", "destination:ref": "", "alt_name_1": "", "parking:lane:both": "", "mtb:scale": "", "old_ref": "", "NHS": "", "hgv": "", "hgv:national_network": "", "source:hgv:national_network": "", "sac_scale": "hiking", "description": "", "website": "", "trail_visibility": "", "mtb:scale:imba": "", "admin_level": "", "border_type": "", "boundary": "", "is_in:country": "", "is_in:country_code": "", "is_in:iso_3166_2": "", "is_in:state": "", "tiger:CLASSFP": "", "tiger:CPI": "", "tiger:FUNCSTAT": "", "tiger:LSAD": "", "tiger:MTFCC": "", "tiger:NAME": "", "tiger:NAMELSAD": "", "tiger:PCICBSA": "", "tiger:PCINECTA": "", "tiger:PLACEFP": "", "tiger:PLACENS": "", "tiger:PLCIDFP": "", "tiger:STATEFP": "", "wikidata": "", "wikipedia": "", "tunnel": "", "lit": "", "width": "", "waterway": "", "barrier": "", "fence_type": "", "junction": "", "shoulder": "", "lanes:backward": "", "lanes:forward": "", "turn:lanes:backward": "", "intermittent": "", "natural": "", "seasonal": "", "footway": "", "crossing": "", "tiger:name_base_3": "", "tiger:name_direction_prefix_3": "", "turn:lanes:forward": "", "turn:lanes": "", "lanes:both_ways": "", "turn:lanes:both_ways": "", "golf": "", "golf_cart": "", "power": "", "disused:highway": "", "tourism": "", "auxiliary_storage_labeling_positionx": null, "auxiliary_storage_labeling_positiony": null, "auxiliary_storage_labeling_show": null, "length": 336.79385288307071 }, "geometry": { "type": "LineString", "coordinates": [ [ -104.8853203, 38.8687419 ], [ -104.8853194, 38.8687741 ], [ -104.8853163, 38.8688089 ], [ -104.8853011, 38.868857 ], [ -104.8852668, 38.8689038 ], [ -104.8852067, 38.8689706 ], [ -104.8851209, 38.8690909 ], [ -104.885078, 38.8691777 ], [ -104.8850634, 38.8692268 ], [ -104.8850069, 38.8693312 ], [ -104.8849505, 38.8694047 ], [ -104.8849028, 38.8694694 ], [ -104.8848681, 38.8695302 ], [ -104.8848512, 38.8695794 ] ] } },
{ "type": "Feature", "properties": { "fid": 259, "full_id": "w39158378", "osm_id": "39158378", "osm_type": "way", "highway": "path", "name": "Chambers Trail", "tiger:cfcc": "", "tiger:county": "", "tiger:reviewed": "", "cycleway": "", "oneway": "", "tiger:name_base": "", "tiger:name_type": "", "service": "", "access": "", "alt_name": "", "ref": "", "surface": "ground", "tiger:name_direction_prefix": "", "cycleway:both": "", "maxspeed:type": "", "sidewalk": "", "sidewalk:both:bicycle": "", "lanes": "", "bicycle": "designated", "foot": "designated", "old_railway_operator": "", "segregated": "", "bridge": "", "layer": "", "tiger:separated": "", "tiger:source": "", "tiger:tlid": "", "maxspeed": "", "name_1": "", "tiger:name_base_1": "", "tiger:name_type_1": "", "cycleway:right": "", "route": "", "tracktype": "", "horse": "", "motor_vehicle": "", "railway": "", "tiger:name_base_2": "", "tiger:zip_right": "", "name_2": "", "destination": "", "destination:ref": "", "alt_name_1": "", "parking:lane:both": "", "mtb:scale": "", "old_ref": "", "NHS": "", "hgv": "", "hgv:national_network": "", "source:hgv:national_network": "", "sac_scale": "hiking", "description": "", "website": "", "trail_visibility": "", "mtb:scale:imba": "", "admin_level": "", "border_type": "", "boundary": "", "is_in:country": "", "is_in:country_code": "", "is_in:iso_3166_2": "", "is_in:state": "", "tiger:CLASSFP": "", "tiger:CPI": "", "tiger:FUNCSTAT": "", "tiger:LSAD": "", "tiger:MTFCC": "", "tiger:NAME": "", "tiger:NAMELSAD": "", "tiger:PCICBSA": "", "tiger:PCINECTA": "", "tiger:PLACEFP": "", "tiger:PLACENS": "", "tiger:PLCIDFP": "", "tiger:STATEFP": "", "wikidata": "", "wikipedia": "", "tunnel": "", "lit": "", "width": "", "waterway": "", "barrier": "", "fence_type": "", "junction": "", "shoulder": "", "lanes:backward": "", "lanes:forward": "", "turn:lanes:backward": "", "intermittent": "", "natural": "", "seasonal": "", "footway": "", "crossing": "", "tiger:name_base_3": "", "tiger:name_direction_prefix_3": "", "turn:lanes:forward": "", "turn:lanes": "", "lanes:both_ways": "", "turn:lanes:both_ways": "", "golf": "", "golf_cart": "", "power": "", "disused:highway": "", "tourism": "", "auxiliary_storage_labeling_positionx": -104.87598745462063, "auxiliary_storage_labeling_positiony": 38.874699064315912, "auxiliary_storage_labeling_show": null, "length": 1891.8861674897435 }, "geometry": { "type": "LineString", "coordinates": [ [ -104.8776597, 38.8770594 ], [ -104.8776478, 38.8769978 ], [ -104.8776366, 38.876948 ], [ -104.8776218, 38.8768919 ], [ -104.8776048, 38.8768215 ], [ -104.8775327, 38.8767042 ], [ -104.8774892, 38.8766261 ], [ -104.877419, 38.8764968 ], [ -104.8773004, 38.8762786 ], [ -104.8771459, 38.8760247 ], [ -104.8770343, 38.8758376 ], [ -104.8769657, 38.8756572 ], [ -104.8767168, 38.8752429 ], [ -104.8765709, 38.875136 ], [ -104.8765022, 38.8750826 ], [ -104.8764335, 38.8749757 ], [ -104.8762619, 38.8748821 ], [ -104.8761503, 38.8748153 ], [ -104.87597, 38.8746616 ], [ -104.8759529, 38.8746148 ], [ -104.87591, 38.8745681 ], [ -104.8758499, 38.8745213 ], [ -104.8758155, 38.8744411 ], [ -104.8757812, 38.8743943 ], [ -104.875764, 38.8743342 ], [ -104.8756868, 38.8742273 ], [ -104.8756611, 38.8741404 ], [ -104.8756181, 38.8740602 ], [ -104.8755924, 38.8740068 ], [ -104.8755581, 38.87398 ], [ -104.8755237, 38.8739466 ], [ -104.8754894, 38.8738865 ], [ -104.8754465, 38.8737461 ], [ -104.875395, 38.8735056 ], [ -104.8753864, 38.8734054 ], [ -104.8753349, 38.8733452 ], [ -104.8753091, 38.8732918 ], [ -104.8752748, 38.873245 ], [ -104.8752319, 38.8732049 ], [ -104.8751032, 38.8730913 ], [ -104.8750602, 38.8730245 ], [ -104.8749538, 38.8729408 ], [ -104.8748492, 38.8728448 ], [ -104.8747553, 38.8727383 ], [ -104.8746052, 38.8725849 ] ] } },
{ "type": "Feature", "properties": { "fid": 260, "full_id": "w39158392", "osm_id": "39158392", "osm_type": "way", "highway": "path", "name": "Niobrara Trail", "tiger:cfcc": "", "tiger:county": "", "tiger:reviewed": "", "cycleway": "", "oneway": "", "tiger:name_base": "", "tiger:name_type": "", "service": "", "access": "", "alt_name": "", "ref": "", "surface": "dirt", "tiger:name_direction_prefix": "", "cycleway:both": "", "maxspeed:type": "", "sidewalk": "", "sidewalk:both:bicycle": "", "lanes": "", "bicycle": "designated", "foot": "designated", "old_railway_operator": "", "segregated": "", "bridge": "", "layer": "", "tiger:separated": "", "tiger:source": "", "tiger:tlid": "", "maxspeed": "", "name_1": "", "tiger:name_base_1": "", "tiger:name_type_1": "", "cycleway:right": "", "route": "", "tracktype": "", "horse": "", "motor_vehicle": "", "railway": "", "tiger:name_base_2": "", "tiger:zip_right": "", "name_2": "", "destination": "", "destination:ref": "", "alt_name_1": "", "parking:lane:both": "", "mtb:scale": "", "old_ref": "", "NHS": "", "hgv": "", "hgv:national_network": "", "source:hgv:national_network": "", "sac_scale": "hiking", "description": "", "website": "", "trail_visibility": "", "mtb:scale:imba": "", "admin_level": "", "border_type": "", "boundary": "", "is_in:country": "", "is_in:country_code": "", "is_in:iso_3166_2": "", "is_in:state": "", "tiger:CLASSFP": "", "tiger:CPI": "", "tiger:FUNCSTAT": "", "tiger:LSAD": "", "tiger:MTFCC": "", "tiger:NAME": "", "tiger:NAMELSAD": "", "tiger:PCICBSA": "", "tiger:PCINECTA": "", "tiger:PLACEFP": "", "tiger:PLACENS": "", "tiger:PLCIDFP": "", "tiger:STATEFP": "", "wikidata": "", "wikipedia": "", "tunnel": "", "lit": "", "width": "", "waterway": "", "barrier": "", "fence_type": "", "junction": "", "shoulder": "", "lanes:backward": "", "lanes:forward": "", "turn:lanes:backward": "", "intermittent": "", "natural": "", "seasonal": "", "footway": "", "crossing": "", "tiger:name_base_3": "", "tiger:name_direction_prefix_3": "", "turn:lanes:forward": "", "turn:lanes": "", "lanes:both_ways": "", "turn:lanes:both_ways": "", "golf": "", "golf_cart": "", "power": "", "disused:highway": "", "tourism": "", "auxiliary_storage_labeling_positionx": -104.87586722453526, "auxiliary_storage_labeling_positiony": 38.866551555532169, "auxiliary_storage_labeling_show": 0, "length": 477.83122560622098 }, "geometry": { "type": "LineString", "coordinates": [ [ -104.8771202, 38.8668899 ], [ -104.8771888, 38.8668765 ], [ -104.8772403, 38.8668565 ], [ -104.8772833, 38.8668164 ], [ -104.8773004, 38.8667496 ], [ -104.8772833, 38.8666493 ], [ -104.8771974, 38.866362 ], [ -104.8771545, 38.8662016 ], [ -104.8771202, 38.866088 ], [ -104.8770944, 38.8659543 ], [ -104.8770773, 38.8658206 ], [ -104.8770515, 38.865707 ], [ -104.8770328, 38.8656814 ] ] } },
{ "type": "Feature", "properties": { "fid": 262, "full_id": "w39158417", "osm_id": "39158417", "osm_type": "way", "highway": "path", "name": "", "tiger:cfcc": "", "tiger:county": "", "tiger:reviewed": "", "cycleway": "", "oneway": "", "tiger:name_base": "", "tiger:name_type": "", "service": "", "access": "", "alt_name": "", "ref": "", "surface": "", "tiger:name_direction_prefix": "", "cycleway:both": "", "maxspeed:type": "", "sidewalk": "", "sidewalk:both:bicycle": "", "lanes": "", "bicycle": "", "foot": "designated", "old_railway_operator": "", "segregated": "", "bridge": "", "layer": "", "tiger:separated": "", "tiger:source": "", "tiger:tlid": "", "maxspeed": "", "name_1": "", "tiger:name_base_1": "", "tiger:name_type_1": "", "cycleway:right": "", "route": "", "tracktype": "", "horse": "", "motor_vehicle": "", "railway": "", "tiger:name_base_2": "", "tiger:zip_right": "", "name_2": "", "destination": "", "destination:ref": "", "alt_name_1": "", "parking:lane:both": "", "mtb:scale": "", "old_ref": "", "NHS": "", "hgv": "", "hgv:national_network": "", "source:hgv:national_network": "", "sac_scale": "hiking", "description": "", "website": "", "trail_visibility": "", "mtb:scale:imba": "", "admin_level": "", "border_type": "", "boundary": "", "is_in:country": "", "is_in:country_code": "", "is_in:iso_3166_2": "", "is_in:state": "", "tiger:CLASSFP": "", "tiger:CPI": "", "tiger:FUNCSTAT": "", "tiger:LSAD": "", "tiger:MTFCC": "", "tiger:NAME": "", "tiger:NAMELSAD": "", "tiger:PCICBSA": "", "tiger:PCINECTA": "", "tiger:PLACEFP": "", "tiger:PLACENS": "", "tiger:PLCIDFP": "", "tiger:STATEFP": "", "wikidata": "", "wikipedia": "", "tunnel": "", "lit": "", "width": "", "waterway": "", "barrier": "", "fence_type": "", "junction": "", "shoulder": "", "lanes:backward": "", "lanes:forward": "", "turn:lanes:backward": "", "intermittent": "", "natural": "", "seasonal": "", "footway": "", "crossing": "", "tiger:name_base_3": "", "tiger:name_direction_prefix_3": "", "turn:lanes:forward": "", "turn:lanes": "", "lanes:both_ways": "", "turn:lanes:both_ways": "", "golf": "", "golf_cart": "", "power": "", "disused:highway": "", "tourism": "", "auxiliary_storage_labeling_positionx": null, "auxiliary_storage_labeling_positiony": null, "auxiliary_storage_labeling_show": null, "length": 553.71052149807724 }, "geometry": { "type": "LineString", "coordinates": [ [ -104.8785731, 38.8702042 ], [ -104.8786308, 38.8702112 ], [ -104.8786565, 38.8702312 ], [ -104.8786651, 38.8702713 ], [ -104.8786823, 38.8703114 ], [ -104.8787338, 38.8703716 ], [ -104.878854, 38.8704918 ], [ -104.8789226, 38.8705319 ], [ -104.8790514, 38.8705587 ], [ -104.8792059, 38.8705921 ], [ -104.8792831, 38.8706389 ], [ -104.8794033, 38.8707658 ], [ -104.8794376, 38.870826 ], [ -104.879429, 38.8709262 ], [ -104.8793947, 38.8710131 ], [ -104.8793174, 38.8711534 ], [ -104.8792831, 38.8712536 ], [ -104.8792745, 38.8713472 ] ] } },
{ "type": "Feature", "properties": { "fid": 263, "full_id": "w39158421", "osm_id": "39158421", "osm_type": "way", "highway": "path", "name": "", "tiger:cfcc": "", "tiger:county": "", "tiger:reviewed": "", "cycleway": "", "oneway": "", "tiger:name_base": "", "tiger:name_type": "", "service": "", "access": "", "alt_name": "", "ref": "", "surface": "ground", "tiger:name_direction_prefix": "", "cycleway:both": "", "maxspeed:type": "", "sidewalk": "", "sidewalk:both:bicycle": "", "lanes": "", "bicycle": "designated", "foot": "designated", "old_railway_operator": "", "segregated": "", "bridge": "", "layer": "", "tiger:separated": "", "tiger:source": "", "tiger:tlid": "", "maxspeed": "", "name_1": "", "tiger:name_base_1": "", "tiger:name_type_1": "", "cycleway:right": "", "route": "", "tracktype": "", "horse": "", "motor_vehicle": "", "railway": "", "tiger:name_base_2": "", "tiger:zip_right": "", "name_2": "", "destination": "", "destination:ref": "", "alt_name_1": "", "parking:lane:both": "", "mtb:scale": "", "old_ref": "", "NHS": "", "hgv": "", "hgv:national_network": "", "source:hgv:national_network": "", "sac_scale": "hiking", "description": "", "website": "", "trail_visibility": "", "mtb:scale:imba": "", "admin_level": "", "border_type": "", "boundary": "", "is_in:country": "", "is_in:country_code": "", "is_in:iso_3166_2": "", "is_in:state": "", "tiger:CLASSFP": "", "tiger:CPI": "", "tiger:FUNCSTAT": "", "tiger:LSAD": "", "tiger:MTFCC": "", "tiger:NAME": "", "tiger:NAMELSAD": "", "tiger:PCICBSA": "", "tiger:PCINECTA": "", "tiger:PLACEFP": "", "tiger:PLACENS": "", "tiger:PLCIDFP": "", "tiger:STATEFP": "", "wikidata": "", "wikipedia": "", "tunnel": "", "lit": "", "width": "", "waterway": "", "barrier": "", "fence_type": "", "junction": "", "shoulder": "", "lanes:backward": "", "lanes:forward": "", "turn:lanes:backward": "", "intermittent": "", "natural": "", "seasonal": "", "footway": "", "crossing": "", "tiger:name_base_3": "", "tiger:name_direction_prefix_3": "", "turn:lanes:forward": "", "turn:lanes": "", "lanes:both_ways": "", "turn:lanes:both_ways": "", "golf": "", "golf_cart": "", "power": "", "disused:highway": "", "tourism": "", "auxiliary_storage_labeling_positionx": null, "auxiliary_storage_labeling_positiony": null, "auxiliary_storage_labeling_show": null, "length": 1158.5699853947954 }, "geometry": { "type": "LineString", "coordinates": [ [ -104.8781426, 38.8698315 ], [ -104.8780624, 38.8698523 ], [ -104.8780839, 38.8699129 ], [ -104.8781158, 38.8699639 ], [ -104.8781501, 38.870004 ], [ -104.8782102, 38.8700842 ], [ -104.8782531, 38.8701911 ], [ -104.8783905, 38.8705654 ], [ -104.8784505, 38.8707324 ], [ -104.8784334, 38.8710131 ], [ -104.8784076, 38.8711801 ], [ -104.8783647, 38.8712737 ], [ -104.8782961, 38.8713739 ], [ -104.8782274, 38.8714675 ], [ -104.8780643, 38.8716212 ], [ -104.8780042, 38.8717014 ], [ -104.8779356, 38.8718751 ], [ -104.8778583, 38.8721357 ], [ -104.8777811, 38.8723095 ], [ -104.8777982, 38.8725099 ], [ -104.877824, 38.8727572 ], [ -104.8778326, 38.8727906 ] ] } },
{ "type": "Feature", "properties": { "fid": 264, "full_id": "w39158422", "osm_id": "39158422", "osm_type": "way", "highway": "path", "name": "", "tiger:cfcc": "", "tiger:county": "", "tiger:reviewed": "", "cycleway": "", "oneway": "", "tiger:name_base": "", "tiger:name_type": "", "service": "", "access": "", "alt_name": "", "ref": "", "surface": "", "tiger:name_direction_prefix": "", "cycleway:both": "", "maxspeed:type": "", "sidewalk": "", "sidewalk:both:bicycle": "", "lanes": "", "bicycle": "", "foot": "designated", "old_railway_operator": "", "segregated": "", "bridge": "", "layer": "", "tiger:separated": "", "tiger:source": "", "tiger:tlid": "", "maxspeed": "", "name_1": "", "tiger:name_base_1": "", "tiger:name_type_1": "", "cycleway:right": "", "route": "", "tracktype": "", "horse": "", "motor_vehicle": "", "railway": "", "tiger:name_base_2": "", "tiger:zip_right": "", "name_2": "", "destination": "", "destination:ref": "", "alt_name_1": "", "parking:lane:both": "", "mtb:scale": "", "old_ref": "", "NHS": "", "hgv": "", "hgv:national_network": "", "source:hgv:national_network": "", "sac_scale": "hiking", "description": "", "website": "", "trail_visibility": "", "mtb:scale:imba": "", "admin_level": "", "border_type": "", "boundary": "", "is_in:country": "", "is_in:country_code": "", "is_in:iso_3166_2": "", "is_in:state": "", "tiger:CLASSFP": "", "tiger:CPI": "", "tiger:FUNCSTAT": "", "tiger:LSAD": "", "tiger:MTFCC": "", "tiger:NAME": "", "tiger:NAMELSAD": "", "tiger:PCICBSA": "", "tiger:PCINECTA": "", "tiger:PLACEFP": "", "tiger:PLACENS": "", "tiger:PLCIDFP": "", "tiger:STATEFP": "", "wikidata": "", "wikipedia": "", "tunnel": "", "lit": "", "width": "", "waterway": "", "barrier": "", "fence_type": "", "junction": "", "shoulder": "", "lanes:backward": "", "lanes:forward": "", "turn:lanes:backward": "", "intermittent": "", "natural": "", "seasonal": "", "footway": "", "crossing": "", "tiger:name_base_3": "", "tiger:name_direction_prefix_3": "", "turn:lanes:forward": "", "turn:lanes": "", "lanes:both_ways": "", "turn:lanes:both_ways": "", "golf": "", "golf_cart": "", "power": "", "disused:highway": "", "tourism": "", "auxiliary_storage_labeling_positionx": null, "auxiliary_storage_labeling_positiony": null, "auxiliary_storage_labeling_show": null, "length": 26.479411189042565 }, "geometry": { "type": "LineString", "coordinates": [ [ -104.8784505, 38.8707324 ], [ -104.8785435, 38.8707326 ] ] } },
{ "type": "Feature", "properties": { "fid": 265, "full_id": "w39158425", "osm_id": "39158425", "osm_type": "way", "highway": "path", "name": "", "tiger:cfcc": "", "tiger:county": "", "tiger:reviewed": "", "cycleway": "", "oneway": "", "tiger:name_base": "", "tiger:name_type": "", "service": "", "access": "", "alt_name": "", "ref": "", "surface": "ground", "tiger:name_direction_prefix": "", "cycleway:both": "", "maxspeed:type": "", "sidewalk": "", "sidewalk:both:bicycle": "", "lanes": "", "bicycle": "", "foot": "designated", "old_railway_operator": "", "segregated": "", "bridge": "", "layer": "", "tiger:separated": "", "tiger:source": "", "tiger:tlid": "", "maxspeed": "", "name_1": "", "tiger:name_base_1": "", "tiger:name_type_1": "", "cycleway:right": "", "route": "", "tracktype": "", "horse": "", "motor_vehicle": "", "railway": "", "tiger:name_base_2": "", "tiger:zip_right": "", "name_2": "", "destination": "", "destination:ref": "", "alt_name_1": "", "parking:lane:both": "", "mtb:scale": "", "old_ref": "", "NHS": "", "hgv": "", "hgv:national_network": "", "source:hgv:national_network": "", "sac_scale": "hiking", "description": "", "website": "", "trail_visibility": "", "mtb:scale:imba": "", "admin_level": "", "border_type": "", "boundary": "", "is_in:country": "", "is_in:country_code": "", "is_in:iso_3166_2": "", "is_in:state": "", "tiger:CLASSFP": "", "tiger:CPI": "", "tiger:FUNCSTAT": "", "tiger:LSAD": "", "tiger:MTFCC": "", "tiger:NAME": "", "tiger:NAMELSAD": "", "tiger:PCICBSA": "", "tiger:PCINECTA": "", "tiger:PLACEFP": "", "tiger:PLACENS": "", "tiger:PLCIDFP": "", "tiger:STATEFP": "", "wikidata": "", "wikipedia": "", "tunnel": "", "lit": "", "width": "", "waterway": "", "barrier": "", "fence_type": "", "junction": "", "shoulder": "", "lanes:backward": "", "lanes:forward": "", "turn:lanes:backward": "", "intermittent": "", "natural": "", "seasonal": "", "footway": "", "crossing": "", "tiger:name_base_3": "", "tiger:name_direction_prefix_3": "", "turn:lanes:forward": "", "turn:lanes": "", "lanes:both_ways": "", "turn:lanes:both_ways": "", "golf": "", "golf_cart": "", "power": "", "disused:highway": "", "tourism": "", "auxiliary_storage_labeling_positionx": null, "auxiliary_storage_labeling_positiony": null, "auxiliary_storage_labeling_show": null, "length": 1500.3507193784326 }, "geometry": { "type": "LineString", "coordinates": [ [ -104.8778412, 38.8728374 ], [ -104.877824, 38.8729176 ], [ -104.8777897, 38.8730579 ], [ -104.8777725, 38.8731915 ], [ -104.8777467, 38.8733987 ], [ -104.8777433, 38.8735255 ], [ -104.8777467, 38.8735657 ], [ -104.8777382, 38.8738664 ], [ -104.8777382, 38.8740669 ], [ -104.8777467, 38.8742139 ], [ -104.8777553, 38.8743943 ], [ -104.8777725, 38.8744478 ], [ -104.8778583, 38.8745614 ], [ -104.877927, 38.8746816 ], [ -104.8779613, 38.8748153 ], [ -104.8779699, 38.8749489 ], [ -104.8779613, 38.8751427 ], [ -104.8779098, 38.8752897 ], [ -104.877824, 38.8754902 ], [ -104.8777897, 38.8756505 ], [ -104.8777725, 38.8757842 ], [ -104.8778068, 38.8758911 ], [ -104.8778497, 38.8760314 ], [ -104.8778497, 38.8761383 ], [ -104.8778497, 38.876292 ], [ -104.877824, 38.8763522 ], [ -104.8777897, 38.8764123 ], [ -104.8777639, 38.8764657 ], [ -104.877721, 38.8764925 ], [ -104.8776695, 38.8764992 ], [ -104.8776352, 38.8765793 ], [ -104.8776266, 38.8766796 ], [ -104.8776094, 38.8767664 ], [ -104.8776048, 38.8768215 ] ] } },
{ "type": "Feature", "properties": { "fid": 266, "full_id": "w39158426", "osm_id": "39158426", "osm_type": "way", "highway": "path", "name": "", "tiger:cfcc": "", "tiger:county": "", "tiger:reviewed": "", "cycleway": "", "oneway": "", "tiger:name_base": "", "tiger:name_type": "", "service": "", "access": "", "alt_name": "", "ref": "", "surface": "", "tiger:name_direction_prefix": "", "cycleway:both": "", "maxspeed:type": "", "sidewalk": "", "sidewalk:both:bicycle": "", "lanes": "", "bicycle": "", "foot": "designated", "old_railway_operator": "", "segregated": "", "bridge": "yes", "layer": "", "tiger:separated": "", "tiger:source": "", "tiger:tlid": "", "maxspeed": "", "name_1": "", "tiger:name_base_1": "", "tiger:name_type_1": "", "cycleway:right": "", "route": "", "tracktype": "", "horse": "", "motor_vehicle": "", "railway": "", "tiger:name_base_2": "", "tiger:zip_right": "", "name_2": "", "destination": "", "destination:ref": "", "alt_name_1": "", "parking:lane:both": "", "mtb:scale": "", "old_ref": "", "NHS": "", "hgv": "", "hgv:national_network": "", "source:hgv:national_network": "", "sac_scale": "hiking", "description": "", "website": "", "trail_visibility": "", "mtb:scale:imba": "", "admin_level": "", "border_type": "", "boundary": "", "is_in:country": "", "is_in:country_code": "", "is_in:iso_3166_2": "", "is_in:state": "", "tiger:CLASSFP": "", "tiger:CPI": "", "tiger:FUNCSTAT": "", "tiger:LSAD": "", "tiger:MTFCC": "", "tiger:NAME": "", "tiger:NAMELSAD": "", "tiger:PCICBSA": "", "tiger:PCINECTA": "", "tiger:PLACEFP": "", "tiger:PLACENS": "", "tiger:PLCIDFP": "", "tiger:STATEFP": "", "wikidata": "", "wikipedia": "", "tunnel": "", "lit": "", "width": "", "waterway": "", "barrier": "", "fence_type": "", "junction": "", "shoulder": "", "lanes:backward": "", "lanes:forward": "", "turn:lanes:backward": "", "intermittent": "", "natural": "", "seasonal": "", "footway": "", "crossing": "", "tiger:name_base_3": "", "tiger:name_direction_prefix_3": "", "turn:lanes:forward": "", "turn:lanes": "", "lanes:both_ways": "", "turn:lanes:both_ways": "", "golf": "", "golf_cart": "", "power": "", "disused:highway": "", "tourism": "", "auxiliary_storage_labeling_positionx": null, "auxiliary_storage_labeling_positiony": null, "auxiliary_storage_labeling_show": null, "length": 17.220280517125531 }, "geometry": { "type": "LineString", "coordinates": [ [ -104.8778326, 38.8727906 ], [ -104.8778412, 38.8728374 ] ] } },
{ "type": "Feature", "properties": { "fid": 267, "full_id": "w39158440", "osm_id": "39158440", "osm_type": "way", "highway": "path", "name": "", "tiger:cfcc": "", "tiger:county": "", "tiger:reviewed": "", "cycleway": "", "oneway": "", "tiger:name_base": "", "tiger:name_type": "", "service": "", "access": "", "alt_name": "", "ref": "", "surface": "", "tiger:name_direction_prefix": "", "cycleway:both": "", "maxspeed:type": "", "sidewalk": "", "sidewalk:both:bicycle": "", "lanes": "", "bicycle": "", "foot": "designated", "old_railway_operator": "", "segregated": "", "bridge": "", "layer": "", "tiger:separated": "", "tiger:source": "", "tiger:tlid": "", "maxspeed": "", "name_1": "", "tiger:name_base_1": "", "tiger:name_type_1": "", "cycleway:right": "", "route": "", "tracktype": "", "horse": "", "motor_vehicle": "", "railway": "", "tiger:name_base_2": "", "tiger:zip_right": "", "name_2": "", "destination": "", "destination:ref": "", "alt_name_1": "", "parking:lane:both": "", "mtb:scale": "", "old_ref": "", "NHS": "", "hgv": "", "hgv:national_network": "", "source:hgv:national_network": "", "sac_scale": "hiking", "description": "", "website": "", "trail_visibility": "", "mtb:scale:imba": "", "admin_level": "", "border_type": "", "boundary": "", "is_in:country": "", "is_in:country_code": "", "is_in:iso_3166_2": "", "is_in:state": "", "tiger:CLASSFP": "", "tiger:CPI": "", "tiger:FUNCSTAT": "", "tiger:LSAD": "", "tiger:MTFCC": "", "tiger:NAME": "", "tiger:NAMELSAD": "", "tiger:PCICBSA": "", "tiger:PCINECTA": "", "tiger:PLACEFP": "", "tiger:PLACENS": "", "tiger:PLCIDFP": "", "tiger:STATEFP": "", "wikidata": "", "wikipedia": "", "tunnel": "", "lit": "", "width": "", "waterway": "", "barrier": "", "fence_type": "", "junction": "", "shoulder": "", "lanes:backward": "", "lanes:forward": "", "turn:lanes:backward": "", "intermittent": "", "natural": "", "seasonal": "", "footway": "", "crossing": "", "tiger:name_base_3": "", "tiger:name_direction_prefix_3": "", "turn:lanes:forward": "", "turn:lanes": "", "lanes:both_ways": "", "turn:lanes:both_ways": "", "golf": "", "golf_cart": "", "power": "", "disused:highway": "", "tourism": "", "auxiliary_storage_labeling_positionx": null, "auxiliary_storage_labeling_positiony": null, "auxiliary_storage_labeling_show": null, "length": 288.12398505490546 }, "geometry": { "type": "LineString", "coordinates": [ [ -104.8779613, 38.8751427 ], [ -104.8779956, 38.8751694 ], [ -104.8780214, 38.8752563 ], [ -104.8780643, 38.87541 ], [ -104.8780986, 38.8755503 ], [ -104.8781416, 38.8756773 ], [ -104.8781759, 38.8757708 ], [ -104.8782188, 38.875851 ], [ -104.8782703, 38.8758777 ] ] } },
{ "type": "Feature", "properties": { "fid": 268, "full_id": "w39158444", "osm_id": "39158444", "osm_type": "way", "highway": "path", "name": "", "tiger:cfcc": "", "tiger:county": "", "tiger:reviewed": "", "cycleway": "", "oneway": "", "tiger:name_base": "", "tiger:name_type": "", "service": "", "access": "", "alt_name": "", "ref": "", "surface": "", "tiger:name_direction_prefix": "", "cycleway:both": "", "maxspeed:type": "", "sidewalk": "", "sidewalk:both:bicycle": "", "lanes": "", "bicycle": "", "foot": "designated", "old_railway_operator": "", "segregated": "", "bridge": "", "layer": "", "tiger:separated": "", "tiger:source": "", "tiger:tlid": "", "maxspeed": "", "name_1": "", "tiger:name_base_1": "", "tiger:name_type_1": "", "cycleway:right": "", "route": "", "tracktype": "", "horse": "", "motor_vehicle": "", "railway": "", "tiger:name_base_2": "", "tiger:zip_right": "", "name_2": "", "destination": "", "destination:ref": "", "alt_name_1": "", "parking:lane:both": "", "mtb:scale": "", "old_ref": "", "NHS": "", "hgv": "", "hgv:national_network": "", "source:hgv:national_network": "", "sac_scale": "hiking", "description": "", "website": "", "trail_visibility": "", "mtb:scale:imba": "", "admin_level": "", "border_type": "", "boundary": "", "is_in:country": "", "is_in:country_code": "", "is_in:iso_3166_2": "", "is_in:state": "", "tiger:CLASSFP": "", "tiger:CPI": "", "tiger:FUNCSTAT": "", "tiger:LSAD": "", "tiger:MTFCC": "", "tiger:NAME": "", "tiger:NAMELSAD": "", "tiger:PCICBSA": "", "tiger:PCINECTA": "", "tiger:PLACEFP": "", "tiger:PLACENS": "", "tiger:PLCIDFP": "", "tiger:STATEFP": "", "wikidata": "", "wikipedia": "", "tunnel": "", "lit": "", "width": "", "waterway": "", "barrier": "", "fence_type": "", "junction": "", "shoulder": "", "lanes:backward": "", "lanes:forward": "", "turn:lanes:backward": "", "intermittent": "", "natural": "", "seasonal": "", "footway": "", "crossing": "", "tiger:name_base_3": "", "tiger:name_direction_prefix_3": "", "turn:lanes:forward": "", "turn:lanes": "", "lanes:both_ways": "", "turn:lanes:both_ways": "", "golf": "", "golf_cart": "", "power": "", "disused:highway": "", "tourism": "", "auxiliary_storage_labeling_positionx": null, "auxiliary_storage_labeling_positiony": null, "auxiliary_storage_labeling_show": null, "length": 71.709384416439647 }, "geometry": { "type": "LineString", "coordinates": [ [ -104.8776695, 38.8764992 ], [ -104.877618, 38.8764925 ], [ -104.8775579, 38.8764925 ], [ -104.8774978, 38.8764992 ], [ -104.877419, 38.8764968 ] ] } },
{ "type": "Feature", "properties": { "fid": 270, "full_id": "w39158533", "osm_id": "39158533", "osm_type": "way", "highway": "path", "name": "", "tiger:cfcc": "", "tiger:county": "", "tiger:reviewed": "", "cycleway": "", "oneway": "", "tiger:name_base": "", "tiger:name_type": "", "service": "", "access": "", "alt_name": "", "ref": "", "surface": "", "tiger:name_direction_prefix": "", "cycleway:both": "", "maxspeed:type": "", "sidewalk": "", "sidewalk:both:bicycle": "", "lanes": "", "bicycle": "", "foot": "designated", "old_railway_operator": "", "segregated": "", "bridge": "", "layer": "", "tiger:separated": "", "tiger:source": "", "tiger:tlid": "", "maxspeed": "", "name_1": "", "tiger:name_base_1": "", "tiger:name_type_1": "", "cycleway:right": "", "route": "", "tracktype": "", "horse": "", "motor_vehicle": "", "railway": "", "tiger:name_base_2": "", "tiger:zip_right": "", "name_2": "", "destination": "", "destination:ref": "", "alt_name_1": "", "parking:lane:both": "", "mtb:scale": "", "old_ref": "", "NHS": "", "hgv": "", "hgv:national_network": "", "source:hgv:national_network": "", "sac_scale": "hiking", "description": "", "website": "", "trail_visibility": "", "mtb:scale:imba": "", "admin_level": "", "border_type": "", "boundary": "", "is_in:country": "", "is_in:country_code": "", "is_in:iso_3166_2": "", "is_in:state": "", "tiger:CLASSFP": "", "tiger:CPI": "", "tiger:FUNCSTAT": "", "tiger:LSAD": "", "tiger:MTFCC": "", "tiger:NAME": "", "tiger:NAMELSAD": "", "tiger:PCICBSA": "", "tiger:PCINECTA": "", "tiger:PLACEFP": "", "tiger:PLACENS": "", "tiger:PLCIDFP": "", "tiger:STATEFP": "", "wikidata": "", "wikipedia": "", "tunnel": "", "lit": "", "width": "", "waterway": "", "barrier": "", "fence_type": "", "junction": "", "shoulder": "", "lanes:backward": "", "lanes:forward": "", "turn:lanes:backward": "", "intermittent": "", "natural": "", "seasonal": "", "footway": "", "crossing": "", "tiger:name_base_3": "", "tiger:name_direction_prefix_3": "", "turn:lanes:forward": "", "turn:lanes": "", "lanes:both_ways": "", "turn:lanes:both_ways": "", "golf": "", "golf_cart": "", "power": "", "disused:highway": "", "tourism": "", "auxiliary_storage_labeling_positionx": null, "auxiliary_storage_labeling_positiony": null, "auxiliary_storage_labeling_show": null, "length": 607.71048608147373 }, "geometry": { "type": "LineString", "coordinates": [ [ -104.8959785, 38.8660368 ], [ -104.8958711, 38.8660111 ], [ -104.8957252, 38.8659844 ], [ -104.8955106, 38.865951 ], [ -104.8953389, 38.8659242 ], [ -104.8951244, 38.8658641 ], [ -104.8949184, 38.8657906 ], [ -104.8947467, 38.8657171 ], [ -104.8946351, 38.8656502 ], [ -104.8945321, 38.8656502 ], [ -104.8943862, 38.8656369 ], [ -104.8942403, 38.8656168 ], [ -104.8939571, 38.8656636 ] ] } },
{ "type": "Feature", "properties": { "fid": 271, "full_id": "w39158540", "osm_id": "39158540", "osm_type": "way", "highway": "path", "name": "", "tiger:cfcc": "", "tiger:county": "", "tiger:reviewed": "", "cycleway": "", "oneway": "", "tiger:name_base": "", "tiger:name_type": "", "service": "", "access": "", "alt_name": "", "ref": "", "surface": "", "tiger:name_direction_prefix": "", "cycleway:both": "", "maxspeed:type": "", "sidewalk": "", "sidewalk:both:bicycle": "", "lanes": "", "bicycle": "", "foot": "designated", "old_railway_operator": "", "segregated": "", "bridge": "", "layer": "", "tiger:separated": "", "tiger:source": "", "tiger:tlid": "", "maxspeed": "", "name_1": "", "tiger:name_base_1": "", "tiger:name_type_1": "", "cycleway:right": "", "route": "", "tracktype": "", "horse": "", "motor_vehicle": "", "railway": "", "tiger:name_base_2": "", "tiger:zip_right": "", "name_2": "", "destination": "", "destination:ref": "", "alt_name_1": "", "parking:lane:both": "", "mtb:scale": "", "old_ref": "", "NHS": "", "hgv": "", "hgv:national_network": "", "source:hgv:national_network": "", "sac_scale": "hiking", "description": "", "website": "", "trail_visibility": "", "mtb:scale:imba": "", "admin_level": "", "border_type": "", "boundary": "", "is_in:country": "", "is_in:country_code": "", "is_in:iso_3166_2": "", "is_in:state": "", "tiger:CLASSFP": "", "tiger:CPI": "", "tiger:FUNCSTAT": "", "tiger:LSAD": "", "tiger:MTFCC": "", "tiger:NAME": "", "tiger:NAMELSAD": "", "tiger:PCICBSA": "", "tiger:PCINECTA": "", "tiger:PLACEFP": "", "tiger:PLACENS": "", "tiger:PLCIDFP": "", "tiger:STATEFP": "", "wikidata": "", "wikipedia": "", "tunnel": "", "lit": "", "width": "", "waterway": "", "barrier": "", "fence_type": "", "junction": "", "shoulder": "", "lanes:backward": "", "lanes:forward": "", "turn:lanes:backward": "", "intermittent": "", "natural": "", "seasonal": "", "footway": "", "crossing": "", "tiger:name_base_3": "", "tiger:name_direction_prefix_3": "", "turn:lanes:forward": "", "turn:lanes": "", "lanes:both_ways": "", "turn:lanes:both_ways": "", "golf": "", "golf_cart": "", "power": "", "disused:highway": "", "tourism": "", "auxiliary_storage_labeling_positionx": null, "auxiliary_storage_labeling_positiony": null, "auxiliary_storage_labeling_show": null, "length": 834.69462906024967 }, "geometry": { "type": "LineString", "coordinates": [ [ -104.8932018, 38.8647881 ], [ -104.8933133, 38.8648549 ], [ -104.8934095, 38.8649086 ], [ -104.8934628, 38.8649587 ], [ -104.8935279, 38.8650488 ], [ -104.8936309, 38.8651824 ], [ -104.8937768, 38.8653695 ], [ -104.8938884, 38.8655366 ], [ -104.8939571, 38.8656636 ], [ -104.8939742, 38.8657572 ], [ -104.8939742, 38.8658641 ], [ -104.8939828, 38.866098 ], [ -104.8939143, 38.8661423 ], [ -104.8938541, 38.8661982 ], [ -104.8938369, 38.8663185 ], [ -104.8938172, 38.8664128 ], [ -104.8937823, 38.8664556 ], [ -104.8937246, 38.8664744 ], [ -104.8935845, 38.8664871 ], [ -104.8934906, 38.8665079 ], [ -104.8933967, 38.8665581 ], [ -104.8933404, 38.866581 ] ] } },
{ "type": "Feature", "properties": { "fid": 272, "full_id": "w39158542", "osm_id": "39158542", "osm_type": "way", "highway": "path", "name": "", "tiger:cfcc": "", "tiger:county": "", "tiger:reviewed": "", "cycleway": "", "oneway": "", "tiger:name_base": "", "tiger:name_type": "", "service": "", "access": "", "alt_name": "", "ref": "", "surface": "ground", "tiger:name_direction_prefix": "", "cycleway:both": "", "maxspeed:type": "", "sidewalk": "", "sidewalk:both:bicycle": "", "lanes": "", "bicycle": "no", "foot": "designated", "old_railway_operator": "", "segregated": "", "bridge": "", "layer": "", "tiger:separated": "", "tiger:source": "", "tiger:tlid": "", "maxspeed": "", "name_1": "", "tiger:name_base_1": "", "tiger:name_type_1": "", "cycleway:right": "", "route": "", "tracktype": "", "horse": "designated", "motor_vehicle": "", "railway": "", "tiger:name_base_2": "", "tiger:zip_right": "", "name_2": "", "destination": "", "destination:ref": "", "alt_name_1": "", "parking:lane:both": "", "mtb:scale": "", "old_ref": "", "NHS": "", "hgv": "", "hgv:national_network": "", "source:hgv:national_network": "", "sac_scale": "hiking", "description": "", "website": "", "trail_visibility": "", "mtb:scale:imba": "", "admin_level": "", "border_type": "", "boundary": "", "is_in:country": "", "is_in:country_code": "", "is_in:iso_3166_2": "", "is_in:state": "", "tiger:CLASSFP": "", "tiger:CPI": "", "tiger:FUNCSTAT": "", "tiger:LSAD": "", "tiger:MTFCC": "", "tiger:NAME": "", "tiger:NAMELSAD": "", "tiger:PCICBSA": "", "tiger:PCINECTA": "", "tiger:PLACEFP": "", "tiger:PLACENS": "", "tiger:PLCIDFP": "", "tiger:STATEFP": "", "wikidata": "", "wikipedia": "", "tunnel": "", "lit": "", "width": "", "waterway": "", "barrier": "", "fence_type": "", "junction": "", "shoulder": "", "lanes:backward": "", "lanes:forward": "", "turn:lanes:backward": "", "intermittent": "", "natural": "", "seasonal": "", "footway": "", "crossing": "", "tiger:name_base_3": "", "tiger:name_direction_prefix_3": "", "turn:lanes:forward": "", "turn:lanes": "", "lanes:both_ways": "", "turn:lanes:both_ways": "", "golf": "", "golf_cart": "", "power": "", "disused:highway": "", "tourism": "", "auxiliary_storage_labeling_positionx": null, "auxiliary_storage_labeling_positiony": null, "auxiliary_storage_labeling_show": null, "length": 170.97982512751867 }, "geometry": { "type": "LineString", "coordinates": [ [ -104.890373858058709, 38.86822464246066 ], [ -104.890356305767142, 38.868255879165297 ], [ -104.8903436, 38.8682833 ], [ -104.8903264, 38.8684169 ], [ -104.890335, 38.8685171 ], [ -104.8903693, 38.8685973 ], [ -104.8903693, 38.8686842 ] ] } },
{ "type": "Feature", "properties": { "fid": 273, "full_id": "w39158543", "osm_id": "39158543", "osm_type": "way", "highway": "path", "name": "", "tiger:cfcc": "", "tiger:county": "", "tiger:reviewed": "", "cycleway": "", "oneway": "", "tiger:name_base": "", "tiger:name_type": "", "service": "", "access": "", "alt_name": "", "ref": "", "surface": "ground", "tiger:name_direction_prefix": "", "cycleway:both": "", "maxspeed:type": "", "sidewalk": "", "sidewalk:both:bicycle": "", "lanes": "", "bicycle": "no", "foot": "designated", "old_railway_operator": "", "segregated": "", "bridge": "", "layer": "", "tiger:separated": "", "tiger:source": "", "tiger:tlid": "", "maxspeed": "", "name_1": "", "tiger:name_base_1": "", "tiger:name_type_1": "", "cycleway:right": "", "route": "", "tracktype": "", "horse": "", "motor_vehicle": "", "railway": "", "tiger:name_base_2": "", "tiger:zip_right": "", "name_2": "", "destination": "", "destination:ref": "", "alt_name_1": "", "parking:lane:both": "", "mtb:scale": "", "old_ref": "", "NHS": "", "hgv": "", "hgv:national_network": "", "source:hgv:national_network": "", "sac_scale": "hiking", "description": "", "website": "", "trail_visibility": "", "mtb:scale:imba": "", "admin_level": "", "border_type": "", "boundary": "", "is_in:country": "", "is_in:country_code": "", "is_in:iso_3166_2": "", "is_in:state": "", "tiger:CLASSFP": "", "tiger:CPI": "", "tiger:FUNCSTAT": "", "tiger:LSAD": "", "tiger:MTFCC": "", "tiger:NAME": "", "tiger:NAMELSAD": "", "tiger:PCICBSA": "", "tiger:PCINECTA": "", "tiger:PLACEFP": "", "tiger:PLACENS": "", "tiger:PLCIDFP": "", "tiger:STATEFP": "", "wikidata": "", "wikipedia": "", "tunnel": "", "lit": "", "width": "", "waterway": "", "barrier": "", "fence_type": "", "junction": "", "shoulder": "", "lanes:backward": "", "lanes:forward": "", "turn:lanes:backward": "", "intermittent": "", "natural": "", "seasonal": "", "footway": "", "crossing": "", "tiger:name_base_3": "", "tiger:name_direction_prefix_3": "", "turn:lanes:forward": "", "turn:lanes": "", "lanes:both_ways": "", "turn:lanes:both_ways": "", "golf": "", "golf_cart": "", "power": "", "disused:highway": "", "tourism": "", "auxiliary_storage_labeling_positionx": null, "auxiliary_storage_labeling_positiony": null, "auxiliary_storage_labeling_show": null, "length": 694.49927210668773 }, "geometry": { "type": "LineString", "coordinates": [ [ -104.8906612, 38.8688981 ], [ -104.8906783, 38.8689649 ], [ -104.8907298, 38.8690651 ], [ -104.8908157, 38.8692188 ], [ -104.8908757, 38.8693592 ], [ -104.8908672, 38.8694193 ], [ -104.8908242, 38.8694728 ], [ -104.8907642, 38.8695396 ], [ -104.890747, 38.8696131 ], [ -104.8907727, 38.8697133 ], [ -104.8907985, 38.8697668 ], [ -104.8908586, 38.8697868 ], [ -104.8909272, 38.8698002 ], [ -104.8910131, 38.869867 ], [ -104.8910388, 38.8699405 ], [ -104.8910388, 38.8700408 ], [ -104.8910989, 38.870141 ], [ -104.8911418, 38.8702078 ], [ -104.8911332, 38.8703214 ], [ -104.8911761, 38.8703816 ], [ -104.8912534, 38.8704618 ], [ -104.8913221, 38.8704952 ], [ -104.8913821, 38.870542 ] ] } },
{ "type": "Feature", "properties": { "fid": 293, "full_id": "w51024505", "osm_id": "51024505", "osm_type": "way", "highway": "footway", "name": "", "tiger:cfcc": "", "tiger:county": "", "tiger:reviewed": "", "cycleway": "", "oneway": "", "tiger:name_base": "", "tiger:name_type": "", "service": "", "access": "", "alt_name": "", "ref": "", "surface": "paved", "tiger:name_direction_prefix": "", "cycleway:both": "", "maxspeed:type": "", "sidewalk": "", "sidewalk:both:bicycle": "", "lanes": "", "bicycle": "", "foot": "designated", "old_railway_operator": "", "segregated": "", "bridge": "", "layer": "", "tiger:separated": "", "tiger:source": "", "tiger:tlid": "", "maxspeed": "", "name_1": "", "tiger:name_base_1": "", "tiger:name_type_1": "", "cycleway:right": "", "route": "", "tracktype": "", "horse": "", "motor_vehicle": "", "railway": "", "tiger:name_base_2": "", "tiger:zip_right": "", "name_2": "", "destination": "", "destination:ref": "", "alt_name_1": "", "parking:lane:both": "", "mtb:scale": "", "old_ref": "", "NHS": "", "hgv": "", "hgv:national_network": "", "source:hgv:national_network": "", "sac_scale": "hiking", "description": "", "website": "", "trail_visibility": "", "mtb:scale:imba": "", "admin_level": "", "border_type": "", "boundary": "", "is_in:country": "", "is_in:country_code": "", "is_in:iso_3166_2": "", "is_in:state": "", "tiger:CLASSFP": "", "tiger:CPI": "", "tiger:FUNCSTAT": "", "tiger:LSAD": "", "tiger:MTFCC": "", "tiger:NAME": "", "tiger:NAMELSAD": "", "tiger:PCICBSA": "", "tiger:PCINECTA": "", "tiger:PLACEFP": "", "tiger:PLACENS": "", "tiger:PLCIDFP": "", "tiger:STATEFP": "", "wikidata": "", "wikipedia": "", "tunnel": "", "lit": "", "width": "", "waterway": "", "barrier": "", "fence_type": "", "junction": "", "shoulder": "", "lanes:backward": "", "lanes:forward": "", "turn:lanes:backward": "", "intermittent": "", "natural": "", "seasonal": "", "footway": "", "crossing": "", "tiger:name_base_3": "", "tiger:name_direction_prefix_3": "", "turn:lanes:forward": "", "turn:lanes": "", "lanes:both_ways": "", "turn:lanes:both_ways": "", "golf": "", "golf_cart": "", "power": "", "disused:highway": "", "tourism": "", "auxiliary_storage_labeling_positionx": null, "auxiliary_storage_labeling_positiony": null, "auxiliary_storage_labeling_show": null, "length": 114.2233837293691 }, "geometry": { "type": "LineString", "coordinates": [ [ -104.8809102, 38.8783556 ], [ -104.8808107, 38.8783528 ], [ -104.8807248, 38.8783445 ], [ -104.8806632, 38.8783236 ], [ -104.8806417, 38.8783027 ], [ -104.8806605, 38.8782797 ], [ -104.8807076, 38.8782304 ] ] } },
{ "type": "Feature", "properties": { "fid": 297, "full_id": "w51024630", "osm_id": "51024630", "osm_type": "way", "highway": "path", "name": "", "tiger:cfcc": "", "tiger:county": "", "tiger:reviewed": "", "cycleway": "", "oneway": "", "tiger:name_base": "", "tiger:name_type": "", "service": "", "access": "", "alt_name": "", "ref": "", "surface": "unpaved", "tiger:name_direction_prefix": "", "cycleway:both": "", "maxspeed:type": "", "sidewalk": "", "sidewalk:both:bicycle": "", "lanes": "", "bicycle": "no", "foot": "designated", "old_railway_operator": "", "segregated": "", "bridge": "", "layer": "", "tiger:separated": "", "tiger:source": "", "tiger:tlid": "", "maxspeed": "", "name_1": "", "tiger:name_base_1": "", "tiger:name_type_1": "", "cycleway:right": "", "route": "", "tracktype": "", "horse": "designated", "motor_vehicle": "", "railway": "", "tiger:name_base_2": "", "tiger:zip_right": "", "name_2": "", "destination": "", "destination:ref": "", "alt_name_1": "", "parking:lane:both": "", "mtb:scale": "", "old_ref": "", "NHS": "", "hgv": "", "hgv:national_network": "", "source:hgv:national_network": "", "sac_scale": "hiking", "description": "", "website": "", "trail_visibility": "", "mtb:scale:imba": "", "admin_level": "", "border_type": "", "boundary": "", "is_in:country": "", "is_in:country_code": "", "is_in:iso_3166_2": "", "is_in:state": "", "tiger:CLASSFP": "", "tiger:CPI": "", "tiger:FUNCSTAT": "", "tiger:LSAD": "", "tiger:MTFCC": "", "tiger:NAME": "", "tiger:NAMELSAD": "", "tiger:PCICBSA": "", "tiger:PCINECTA": "", "tiger:PLACEFP": "", "tiger:PLACENS": "", "tiger:PLCIDFP": "", "tiger:STATEFP": "", "wikidata": "", "wikipedia": "", "tunnel": "", "lit": "", "width": "", "waterway": "", "barrier": "", "fence_type": "", "junction": "", "shoulder": "", "lanes:backward": "", "lanes:forward": "", "turn:lanes:backward": "", "intermittent": "", "natural": "", "seasonal": "", "footway": "", "crossing": "", "tiger:name_base_3": "", "tiger:name_direction_prefix_3": "", "turn:lanes:forward": "", "turn:lanes": "", "lanes:both_ways": "", "turn:lanes:both_ways": "", "golf": "", "golf_cart": "", "power": "", "disused:highway": "", "tourism": "", "auxiliary_storage_labeling_positionx": null, "auxiliary_storage_labeling_positiony": null, "auxiliary_storage_labeling_show": null, "length": 48.098297581841081 }, "geometry": { "type": "LineString", "coordinates": [ [ -104.8854697, 38.8724288 ], [ -104.8853785, 38.8724079 ], [ -104.8853048, 38.8724121 ] ] } },
{ "type": "Feature", "properties": { "fid": 298, "full_id": "w51030604", "osm_id": "51030604", "osm_type": "way", "highway": "path", "name": "Palmer Trail", "tiger:cfcc": "", "tiger:county": "", "tiger:reviewed": "", "cycleway": "", "oneway": "", "tiger:name_base": "", "tiger:name_type": "", "service": "", "access": "", "alt_name": "", "ref": "", "surface": "unpaved", "tiger:name_direction_prefix": "", "cycleway:both": "", "maxspeed:type": "", "sidewalk": "", "sidewalk:both:bicycle": "", "lanes": "", "bicycle": "no", "foot": "designated", "old_railway_operator": "", "segregated": "", "bridge": "", "layer": "", "tiger:separated": "", "tiger:source": "", "tiger:tlid": "", "maxspeed": "", "name_1": "", "tiger:name_base_1": "", "tiger:name_type_1": "", "cycleway:right": "", "route": "", "tracktype": "", "horse": "designated", "motor_vehicle": "", "railway": "", "tiger:name_base_2": "", "tiger:zip_right": "", "name_2": "", "destination": "", "destination:ref": "", "alt_name_1": "", "parking:lane:both": "", "mtb:scale": "", "old_ref": "", "NHS": "", "hgv": "", "hgv:national_network": "", "source:hgv:national_network": "", "sac_scale": "hiking", "description": "", "website": "", "trail_visibility": "", "mtb:scale:imba": "", "admin_level": "", "border_type": "", "boundary": "", "is_in:country": "", "is_in:country_code": "", "is_in:iso_3166_2": "", "is_in:state": "", "tiger:CLASSFP": "", "tiger:CPI": "", "tiger:FUNCSTAT": "", "tiger:LSAD": "", "tiger:MTFCC": "", "tiger:NAME": "", "tiger:NAMELSAD": "", "tiger:PCICBSA": "", "tiger:PCINECTA": "", "tiger:PLACEFP": "", "tiger:PLACENS": "", "tiger:PLCIDFP": "", "tiger:STATEFP": "", "wikidata": "", "wikipedia": "", "tunnel": "", "lit": "", "width": "", "waterway": "", "barrier": "", "fence_type": "", "junction": "", "shoulder": "", "lanes:backward": "", "lanes:forward": "", "turn:lanes:backward": "", "intermittent": "", "natural": "", "seasonal": "", "footway": "", "crossing": "", "tiger:name_base_3": "", "tiger:name_direction_prefix_3": "", "turn:lanes:forward": "", "turn:lanes": "", "lanes:both_ways": "", "turn:lanes:both_ways": "", "golf": "", "golf_cart": "", "power": "", "disused:highway": "", "tourism": "", "auxiliary_storage_labeling_positionx": -104.88473194795044, "auxiliary_storage_labeling_positiony": 38.876446583889923, "auxiliary_storage_labeling_show": null, "length": 4315.2401945756028 }, "geometry": { "type": "LineString", "coordinates": [ [ -104.8839307, 38.8762837 ], [ -104.8839489, 38.8763733 ], [ -104.8840105, 38.876461 ], [ -104.8840374, 38.8765174 ], [ -104.8840266, 38.8766009 ], [ -104.8840374, 38.8766552 ], [ -104.8840964, 38.876722 ], [ -104.8841688, 38.8768056 ], [ -104.8842466, 38.8768724 ], [ -104.8842734, 38.8769977 ], [ -104.8842412, 38.877054 ], [ -104.8842332, 38.877148 ], [ -104.8842311, 38.8772192 ], [ -104.8842387, 38.8772359 ], [ -104.8842826, 38.8773328 ], [ -104.8843942, 38.8774531 ], [ -104.8845401, 38.8774932 ], [ -104.884606, 38.8775823 ], [ -104.8845684, 38.8777932 ], [ -104.8845524, 38.8779519 ], [ -104.8846704, 38.8781315 ], [ -104.8847723, 38.8783361 ], [ -104.8847482, 38.8784906 ], [ -104.8847535, 38.8786639 ], [ -104.8846757, 38.8789709 ], [ -104.8845524, 38.8792193 ], [ -104.8845336, 38.8794094 ], [ -104.884614, 38.8796453 ], [ -104.8847267, 38.8798165 ], [ -104.8848259, 38.8798959 ], [ -104.8847589, 38.8800337 ], [ -104.8847267, 38.8801965 ], [ -104.8846328, 38.8803594 ], [ -104.8846301, 38.8804972 ], [ -104.8846731, 38.8806371 ], [ -104.8846945, 38.8807519 ], [ -104.8846436, 38.8808459 ], [ -104.8846757, 38.8809232 ], [ -104.8848608, 38.8810484 ], [ -104.8849413, 38.881134 ], [ -104.884832, 38.8815623 ], [ -104.8846775, 38.8815222 ], [ -104.8845315, 38.881422 ], [ -104.88442, 38.8813217 ], [ -104.8842655, 38.8812349 ], [ -104.884111, 38.8811547 ], [ -104.8838878, 38.8811213 ], [ -104.8837848, 38.881148 ], [ -104.8836732, 38.8812816 ], [ -104.8835788, 38.8813752 ], [ -104.8834072, 38.8814955 ], [ -104.8832698, 38.8815756 ], [ -104.8832612, 38.881756 ], [ -104.8832355, 38.8818362 ], [ -104.8833642, 38.8821502 ], [ -104.8833986, 38.8822638 ], [ -104.8833557, 38.8823507 ], [ -104.8833642, 38.8823974 ], [ -104.8833385, 38.8824309 ], [ -104.8832612, 38.8825845 ], [ -104.8832784, 38.8826647 ], [ -104.8832527, 38.8827516 ], [ -104.8831926, 38.8827983 ], [ -104.8831411, 38.8828117 ], [ -104.8830638, 38.882785 ], [ -104.8828922, 38.8828384 ], [ -104.8828321, 38.8828184 ], [ -104.8827806, 38.8828451 ], [ -104.8826776, 38.8828585 ], [ -104.8825832, 38.8828384 ], [ -104.882463, 38.8828585 ], [ -104.8823343, 38.8828518 ], [ -104.8822656, 38.8828317 ], [ -104.8821111, 38.8828117 ], [ -104.8818965, 38.8827582 ], [ -104.8817335, 38.8826847 ], [ -104.881579, 38.8825645 ], [ -104.8815532, 38.8824843 ], [ -104.8815961, 38.8824442 ], [ -104.8817935, 38.882324 ], [ -104.8818193, 38.8822438 ], [ -104.8817935, 38.882177 ], [ -104.8817764, 38.8820767 ], [ -104.8816991, 38.8820099 ], [ -104.8816047, 38.8819966 ], [ -104.8815189, 38.8820233 ], [ -104.8813558, 38.8820567 ], [ -104.8812013, 38.8820634 ], [ -104.8811241, 38.88205 ], [ -104.8810297, 38.8820032 ], [ -104.8809782, 38.8819431 ], [ -104.880858, 38.881883 ], [ -104.8807636, 38.8818028 ], [ -104.8807035, 38.881736 ], [ -104.8805833, 38.8817026 ], [ -104.8804803, 38.8817026 ], [ -104.8803945, 38.8816558 ] ] } },
{ "type": "Feature", "properties": { "fid": 299, "full_id": "w51030796", "osm_id": "51030796", "osm_type": "way", "highway": "path", "name": "", "tiger:cfcc": "", "tiger:county": "", "tiger:reviewed": "", "cycleway": "", "oneway": "", "tiger:name_base": "", "tiger:name_type": "", "service": "", "access": "", "alt_name": "", "ref": "", "surface": "", "tiger:name_direction_prefix": "", "cycleway:both": "", "maxspeed:type": "", "sidewalk": "", "sidewalk:both:bicycle": "", "lanes": "", "bicycle": "", "foot": "designated", "old_railway_operator": "", "segregated": "", "bridge": "", "layer": "", "tiger:separated": "", "tiger:source": "", "tiger:tlid": "", "maxspeed": "", "name_1": "", "tiger:name_base_1": "", "tiger:name_type_1": "", "cycleway:right": "", "route": "", "tracktype": "", "horse": "", "motor_vehicle": "", "railway": "", "tiger:name_base_2": "", "tiger:zip_right": "", "name_2": "", "destination": "", "destination:ref": "", "alt_name_1": "", "parking:lane:both": "", "mtb:scale": "", "old_ref": "", "NHS": "", "hgv": "", "hgv:national_network": "", "source:hgv:national_network": "", "sac_scale": "", "description": "", "website": "", "trail_visibility": "", "mtb:scale:imba": "", "admin_level": "", "border_type": "", "boundary": "", "is_in:country": "", "is_in:country_code": "", "is_in:iso_3166_2": "", "is_in:state": "", "tiger:CLASSFP": "", "tiger:CPI": "", "tiger:FUNCSTAT": "", "tiger:LSAD": "", "tiger:MTFCC": "", "tiger:NAME": "", "tiger:NAMELSAD": "", "tiger:PCICBSA": "", "tiger:PCINECTA": "", "tiger:PLACEFP": "", "tiger:PLACENS": "", "tiger:PLCIDFP": "", "tiger:STATEFP": "", "wikidata": "", "wikipedia": "", "tunnel": "", "lit": "", "width": "", "waterway": "", "barrier": "", "fence_type": "", "junction": "", "shoulder": "", "lanes:backward": "", "lanes:forward": "", "turn:lanes:backward": "", "intermittent": "", "natural": "", "seasonal": "", "footway": "", "crossing": "", "tiger:name_base_3": "", "tiger:name_direction_prefix_3": "", "turn:lanes:forward": "", "turn:lanes": "", "lanes:both_ways": "", "turn:lanes:both_ways": "", "golf": "", "golf_cart": "", "power": "", "disused:highway": "", "tourism": "", "auxiliary_storage_labeling_positionx": null, "auxiliary_storage_labeling_positiony": null, "auxiliary_storage_labeling_show": null, "length": 52.559041141910711 }, "geometry": { "type": "LineString", "coordinates": [ [ -104.88501, 38.8721997 ], [ -104.8851821, 38.8722519 ] ] } },
{ "type": "Feature", "properties": { "fid": 300, "full_id": "w51030797", "osm_id": "51030797", "osm_type": "way", "highway": "path", "name": "", "tiger:cfcc": "", "tiger:county": "", "tiger:reviewed": "", "cycleway": "", "oneway": "", "tiger:name_base": "", "tiger:name_type": "", "service": "", "access": "", "alt_name": "", "ref": "", "surface": "", "tiger:name_direction_prefix": "", "cycleway:both": "", "maxspeed:type": "", "sidewalk": "", "sidewalk:both:bicycle": "", "lanes": "", "bicycle": "no", "foot": "designated", "old_railway_operator": "", "segregated": "", "bridge": "yes", "layer": "1", "tiger:separated": "", "tiger:source": "", "tiger:tlid": "", "maxspeed": "", "name_1": "", "tiger:name_base_1": "", "tiger:name_type_1": "", "cycleway:right": "", "route": "", "tracktype": "", "horse": "", "motor_vehicle": "", "railway": "", "tiger:name_base_2": "", "tiger:zip_right": "", "name_2": "", "destination": "", "destination:ref": "", "alt_name_1": "", "parking:lane:both": "", "mtb:scale": "", "old_ref": "", "NHS": "", "hgv": "", "hgv:national_network": "", "source:hgv:national_network": "", "sac_scale": "", "description": "", "website": "", "trail_visibility": "", "mtb:scale:imba": "", "admin_level": "", "border_type": "", "boundary": "", "is_in:country": "", "is_in:country_code": "", "is_in:iso_3166_2": "", "is_in:state": "", "tiger:CLASSFP": "", "tiger:CPI": "", "tiger:FUNCSTAT": "", "tiger:LSAD": "", "tiger:MTFCC": "", "tiger:NAME": "", "tiger:NAMELSAD": "", "tiger:PCICBSA": "", "tiger:PCINECTA": "", "tiger:PLACEFP": "", "tiger:PLACENS": "", "tiger:PLCIDFP": "", "tiger:STATEFP": "", "wikidata": "", "wikipedia": "", "tunnel": "", "lit": "", "width": "", "waterway": "", "barrier": "", "fence_type": "", "junction": "", "shoulder": "", "lanes:backward": "", "lanes:forward": "", "turn:lanes:backward": "", "intermittent": "", "natural": "", "seasonal": "", "footway": "", "crossing": "", "tiger:name_base_3": "", "tiger:name_direction_prefix_3": "", "turn:lanes:forward": "", "turn:lanes": "", "lanes:both_ways": "", "turn:lanes:both_ways": "", "golf": "", "golf_cart": "", "power": "", "disused:highway": "", "tourism": "", "auxiliary_storage_labeling_positionx": null, "auxiliary_storage_labeling_positiony": null, "auxiliary_storage_labeling_show": null, "length": 22.439427632525749 }, "geometry": { "type": "LineString", "coordinates": [ [ -104.884936, 38.8721785 ], [ -104.88501, 38.8721997 ] ] } },
{ "type": "Feature", "properties": { "fid": 305, "full_id": "w57384640", "osm_id": "57384640", "osm_type": "way", "highway": "path", "name": "", "tiger:cfcc": "", "tiger:county": "", "tiger:reviewed": "", "cycleway": "", "oneway": "", "tiger:name_base": "", "tiger:name_type": "", "service": "", "access": "", "alt_name": "", "ref": "", "surface": "ground", "tiger:name_direction_prefix": "", "cycleway:both": "", "maxspeed:type": "", "sidewalk": "", "sidewalk:both:bicycle": "", "lanes": "", "bicycle": "no", "foot": "designated", "old_railway_operator": "", "segregated": "", "bridge": "", "layer": "", "tiger:separated": "", "tiger:source": "", "tiger:tlid": "", "maxspeed": "", "name_1": "", "tiger:name_base_1": "", "tiger:name_type_1": "", "cycleway:right": "", "route": "", "tracktype": "", "horse": "designated", "motor_vehicle": "", "railway": "", "tiger:name_base_2": "", "tiger:zip_right": "", "name_2": "", "destination": "", "destination:ref": "", "alt_name_1": "", "parking:lane:both": "", "mtb:scale": "", "old_ref": "", "NHS": "", "hgv": "", "hgv:national_network": "", "source:hgv:national_network": "", "sac_scale": "", "description": "", "website": "", "trail_visibility": "", "mtb:scale:imba": "", "admin_level": "", "border_type": "", "boundary": "", "is_in:country": "", "is_in:country_code": "", "is_in:iso_3166_2": "", "is_in:state": "", "tiger:CLASSFP": "", "tiger:CPI": "", "tiger:FUNCSTAT": "", "tiger:LSAD": "", "tiger:MTFCC": "", "tiger:NAME": "", "tiger:NAMELSAD": "", "tiger:PCICBSA": "", "tiger:PCINECTA": "", "tiger:PLACEFP": "", "tiger:PLACENS": "", "tiger:PLCIDFP": "", "tiger:STATEFP": "", "wikidata": "", "wikipedia": "", "tunnel": "", "lit": "", "width": "", "waterway": "", "barrier": "", "fence_type": "", "junction": "", "shoulder": "", "lanes:backward": "", "lanes:forward": "", "turn:lanes:backward": "", "intermittent": "", "natural": "", "seasonal": "", "footway": "", "crossing": "", "tiger:name_base_3": "", "tiger:name_direction_prefix_3": "", "turn:lanes:forward": "", "turn:lanes": "", "lanes:both_ways": "", "turn:lanes:both_ways": "", "golf": "", "golf_cart": "", "power": "", "disused:highway": "", "tourism": "", "auxiliary_storage_labeling_positionx": null, "auxiliary_storage_labeling_positiony": null, "auxiliary_storage_labeling_show": null, "length": 49.20815906293064 }, "geometry": { "type": "LineString", "coordinates": [ [ -104.8913201, 38.8676898 ], [ -104.8911833, 38.8676898 ], [ -104.8911474, 38.8676921 ] ] } },
{ "type": "Feature", "properties": { "fid": 306, "full_id": "w57384641", "osm_id": "57384641", "osm_type": "way", "highway": "path", "name": "", "tiger:cfcc": "", "tiger:county": "", "tiger:reviewed": "", "cycleway": "", "oneway": "", "tiger:name_base": "", "tiger:name_type": "", "service": "", "access": "", "alt_name": "", "ref": "", "surface": "ground", "tiger:name_direction_prefix": "", "cycleway:both": "", "maxspeed:type": "", "sidewalk": "", "sidewalk:both:bicycle": "", "lanes": "", "bicycle": "no", "foot": "designated", "old_railway_operator": "", "segregated": "", "bridge": "yes", "layer": "", "tiger:separated": "", "tiger:source": "", "tiger:tlid": "", "maxspeed": "", "name_1": "", "tiger:name_base_1": "", "tiger:name_type_1": "", "cycleway:right": "", "route": "", "tracktype": "", "horse": "designated", "motor_vehicle": "", "railway": "", "tiger:name_base_2": "", "tiger:zip_right": "", "name_2": "", "destination": "", "destination:ref": "", "alt_name_1": "", "parking:lane:both": "", "mtb:scale": "", "old_ref": "", "NHS": "", "hgv": "", "hgv:national_network": "", "source:hgv:national_network": "", "sac_scale": "", "description": "", "website": "", "trail_visibility": "", "mtb:scale:imba": "", "admin_level": "", "border_type": "", "boundary": "", "is_in:country": "", "is_in:country_code": "", "is_in:iso_3166_2": "", "is_in:state": "", "tiger:CLASSFP": "", "tiger:CPI": "", "tiger:FUNCSTAT": "", "tiger:LSAD": "", "tiger:MTFCC": "", "tiger:NAME": "", "tiger:NAMELSAD": "", "tiger:PCICBSA": "", "tiger:PCINECTA": "", "tiger:PLACEFP": "", "tiger:PLACENS": "", "tiger:PLCIDFP": "", "tiger:STATEFP": "", "wikidata": "", "wikipedia": "", "tunnel": "", "lit": "", "width": "", "waterway": "", "barrier": "", "fence_type": "", "junction": "", "shoulder": "", "lanes:backward": "", "lanes:forward": "", "turn:lanes:backward": "", "intermittent": "", "natural": "", "seasonal": "", "footway": "", "crossing": "", "tiger:name_base_3": "", "tiger:name_direction_prefix_3": "", "turn:lanes:forward": "", "turn:lanes": "", "lanes:both_ways": "", "turn:lanes:both_ways": "", "golf": "", "golf_cart": "", "power": "", "disused:highway": "", "tourism": "", "auxiliary_storage_labeling_positionx": null, "auxiliary_storage_labeling_positiony": null, "auxiliary_storage_labeling_show": null, "length": 22.152453947658767 }, "geometry": { "type": "LineString", "coordinates": [ [ -104.8913201, 38.8676898 ], [ -104.8913979, 38.8676898 ] ] } },
{ "type": "Feature", "properties": { "fid": 307, "full_id": "w57384642", "osm_id": "57384642", "osm_type": "way", "highway": "path", "name": "Cabin Canyon Trail", "tiger:cfcc": "", "tiger:county": "", "tiger:reviewed": "", "cycleway": "", "oneway": "", "tiger:name_base": "", "tiger:name_type": "", "service": "", "access": "", "alt_name": "", "ref": "", "surface": "ground", "tiger:name_direction_prefix": "", "cycleway:both": "", "maxspeed:type": "", "sidewalk": "", "sidewalk:both:bicycle": "", "lanes": "", "bicycle": "no", "foot": "designated", "old_railway_operator": "", "segregated": "", "bridge": "", "layer": "", "tiger:separated": "", "tiger:source": "", "tiger:tlid": "", "maxspeed": "", "name_1": "", "tiger:name_base_1": "", "tiger:name_type_1": "", "cycleway:right": "", "route": "", "tracktype": "", "horse": "designated", "motor_vehicle": "", "railway": "", "tiger:name_base_2": "", "tiger:zip_right": "", "name_2": "", "destination": "", "destination:ref": "", "alt_name_1": "", "parking:lane:both": "", "mtb:scale": "", "old_ref": "", "NHS": "", "hgv": "", "hgv:national_network": "", "source:hgv:national_network": "", "sac_scale": "", "description": "", "website": "", "trail_visibility": "intermediate", "mtb:scale:imba": "", "admin_level": "", "border_type": "", "boundary": "", "is_in:country": "", "is_in:country_code": "", "is_in:iso_3166_2": "", "is_in:state": "", "tiger:CLASSFP": "", "tiger:CPI": "", "tiger:FUNCSTAT": "", "tiger:LSAD": "", "tiger:MTFCC": "", "tiger:NAME": "", "tiger:NAMELSAD": "", "tiger:PCICBSA": "", "tiger:PCINECTA": "", "tiger:PLACEFP": "", "tiger:PLACENS": "", "tiger:PLCIDFP": "", "tiger:STATEFP": "", "wikidata": "", "wikipedia": "", "tunnel": "", "lit": "", "width": "", "waterway": "", "barrier": "", "fence_type": "", "junction": "", "shoulder": "", "lanes:backward": "", "lanes:forward": "", "turn:lanes:backward": "", "intermittent": "", "natural": "", "seasonal": "", "footway": "", "crossing": "", "tiger:name_base_3": "", "tiger:name_direction_prefix_3": "", "turn:lanes:forward": "", "turn:lanes": "", "lanes:both_ways": "", "turn:lanes:both_ways": "", "golf": "", "golf_cart": "", "power": "", "disused:highway": "", "tourism": "", "auxiliary_storage_labeling_positionx": -104.89208244976791, "auxiliary_storage_labeling_positiony": 38.867833459076358, "auxiliary_storage_labeling_show": null, "length": 897.45403943305394 }, "geometry": { "type": "LineString", "coordinates": [ [ -104.8913979, 38.8676898 ], [ -104.8914569, 38.8676543 ], [ -104.8915213, 38.8676376 ], [ -104.891591, 38.8676355 ], [ -104.8916634, 38.8676668 ], [ -104.8917868, 38.8677149 ], [ -104.8918217, 38.8677504 ], [ -104.8919585, 38.8678235 ], [ -104.8920497, 38.8678068 ], [ -104.8921006, 38.8677817 ], [ -104.8921409, 38.8677525 ], [ -104.8921409, 38.8677086 ], [ -104.8921489, 38.867623 ], [ -104.8921388, 38.8675667 ], [ -104.8920985, 38.8674832 ], [ -104.8921334, 38.8674206 ], [ -104.8922675, 38.8673851 ], [ -104.8923694, 38.8672932 ], [ -104.8924955, 38.8672243 ], [ -104.8925706, 38.8671616 ], [ -104.892584, 38.8670864 ], [ -104.8925679, 38.8669089 ], [ -104.8925867, 38.86684 ], [ -104.8926216, 38.8667627 ], [ -104.8927423, 38.8667544 ], [ -104.89293, 38.8667293 ], [ -104.8930829, 38.8666917 ], [ -104.893209, 38.866627 ], [ -104.8933404, 38.866581 ] ] } },
{ "type": "Feature", "properties": { "fid": 310, "full_id": "w57731033", "osm_id": "57731033", "osm_type": "way", "highway": "path", "name": "Niobrara Trail", "tiger:cfcc": "", "tiger:county": "", "tiger:reviewed": "", "cycleway": "", "oneway": "", "tiger:name_base": "", "tiger:name_type": "", "service": "", "access": "", "alt_name": "", "ref": "", "surface": "ground", "tiger:name_direction_prefix": "", "cycleway:both": "", "maxspeed:type": "", "sidewalk": "", "sidewalk:both:bicycle": "", "lanes": "", "bicycle": "no", "foot": "designated", "old_railway_operator": "", "segregated": "", "bridge": "", "layer": "", "tiger:separated": "", "tiger:source": "", "tiger:tlid": "", "maxspeed": "", "name_1": "", "tiger:name_base_1": "", "tiger:name_type_1": "", "cycleway:right": "", "route": "", "tracktype": "", "horse": "", "motor_vehicle": "", "railway": "", "tiger:name_base_2": "", "tiger:zip_right": "", "name_2": "", "destination": "", "destination:ref": "", "alt_name_1": "", "parking:lane:both": "", "mtb:scale": "", "old_ref": "", "NHS": "", "hgv": "", "hgv:national_network": "", "source:hgv:national_network": "", "sac_scale": "hiking", "description": "", "website": "", "trail_visibility": "", "mtb:scale:imba": "", "admin_level": "", "border_type": "", "boundary": "", "is_in:country": "", "is_in:country_code": "", "is_in:iso_3166_2": "", "is_in:state": "", "tiger:CLASSFP": "", "tiger:CPI": "", "tiger:FUNCSTAT": "", "tiger:LSAD": "", "tiger:MTFCC": "", "tiger:NAME": "", "tiger:NAMELSAD": "", "tiger:PCICBSA": "", "tiger:PCINECTA": "", "tiger:PLACEFP": "", "tiger:PLACENS": "", "tiger:PLCIDFP": "", "tiger:STATEFP": "", "wikidata": "", "wikipedia": "", "tunnel": "", "lit": "", "width": "", "waterway": "", "barrier": "", "fence_type": "", "junction": "", "shoulder": "", "lanes:backward": "", "lanes:forward": "", "turn:lanes:backward": "", "intermittent": "", "natural": "", "seasonal": "", "footway": "", "crossing": "", "tiger:name_base_3": "", "tiger:name_direction_prefix_3": "", "turn:lanes:forward": "", "turn:lanes": "", "lanes:both_ways": "", "turn:lanes:both_ways": "", "golf": "", "golf_cart": "", "power": "", "disused:highway": "", "tourism": "", "auxiliary_storage_labeling_positionx": -104.87879520191407, "auxiliary_storage_labeling_positiony": 38.866381985770701, "auxiliary_storage_labeling_show": 0, "length": 982.13862707912949 }, "geometry": { "type": "LineString", "coordinates": [ [ -104.8794469, 38.8678583 ], [ -104.8793494, 38.8678298 ], [ -104.8792762, 38.8678013 ], [ -104.879264, 38.8677475 ], [ -104.8792965, 38.8677032 ], [ -104.8792843, 38.8676367 ], [ -104.8792925, 38.8675671 ], [ -104.8792193, 38.867507 ], [ -104.8791705, 38.8674658 ], [ -104.8791258, 38.8674215 ], [ -104.8790567, 38.8673835 ], [ -104.8789795, 38.867351 ], [ -104.8788775, 38.8672904 ], [ -104.8788239, 38.8672779 ], [ -104.8787783, 38.8672486 ], [ -104.8787515, 38.867209 ], [ -104.8786871, 38.8671588 ], [ -104.8785771, 38.8671066 ], [ -104.878542, 38.8670989 ], [ -104.8784913, 38.8670878 ], [ -104.8783974, 38.8670711 ], [ -104.8783223, 38.8670461 ], [ -104.8782526, 38.8670043 ], [ -104.8781721, 38.8669354 ], [ -104.8781158, 38.8668832 ], [ -104.8780917, 38.8668122 ], [ -104.8780541, 38.8667558 ], [ -104.8780031, 38.8667077 ], [ -104.877971, 38.8666597 ], [ -104.8779012, 38.8666012 ], [ -104.8777081, 38.8664718 ], [ -104.8775525, 38.8663694 ], [ -104.8773675, 38.8662525 ], [ -104.8771556, 38.8661251 ], [ -104.8771202, 38.866088 ] ] } },
{ "type": "Feature", "properties": { "fid": 311, "full_id": "w57731034", "osm_id": "57731034", "osm_type": "way", "highway": "path", "name": "", "tiger:cfcc": "", "tiger:county": "", "tiger:reviewed": "", "cycleway": "", "oneway": "", "tiger:name_base": "", "tiger:name_type": "", "service": "", "access": "", "alt_name": "", "ref": "", "surface": "", "tiger:name_direction_prefix": "", "cycleway:both": "", "maxspeed:type": "", "sidewalk": "", "sidewalk:both:bicycle": "", "lanes": "", "bicycle": "designated", "foot": "designated", "old_railway_operator": "", "segregated": "", "bridge": "", "layer": "", "tiger:separated": "", "tiger:source": "", "tiger:tlid": "", "maxspeed": "", "name_1": "", "tiger:name_base_1": "", "tiger:name_type_1": "", "cycleway:right": "", "route": "", "tracktype": "", "horse": "", "motor_vehicle": "", "railway": "", "tiger:name_base_2": "", "tiger:zip_right": "", "name_2": "", "destination": "", "destination:ref": "", "alt_name_1": "", "parking:lane:both": "", "mtb:scale": "", "old_ref": "", "NHS": "", "hgv": "", "hgv:national_network": "", "source:hgv:national_network": "", "sac_scale": "", "description": "", "website": "", "trail_visibility": "", "mtb:scale:imba": "", "admin_level": "", "border_type": "", "boundary": "", "is_in:country": "", "is_in:country_code": "", "is_in:iso_3166_2": "", "is_in:state": "", "tiger:CLASSFP": "", "tiger:CPI": "", "tiger:FUNCSTAT": "", "tiger:LSAD": "", "tiger:MTFCC": "", "tiger:NAME": "", "tiger:NAMELSAD": "", "tiger:PCICBSA": "", "tiger:PCINECTA": "", "tiger:PLACEFP": "", "tiger:PLACENS": "", "tiger:PLCIDFP": "", "tiger:STATEFP": "", "wikidata": "", "wikipedia": "", "tunnel": "", "lit": "", "width": "", "waterway": "", "barrier": "", "fence_type": "", "junction": "", "shoulder": "", "lanes:backward": "", "lanes:forward": "", "turn:lanes:backward": "", "intermittent": "", "natural": "", "seasonal": "", "footway": "", "crossing": "", "tiger:name_base_3": "", "tiger:name_direction_prefix_3": "", "turn:lanes:forward": "", "turn:lanes": "", "lanes:both_ways": "", "turn:lanes:both_ways": "", "golf": "", "golf_cart": "", "power": "", "disused:highway": "", "tourism": "", "auxiliary_storage_labeling_positionx": null, "auxiliary_storage_labeling_positiony": null, "auxiliary_storage_labeling_show": null, "length": 86.445227888452706 }, "geometry": { "type": "LineString", "coordinates": [ [ -104.877412, 38.8669701 ], [ -104.877338, 38.8668372 ], [ -104.8773004, 38.8667496 ] ] } },
{ "type": "Feature", "properties": { "fid": 312, "full_id": "w57731035", "osm_id": "57731035", "osm_type": "way", "highway": "path", "name": "", "tiger:cfcc": "", "tiger:county": "", "tiger:reviewed": "", "cycleway": "", "oneway": "", "tiger:name_base": "", "tiger:name_type": "", "service": "", "access": "", "alt_name": "", "ref": "", "surface": "ground", "tiger:name_direction_prefix": "", "cycleway:both": "", "maxspeed:type": "", "sidewalk": "", "sidewalk:both:bicycle": "", "lanes": "", "bicycle": "designated", "foot": "designated", "old_railway_operator": "", "segregated": "", "bridge": "", "layer": "", "tiger:separated": "", "tiger:source": "", "tiger:tlid": "", "maxspeed": "", "name_1": "", "tiger:name_base_1": "", "tiger:name_type_1": "", "cycleway:right": "", "route": "", "tracktype": "", "horse": "", "motor_vehicle": "", "railway": "", "tiger:name_base_2": "", "tiger:zip_right": "", "name_2": "", "destination": "", "destination:ref": "", "alt_name_1": "", "parking:lane:both": "", "mtb:scale": "", "old_ref": "", "NHS": "", "hgv": "", "hgv:national_network": "", "source:hgv:national_network": "", "sac_scale": "hiking", "description": "", "website": "", "trail_visibility": "", "mtb:scale:imba": "", "admin_level": "", "border_type": "", "boundary": "", "is_in:country": "", "is_in:country_code": "", "is_in:iso_3166_2": "", "is_in:state": "", "tiger:CLASSFP": "", "tiger:CPI": "", "tiger:FUNCSTAT": "", "tiger:LSAD": "", "tiger:MTFCC": "", "tiger:NAME": "", "tiger:NAMELSAD": "", "tiger:PCICBSA": "", "tiger:PCINECTA": "", "tiger:PLACEFP": "", "tiger:PLACENS": "", "tiger:PLCIDFP": "", "tiger:STATEFP": "", "wikidata": "", "wikipedia": "", "tunnel": "", "lit": "", "width": "", "waterway": "", "barrier": "", "fence_type": "", "junction": "", "shoulder": "", "lanes:backward": "", "lanes:forward": "", "turn:lanes:backward": "", "intermittent": "", "natural": "", "seasonal": "", "footway": "", "crossing": "", "tiger:name_base_3": "", "tiger:name_direction_prefix_3": "", "turn:lanes:forward": "", "turn:lanes": "", "lanes:both_ways": "", "turn:lanes:both_ways": "", "golf": "", "golf_cart": "", "power": "", "disused:highway": "", "tourism": "", "auxiliary_storage_labeling_positionx": null, "auxiliary_storage_labeling_positiony": null, "auxiliary_storage_labeling_show": null, "length": 290.76089636480771 }, "geometry": { "type": "LineString", "coordinates": [ [ -104.878542, 38.8670989 ], [ -104.8784994, 38.8671296 ], [ -104.8784672, 38.8671714 ], [ -104.8784484, 38.8671881 ], [ -104.8783706, 38.8672027 ], [ -104.8782499, 38.8672319 ], [ -104.8780917, 38.8672695 ], [ -104.877928, 38.8673092 ], [ -104.8778261, 38.8673259 ], [ -104.8777537, 38.867305 ], [ -104.8776947, 38.8672988 ], [ -104.8776089, 38.8673155 ] ] } },
{ "type": "Feature", "properties": { "fid": 318, "full_id": "w58198705", "osm_id": "58198705", "osm_type": "way", "highway": "path", "name": "", "tiger:cfcc": "", "tiger:county": "", "tiger:reviewed": "", "cycleway": "", "oneway": "", "tiger:name_base": "", "tiger:name_type": "", "service": "", "access": "", "alt_name": "", "ref": "", "surface": "", "tiger:name_direction_prefix": "", "cycleway:both": "", "maxspeed:type": "", "sidewalk": "", "sidewalk:both:bicycle": "", "lanes": "", "bicycle": "", "foot": "designated", "old_railway_operator": "", "segregated": "", "bridge": "", "layer": "", "tiger:separated": "", "tiger:source": "", "tiger:tlid": "", "maxspeed": "", "name_1": "", "tiger:name_base_1": "", "tiger:name_type_1": "", "cycleway:right": "", "route": "", "tracktype": "", "horse": "", "motor_vehicle": "", "railway": "", "tiger:name_base_2": "", "tiger:zip_right": "", "name_2": "", "destination": "", "destination:ref": "", "alt_name_1": "", "parking:lane:both": "", "mtb:scale": "", "old_ref": "", "NHS": "", "hgv": "", "hgv:national_network": "", "source:hgv:national_network": "", "sac_scale": "", "description": "", "website": "", "trail_visibility": "", "mtb:scale:imba": "", "admin_level": "", "border_type": "", "boundary": "", "is_in:country": "", "is_in:country_code": "", "is_in:iso_3166_2": "", "is_in:state": "", "tiger:CLASSFP": "", "tiger:CPI": "", "tiger:FUNCSTAT": "", "tiger:LSAD": "", "tiger:MTFCC": "", "tiger:NAME": "", "tiger:NAMELSAD": "", "tiger:PCICBSA": "", "tiger:PCINECTA": "", "tiger:PLACEFP": "", "tiger:PLACENS": "", "tiger:PLCIDFP": "", "tiger:STATEFP": "", "wikidata": "", "wikipedia": "", "tunnel": "", "lit": "", "width": "", "waterway": "", "barrier": "", "fence_type": "", "junction": "", "shoulder": "", "lanes:backward": "", "lanes:forward": "", "turn:lanes:backward": "", "intermittent": "", "natural": "", "seasonal": "", "footway": "", "crossing": "", "tiger:name_base_3": "", "tiger:name_direction_prefix_3": "", "turn:lanes:forward": "", "turn:lanes": "", "lanes:both_ways": "", "turn:lanes:both_ways": "", "golf": "", "golf_cart": "", "power": "", "disused:highway": "", "tourism": "", "auxiliary_storage_labeling_positionx": null, "auxiliary_storage_labeling_positiony": null, "auxiliary_storage_labeling_show": null, "length": 142.3102971759223 }, "geometry": { "type": "LineString", "coordinates": [ [ -104.8901861, 38.8672953 ], [ -104.8900815, 38.867289 ], [ -104.8899984, 38.8672618 ], [ -104.8899662, 38.8671867 ], [ -104.8899542, 38.8670279 ] ] } },
{ "type": "Feature", "properties": { "fid": 320, "full_id": "w58198707", "osm_id": "58198707", "osm_type": "way", "highway": "path", "name": "Cabin Canyon Trail", "tiger:cfcc": "", "tiger:county": "", "tiger:reviewed": "", "cycleway": "", "oneway": "", "tiger:name_base": "", "tiger:name_type": "", "service": "", "access": "", "alt_name": "", "ref": "", "surface": "ground", "tiger:name_direction_prefix": "", "cycleway:both": "", "maxspeed:type": "", "sidewalk": "", "sidewalk:both:bicycle": "", "lanes": "", "bicycle": "no", "foot": "designated", "old_railway_operator": "", "segregated": "", "bridge": "", "layer": "", "tiger:separated": "", "tiger:source": "", "tiger:tlid": "", "maxspeed": "", "name_1": "", "tiger:name_base_1": "", "tiger:name_type_1": "", "cycleway:right": "", "route": "", "tracktype": "", "horse": "designated", "motor_vehicle": "", "railway": "", "tiger:name_base_2": "", "tiger:zip_right": "", "name_2": "", "destination": "", "destination:ref": "", "alt_name_1": "", "parking:lane:both": "", "mtb:scale": "", "old_ref": "", "NHS": "", "hgv": "", "hgv:national_network": "", "source:hgv:national_network": "", "sac_scale": "hiking", "description": "", "website": "", "trail_visibility": "", "mtb:scale:imba": "", "admin_level": "", "border_type": "", "boundary": "", "is_in:country": "", "is_in:country_code": "", "is_in:iso_3166_2": "", "is_in:state": "", "tiger:CLASSFP": "", "tiger:CPI": "", "tiger:FUNCSTAT": "", "tiger:LSAD": "", "tiger:MTFCC": "", "tiger:NAME": "", "tiger:NAMELSAD": "", "tiger:PCICBSA": "", "tiger:PCINECTA": "", "tiger:PLACEFP": "", "tiger:PLACENS": "", "tiger:PLCIDFP": "", "tiger:STATEFP": "", "wikidata": "", "wikipedia": "", "tunnel": "", "lit": "", "width": "", "waterway": "", "barrier": "", "fence_type": "", "junction": "", "shoulder": "", "lanes:backward": "", "lanes:forward": "", "turn:lanes:backward": "", "intermittent": "", "natural": "", "seasonal": "", "footway": "", "crossing": "", "tiger:name_base_3": "", "tiger:name_direction_prefix_3": "", "turn:lanes:forward": "", "turn:lanes": "", "lanes:both_ways": "", "turn:lanes:both_ways": "", "golf": "", "golf_cart": "", "power": "", "disused:highway": "", "tourism": "", "auxiliary_storage_labeling_positionx": -104.892537184208, "auxiliary_storage_labeling_positiony": 38.869725637237941, "auxiliary_storage_labeling_show": null, "length": 2072.1799969330823 }, "geometry": { "type": "LineString", "coordinates": [ [ -104.8903693, 38.8686842 ], [ -104.8903865, 38.868731 ], [ -104.8904723, 38.8687778 ], [ -104.8905753, 38.868858 ], [ -104.8906612, 38.8688981 ], [ -104.8907642, 38.8689248 ], [ -104.8909444, 38.8689515 ], [ -104.8912448, 38.8690518 ], [ -104.8912877, 38.8690985 ], [ -104.8912877, 38.8691787 ], [ -104.8913135, 38.8692522 ], [ -104.8913821, 38.8693124 ], [ -104.8914594, 38.8693391 ], [ -104.8915624, 38.8693391 ], [ -104.891674, 38.8693391 ], [ -104.8918542, 38.8694126 ], [ -104.8919229, 38.8694728 ], [ -104.8919486, 38.8695663 ], [ -104.8919658, 38.8696131 ], [ -104.892043, 38.8696532 ], [ -104.8921718, 38.8697 ], [ -104.892249, 38.8697133 ], [ -104.8923263, 38.8696866 ], [ -104.8926009, 38.8695596 ], [ -104.8926524, 38.8695195 ], [ -104.8926696, 38.8694661 ], [ -104.892694, 38.8693836 ], [ -104.8927181, 38.8693063 ], [ -104.8927664, 38.8692583 ], [ -104.8928013, 38.8691769 ], [ -104.8928576, 38.8690745 ], [ -104.8928657, 38.8689722 ], [ -104.8928764, 38.8688866 ], [ -104.8929166, 38.8688198 ], [ -104.8929515, 38.8687091 ], [ -104.8930346, 38.8686172 ], [ -104.8930427, 38.8685483 ], [ -104.89304, 38.8684376 ], [ -104.8930856, 38.868352 ], [ -104.8931815, 38.8682245 ], [ -104.8932029, 38.8681796 ], [ -104.8932083, 38.8681222 ], [ -104.8932029, 38.868048 ], [ -104.8932311, 38.8679958 ], [ -104.8932955, 38.8679707 ], [ -104.8933075, 38.8679227 ], [ -104.893327, 38.8678612 ], [ -104.8934021, 38.8678487 ], [ -104.8934718, 38.8678111 ], [ -104.8935556, 38.8677734 ], [ -104.8935825, 38.8677316 ], [ -104.8935583, 38.8677118 ], [ -104.8934966, 38.8677045 ], [ -104.8935047, 38.8676303 ], [ -104.893553, 38.867599 ], [ -104.893557, 38.8675437 ], [ -104.8935416, 38.8674957 ], [ -104.8935201, 38.8674435 ], [ -104.8934906, 38.8673746 ], [ -104.8934906, 38.8673287 ], [ -104.89351, 38.8672597 ], [ -104.8935194, 38.8671761 ], [ -104.8935255, 38.8670969 ], [ -104.8935684, 38.8670593 ], [ -104.8935872, 38.8669778 ], [ -104.8935898, 38.8669131 ], [ -104.8935764, 38.8668483 ], [ -104.8935362, 38.8667961 ], [ -104.8934826, 38.8667711 ], [ -104.8934557, 38.866723 ], [ -104.8934504, 38.8666792 ], [ -104.8934128, 38.8666353 ], [ -104.8933404, 38.866581 ] ] } },
{ "type": "Feature", "properties": { "fid": 321, "full_id": "w58198708", "osm_id": "58198708", "osm_type": "way", "highway": "path", "name": "Balanced Rock Trail", "tiger:cfcc": "", "tiger:county": "", "tiger:reviewed": "", "cycleway": "", "oneway": "", "tiger:name_base": "", "tiger:name_type": "", "service": "", "access": "", "alt_name": "", "ref": "", "surface": "", "tiger:name_direction_prefix": "", "cycleway:both": "", "maxspeed:type": "", "sidewalk": "", "sidewalk:both:bicycle": "", "lanes": "", "bicycle": "", "foot": "designated", "old_railway_operator": "", "segregated": "", "bridge": "", "layer": "", "tiger:separated": "", "tiger:source": "", "tiger:tlid": "", "maxspeed": "", "name_1": "", "tiger:name_base_1": "", "tiger:name_type_1": "", "cycleway:right": "", "route": "", "tracktype": "", "horse": "", "motor_vehicle": "", "railway": "", "tiger:name_base_2": "", "tiger:zip_right": "", "name_2": "", "destination": "", "destination:ref": "", "alt_name_1": "", "parking:lane:both": "", "mtb:scale": "", "old_ref": "", "NHS": "", "hgv": "", "hgv:national_network": "", "source:hgv:national_network": "", "sac_scale": "hiking", "description": "", "website": "", "trail_visibility": "", "mtb:scale:imba": "", "admin_level": "", "border_type": "", "boundary": "", "is_in:country": "", "is_in:country_code": "", "is_in:iso_3166_2": "", "is_in:state": "", "tiger:CLASSFP": "", "tiger:CPI": "", "tiger:FUNCSTAT": "", "tiger:LSAD": "", "tiger:MTFCC": "", "tiger:NAME": "", "tiger:NAMELSAD": "", "tiger:PCICBSA": "", "tiger:PCINECTA": "", "tiger:PLACEFP": "", "tiger:PLACENS": "", "tiger:PLCIDFP": "", "tiger:STATEFP": "", "wikidata": "", "wikipedia": "", "tunnel": "", "lit": "", "width": "", "waterway": "", "barrier": "", "fence_type": "", "junction": "", "shoulder": "", "lanes:backward": "", "lanes:forward": "", "turn:lanes:backward": "", "intermittent": "", "natural": "", "seasonal": "", "footway": "", "crossing": "", "tiger:name_base_3": "", "tiger:name_direction_prefix_3": "", "turn:lanes:forward": "", "turn:lanes": "", "lanes:both_ways": "", "turn:lanes:both_ways": "", "golf": "", "golf_cart": "", "power": "", "disused:highway": "", "tourism": "", "auxiliary_storage_labeling_positionx": -104.89238806230547, "auxiliary_storage_labeling_positiony": 38.864615310056102, "auxiliary_storage_labeling_show": null, "length": 943.01324303152489 }, "geometry": { "type": "LineString", "coordinates": [ [ -104.8932018, 38.8647881 ], [ -104.8930775, 38.8647203 ], [ -104.8928952, 38.8646284 ], [ -104.8927074, 38.864549 ], [ -104.8925143, 38.8644947 ], [ -104.8923158, 38.8644738 ], [ -104.8921254, 38.8644675 ], [ -104.8919617, 38.864478 ], [ -104.8917633, 38.8645135 ], [ -104.8916175, 38.8645533 ], [ -104.8913869, 38.8646202 ], [ -104.8912581, 38.8646661 ], [ -104.8912013, 38.8646938 ], [ -104.8910784, 38.8647538 ], [ -104.8908933, 38.8648436 ], [ -104.8907002, 38.8649669 ], [ -104.8905903, 38.865065 ], [ -104.8905098, 38.8651694 ], [ -104.8903891, 38.8652613 ], [ -104.890348, 38.8652884 ] ] } },
{ "type": "Feature", "properties": { "fid": 322, "full_id": "w58198709", "osm_id": "58198709", "osm_type": "way", "highway": "path", "name": "", "tiger:cfcc": "", "tiger:county": "", "tiger:reviewed": "", "cycleway": "", "oneway": "", "tiger:name_base": "", "tiger:name_type": "", "service": "", "access": "", "alt_name": "", "ref": "", "surface": "", "tiger:name_direction_prefix": "", "cycleway:both": "", "maxspeed:type": "", "sidewalk": "", "sidewalk:both:bicycle": "", "lanes": "", "bicycle": "", "foot": "yes", "old_railway_operator": "", "segregated": "", "bridge": "", "layer": "", "tiger:separated": "", "tiger:source": "", "tiger:tlid": "", "maxspeed": "", "name_1": "", "tiger:name_base_1": "", "tiger:name_type_1": "", "cycleway:right": "", "route": "", "tracktype": "", "horse": "", "motor_vehicle": "", "railway": "", "tiger:name_base_2": "", "tiger:zip_right": "", "name_2": "", "destination": "", "destination:ref": "", "alt_name_1": "", "parking:lane:both": "", "mtb:scale": "", "old_ref": "", "NHS": "", "hgv": "", "hgv:national_network": "", "source:hgv:national_network": "", "sac_scale": "hiking", "description": "", "website": "", "trail_visibility": "", "mtb:scale:imba": "", "admin_level": "", "border_type": "", "boundary": "", "is_in:country": "", "is_in:country_code": "", "is_in:iso_3166_2": "", "is_in:state": "", "tiger:CLASSFP": "", "tiger:CPI": "", "tiger:FUNCSTAT": "", "tiger:LSAD": "", "tiger:MTFCC": "", "tiger:NAME": "", "tiger:NAMELSAD": "", "tiger:PCICBSA": "", "tiger:PCINECTA": "", "tiger:PLACEFP": "", "tiger:PLACENS": "", "tiger:PLCIDFP": "", "tiger:STATEFP": "", "wikidata": "", "wikipedia": "", "tunnel": "", "lit": "", "width": "", "waterway": "", "barrier": "", "fence_type": "", "junction": "", "shoulder": "", "lanes:backward": "", "lanes:forward": "", "turn:lanes:backward": "", "intermittent": "", "natural": "", "seasonal": "", "footway": "", "crossing": "", "tiger:name_base_3": "", "tiger:name_direction_prefix_3": "", "turn:lanes:forward": "", "turn:lanes": "", "lanes:both_ways": "", "turn:lanes:both_ways": "", "golf": "", "golf_cart": "", "power": "", "disused:highway": "", "tourism": "", "auxiliary_storage_labeling_positionx": null, "auxiliary_storage_labeling_positiony": null, "auxiliary_storage_labeling_show": null, "length": 298.56901152960484 }, "geometry": { "type": "LineString", "coordinates": [ [ -104.8934095, 38.8649086 ], [ -104.8934467, 38.8648387 ], [ -104.8934694, 38.8647865 ], [ -104.8934799, 38.8647537 ], [ -104.8934879, 38.8646994 ], [ -104.8933224, 38.8642864 ], [ -104.8932795, 38.864214 ], [ -104.893281, 38.8641748 ], [ -104.8933246, 38.8641401 ] ] } },
{ "type": "Feature", "properties": { "fid": 323, "full_id": "w58198711", "osm_id": "58198711", "osm_type": "way", "highway": "path", "name": "", "tiger:cfcc": "", "tiger:county": "", "tiger:reviewed": "", "cycleway": "", "oneway": "", "tiger:name_base": "", "tiger:name_type": "", "service": "", "access": "", "alt_name": "", "ref": "", "surface": "ground", "tiger:name_direction_prefix": "", "cycleway:both": "", "maxspeed:type": "", "sidewalk": "", "sidewalk:both:bicycle": "", "lanes": "", "bicycle": "no", "foot": "designated", "old_railway_operator": "", "segregated": "", "bridge": "", "layer": "", "tiger:separated": "", "tiger:source": "", "tiger:tlid": "", "maxspeed": "", "name_1": "", "tiger:name_base_1": "", "tiger:name_type_1": "", "cycleway:right": "", "route": "", "tracktype": "", "horse": "designated", "motor_vehicle": "", "railway": "", "tiger:name_base_2": "", "tiger:zip_right": "", "name_2": "", "destination": "", "destination:ref": "", "alt_name_1": "", "parking:lane:both": "", "mtb:scale": "", "old_ref": "", "NHS": "", "hgv": "", "hgv:national_network": "", "source:hgv:national_network": "", "sac_scale": "", "description": "", "website": "", "trail_visibility": "", "mtb:scale:imba": "", "admin_level": "", "border_type": "", "boundary": "", "is_in:country": "", "is_in:country_code": "", "is_in:iso_3166_2": "", "is_in:state": "", "tiger:CLASSFP": "", "tiger:CPI": "", "tiger:FUNCSTAT": "", "tiger:LSAD": "", "tiger:MTFCC": "", "tiger:NAME": "", "tiger:NAMELSAD": "", "tiger:PCICBSA": "", "tiger:PCINECTA": "", "tiger:PLACEFP": "", "tiger:PLACENS": "", "tiger:PLCIDFP": "", "tiger:STATEFP": "", "wikidata": "", "wikipedia": "", "tunnel": "", "lit": "", "width": "", "waterway": "", "barrier": "", "fence_type": "", "junction": "", "shoulder": "", "lanes:backward": "", "lanes:forward": "", "turn:lanes:backward": "", "intermittent": "", "natural": "", "seasonal": "", "footway": "", "crossing": "", "tiger:name_base_3": "", "tiger:name_direction_prefix_3": "", "turn:lanes:forward": "", "turn:lanes": "", "lanes:both_ways": "", "turn:lanes:both_ways": "", "golf": "", "golf_cart": "", "power": "", "disused:highway": "", "tourism": "", "auxiliary_storage_labeling_positionx": null, "auxiliary_storage_labeling_positiony": null, "auxiliary_storage_labeling_show": null, "length": 250.63564102944059 }, "geometry": { "type": "LineString", "coordinates": [ [ -104.8911474, 38.8676921 ], [ -104.8910605, 38.8677067 ], [ -104.8909908, 38.8677422 ], [ -104.8909506, 38.8677756 ], [ -104.8908647, 38.8677798 ], [ -104.8907521, 38.867786 ], [ -104.8906957, 38.867786 ], [ -104.8905885, 38.8677359 ], [ -104.8905724, 38.8677004 ], [ -104.8905992, 38.8676252 ], [ -104.8906287, 38.8675772 ], [ -104.8905938, 38.8675459 ] ] } },
{ "type": "Feature", "properties": { "fid": 324, "full_id": "w58534942", "osm_id": "58534942", "osm_type": "way", "highway": "path", "name": "", "tiger:cfcc": "", "tiger:county": "", "tiger:reviewed": "", "cycleway": "", "oneway": "", "tiger:name_base": "", "tiger:name_type": "", "service": "", "access": "", "alt_name": "", "ref": "", "surface": "ground", "tiger:name_direction_prefix": "", "cycleway:both": "", "maxspeed:type": "", "sidewalk": "", "sidewalk:both:bicycle": "", "lanes": "", "bicycle": "no", "foot": "designated", "old_railway_operator": "", "segregated": "", "bridge": "", "layer": "", "tiger:separated": "", "tiger:source": "", "tiger:tlid": "", "maxspeed": "", "name_1": "", "tiger:name_base_1": "", "tiger:name_type_1": "", "cycleway:right": "", "route": "", "tracktype": "", "horse": "designated", "motor_vehicle": "", "railway": "", "tiger:name_base_2": "", "tiger:zip_right": "", "name_2": "", "destination": "", "destination:ref": "", "alt_name_1": "", "parking:lane:both": "", "mtb:scale": "", "old_ref": "", "NHS": "", "hgv": "", "hgv:national_network": "", "source:hgv:national_network": "", "sac_scale": "", "description": "", "website": "", "trail_visibility": "", "mtb:scale:imba": "", "admin_level": "", "border_type": "", "boundary": "", "is_in:country": "", "is_in:country_code": "", "is_in:iso_3166_2": "", "is_in:state": "", "tiger:CLASSFP": "", "tiger:CPI": "", "tiger:FUNCSTAT": "", "tiger:LSAD": "", "tiger:MTFCC": "", "tiger:NAME": "", "tiger:NAMELSAD": "", "tiger:PCICBSA": "", "tiger:PCINECTA": "", "tiger:PLACEFP": "", "tiger:PLACENS": "", "tiger:PLCIDFP": "", "tiger:STATEFP": "", "wikidata": "", "wikipedia": "", "tunnel": "", "lit": "", "width": "", "waterway": "", "barrier": "", "fence_type": "", "junction": "", "shoulder": "", "lanes:backward": "", "lanes:forward": "", "turn:lanes:backward": "", "intermittent": "", "natural": "", "seasonal": "", "footway": "", "crossing": "", "tiger:name_base_3": "", "tiger:name_direction_prefix_3": "", "turn:lanes:forward": "", "turn:lanes": "", "lanes:both_ways": "", "turn:lanes:both_ways": "", "golf": "", "golf_cart": "", "power": "", "disused:highway": "", "tourism": "", "auxiliary_storage_labeling_positionx": null, "auxiliary_storage_labeling_positiony": null, "auxiliary_storage_labeling_show": null, "length": 137.72736466193894 }, "geometry": { "type": "LineString", "coordinates": [ [ -104.890431529873837, 38.867894703929764 ], [ -104.89043403734405, 38.867847848629602 ], [ -104.890441559754706, 38.86779513638001 ], [ -104.8904614, 38.8677605 ], [ -104.8905177, 38.867702 ], [ -104.8905938, 38.8675459 ] ] } },
{ "type": "Feature", "properties": { "fid": 325, "full_id": "w58534944", "osm_id": "58534944", "osm_type": "way", "highway": "path", "name": "Siamese Twins Trail", "tiger:cfcc": "", "tiger:county": "", "tiger:reviewed": "", "cycleway": "", "oneway": "", "tiger:name_base": "", "tiger:name_type": "", "service": "", "access": "", "alt_name": "", "ref": "", "surface": "ground", "tiger:name_direction_prefix": "", "cycleway:both": "", "maxspeed:type": "", "sidewalk": "", "sidewalk:both:bicycle": "", "lanes": "", "bicycle": "no", "foot": "designated", "old_railway_operator": "", "segregated": "", "bridge": "", "layer": "", "tiger:separated": "", "tiger:source": "", "tiger:tlid": "", "maxspeed": "", "name_1": "", "tiger:name_base_1": "", "tiger:name_type_1": "", "cycleway:right": "", "route": "", "tracktype": "", "horse": "designated", "motor_vehicle": "", "railway": "", "tiger:name_base_2": "", "tiger:zip_right": "", "name_2": "", "destination": "", "destination:ref": "", "alt_name_1": "", "parking:lane:both": "", "mtb:scale": "", "old_ref": "", "NHS": "", "hgv": "", "hgv:national_network": "", "source:hgv:national_network": "", "sac_scale": "hiking", "description": "", "website": "", "trail_visibility": "excellent", "mtb:scale:imba": "", "admin_level": "", "border_type": "", "boundary": "", "is_in:country": "", "is_in:country_code": "", "is_in:iso_3166_2": "", "is_in:state": "", "tiger:CLASSFP": "", "tiger:CPI": "", "tiger:FUNCSTAT": "", "tiger:LSAD": "", "tiger:MTFCC": "", "tiger:NAME": "", "tiger:NAMELSAD": "", "tiger:PCICBSA": "", "tiger:PCINECTA": "", "tiger:PLACEFP": "", "tiger:PLACENS": "", "tiger:PLCIDFP": "", "tiger:STATEFP": "", "wikidata": "", "wikipedia": "", "tunnel": "", "lit": "", "width": "", "waterway": "", "barrier": "", "fence_type": "", "junction": "", "shoulder": "", "lanes:backward": "", "lanes:forward": "", "turn:lanes:backward": "", "intermittent": "", "natural": "", "seasonal": "", "footway": "", "crossing": "", "tiger:name_base_3": "", "tiger:name_direction_prefix_3": "", "turn:lanes:forward": "", "turn:lanes": "", "lanes:both_ways": "", "turn:lanes:both_ways": "", "golf": "", "golf_cart": "", "power": "", "disused:highway": "", "tourism": "", "auxiliary_storage_labeling_positionx": -104.8892944027705, "auxiliary_storage_labeling_positiony": 38.869561520031901, "auxiliary_storage_labeling_show": null, "length": 2517.6724176976745 }, "geometry": { "type": "LineString", "coordinates": [ [ -104.8905938, 38.8675459 ], [ -104.890516, 38.8675375 ], [ -104.8904597, 38.8675062 ], [ -104.8904248, 38.8674227 ], [ -104.8903792, 38.8673433 ], [ -104.890272, 38.8672786 ], [ -104.8901861, 38.8672953 ], [ -104.8901647, 38.8673725 ], [ -104.8901271, 38.8675688 ], [ -104.8900681, 38.8676565 ], [ -104.889934, 38.867715 ], [ -104.8898616, 38.867786 ], [ -104.8897516, 38.8679072 ], [ -104.889639, 38.8680345 ], [ -104.8895531, 38.8681055 ], [ -104.8894378, 38.8681055 ], [ -104.8893305, 38.8680867 ], [ -104.8892527, 38.8681097 ], [ -104.8892205, 38.8682183 ], [ -104.8892018, 38.8683248 ], [ -104.8891588, 38.8685065 ], [ -104.8890918, 38.8686757 ], [ -104.889014, 38.8688615 ], [ -104.8889228, 38.8690578 ], [ -104.8888397, 38.8692437 ], [ -104.8887646, 38.8693899 ], [ -104.8887055, 38.8694964 ], [ -104.8886707, 38.8695757 ], [ -104.8886653, 38.8696613 ], [ -104.8886385, 38.869747 ], [ -104.8885795, 38.8698034 ], [ -104.8885661, 38.8698326 ], [ -104.8885258, 38.8698556 ], [ -104.8885258, 38.8699203 ], [ -104.8884615, 38.8699913 ], [ -104.8883783, 38.8700811 ], [ -104.8882871, 38.870221 ], [ -104.8882603, 38.8703651 ], [ -104.8883193, 38.8704632 ], [ -104.888389, 38.8705092 ], [ -104.8884802, 38.8705301 ], [ -104.88855, 38.8705092 ], [ -104.888668, 38.8704967 ], [ -104.8887887, 38.8704445 ], [ -104.8888102, 38.8703735 ], [ -104.8888638, 38.8703025 ], [ -104.8890408, 38.870198 ], [ -104.8891776, 38.8701166 ], [ -104.8892474, 38.870056 ], [ -104.8893976, 38.8699934 ], [ -104.8894512, 38.869937 ], [ -104.8894753, 38.8698556 ], [ -104.8895397, 38.8697992 ], [ -104.8896202, 38.8697449 ], [ -104.8896631, 38.8697073 ], [ -104.889655, 38.8696384 ], [ -104.8896926, 38.8695632 ], [ -104.8898053, 38.8694692 ], [ -104.8898723, 38.8694066 ], [ -104.889942, 38.8693272 ], [ -104.8900467, 38.8692729 ], [ -104.8901164, 38.8692249 ], [ -104.8901271, 38.8691685 ], [ -104.8901298, 38.8691184 ], [ -104.890103, 38.8690641 ], [ -104.8900869, 38.8690244 ], [ -104.8901137, 38.8689785 ], [ -104.8901861, 38.8689096 ], [ -104.8902398, 38.8688448 ], [ -104.89028, 38.8687843 ], [ -104.8903283, 38.8687237 ], [ -104.8903693, 38.8686842 ] ] } },
{ "type": "Feature", "properties": { "fid": 326, "full_id": "w58662621", "osm_id": "58662621", "osm_type": "way", "highway": "path", "name": "", "tiger:cfcc": "", "tiger:county": "", "tiger:reviewed": "", "cycleway": "", "oneway": "", "tiger:name_base": "", "tiger:name_type": "", "service": "", "access": "", "alt_name": "", "ref": "", "surface": "ground", "tiger:name_direction_prefix": "", "cycleway:both": "", "maxspeed:type": "", "sidewalk": "", "sidewalk:both:bicycle": "", "lanes": "", "bicycle": "designated", "foot": "designated", "old_railway_operator": "", "segregated": "", "bridge": "", "layer": "", "tiger:separated": "", "tiger:source": "", "tiger:tlid": "", "maxspeed": "", "name_1": "", "tiger:name_base_1": "", "tiger:name_type_1": "", "cycleway:right": "", "route": "", "tracktype": "", "horse": "", "motor_vehicle": "", "railway": "", "tiger:name_base_2": "", "tiger:zip_right": "", "name_2": "", "destination": "", "destination:ref": "", "alt_name_1": "", "parking:lane:both": "", "mtb:scale": "", "old_ref": "", "NHS": "", "hgv": "", "hgv:national_network": "", "source:hgv:national_network": "", "sac_scale": "hiking", "description": "", "website": "", "trail_visibility": "", "mtb:scale:imba": "", "admin_level": "", "border_type": "", "boundary": "", "is_in:country": "", "is_in:country_code": "", "is_in:iso_3166_2": "", "is_in:state": "", "tiger:CLASSFP": "", "tiger:CPI": "", "tiger:FUNCSTAT": "", "tiger:LSAD": "", "tiger:MTFCC": "", "tiger:NAME": "", "tiger:NAMELSAD": "", "tiger:PCICBSA": "", "tiger:PCINECTA": "", "tiger:PLACEFP": "", "tiger:PLACENS": "", "tiger:PLCIDFP": "", "tiger:STATEFP": "", "wikidata": "", "wikipedia": "", "tunnel": "", "lit": "", "width": "", "waterway": "", "barrier": "", "fence_type": "", "junction": "", "shoulder": "", "lanes:backward": "", "lanes:forward": "", "turn:lanes:backward": "", "intermittent": "", "natural": "", "seasonal": "", "footway": "", "crossing": "", "tiger:name_base_3": "", "tiger:name_direction_prefix_3": "", "turn:lanes:forward": "", "turn:lanes": "", "lanes:both_ways": "", "turn:lanes:both_ways": "", "golf": "", "golf_cart": "", "power": "", "disused:highway": "", "tourism": "", "auxiliary_storage_labeling_positionx": null, "auxiliary_storage_labeling_positiony": null, "auxiliary_storage_labeling_show": null, "length": 968.36340148097179 }, "geometry": { "type": "LineString", "coordinates": [ [ -104.8771202, 38.8668899 ], [ -104.877412, 38.8669701 ], [ -104.877515, 38.867077 ], [ -104.8775922, 38.867204 ], [ -104.8776089, 38.8673155 ], [ -104.8776223, 38.8675661 ], [ -104.8776518, 38.8677916 ], [ -104.8776893, 38.8681592 ], [ -104.8777054, 38.8682845 ], [ -104.8777725, 38.8684661 ], [ -104.8778503, 38.8686792 ], [ -104.8779361, 38.8689151 ], [ -104.8779924, 38.8691365 ], [ -104.8780085, 38.8691991 ], [ -104.8779871, 38.8692618 ], [ -104.87803, 38.8692957 ] ] } },
{ "type": "Feature", "properties": { "fid": 327, "full_id": "w58662622", "osm_id": "58662622", "osm_type": "way", "highway": "path", "name": "Ute Valley Trail", "tiger:cfcc": "", "tiger:county": "", "tiger:reviewed": "", "cycleway": "", "oneway": "", "tiger:name_base": "", "tiger:name_type": "", "service": "", "access": "", "alt_name": "", "ref": "", "surface": "", "tiger:name_direction_prefix": "", "cycleway:both": "", "maxspeed:type": "", "sidewalk": "", "sidewalk:both:bicycle": "", "lanes": "", "bicycle": "designated", "foot": "designated", "old_railway_operator": "", "segregated": "", "bridge": "", "layer": "", "tiger:separated": "", "tiger:source": "", "tiger:tlid": "", "maxspeed": "", "name_1": "", "tiger:name_base_1": "", "tiger:name_type_1": "", "cycleway:right": "", "route": "", "tracktype": "", "horse": "", "motor_vehicle": "", "railway": "", "tiger:name_base_2": "", "tiger:zip_right": "", "name_2": "", "destination": "", "destination:ref": "", "alt_name_1": "", "parking:lane:both": "", "mtb:scale": "", "old_ref": "", "NHS": "", "hgv": "", "hgv:national_network": "", "source:hgv:national_network": "", "sac_scale": "hiking", "description": "", "website": "", "trail_visibility": "", "mtb:scale:imba": "", "admin_level": "", "border_type": "", "boundary": "", "is_in:country": "", "is_in:country_code": "", "is_in:iso_3166_2": "", "is_in:state": "", "tiger:CLASSFP": "", "tiger:CPI": "", "tiger:FUNCSTAT": "", "tiger:LSAD": "", "tiger:MTFCC": "", "tiger:NAME": "", "tiger:NAMELSAD": "", "tiger:PCICBSA": "", "tiger:PCINECTA": "", "tiger:PLACEFP": "", "tiger:PLACENS": "", "tiger:PLCIDFP": "", "tiger:STATEFP": "", "wikidata": "", "wikipedia": "", "tunnel": "", "lit": "", "width": "", "waterway": "", "barrier": "", "fence_type": "", "junction": "", "shoulder": "", "lanes:backward": "", "lanes:forward": "", "turn:lanes:backward": "", "intermittent": "", "natural": "", "seasonal": "", "footway": "", "crossing": "", "tiger:name_base_3": "", "tiger:name_direction_prefix_3": "", "turn:lanes:forward": "", "turn:lanes": "", "lanes:both_ways": "", "turn:lanes:both_ways": "", "golf": "", "golf_cart": "", "power": "", "disused:highway": "", "tourism": "", "auxiliary_storage_labeling_positionx": null, "auxiliary_storage_labeling_positiony": null, "auxiliary_storage_labeling_show": null, "length": 17.565751347614437 }, "geometry": { "type": "LineString", "coordinates": [ [ -104.8746392, 38.868477 ], [ -104.8746873, 38.8685072 ] ] } },
{ "type": "Feature", "properties": { "fid": 328, "full_id": "w58662623", "osm_id": "58662623", "osm_type": "way", "highway": "path", "name": "Niobrara Trail", "tiger:cfcc": "", "tiger:county": "", "tiger:reviewed": "", "cycleway": "", "oneway": "", "tiger:name_base": "", "tiger:name_type": "", "service": "", "access": "", "alt_name": "", "ref": "", "surface": "dirt", "tiger:name_direction_prefix": "", "cycleway:both": "", "maxspeed:type": "", "sidewalk": "", "sidewalk:both:bicycle": "", "lanes": "", "bicycle": "designated", "foot": "designated", "old_railway_operator": "", "segregated": "", "bridge": "", "layer": "", "tiger:separated": "", "tiger:source": "", "tiger:tlid": "", "maxspeed": "", "name_1": "", "tiger:name_base_1": "", "tiger:name_type_1": "", "cycleway:right": "", "route": "", "tracktype": "", "horse": "", "motor_vehicle": "", "railway": "", "tiger:name_base_2": "", "tiger:zip_right": "", "name_2": "", "destination": "", "destination:ref": "", "alt_name_1": "", "parking:lane:both": "", "mtb:scale": "1", "old_ref": "", "NHS": "", "hgv": "", "hgv:national_network": "", "source:hgv:national_network": "", "sac_scale": "hiking", "description": "", "website": "", "trail_visibility": "", "mtb:scale:imba": "0", "admin_level": "", "border_type": "", "boundary": "", "is_in:country": "", "is_in:country_code": "", "is_in:iso_3166_2": "", "is_in:state": "", "tiger:CLASSFP": "", "tiger:CPI": "", "tiger:FUNCSTAT": "", "tiger:LSAD": "", "tiger:MTFCC": "", "tiger:NAME": "", "tiger:NAMELSAD": "", "tiger:PCICBSA": "", "tiger:PCINECTA": "", "tiger:PLACEFP": "", "tiger:PLACENS": "", "tiger:PLCIDFP": "", "tiger:STATEFP": "", "wikidata": "", "wikipedia": "", "tunnel": "", "lit": "", "width": "", "waterway": "", "barrier": "", "fence_type": "", "junction": "", "shoulder": "", "lanes:backward": "", "lanes:forward": "", "turn:lanes:backward": "", "intermittent": "", "natural": "", "seasonal": "", "footway": "", "crossing": "", "tiger:name_base_3": "", "tiger:name_direction_prefix_3": "", "turn:lanes:forward": "", "turn:lanes": "", "lanes:both_ways": "", "turn:lanes:both_ways": "", "golf": "", "golf_cart": "", "power": "", "disused:highway": "", "tourism": "", "auxiliary_storage_labeling_positionx": null, "auxiliary_storage_labeling_positiony": null, "auxiliary_storage_labeling_show": null, "length": 296.4595355373794 }, "geometry": { "type": "LineString", "coordinates": [ [ -104.8770328, 38.8656814 ], [ -104.8769657, 38.86558 ], [ -104.8768627, 38.8655065 ], [ -104.8768283, 38.8654664 ], [ -104.8767597, 38.8653929 ], [ -104.8767082, 38.8653461 ], [ -104.8766481, 38.8653194 ], [ -104.8765537, 38.865286 ], [ -104.8764164, 38.8651991 ], [ -104.8762937, 38.8651328 ] ] } },
{ "type": "Feature", "properties": { "fid": 329, "full_id": "w58662625", "osm_id": "58662625", "osm_type": "way", "highway": "path", "name": "Niobrara Trail", "tiger:cfcc": "", "tiger:county": "", "tiger:reviewed": "", "cycleway": "", "oneway": "", "tiger:name_base": "", "tiger:name_type": "", "service": "", "access": "", "alt_name": "", "ref": "", "surface": "ground", "tiger:name_direction_prefix": "", "cycleway:both": "", "maxspeed:type": "", "sidewalk": "", "sidewalk:both:bicycle": "", "lanes": "", "bicycle": "", "foot": "yes", "old_railway_operator": "", "segregated": "", "bridge": "", "layer": "", "tiger:separated": "", "tiger:source": "", "tiger:tlid": "", "maxspeed": "", "name_1": "", "tiger:name_base_1": "", "tiger:name_type_1": "", "cycleway:right": "", "route": "", "tracktype": "", "horse": "", "motor_vehicle": "", "railway": "", "tiger:name_base_2": "", "tiger:zip_right": "", "name_2": "", "destination": "", "destination:ref": "", "alt_name_1": "", "parking:lane:both": "", "mtb:scale": "", "old_ref": "", "NHS": "", "hgv": "", "hgv:national_network": "", "source:hgv:national_network": "", "sac_scale": "", "description": "", "website": "", "trail_visibility": "", "mtb:scale:imba": "", "admin_level": "", "border_type": "", "boundary": "", "is_in:country": "", "is_in:country_code": "", "is_in:iso_3166_2": "", "is_in:state": "", "tiger:CLASSFP": "", "tiger:CPI": "", "tiger:FUNCSTAT": "", "tiger:LSAD": "", "tiger:MTFCC": "", "tiger:NAME": "", "tiger:NAMELSAD": "", "tiger:PCICBSA": "", "tiger:PCINECTA": "", "tiger:PLACEFP": "", "tiger:PLACENS": "", "tiger:PLCIDFP": "", "tiger:STATEFP": "", "wikidata": "", "wikipedia": "", "tunnel": "", "lit": "", "width": "", "waterway": "", "barrier": "", "fence_type": "", "junction": "", "shoulder": "", "lanes:backward": "", "lanes:forward": "", "turn:lanes:backward": "", "intermittent": "", "natural": "", "seasonal": "", "footway": "", "crossing": "", "tiger:name_base_3": "", "tiger:name_direction_prefix_3": "", "turn:lanes:forward": "", "turn:lanes": "", "lanes:both_ways": "", "turn:lanes:both_ways": "", "golf": "", "golf_cart": "", "power": "", "disused:highway": "", "tourism": "", "auxiliary_storage_labeling_positionx": -104.87445619354527, "auxiliary_storage_labeling_positiony": 38.868843759328676, "auxiliary_storage_labeling_show": null, "length": 2807.2972097844681 }, "geometry": { "type": "LineString", "coordinates": [ [ -104.8753301, 38.871353 ], [ -104.875289, 38.8713538 ], [ -104.8752461, 38.8713684 ], [ -104.8751871, 38.8714018 ], [ -104.8751308, 38.8714499 ], [ -104.8750745, 38.8715 ], [ -104.8750342, 38.8715376 ], [ -104.8750155, 38.8715188 ], [ -104.8750101, 38.8714123 ], [ -104.8749994, 38.8713329 ], [ -104.875002, 38.871241 ], [ -104.8749511, 38.8712974 ], [ -104.8748948, 38.871358 ], [ -104.8748679, 38.8713997 ], [ -104.8748599, 38.8714415 ], [ -104.8748384, 38.8713642 ], [ -104.8748197, 38.8712911 ], [ -104.8747982, 38.8711387 ], [ -104.8747714, 38.8711262 ], [ -104.8747392, 38.8710761 ], [ -104.8747204, 38.8709549 ], [ -104.8747097, 38.8707252 ], [ -104.8747124, 38.870579 ], [ -104.8746855, 38.8705164 ], [ -104.8746855, 38.8703974 ], [ -104.8746829, 38.8703243 ], [ -104.8746668, 38.8702721 ], [ -104.8746668, 38.8701572 ], [ -104.8746909, 38.8700946 ], [ -104.8746802, 38.8700131 ], [ -104.8746909, 38.8699338 ], [ -104.8746721, 38.8698565 ], [ -104.8746185, 38.8697228 ], [ -104.8746078, 38.8696832 ], [ -104.8746212, 38.8696289 ], [ -104.8746158, 38.8695641 ], [ -104.8745809, 38.8695057 ], [ -104.8745675, 38.8694388 ], [ -104.874589, 38.8693365 ], [ -104.8746104, 38.8692258 ], [ -104.8746426, 38.8690943 ], [ -104.8746453, 38.8690149 ], [ -104.8746641, 38.8689606 ], [ -104.8746373, 38.8689105 ], [ -104.8746426, 38.868875 ], [ -104.8746587, 38.868852 ], [ -104.8746641, 38.8686683 ], [ -104.8746426, 38.868614 ], [ -104.8746346, 38.8685617 ], [ -104.8746392, 38.868477 ], [ -104.8746405, 38.8684543 ], [ -104.8746438, 38.8683929 ], [ -104.8746549, 38.8683376 ], [ -104.8746432, 38.868258 ], [ -104.8746361, 38.8681692 ], [ -104.8746366, 38.8681321 ], [ -104.8746104, 38.8680361 ], [ -104.8746049, 38.8679901 ], [ -104.8746228, 38.867927 ], [ -104.8746228, 38.8678856 ], [ -104.8746013, 38.8678169 ], [ -104.8745925, 38.8677364 ], [ -104.8745888, 38.8676631 ], [ -104.8745592, 38.8676016 ], [ -104.8745269, 38.867561 ], [ -104.8745189, 38.867533 ], [ -104.8745143, 38.8674432 ], [ -104.8745303, 38.8673651 ], [ -104.8745099, 38.8673086 ], [ -104.8745037, 38.8672709 ], [ -104.8745047, 38.8672204 ], [ -104.8744889, 38.867173 ], [ -104.8744772, 38.867116 ], [ -104.8744401, 38.8670669 ], [ -104.8744097, 38.8670005 ], [ -104.8744079, 38.8669388 ], [ -104.8743653, 38.8668891 ], [ -104.8743295, 38.8668422 ], [ -104.8743068, 38.8667752 ], [ -104.8743074, 38.8667308 ], [ -104.8742817, 38.8666634 ], [ -104.8742589, 38.8666048 ], [ -104.8742352, 38.866562 ], [ -104.8742198, 38.8664449 ], [ -104.8741823, 38.8663519 ], [ -104.8741569, 38.8663083 ], [ -104.8741416, 38.8662675 ], [ -104.8741621, 38.8662438 ], [ -104.8741545, 38.8661862 ], [ -104.8741453, 38.8661275 ], [ -104.8741131, 38.8660513 ], [ -104.8740931, 38.8659792 ], [ -104.8740924, 38.8659067 ], [ -104.874131, 38.8658445 ], [ -104.8741239, 38.8657824 ], [ -104.8741208, 38.8657378 ], [ -104.8741611, 38.865668 ], [ -104.8741928, 38.8656023 ], [ -104.874225, 38.8655479 ], [ -104.8742218, 38.8654281 ], [ -104.8741739, 38.8653114 ], [ -104.8741646, 38.8652535 ], [ -104.8741579, 38.865186 ], [ -104.8741369, 38.8651184 ], [ -104.874123, 38.8650743 ], [ -104.8741132, 38.865032 ], [ -104.8741025, 38.8649921 ], [ -104.8740869, 38.864944 ], [ -104.8740695, 38.864885 ], [ -104.8740416, 38.864772 ] ] } },
{ "type": "Feature", "properties": { "fid": 330, "full_id": "w58662627", "osm_id": "58662627", "osm_type": "way", "highway": "path", "name": "", "tiger:cfcc": "", "tiger:county": "", "tiger:reviewed": "", "cycleway": "", "oneway": "", "tiger:name_base": "", "tiger:name_type": "", "service": "", "access": "", "alt_name": "", "ref": "", "surface": "", "tiger:name_direction_prefix": "", "cycleway:both": "", "maxspeed:type": "", "sidewalk": "", "sidewalk:both:bicycle": "", "lanes": "", "bicycle": "", "foot": "designated", "old_railway_operator": "", "segregated": "", "bridge": "", "layer": "", "tiger:separated": "", "tiger:source": "", "tiger:tlid": "", "maxspeed": "", "name_1": "", "tiger:name_base_1": "", "tiger:name_type_1": "", "cycleway:right": "", "route": "", "tracktype": "", "horse": "", "motor_vehicle": "", "railway": "", "tiger:name_base_2": "", "tiger:zip_right": "", "name_2": "", "destination": "", "destination:ref": "", "alt_name_1": "", "parking:lane:both": "", "mtb:scale": "", "old_ref": "", "NHS": "", "hgv": "", "hgv:national_network": "", "source:hgv:national_network": "", "sac_scale": "hiking", "description": "", "website": "", "trail_visibility": "", "mtb:scale:imba": "", "admin_level": "", "border_type": "", "boundary": "", "is_in:country": "", "is_in:country_code": "", "is_in:iso_3166_2": "", "is_in:state": "", "tiger:CLASSFP": "", "tiger:CPI": "", "tiger:FUNCSTAT": "", "tiger:LSAD": "", "tiger:MTFCC": "", "tiger:NAME": "", "tiger:NAMELSAD": "", "tiger:PCICBSA": "", "tiger:PCINECTA": "", "tiger:PLACEFP": "", "tiger:PLACENS": "", "tiger:PLCIDFP": "", "tiger:STATEFP": "", "wikidata": "", "wikipedia": "", "tunnel": "", "lit": "", "width": "", "waterway": "", "barrier": "", "fence_type": "", "junction": "", "shoulder": "", "lanes:backward": "", "lanes:forward": "", "turn:lanes:backward": "", "intermittent": "", "natural": "", "seasonal": "", "footway": "", "crossing": "", "tiger:name_base_3": "", "tiger:name_direction_prefix_3": "", "turn:lanes:forward": "", "turn:lanes": "", "lanes:both_ways": "", "turn:lanes:both_ways": "", "golf": "", "golf_cart": "", "power": "", "disused:highway": "", "tourism": "", "auxiliary_storage_labeling_positionx": null, "auxiliary_storage_labeling_positiony": null, "auxiliary_storage_labeling_show": null, "length": 113.24975207934094 }, "geometry": { "type": "LineString", "coordinates": [ [ -104.8775327, 38.8767042 ], [ -104.8773275, 38.8766076 ], [ -104.877188, 38.8765492 ] ] } },
{ "type": "Feature", "properties": { "fid": 331, "full_id": "w58662631", "osm_id": "58662631", "osm_type": "way", "highway": "path", "name": "Galloway-Homestead Trail", "tiger:cfcc": "", "tiger:county": "", "tiger:reviewed": "", "cycleway": "", "oneway": "", "tiger:name_base": "", "tiger:name_type": "", "service": "", "access": "", "alt_name": "", "ref": "", "surface": "ground", "tiger:name_direction_prefix": "", "cycleway:both": "", "maxspeed:type": "", "sidewalk": "", "sidewalk:both:bicycle": "", "lanes": "", "bicycle": "", "foot": "designated", "old_railway_operator": "", "segregated": "", "bridge": "", "layer": "", "tiger:separated": "", "tiger:source": "", "tiger:tlid": "", "maxspeed": "", "name_1": "", "tiger:name_base_1": "", "tiger:name_type_1": "", "cycleway:right": "", "route": "", "tracktype": "", "horse": "", "motor_vehicle": "", "railway": "", "tiger:name_base_2": "", "tiger:zip_right": "", "name_2": "", "destination": "", "destination:ref": "", "alt_name_1": "", "parking:lane:both": "", "mtb:scale": "", "old_ref": "", "NHS": "", "hgv": "", "hgv:national_network": "", "source:hgv:national_network": "", "sac_scale": "hiking", "description": "", "website": "", "trail_visibility": "", "mtb:scale:imba": "", "admin_level": "", "border_type": "", "boundary": "", "is_in:country": "", "is_in:country_code": "", "is_in:iso_3166_2": "", "is_in:state": "", "tiger:CLASSFP": "", "tiger:CPI": "", "tiger:FUNCSTAT": "", "tiger:LSAD": "", "tiger:MTFCC": "", "tiger:NAME": "", "tiger:NAMELSAD": "", "tiger:PCICBSA": "", "tiger:PCINECTA": "", "tiger:PLACEFP": "", "tiger:PLACENS": "", "tiger:PLCIDFP": "", "tiger:STATEFP": "", "wikidata": "", "wikipedia": "", "tunnel": "", "lit": "", "width": "", "waterway": "", "barrier": "", "fence_type": "", "junction": "", "shoulder": "", "lanes:backward": "", "lanes:forward": "", "turn:lanes:backward": "", "intermittent": "", "natural": "", "seasonal": "", "footway": "", "crossing": "", "tiger:name_base_3": "", "tiger:name_direction_prefix_3": "", "turn:lanes:forward": "", "turn:lanes": "", "lanes:both_ways": "", "turn:lanes:both_ways": "", "golf": "", "golf_cart": "", "power": "", "disused:highway": "", "tourism": "", "auxiliary_storage_labeling_positionx": -104.87435717014347, "auxiliary_storage_labeling_positiony": 38.875745300526077, "auxiliary_storage_labeling_show": null, "length": 2248.6587859606821 }, "geometry": { "type": "LineString", "coordinates": [ [ -104.877419, 38.8764968 ], [ -104.8773222, 38.8765179 ], [ -104.8772524, 38.8765241 ], [ -104.877188, 38.8765492 ], [ -104.8771076, 38.8765492 ], [ -104.8770459, 38.8765262 ], [ -104.8769359, 38.8765074 ], [ -104.8767938, 38.8764761 ], [ -104.8767079, 38.8764698 ], [ -104.8765631, 38.8764761 ], [ -104.8764692, 38.8764531 ], [ -104.8763941, 38.8764615 ], [ -104.8763378, 38.876451 ], [ -104.8761071, 38.8764573 ], [ -104.8760615, 38.8764469 ], [ -104.8759784, 38.8764552 ], [ -104.8758952, 38.8764489 ], [ -104.8757799, 38.8764239 ], [ -104.8757209, 38.8763947 ], [ -104.8756941, 38.8763404 ], [ -104.8756619, 38.8763049 ], [ -104.8756297, 38.8762923 ], [ -104.8755868, 38.8762923 ], [ -104.8755224, 38.876284 ], [ -104.8754714, 38.8762944 ], [ -104.8754285, 38.8763174 ], [ -104.8754232, 38.8763529 ], [ -104.8754232, 38.8763967 ], [ -104.8754071, 38.8764072 ], [ -104.8753695, 38.8763988 ], [ -104.8753078, 38.8763947 ], [ -104.8751978, 38.8763905 ], [ -104.8751147, 38.8763842 ], [ -104.8750557, 38.8763717 ], [ -104.8749457, 38.8763299 ], [ -104.874825, 38.8762944 ], [ -104.8747553, 38.8762631 ], [ -104.8746855, 38.8762213 ], [ -104.8746239, 38.8761483 ], [ -104.8745809, 38.8760898 ], [ -104.8745541, 38.8760355 ], [ -104.8745166, 38.8759896 ], [ -104.8744817, 38.8759227 ], [ -104.8744227, 38.875833 ], [ -104.8743905, 38.875764 ], [ -104.8743395, 38.8756659 ], [ -104.8742805, 38.8755323 ], [ -104.8742027, 38.8753944 ], [ -104.8741706, 38.8753047 ], [ -104.8741491, 38.8752107 ], [ -104.874074, 38.8750102 ], [ -104.8740472, 38.8749392 ], [ -104.8740364, 38.8748327 ], [ -104.8740096, 38.8745675 ], [ -104.8740069, 38.8744214 ], [ -104.8739828, 38.8742606 ], [ -104.8739882, 38.8740246 ], [ -104.8739909, 38.8737991 ], [ -104.8739962, 38.8736571 ], [ -104.8740284, 38.8735464 ], [ -104.8740713, 38.8734566 ], [ -104.8741276, 38.8734107 ], [ -104.8742108, 38.8733815 ], [ -104.8742644, 38.873323 ], [ -104.8743422, 38.8732583 ], [ -104.8744146, 38.873229 ], [ -104.8745166, 38.8732123 ], [ -104.8746346, 38.8731664 ], [ -104.8746668, 38.8731455 ], [ -104.8747741, 38.8731351 ], [ -104.8748867, 38.8731434 ], [ -104.8749672, 38.8730912 ], [ -104.8750602, 38.8730245 ] ] } },
{ "type": "Feature", "properties": { "fid": 332, "full_id": "w58662632", "osm_id": "58662632", "osm_type": "way", "highway": "path", "name": "Ute Trail", "tiger:cfcc": "", "tiger:county": "", "tiger:reviewed": "", "cycleway": "", "oneway": "", "tiger:name_base": "", "tiger:name_type": "", "service": "", "access": "", "alt_name": "", "ref": "", "surface": "ground", "tiger:name_direction_prefix": "", "cycleway:both": "", "maxspeed:type": "", "sidewalk": "", "sidewalk:both:bicycle": "", "lanes": "", "bicycle": "designated", "foot": "designated", "old_railway_operator": "", "segregated": "", "bridge": "", "layer": "", "tiger:separated": "", "tiger:source": "", "tiger:tlid": "", "maxspeed": "", "name_1": "", "tiger:name_base_1": "", "tiger:name_type_1": "", "cycleway:right": "", "route": "", "tracktype": "", "horse": "", "motor_vehicle": "", "railway": "", "tiger:name_base_2": "", "tiger:zip_right": "", "name_2": "", "destination": "", "destination:ref": "", "alt_name_1": "", "parking:lane:both": "", "mtb:scale": "", "old_ref": "", "NHS": "", "hgv": "", "hgv:national_network": "", "source:hgv:national_network": "", "sac_scale": "hiking", "description": "", "website": "", "trail_visibility": "", "mtb:scale:imba": "", "admin_level": "", "border_type": "", "boundary": "", "is_in:country": "", "is_in:country_code": "", "is_in:iso_3166_2": "", "is_in:state": "", "tiger:CLASSFP": "", "tiger:CPI": "", "tiger:FUNCSTAT": "", "tiger:LSAD": "", "tiger:MTFCC": "", "tiger:NAME": "", "tiger:NAMELSAD": "", "tiger:PCICBSA": "", "tiger:PCINECTA": "", "tiger:PLACEFP": "", "tiger:PLACENS": "", "tiger:PLCIDFP": "", "tiger:STATEFP": "", "wikidata": "", "wikipedia": "", "tunnel": "", "lit": "", "width": "", "waterway": "", "barrier": "", "fence_type": "", "junction": "", "shoulder": "", "lanes:backward": "", "lanes:forward": "", "turn:lanes:backward": "", "intermittent": "", "natural": "", "seasonal": "", "footway": "", "crossing": "", "tiger:name_base_3": "", "tiger:name_direction_prefix_3": "", "turn:lanes:forward": "", "turn:lanes": "", "lanes:both_ways": "", "turn:lanes:both_ways": "", "golf": "", "golf_cart": "", "power": "", "disused:highway": "", "tourism": "", "auxiliary_storage_labeling_positionx": -104.87726152603553, "auxiliary_storage_labeling_positiony": 38.873116467596084, "auxiliary_storage_labeling_show": null, "length": 1999.276674507299 }, "geometry": { "type": "LineString", "coordinates": [ [ -104.8777433, 38.8735255 ], [ -104.8776306, 38.8734149 ], [ -104.877475, 38.873252 ], [ -104.8773436, 38.8730891 ], [ -104.8772122, 38.8729805 ], [ -104.8771505, 38.8728573 ], [ -104.8770861, 38.8727362 ], [ -104.8770244, 38.872613 ], [ -104.8769627, 38.8725274 ], [ -104.8768313, 38.8724146 ], [ -104.8767428, 38.8723478 ], [ -104.8766784, 38.8722141 ], [ -104.8765926, 38.8721285 ], [ -104.8764934, 38.8720847 ], [ -104.8763861, 38.8720283 ], [ -104.8763512, 38.871951 ], [ -104.8763056, 38.8718571 ], [ -104.8762654, 38.8717777 ], [ -104.8762305, 38.8716858 ], [ -104.8762439, 38.8715981 ], [ -104.8762654, 38.8715459 ], [ -104.876252, 38.8715041 ], [ -104.8761849, 38.8714519 ], [ -104.8761393, 38.8714102 ], [ -104.8760669, 38.8713141 ], [ -104.8759542, 38.8712034 ], [ -104.875804, 38.871074 ], [ -104.8756967, 38.8709633 ], [ -104.8756082, 38.870838 ], [ -104.8755331, 38.8707169 ], [ -104.875498, 38.870679 ], [ -104.8754551, 38.8705921 ], [ -104.8754379, 38.8705386 ], [ -104.8753275, 38.8703605 ], [ -104.8753177, 38.8703448 ], [ -104.875292, 38.8702914 ], [ -104.8753006, 38.8702045 ], [ -104.8753091, 38.8700976 ], [ -104.8752662, 38.8700308 ], [ -104.8751289, 38.8697635 ], [ -104.8750345, 38.8695296 ], [ -104.8749916, 38.8693558 ], [ -104.8750002, 38.869142 ], [ -104.8750317, 38.8688082 ], [ -104.875042042670401, 38.868709128104548 ] ] } },
{ "type": "Feature", "properties": { "fid": 333, "full_id": "w58662633", "osm_id": "58662633", "osm_type": "way", "highway": "path", "name": "Ute Trail Connection", "tiger:cfcc": "", "tiger:county": "", "tiger:reviewed": "", "cycleway": "", "oneway": "", "tiger:name_base": "", "tiger:name_type": "", "service": "", "access": "", "alt_name": "", "ref": "", "surface": "ground", "tiger:name_direction_prefix": "", "cycleway:both": "", "maxspeed:type": "", "sidewalk": "", "sidewalk:both:bicycle": "", "lanes": "", "bicycle": "designated", "foot": "designated", "old_railway_operator": "", "segregated": "", "bridge": "", "layer": "", "tiger:separated": "", "tiger:source": "", "tiger:tlid": "", "maxspeed": "", "name_1": "", "tiger:name_base_1": "", "tiger:name_type_1": "", "cycleway:right": "", "route": "", "tracktype": "", "horse": "", "motor_vehicle": "", "railway": "", "tiger:name_base_2": "", "tiger:zip_right": "", "name_2": "", "destination": "", "destination:ref": "", "alt_name_1": "", "parking:lane:both": "", "mtb:scale": "", "old_ref": "", "NHS": "", "hgv": "", "hgv:national_network": "", "source:hgv:national_network": "", "sac_scale": "hiking", "description": "", "website": "", "trail_visibility": "", "mtb:scale:imba": "", "admin_level": "", "border_type": "", "boundary": "", "is_in:country": "", "is_in:country_code": "", "is_in:iso_3166_2": "", "is_in:state": "", "tiger:CLASSFP": "", "tiger:CPI": "", "tiger:FUNCSTAT": "", "tiger:LSAD": "", "tiger:MTFCC": "", "tiger:NAME": "", "tiger:NAMELSAD": "", "tiger:PCICBSA": "", "tiger:PCINECTA": "", "tiger:PLACEFP": "", "tiger:PLACENS": "", "tiger:PLCIDFP": "", "tiger:STATEFP": "", "wikidata": "", "wikipedia": "", "tunnel": "", "lit": "", "width": "", "waterway": "", "barrier": "", "fence_type": "", "junction": "", "shoulder": "", "lanes:backward": "", "lanes:forward": "", "turn:lanes:backward": "", "intermittent": "", "natural": "", "seasonal": "", "footway": "", "crossing": "", "tiger:name_base_3": "", "tiger:name_direction_prefix_3": "", "turn:lanes:forward": "", "turn:lanes": "", "lanes:both_ways": "", "turn:lanes:both_ways": "", "golf": "", "golf_cart": "", "power": "", "disused:highway": "", "tourism": "", "auxiliary_storage_labeling_positionx": -104.87668107512259, "auxiliary_storage_labeling_positiony": 38.86951151248963, "auxiliary_storage_labeling_show": null, "length": 1008.2866258814064 }, "geometry": { "type": "LineString", "coordinates": [ [ -104.8779785, 38.8693825 ], [ -104.8779111, 38.8693865 ], [ -104.8777633, 38.8693625 ], [ -104.8776215, 38.8693241 ], [ -104.8774675, 38.869209 ], [ -104.8773258, 38.8691802 ], [ -104.8772087, 38.869257 ], [ -104.8771409, 38.8693625 ], [ -104.8771039, 38.8694633 ], [ -104.8769745, 38.8695304 ], [ -104.8768451, 38.8695448 ], [ -104.876802, 38.8696312 ], [ -104.876765, 38.8697655 ], [ -104.8767157, 38.8698807 ], [ -104.8766233, 38.8699286 ], [ -104.876537, 38.8700054 ], [ -104.8764322, 38.8699718 ], [ -104.8762946, 38.869928 ], [ -104.8762305, 38.8699338 ], [ -104.8761581, 38.8699484 ], [ -104.8760776, 38.8699881 ], [ -104.8758791, 38.8700653 ], [ -104.8758067, 38.8701008 ], [ -104.8757289, 38.8701781 ], [ -104.8756753, 38.8702157 ], [ -104.8755841, 38.8702387 ], [ -104.8754875, 38.8702825 ], [ -104.8754044, 38.8703285 ], [ -104.8753275, 38.8703605 ] ] } },
{ "type": "Feature", "properties": { "fid": 334, "full_id": "w58662634", "osm_id": "58662634", "osm_type": "way", "highway": "path", "name": "Valley Reservoir Trail", "tiger:cfcc": "", "tiger:county": "", "tiger:reviewed": "", "cycleway": "", "oneway": "", "tiger:name_base": "", "tiger:name_type": "", "service": "", "access": "", "alt_name": "", "ref": "", "surface": "ground", "tiger:name_direction_prefix": "", "cycleway:both": "", "maxspeed:type": "", "sidewalk": "", "sidewalk:both:bicycle": "", "lanes": "", "bicycle": "designated", "foot": "designated", "old_railway_operator": "", "segregated": "", "bridge": "", "layer": "", "tiger:separated": "", "tiger:source": "", "tiger:tlid": "", "maxspeed": "", "name_1": "", "tiger:name_base_1": "", "tiger:name_type_1": "", "cycleway:right": "", "route": "", "tracktype": "", "horse": "", "motor_vehicle": "", "railway": "", "tiger:name_base_2": "", "tiger:zip_right": "", "name_2": "", "destination": "", "destination:ref": "", "alt_name_1": "", "parking:lane:both": "", "mtb:scale": "", "old_ref": "", "NHS": "", "hgv": "", "hgv:national_network": "", "source:hgv:national_network": "", "sac_scale": "hiking", "description": "", "website": "", "trail_visibility": "", "mtb:scale:imba": "", "admin_level": "", "border_type": "", "boundary": "", "is_in:country": "", "is_in:country_code": "", "is_in:iso_3166_2": "", "is_in:state": "", "tiger:CLASSFP": "", "tiger:CPI": "", "tiger:FUNCSTAT": "", "tiger:LSAD": "", "tiger:MTFCC": "", "tiger:NAME": "", "tiger:NAMELSAD": "", "tiger:PCICBSA": "", "tiger:PCINECTA": "", "tiger:PLACEFP": "", "tiger:PLACENS": "", "tiger:PLCIDFP": "", "tiger:STATEFP": "", "wikidata": "", "wikipedia": "", "tunnel": "", "lit": "", "width": "", "waterway": "", "barrier": "", "fence_type": "", "junction": "", "shoulder": "", "lanes:backward": "", "lanes:forward": "", "turn:lanes:backward": "", "intermittent": "", "natural": "", "seasonal": "", "footway": "", "crossing": "", "tiger:name_base_3": "", "tiger:name_direction_prefix_3": "", "turn:lanes:forward": "", "turn:lanes": "", "lanes:both_ways": "", "turn:lanes:both_ways": "", "golf": "", "golf_cart": "", "power": "", "disused:highway": "", "tourism": "", "auxiliary_storage_labeling_positionx": -104.876071485377, "auxiliary_storage_labeling_positiony": 38.871946995120339, "auxiliary_storage_labeling_show": 0, "length": 885.33885572581664 }, "geometry": { "type": "LineString", "coordinates": [ [ -104.8750602, 38.8730245 ], [ -104.8750602, 38.8729309 ], [ -104.8750774, 38.872824 ], [ -104.8750774, 38.8726904 ], [ -104.8750774, 38.8725367 ], [ -104.8750946, 38.8722092 ], [ -104.8751117, 38.8720756 ], [ -104.8751117, 38.8720221 ], [ -104.8751117, 38.8719486 ], [ -104.8751546, 38.8718818 ], [ -104.8751718, 38.8718283 ], [ -104.8752405, 38.8717816 ], [ -104.8752491, 38.8717415 ], [ -104.8752319, 38.8716746 ], [ -104.8752061, 38.8716279 ], [ -104.8752147, 38.8715744 ], [ -104.8753177, 38.871394 ], [ -104.8753301, 38.871353 ], [ -104.8753521, 38.8712804 ], [ -104.8753778, 38.8711868 ], [ -104.8754636, 38.8710732 ], [ -104.8754808, 38.8710198 ], [ -104.875498, 38.8708527 ], [ -104.875498, 38.870679 ] ] } },
{ "type": "Feature", "properties": { "fid": 335, "full_id": "w58662635", "osm_id": "58662635", "osm_type": "way", "highway": "service", "name": "", "tiger:cfcc": "", "tiger:county": "", "tiger:reviewed": "", "cycleway": "", "oneway": "", "tiger:name_base": "", "tiger:name_type": "", "service": "", "access": "", "alt_name": "", "ref": "", "surface": "", "tiger:name_direction_prefix": "", "cycleway:both": "", "maxspeed:type": "", "sidewalk": "", "sidewalk:both:bicycle": "", "lanes": "", "bicycle": "", "foot": "", "old_railway_operator": "", "segregated": "", "bridge": "", "layer": "", "tiger:separated": "", "tiger:source": "", "tiger:tlid": "", "maxspeed": "", "name_1": "", "tiger:name_base_1": "", "tiger:name_type_1": "", "cycleway:right": "", "route": "", "tracktype": "", "horse": "", "motor_vehicle": "", "railway": "", "tiger:name_base_2": "", "tiger:zip_right": "", "name_2": "", "destination": "", "destination:ref": "", "alt_name_1": "", "parking:lane:both": "", "mtb:scale": "", "old_ref": "", "NHS": "", "hgv": "", "hgv:national_network": "", "source:hgv:national_network": "", "sac_scale": "", "description": "", "website": "", "trail_visibility": "", "mtb:scale:imba": "", "admin_level": "", "border_type": "", "boundary": "", "is_in:country": "", "is_in:country_code": "", "is_in:iso_3166_2": "", "is_in:state": "", "tiger:CLASSFP": "", "tiger:CPI": "", "tiger:FUNCSTAT": "", "tiger:LSAD": "", "tiger:MTFCC": "", "tiger:NAME": "", "tiger:NAMELSAD": "", "tiger:PCICBSA": "", "tiger:PCINECTA": "", "tiger:PLACEFP": "", "tiger:PLACENS": "", "tiger:PLCIDFP": "", "tiger:STATEFP": "", "wikidata": "", "wikipedia": "", "tunnel": "", "lit": "", "width": "", "waterway": "", "barrier": "", "fence_type": "", "junction": "", "shoulder": "", "lanes:backward": "", "lanes:forward": "", "turn:lanes:backward": "", "intermittent": "", "natural": "", "seasonal": "", "footway": "", "crossing": "", "tiger:name_base_3": "", "tiger:name_direction_prefix_3": "", "turn:lanes:forward": "", "turn:lanes": "", "lanes:both_ways": "", "turn:lanes:both_ways": "", "golf": "", "golf_cart": "", "power": "", "disused:highway": "", "tourism": "", "auxiliary_storage_labeling_positionx": null, "auxiliary_storage_labeling_positiony": null, "auxiliary_storage_labeling_show": null, "length": 696.56936683651406 }, "geometry": { "type": "LineString", "coordinates": [ [ -104.8746052, 38.8725849 ], [ -104.87453, 38.8724606 ], [ -104.8744522, 38.8723624 ], [ -104.8742778, 38.8722496 ], [ -104.8741625, 38.8721285 ], [ -104.8740525, 38.8719573 ], [ -104.8739426, 38.8717735 ], [ -104.8736869, 38.8712656 ], [ -104.8736609, 38.8712139 ], [ -104.8735805, 38.8710343 ], [ -104.8734895, 38.8709074 ] ] } },
{ "type": "Feature", "properties": { "fid": 336, "full_id": "w58662636", "osm_id": "58662636", "osm_type": "way", "highway": "track", "name": "", "tiger:cfcc": "", "tiger:county": "", "tiger:reviewed": "", "cycleway": "", "oneway": "", "tiger:name_base": "", "tiger:name_type": "", "service": "", "access": "", "alt_name": "", "ref": "", "surface": "", "tiger:name_direction_prefix": "", "cycleway:both": "", "maxspeed:type": "", "sidewalk": "", "sidewalk:both:bicycle": "", "lanes": "", "bicycle": "", "foot": "", "old_railway_operator": "", "segregated": "", "bridge": "", "layer": "", "tiger:separated": "", "tiger:source": "", "tiger:tlid": "", "maxspeed": "", "name_1": "", "tiger:name_base_1": "", "tiger:name_type_1": "", "cycleway:right": "", "route": "", "tracktype": "", "horse": "", "motor_vehicle": "", "railway": "", "tiger:name_base_2": "", "tiger:zip_right": "", "name_2": "", "destination": "", "destination:ref": "", "alt_name_1": "", "parking:lane:both": "", "mtb:scale": "", "old_ref": "", "NHS": "", "hgv": "", "hgv:national_network": "", "source:hgv:national_network": "", "sac_scale": "", "description": "", "website": "", "trail_visibility": "", "mtb:scale:imba": "", "admin_level": "", "border_type": "", "boundary": "", "is_in:country": "", "is_in:country_code": "", "is_in:iso_3166_2": "", "is_in:state": "", "tiger:CLASSFP": "", "tiger:CPI": "", "tiger:FUNCSTAT": "", "tiger:LSAD": "", "tiger:MTFCC": "", "tiger:NAME": "", "tiger:NAMELSAD": "", "tiger:PCICBSA": "", "tiger:PCINECTA": "", "tiger:PLACEFP": "", "tiger:PLACENS": "", "tiger:PLCIDFP": "", "tiger:STATEFP": "", "wikidata": "", "wikipedia": "", "tunnel": "", "lit": "", "width": "", "waterway": "", "barrier": "", "fence_type": "", "junction": "", "shoulder": "", "lanes:backward": "", "lanes:forward": "", "turn:lanes:backward": "", "intermittent": "", "natural": "", "seasonal": "", "footway": "", "crossing": "", "tiger:name_base_3": "", "tiger:name_direction_prefix_3": "", "turn:lanes:forward": "", "turn:lanes": "", "lanes:both_ways": "", "turn:lanes:both_ways": "", "golf": "", "golf_cart": "", "power": "", "disused:highway": "", "tourism": "", "auxiliary_storage_labeling_positionx": null, "auxiliary_storage_labeling_positiony": null, "auxiliary_storage_labeling_show": null, "length": 269.38202916534306 }, "geometry": { "type": "LineString", "coordinates": [ [ -104.8741625, 38.8721285 ], [ -104.8741062, 38.8722309 ], [ -104.8740364, 38.8723708 ], [ -104.8740525, 38.8724418 ], [ -104.8741169, 38.8724773 ], [ -104.8742001, 38.8724856 ], [ -104.8742671, 38.8724606 ], [ -104.8743074, 38.8724021 ], [ -104.8742778, 38.8722496 ] ] } },
{ "type": "Feature", "properties": { "fid": 337, "full_id": "w58662637", "osm_id": "58662637", "osm_type": "way", "highway": "path", "name": "", "tiger:cfcc": "", "tiger:county": "", "tiger:reviewed": "", "cycleway": "", "oneway": "", "tiger:name_base": "", "tiger:name_type": "", "service": "", "access": "", "alt_name": "", "ref": "", "surface": "", "tiger:name_direction_prefix": "", "cycleway:both": "", "maxspeed:type": "", "sidewalk": "", "sidewalk:both:bicycle": "", "lanes": "", "bicycle": "", "foot": "designated", "old_railway_operator": "", "segregated": "", "bridge": "", "layer": "", "tiger:separated": "", "tiger:source": "", "tiger:tlid": "", "maxspeed": "", "name_1": "", "tiger:name_base_1": "", "tiger:name_type_1": "", "cycleway:right": "", "route": "", "tracktype": "", "horse": "", "motor_vehicle": "", "railway": "", "tiger:name_base_2": "", "tiger:zip_right": "", "name_2": "", "destination": "", "destination:ref": "", "alt_name_1": "", "parking:lane:both": "", "mtb:scale": "", "old_ref": "", "NHS": "", "hgv": "", "hgv:national_network": "", "source:hgv:national_network": "", "sac_scale": "hiking", "description": "", "website": "", "trail_visibility": "", "mtb:scale:imba": "", "admin_level": "", "border_type": "", "boundary": "", "is_in:country": "", "is_in:country_code": "", "is_in:iso_3166_2": "", "is_in:state": "", "tiger:CLASSFP": "", "tiger:CPI": "", "tiger:FUNCSTAT": "", "tiger:LSAD": "", "tiger:MTFCC": "", "tiger:NAME": "", "tiger:NAMELSAD": "", "tiger:PCICBSA": "", "tiger:PCINECTA": "", "tiger:PLACEFP": "", "tiger:PLACENS": "", "tiger:PLCIDFP": "", "tiger:STATEFP": "", "wikidata": "", "wikipedia": "", "tunnel": "", "lit": "", "width": "", "waterway": "", "barrier": "", "fence_type": "", "junction": "", "shoulder": "", "lanes:backward": "", "lanes:forward": "", "turn:lanes:backward": "", "intermittent": "", "natural": "", "seasonal": "", "footway": "", "crossing": "", "tiger:name_base_3": "", "tiger:name_direction_prefix_3": "", "turn:lanes:forward": "", "turn:lanes": "", "lanes:both_ways": "", "turn:lanes:both_ways": "", "golf": "", "golf_cart": "", "power": "", "disused:highway": "", "tourism": "", "auxiliary_storage_labeling_positionx": null, "auxiliary_storage_labeling_positiony": null, "auxiliary_storage_labeling_show": null, "length": 41.860338632051686 }, "geometry": { "type": "LineString", "coordinates": [ [ -104.8747633, 38.8857446 ], [ -104.8746187, 38.8857237 ] ] } },
{ "type": "Feature", "properties": { "fid": 338, "full_id": "w58662643", "osm_id": "58662643", "osm_type": "way", "highway": "path", "name": "Susan G. Bretag Trail", "tiger:cfcc": "", "tiger:county": "", "tiger:reviewed": "", "cycleway": "", "oneway": "", "tiger:name_base": "", "tiger:name_type": "", "service": "", "access": "", "alt_name": "", "ref": "", "surface": "unpaved", "tiger:name_direction_prefix": "", "cycleway:both": "", "maxspeed:type": "", "sidewalk": "", "sidewalk:both:bicycle": "", "lanes": "", "bicycle": "no", "foot": "designated", "old_railway_operator": "", "segregated": "", "bridge": "", "layer": "", "tiger:separated": "", "tiger:source": "", "tiger:tlid": "", "maxspeed": "", "name_1": "", "tiger:name_base_1": "", "tiger:name_type_1": "", "cycleway:right": "", "route": "", "tracktype": "", "horse": "", "motor_vehicle": "", "railway": "", "tiger:name_base_2": "", "tiger:zip_right": "", "name_2": "", "destination": "", "destination:ref": "", "alt_name_1": "", "parking:lane:both": "", "mtb:scale": "", "old_ref": "", "NHS": "", "hgv": "", "hgv:national_network": "", "source:hgv:national_network": "", "sac_scale": "hiking", "description": "", "website": "", "trail_visibility": "", "mtb:scale:imba": "", "admin_level": "", "border_type": "", "boundary": "", "is_in:country": "", "is_in:country_code": "", "is_in:iso_3166_2": "", "is_in:state": "", "tiger:CLASSFP": "", "tiger:CPI": "", "tiger:FUNCSTAT": "", "tiger:LSAD": "", "tiger:MTFCC": "", "tiger:NAME": "", "tiger:NAMELSAD": "", "tiger:PCICBSA": "", "tiger:PCINECTA": "", "tiger:PLACEFP": "", "tiger:PLACENS": "", "tiger:PLCIDFP": "", "tiger:STATEFP": "", "wikidata": "", "wikipedia": "", "tunnel": "", "lit": "", "width": "", "waterway": "", "barrier": "", "fence_type": "", "junction": "", "shoulder": "", "lanes:backward": "", "lanes:forward": "", "turn:lanes:backward": "", "intermittent": "", "natural": "", "seasonal": "", "footway": "", "crossing": "", "tiger:name_base_3": "", "tiger:name_direction_prefix_3": "", "turn:lanes:forward": "", "turn:lanes": "", "lanes:both_ways": "", "turn:lanes:both_ways": "", "golf": "", "golf_cart": "", "power": "", "disused:highway": "", "tourism": "", "auxiliary_storage_labeling_positionx": -104.87712609577872, "auxiliary_storage_labeling_positiony": 38.878796113776772, "auxiliary_storage_labeling_show": null, "length": 1510.3521427680419 }, "geometry": { "type": "LineString", "coordinates": [ [ -104.8777142, 38.8810013 ], [ -104.8774825, 38.8807073 ], [ -104.8773022, 38.8803866 ], [ -104.8771821, 38.8800926 ], [ -104.8771477, 38.879832 ], [ -104.8771907, 38.8793443 ], [ -104.8771907, 38.8788298 ], [ -104.8770962, 38.8786427 ], [ -104.8770791, 38.8785425 ], [ -104.8771134, 38.8784088 ], [ -104.8770962, 38.8782084 ], [ -104.8770877, 38.8781215 ], [ -104.8771907, 38.877881 ], [ -104.8773194, 38.8777206 ], [ -104.8774138, 38.8775469 ], [ -104.8774653, 38.87744 ], [ -104.8775254, 38.8773464 ], [ -104.8776198, 38.8772395 ], [ -104.8776956, 38.87708 ] ] } },
{ "type": "Feature", "properties": { "fid": 339, "full_id": "w58662645", "osm_id": "58662645", "osm_type": "way", "highway": "path", "name": "Dakota Trail", "tiger:cfcc": "", "tiger:county": "", "tiger:reviewed": "", "cycleway": "", "oneway": "", "tiger:name_base": "", "tiger:name_type": "", "service": "", "access": "", "alt_name": "", "ref": "", "surface": "", "tiger:name_direction_prefix": "", "cycleway:both": "", "maxspeed:type": "", "sidewalk": "", "sidewalk:both:bicycle": "", "lanes": "", "bicycle": "no", "foot": "designated", "old_railway_operator": "", "segregated": "", "bridge": "", "layer": "", "tiger:separated": "", "tiger:source": "", "tiger:tlid": "", "maxspeed": "", "name_1": "", "tiger:name_base_1": "", "tiger:name_type_1": "", "cycleway:right": "", "route": "", "tracktype": "", "horse": "", "motor_vehicle": "", "railway": "", "tiger:name_base_2": "", "tiger:zip_right": "", "name_2": "", "destination": "", "destination:ref": "", "alt_name_1": "", "parking:lane:both": "", "mtb:scale": "", "old_ref": "", "NHS": "", "hgv": "", "hgv:national_network": "", "source:hgv:national_network": "", "sac_scale": "hiking", "description": "", "website": "", "trail_visibility": "", "mtb:scale:imba": "", "admin_level": "", "border_type": "", "boundary": "", "is_in:country": "", "is_in:country_code": "", "is_in:iso_3166_2": "", "is_in:state": "", "tiger:CLASSFP": "", "tiger:CPI": "", "tiger:FUNCSTAT": "", "tiger:LSAD": "", "tiger:MTFCC": "", "tiger:NAME": "", "tiger:NAMELSAD": "", "tiger:PCICBSA": "", "tiger:PCINECTA": "", "tiger:PLACEFP": "", "tiger:PLACENS": "", "tiger:PLCIDFP": "", "tiger:STATEFP": "", "wikidata": "", "wikipedia": "", "tunnel": "", "lit": "", "width": "", "waterway": "", "barrier": "", "fence_type": "", "junction": "", "shoulder": "", "lanes:backward": "", "lanes:forward": "", "turn:lanes:backward": "", "intermittent": "", "natural": "", "seasonal": "", "footway": "", "crossing": "", "tiger:name_base_3": "", "tiger:name_direction_prefix_3": "", "turn:lanes:forward": "", "turn:lanes": "", "lanes:both_ways": "", "turn:lanes:both_ways": "", "golf": "", "golf_cart": "", "power": "", "disused:highway": "", "tourism": "", "auxiliary_storage_labeling_positionx": -104.87542604071497, "auxiliary_storage_labeling_positiony": 38.882944642965704, "auxiliary_storage_labeling_show": null, "length": 1864.2896173167812 }, "geometry": { "type": "LineString", "coordinates": [ [ -104.874038998094164, 38.883576304941435 ], [ -104.874087772885886, 38.883566180293883 ], [ -104.874141425156779, 38.8835573212261 ], [ -104.874214587344369, 38.883537071924152 ], [ -104.874276368747218, 38.883518088198358 ], [ -104.874310511101413, 38.883490245391329 ], [ -104.874379608723032, 38.883449746743452 ], [ -104.874464151695349, 38.883418107158725 ], [ -104.87457470788992, 38.883401654569106 ], [ -104.874642179685125, 38.883390264312517 ], [ -104.874739729268583, 38.883388998728336 ], [ -104.874822646414515, 38.883391529896663 ], [ -104.874894182775705, 38.883388998728336 ], [ -104.874944583393813, 38.883377608469722 ], [ -104.875013681015403, 38.883372546131973 ], [ -104.875125863036388, 38.883358624701309 ], [ -104.875221786793446, 38.88332951624654 ], [ -104.87531771055049, 38.883308001294068 ], [ -104.875359982036642, 38.883309266879678 ], [ -104.875513622630578, 38.883309266879678 ], [ -104.875591662297325, 38.883314329221939 ], [ -104.875655069526573, 38.883300407779871 ], [ -104.875711973450251, 38.883300407779871 ], [ -104.875774567766285, 38.883287751921067 ], [ -104.875863988217773, 38.883289017507053 ], [ -104.87595178284289, 38.883278892818566 ], [ -104.876010312592939, 38.883282689576916 ], [ -104.876081848954144, 38.883259909023771 ], [ -104.876142817443792, 38.883245987571037 ], [ -104.87623223789528, 38.883228269354518 ], [ -104.8763005226037, 38.883243456397523 ], [ -104.876359052353763, 38.883272564887527 ], [ -104.876407827145485, 38.883281423990823 ], [ -104.876467982721948, 38.883304204537069 ], [ -104.876508628381714, 38.883295345436615 ], [ -104.876547648215094, 38.883310532465281 ], [ -104.876626500795126, 38.883313291675044 ], [ -104.876697143331199, 38.883310179034204 ], [ -104.87675179133079, 38.883321592049946 ], [ -104.876802440696281, 38.883322629596748 ], [ -104.87688774489078, 38.88332989242388 ], [ -104.876966384695095, 38.883351680900844 ], [ -104.8770325, 38.8833602 ], [ -104.8771398, 38.8833059 ], [ -104.8772739, 38.8831848 ], [ -104.8773812, 38.883093 ], [ -104.8774992, 38.8830638 ], [ -104.8776387, 38.8829719 ], [ -104.8776923, 38.8828174 ], [ -104.877805, 38.8826211 ], [ -104.8778371, 38.8824332 ], [ -104.8778318, 38.8821952 ], [ -104.8778961, 38.8819571 ], [ -104.8779766, 38.8817985 ], [ -104.8779619, 38.8816837 ], [ -104.8779712, 38.8814769 ], [ -104.8778908, 38.8813224 ], [ -104.8777889, 38.8810927 ], [ -104.8777142, 38.8810013 ] ] } },
{ "type": "Feature", "properties": { "fid": 392, "full_id": "w165606100", "osm_id": "165606100", "osm_type": "way", "highway": "path", "name": "Palmer Trail", "tiger:cfcc": "", "tiger:county": "", "tiger:reviewed": "", "cycleway": "", "oneway": "", "tiger:name_base": "", "tiger:name_type": "", "service": "", "access": "", "alt_name": "", "ref": "", "surface": "ground", "tiger:name_direction_prefix": "", "cycleway:both": "", "maxspeed:type": "", "sidewalk": "", "sidewalk:both:bicycle": "", "lanes": "", "bicycle": "no", "foot": "designated", "old_railway_operator": "", "segregated": "", "bridge": "", "layer": "", "tiger:separated": "", "tiger:source": "", "tiger:tlid": "", "maxspeed": "", "name_1": "", "tiger:name_base_1": "", "tiger:name_type_1": "", "cycleway:right": "", "route": "", "tracktype": "", "horse": "designated", "motor_vehicle": "", "railway": "", "tiger:name_base_2": "", "tiger:zip_right": "", "name_2": "", "destination": "", "destination:ref": "", "alt_name_1": "", "parking:lane:both": "", "mtb:scale": "", "old_ref": "", "NHS": "", "hgv": "", "hgv:national_network": "", "source:hgv:national_network": "", "sac_scale": "", "description": "", "website": "", "trail_visibility": "", "mtb:scale:imba": "", "admin_level": "", "border_type": "", "boundary": "", "is_in:country": "", "is_in:country_code": "", "is_in:iso_3166_2": "", "is_in:state": "", "tiger:CLASSFP": "", "tiger:CPI": "", "tiger:FUNCSTAT": "", "tiger:LSAD": "", "tiger:MTFCC": "", "tiger:NAME": "", "tiger:NAMELSAD": "", "tiger:PCICBSA": "", "tiger:PCINECTA": "", "tiger:PLACEFP": "", "tiger:PLACENS": "", "tiger:PLCIDFP": "", "tiger:STATEFP": "", "wikidata": "", "wikipedia": "", "tunnel": "", "lit": "", "width": "", "waterway": "", "barrier": "", "fence_type": "", "junction": "", "shoulder": "", "lanes:backward": "", "lanes:forward": "", "turn:lanes:backward": "", "intermittent": "", "natural": "", "seasonal": "", "footway": "", "crossing": "", "tiger:name_base_3": "", "tiger:name_direction_prefix_3": "", "turn:lanes:forward": "", "turn:lanes": "", "lanes:both_ways": "", "turn:lanes:both_ways": "", "golf": "", "golf_cart": "", "power": "", "disused:highway": "", "tourism": "", "auxiliary_storage_labeling_positionx": -104.8864592166224, "auxiliary_storage_labeling_positiony": 38.870827691936043, "auxiliary_storage_labeling_show": null, "length": 1926.9312504298239 }, "geometry": { "type": "LineString", "coordinates": [ [ -104.8854722, 38.8724503 ], [ -104.8854844, 38.8724147 ], [ -104.8855112, 38.8723604 ], [ -104.8855541, 38.8723041 ], [ -104.8855783, 38.8722518 ], [ -104.8855917, 38.8722143 ], [ -104.8856024, 38.8721621 ], [ -104.8855729, 38.8720723 ], [ -104.8855407, 38.8720138 ], [ -104.8855059, 38.8719303 ], [ -104.8854844, 38.8718781 ], [ -104.8854844, 38.8718112 ], [ -104.8854978, 38.8717611 ], [ -104.885479, 38.8717131 ], [ -104.8854737, 38.8716734 ], [ -104.8854871, 38.8716128 ], [ -104.8855139, 38.8715565 ], [ -104.88553, 38.8715063 ], [ -104.8855273, 38.8714541 ], [ -104.8855139, 38.8713957 ], [ -104.8855112, 38.8713497 ], [ -104.8855407, 38.871308 ], [ -104.8855783, 38.8711889 ], [ -104.8855917, 38.8711367 ], [ -104.8855917, 38.8710929 ], [ -104.885589, 38.871049 ], [ -104.8856292, 38.871024 ], [ -104.8856909, 38.8709864 ], [ -104.8857607, 38.8709571 ], [ -104.8858706, 38.8709363 ], [ -104.8859323, 38.8708945 ], [ -104.8859672, 38.8708381 ], [ -104.8859645, 38.8707671 ], [ -104.8859833, 38.8707253 ], [ -104.8859645, 38.8706397 ], [ -104.8859672, 38.8705854 ], [ -104.8859752, 38.8705332 ], [ -104.8860101, 38.8705102 ], [ -104.8860611, 38.8705061 ], [ -104.886104, 38.8704643 ], [ -104.8861308, 38.8704184 ], [ -104.8861496, 38.8703724 ], [ -104.8861925, 38.8703244 ], [ -104.8862327, 38.8702764 ], [ -104.8862569, 38.8702179 ], [ -104.8863078, 38.8701845 ], [ -104.8863668, 38.8701573 ], [ -104.8863963, 38.870126 ], [ -104.8864527, 38.8699673 ], [ -104.8864698, 38.8698939 ], [ -104.8864741, 38.8698754 ], [ -104.8865063, 38.8698629 ], [ -104.8865465, 38.8698566 ], [ -104.8866136, 38.8698232 ], [ -104.8866377, 38.8697856 ], [ -104.8866807, 38.8697188 ], [ -104.8867182, 38.8697021 ], [ -104.8867826, 38.8696499 ], [ -104.8868228, 38.8695747 ], [ -104.8868952, 38.8695308 ], [ -104.8869381, 38.8694598 ], [ -104.8869837, 38.8694097 ], [ -104.8870079, 38.8693826 ], [ -104.8870535, 38.8693387 ], [ -104.8871313, 38.8692844 ], [ -104.8871688, 38.8692447 ], [ -104.887252, 38.8692447 ], [ -104.8873083, 38.8693137 ], [ -104.8873593, 38.8693617 ], [ -104.8873995, 38.8693826 ], [ -104.8874209, 38.8694327 ], [ -104.8874478, 38.8694828 ], [ -104.8874665, 38.8695204 ], [ -104.8875121, 38.8695517 ], [ -104.8875765, 38.8695622 ], [ -104.8876436, 38.8695914 ], [ -104.8876758, 38.8696269 ], [ -104.8876811, 38.8696728 ], [ -104.8876945, 38.8696979 ], [ -104.8877321, 38.8696979 ], [ -104.8877643, 38.8696624 ], [ -104.8877938, 38.8696394 ], [ -104.8878528, 38.869629 ], [ -104.8879386, 38.8696185 ], [ -104.8879628, 38.8696081 ], [ -104.8880218, 38.8696144 ], [ -104.8881103, 38.8696436 ], [ -104.8882068, 38.869654 ], [ -104.8882417, 38.8696958 ], [ -104.8882523, 38.8697449 ], [ -104.8882952, 38.869772 ], [ -104.8883595, 38.8697825 ], [ -104.8884481, 38.8697866 ], [ -104.8885097, 38.8698013 ], [ -104.8885795, 38.8698034 ] ] } },
{ "type": "Feature", "properties": { "fid": 393, "full_id": "w165606101", "osm_id": "165606101", "osm_type": "way", "highway": "path", "name": "", "tiger:cfcc": "", "tiger:county": "", "tiger:reviewed": "", "cycleway": "", "oneway": "", "tiger:name_base": "", "tiger:name_type": "", "service": "", "access": "", "alt_name": "", "ref": "", "surface": "", "tiger:name_direction_prefix": "", "cycleway:both": "", "maxspeed:type": "", "sidewalk": "", "sidewalk:both:bicycle": "", "lanes": "", "bicycle": "", "foot": "", "old_railway_operator": "", "segregated": "", "bridge": "", "layer": "", "tiger:separated": "", "tiger:source": "", "tiger:tlid": "", "maxspeed": "", "name_1": "", "tiger:name_base_1": "", "tiger:name_type_1": "", "cycleway:right": "", "route": "", "tracktype": "", "horse": "", "motor_vehicle": "", "railway": "", "tiger:name_base_2": "", "tiger:zip_right": "", "name_2": "", "destination": "", "destination:ref": "", "alt_name_1": "", "parking:lane:both": "", "mtb:scale": "", "old_ref": "", "NHS": "", "hgv": "", "hgv:national_network": "", "source:hgv:national_network": "", "sac_scale": "", "description": "", "website": "", "trail_visibility": "", "mtb:scale:imba": "", "admin_level": "", "border_type": "", "boundary": "", "is_in:country": "", "is_in:country_code": "", "is_in:iso_3166_2": "", "is_in:state": "", "tiger:CLASSFP": "", "tiger:CPI": "", "tiger:FUNCSTAT": "", "tiger:LSAD": "", "tiger:MTFCC": "", "tiger:NAME": "", "tiger:NAMELSAD": "", "tiger:PCICBSA": "", "tiger:PCINECTA": "", "tiger:PLACEFP": "", "tiger:PLACENS": "", "tiger:PLCIDFP": "", "tiger:STATEFP": "", "wikidata": "", "wikipedia": "", "tunnel": "", "lit": "", "width": "", "waterway": "", "barrier": "", "fence_type": "", "junction": "", "shoulder": "", "lanes:backward": "", "lanes:forward": "", "turn:lanes:backward": "", "intermittent": "", "natural": "", "seasonal": "", "footway": "", "crossing": "", "tiger:name_base_3": "", "tiger:name_direction_prefix_3": "", "turn:lanes:forward": "", "turn:lanes": "", "lanes:both_ways": "", "turn:lanes:both_ways": "", "golf": "", "golf_cart": "", "power": "", "disused:highway": "", "tourism": "", "auxiliary_storage_labeling_positionx": null, "auxiliary_storage_labeling_positiony": null, "auxiliary_storage_labeling_show": null, "length": 155.73028514041084 }, "geometry": { "type": "LineString", "coordinates": [ [ -104.8842443, 38.8756411 ], [ -104.8842238, 38.8756263 ], [ -104.8841513, 38.8756222 ], [ -104.8840682, 38.875595 ], [ -104.8840092, 38.8755679 ], [ -104.8839555, 38.8755449 ], [ -104.883867, 38.8754885 ], [ -104.8837864, 38.8754272 ] ] } },
{ "type": "Feature", "properties": { "fid": 394, "full_id": "w165606102", "osm_id": "165606102", "osm_type": "way", "highway": "path", "name": "", "tiger:cfcc": "", "tiger:county": "", "tiger:reviewed": "", "cycleway": "", "oneway": "", "tiger:name_base": "", "tiger:name_type": "", "service": "", "access": "", "alt_name": "", "ref": "", "surface": "", "tiger:name_direction_prefix": "", "cycleway:both": "", "maxspeed:type": "", "sidewalk": "", "sidewalk:both:bicycle": "", "lanes": "", "bicycle": "", "foot": "", "old_railway_operator": "", "segregated": "", "bridge": "", "layer": "", "tiger:separated": "", "tiger:source": "", "tiger:tlid": "", "maxspeed": "", "name_1": "", "tiger:name_base_1": "", "tiger:name_type_1": "", "cycleway:right": "", "route": "", "tracktype": "", "horse": "", "motor_vehicle": "", "railway": "", "tiger:name_base_2": "", "tiger:zip_right": "", "name_2": "", "destination": "", "destination:ref": "", "alt_name_1": "", "parking:lane:both": "", "mtb:scale": "", "old_ref": "", "NHS": "", "hgv": "", "hgv:national_network": "", "source:hgv:national_network": "", "sac_scale": "", "description": "", "website": "", "trail_visibility": "", "mtb:scale:imba": "", "admin_level": "", "border_type": "", "boundary": "", "is_in:country": "", "is_in:country_code": "", "is_in:iso_3166_2": "", "is_in:state": "", "tiger:CLASSFP": "", "tiger:CPI": "", "tiger:FUNCSTAT": "", "tiger:LSAD": "", "tiger:MTFCC": "", "tiger:NAME": "", "tiger:NAMELSAD": "", "tiger:PCICBSA": "", "tiger:PCINECTA": "", "tiger:PLACEFP": "", "tiger:PLACENS": "", "tiger:PLCIDFP": "", "tiger:STATEFP": "", "wikidata": "", "wikipedia": "", "tunnel": "", "lit": "", "width": "", "waterway": "", "barrier": "", "fence_type": "", "junction": "", "shoulder": "", "lanes:backward": "", "lanes:forward": "", "turn:lanes:backward": "", "intermittent": "", "natural": "", "seasonal": "", "footway": "", "crossing": "", "tiger:name_base_3": "", "tiger:name_direction_prefix_3": "", "turn:lanes:forward": "", "turn:lanes": "", "lanes:both_ways": "", "turn:lanes:both_ways": "", "golf": "", "golf_cart": "", "power": "", "disused:highway": "", "tourism": "", "auxiliary_storage_labeling_positionx": null, "auxiliary_storage_labeling_positiony": null, "auxiliary_storage_labeling_show": null, "length": 138.35825491672446 }, "geometry": { "type": "LineString", "coordinates": [ [ -104.8842387, 38.8772359 ], [ -104.8842667, 38.8772321 ], [ -104.8843418, 38.8772154 ], [ -104.8843659, 38.8771841 ], [ -104.8844008, 38.8771214 ], [ -104.8844061, 38.877065 ], [ -104.8843605, 38.8770233 ], [ -104.884323, 38.8769941 ], [ -104.8842734, 38.8769977 ] ] } },
{ "type": "Feature", "properties": { "fid": 395, "full_id": "w165606405", "osm_id": "165606405", "osm_type": "way", "highway": "path", "name": "", "tiger:cfcc": "", "tiger:county": "", "tiger:reviewed": "", "cycleway": "", "oneway": "", "tiger:name_base": "", "tiger:name_type": "", "service": "", "access": "", "alt_name": "", "ref": "", "surface": "", "tiger:name_direction_prefix": "", "cycleway:both": "", "maxspeed:type": "", "sidewalk": "", "sidewalk:both:bicycle": "", "lanes": "", "bicycle": "", "foot": "", "old_railway_operator": "", "segregated": "", "bridge": "", "layer": "", "tiger:separated": "", "tiger:source": "", "tiger:tlid": "", "maxspeed": "", "name_1": "", "tiger:name_base_1": "", "tiger:name_type_1": "", "cycleway:right": "", "route": "", "tracktype": "", "horse": "", "motor_vehicle": "", "railway": "", "tiger:name_base_2": "", "tiger:zip_right": "", "name_2": "", "destination": "", "destination:ref": "", "alt_name_1": "", "parking:lane:both": "", "mtb:scale": "", "old_ref": "", "NHS": "", "hgv": "", "hgv:national_network": "", "source:hgv:national_network": "", "sac_scale": "", "description": "", "website": "", "trail_visibility": "", "mtb:scale:imba": "", "admin_level": "", "border_type": "", "boundary": "", "is_in:country": "", "is_in:country_code": "", "is_in:iso_3166_2": "", "is_in:state": "", "tiger:CLASSFP": "", "tiger:CPI": "", "tiger:FUNCSTAT": "", "tiger:LSAD": "", "tiger:MTFCC": "", "tiger:NAME": "", "tiger:NAMELSAD": "", "tiger:PCICBSA": "", "tiger:PCINECTA": "", "tiger:PLACEFP": "", "tiger:PLACENS": "", "tiger:PLCIDFP": "", "tiger:STATEFP": "", "wikidata": "", "wikipedia": "", "tunnel": "", "lit": "", "width": "", "waterway": "", "barrier": "", "fence_type": "", "junction": "", "shoulder": "", "lanes:backward": "", "lanes:forward": "", "turn:lanes:backward": "", "intermittent": "", "natural": "", "seasonal": "", "footway": "", "crossing": "", "tiger:name_base_3": "", "tiger:name_direction_prefix_3": "", "turn:lanes:forward": "", "turn:lanes": "", "lanes:both_ways": "", "turn:lanes:both_ways": "", "golf": "", "golf_cart": "", "power": "", "disused:highway": "", "tourism": "", "auxiliary_storage_labeling_positionx": null, "auxiliary_storage_labeling_positiony": null, "auxiliary_storage_labeling_show": null, "length": 84.512617567814985 }, "geometry": { "type": "LineString", "coordinates": [ [ -104.8851386, 38.8696563 ], [ -104.885125, 38.8696499 ], [ -104.885078, 38.8696259 ], [ -104.8850271, 38.8696039 ], [ -104.8849842, 38.8696092 ], [ -104.8849412, 38.8696248 ], [ -104.8849131, 38.8696457 ], [ -104.8848926, 38.8696698 ] ] } },
{ "type": "Feature", "properties": { "fid": 560, "full_id": "w303411280", "osm_id": "303411280", "osm_type": "way", "highway": "service", "name": "", "tiger:cfcc": "", "tiger:county": "", "tiger:reviewed": "", "cycleway": "", "oneway": "", "tiger:name_base": "", "tiger:name_type": "", "service": "driveway", "access": "", "alt_name": "", "ref": "", "surface": "", "tiger:name_direction_prefix": "", "cycleway:both": "", "maxspeed:type": "", "sidewalk": "", "sidewalk:both:bicycle": "", "lanes": "", "bicycle": "", "foot": "", "old_railway_operator": "", "segregated": "", "bridge": "", "layer": "", "tiger:separated": "", "tiger:source": "", "tiger:tlid": "", "maxspeed": "", "name_1": "", "tiger:name_base_1": "", "tiger:name_type_1": "", "cycleway:right": "", "route": "", "tracktype": "", "horse": "", "motor_vehicle": "", "railway": "", "tiger:name_base_2": "", "tiger:zip_right": "", "name_2": "", "destination": "", "destination:ref": "", "alt_name_1": "", "parking:lane:both": "", "mtb:scale": "", "old_ref": "", "NHS": "", "hgv": "", "hgv:national_network": "", "source:hgv:national_network": "", "sac_scale": "", "description": "", "website": "", "trail_visibility": "", "mtb:scale:imba": "", "admin_level": "", "border_type": "", "boundary": "", "is_in:country": "", "is_in:country_code": "", "is_in:iso_3166_2": "", "is_in:state": "", "tiger:CLASSFP": "", "tiger:CPI": "", "tiger:FUNCSTAT": "", "tiger:LSAD": "", "tiger:MTFCC": "", "tiger:NAME": "", "tiger:NAMELSAD": "", "tiger:PCICBSA": "", "tiger:PCINECTA": "", "tiger:PLACEFP": "", "tiger:PLACENS": "", "tiger:PLCIDFP": "", "tiger:STATEFP": "", "wikidata": "", "wikipedia": "", "tunnel": "", "lit": "", "width": "", "waterway": "", "barrier": "", "fence_type": "", "junction": "", "shoulder": "", "lanes:backward": "", "lanes:forward": "", "turn:lanes:backward": "", "intermittent": "", "natural": "", "seasonal": "", "footway": "", "crossing": "", "tiger:name_base_3": "", "tiger:name_direction_prefix_3": "", "turn:lanes:forward": "", "turn:lanes": "", "lanes:both_ways": "", "turn:lanes:both_ways": "", "golf": "", "golf_cart": "", "power": "", "disused:highway": "", "tourism": "", "auxiliary_storage_labeling_positionx": null, "auxiliary_storage_labeling_positiony": null, "auxiliary_storage_labeling_show": null, "length": 158.54069577326737 }, "geometry": { "type": "LineString", "coordinates": [ [ -104.8933246, 38.8641401 ], [ -104.8934227, 38.8641389 ], [ -104.8934741, 38.8641275 ], [ -104.8935128, 38.864109 ], [ -104.8935512, 38.8640841 ], [ -104.8935847, 38.8640386 ], [ -104.8936149, 38.863983 ], [ -104.8936362, 38.8639074 ], [ -104.8936385, 38.8638554 ] ] } },
{ "type": "Feature", "properties": { "fid": 563, "full_id": "w382496194", "osm_id": "382496194", "osm_type": "way", "highway": "cycleway", "name": "Foothills Trail", "tiger:cfcc": "", "tiger:county": "", "tiger:reviewed": "", "cycleway": "", "oneway": "", "tiger:name_base": "", "tiger:name_type": "", "service": "", "access": "", "alt_name": "", "ref": "", "surface": "concrete", "tiger:name_direction_prefix": "", "cycleway:both": "", "maxspeed:type": "", "sidewalk": "", "sidewalk:both:bicycle": "", "lanes": "", "bicycle": "designated", "foot": "designated", "old_railway_operator": "", "segregated": "", "bridge": "", "layer": "", "tiger:separated": "", "tiger:source": "", "tiger:tlid": "", "maxspeed": "", "name_1": "", "tiger:name_base_1": "", "tiger:name_type_1": "", "cycleway:right": "", "route": "", "tracktype": "", "horse": "", "motor_vehicle": "", "railway": "", "tiger:name_base_2": "", "tiger:zip_right": "", "name_2": "", "destination": "", "destination:ref": "", "alt_name_1": "", "parking:lane:both": "", "mtb:scale": "", "old_ref": "", "NHS": "", "hgv": "", "hgv:national_network": "", "source:hgv:national_network": "", "sac_scale": "hiking", "description": "", "website": "", "trail_visibility": "", "mtb:scale:imba": "", "admin_level": "", "border_type": "", "boundary": "", "is_in:country": "", "is_in:country_code": "", "is_in:iso_3166_2": "", "is_in:state": "", "tiger:CLASSFP": "", "tiger:CPI": "", "tiger:FUNCSTAT": "", "tiger:LSAD": "", "tiger:MTFCC": "", "tiger:NAME": "", "tiger:NAMELSAD": "", "tiger:PCICBSA": "", "tiger:PCINECTA": "", "tiger:PLACEFP": "", "tiger:PLACENS": "", "tiger:PLCIDFP": "", "tiger:STATEFP": "", "wikidata": "", "wikipedia": "", "tunnel": "", "lit": "", "width": "", "waterway": "", "barrier": "", "fence_type": "", "junction": "", "shoulder": "", "lanes:backward": "", "lanes:forward": "", "turn:lanes:backward": "", "intermittent": "", "natural": "", "seasonal": "", "footway": "", "crossing": "", "tiger:name_base_3": "", "tiger:name_direction_prefix_3": "", "turn:lanes:forward": "", "turn:lanes": "", "lanes:both_ways": "", "turn:lanes:both_ways": "", "golf": "", "golf_cart": "", "power": "", "disused:highway": "", "tourism": "", "auxiliary_storage_labeling_positionx": -104.8737295329707, "auxiliary_storage_labeling_positiony": 38.880258988336024, "auxiliary_storage_labeling_show": null, "length": 1727.6624121444968 }, "geometry": { "type": "LineString", "coordinates": [ [ -104.8738248, 38.8831516 ], [ -104.8737304, 38.8829645 ], [ -104.8736531, 38.8826304 ], [ -104.8736359, 38.8821694 ], [ -104.8735072, 38.8817618 ], [ -104.8732669, 38.8811805 ], [ -104.8729665, 38.880479 ], [ -104.8726746, 38.8799645 ], [ -104.8722999, 38.87916 ], [ -104.8721927, 38.8789532 ], [ -104.8719867, 38.8786662 ] ] } },
{ "type": "Feature", "properties": { "fid": 568, "full_id": "w435571591", "osm_id": "435571591", "osm_type": "way", "highway": "service", "name": "", "tiger:cfcc": "", "tiger:county": "", "tiger:reviewed": "", "cycleway": "", "oneway": "", "tiger:name_base": "", "tiger:name_type": "", "service": "parking_aisle", "access": "", "alt_name": "", "ref": "", "surface": "", "tiger:name_direction_prefix": "", "cycleway:both": "", "maxspeed:type": "", "sidewalk": "", "sidewalk:both:bicycle": "", "lanes": "", "bicycle": "", "foot": "", "old_railway_operator": "", "segregated": "", "bridge": "", "layer": "", "tiger:separated": "", "tiger:source": "", "tiger:tlid": "", "maxspeed": "", "name_1": "", "tiger:name_base_1": "", "tiger:name_type_1": "", "cycleway:right": "", "route": "", "tracktype": "", "horse": "", "motor_vehicle": "", "railway": "", "tiger:name_base_2": "", "tiger:zip_right": "", "name_2": "", "destination": "", "destination:ref": "", "alt_name_1": "", "parking:lane:both": "", "mtb:scale": "", "old_ref": "", "NHS": "", "hgv": "", "hgv:national_network": "", "source:hgv:national_network": "", "sac_scale": "", "description": "", "website": "", "trail_visibility": "", "mtb:scale:imba": "", "admin_level": "", "border_type": "", "boundary": "", "is_in:country": "", "is_in:country_code": "", "is_in:iso_3166_2": "", "is_in:state": "", "tiger:CLASSFP": "", "tiger:CPI": "", "tiger:FUNCSTAT": "", "tiger:LSAD": "", "tiger:MTFCC": "", "tiger:NAME": "", "tiger:NAMELSAD": "", "tiger:PCICBSA": "", "tiger:PCINECTA": "", "tiger:PLACEFP": "", "tiger:PLACENS": "", "tiger:PLCIDFP": "", "tiger:STATEFP": "", "wikidata": "", "wikipedia": "", "tunnel": "", "lit": "", "width": "", "waterway": "", "barrier": "", "fence_type": "", "junction": "", "shoulder": "", "lanes:backward": "", "lanes:forward": "", "turn:lanes:backward": "", "intermittent": "", "natural": "", "seasonal": "", "footway": "", "crossing": "", "tiger:name_base_3": "", "tiger:name_direction_prefix_3": "", "turn:lanes:forward": "", "turn:lanes": "", "lanes:both_ways": "", "turn:lanes:both_ways": "", "golf": "", "golf_cart": "", "power": "", "disused:highway": "", "tourism": "", "auxiliary_storage_labeling_positionx": null, "auxiliary_storage_labeling_positiony": null, "auxiliary_storage_labeling_show": null, "length": 104.76738109340771 }, "geometry": { "type": "LineString", "coordinates": [ [ -104.8852979, 38.8723438 ], [ -104.8851935, 38.8723111 ], [ -104.8851821, 38.8722519 ], [ -104.8851712, 38.8721954 ], [ -104.8852675, 38.8721611 ] ] } },
{ "type": "Feature", "properties": { "fid": 570, "full_id": "w476855402", "osm_id": "476855402", "osm_type": "way", "highway": "path", "name": "Balanced Rock Trail", "tiger:cfcc": "", "tiger:county": "", "tiger:reviewed": "", "cycleway": "", "oneway": "", "tiger:name_base": "", "tiger:name_type": "", "service": "", "access": "", "alt_name": "", "ref": "", "surface": "", "tiger:name_direction_prefix": "", "cycleway:both": "", "maxspeed:type": "", "sidewalk": "", "sidewalk:both:bicycle": "", "lanes": "", "bicycle": "", "foot": "designated", "old_railway_operator": "", "segregated": "", "bridge": "", "layer": "", "tiger:separated": "", "tiger:source": "", "tiger:tlid": "", "maxspeed": "", "name_1": "", "tiger:name_base_1": "", "tiger:name_type_1": "", "cycleway:right": "", "route": "", "tracktype": "", "horse": "", "motor_vehicle": "", "railway": "", "tiger:name_base_2": "", "tiger:zip_right": "", "name_2": "", "destination": "", "destination:ref": "", "alt_name_1": "", "parking:lane:both": "", "mtb:scale": "", "old_ref": "", "NHS": "", "hgv": "", "hgv:national_network": "", "source:hgv:national_network": "", "sac_scale": "", "description": "", "website": "", "trail_visibility": "", "mtb:scale:imba": "", "admin_level": "", "border_type": "", "boundary": "", "is_in:country": "", "is_in:country_code": "", "is_in:iso_3166_2": "", "is_in:state": "", "tiger:CLASSFP": "", "tiger:CPI": "", "tiger:FUNCSTAT": "", "tiger:LSAD": "", "tiger:MTFCC": "", "tiger:NAME": "", "tiger:NAMELSAD": "", "tiger:PCICBSA": "", "tiger:PCINECTA": "", "tiger:PLACEFP": "", "tiger:PLACENS": "", "tiger:PLCIDFP": "", "tiger:STATEFP": "", "wikidata": "", "wikipedia": "", "tunnel": "", "lit": "", "width": "", "waterway": "", "barrier": "", "fence_type": "", "junction": "", "shoulder": "", "lanes:backward": "", "lanes:forward": "", "turn:lanes:backward": "", "intermittent": "", "natural": "", "seasonal": "", "footway": "", "crossing": "", "tiger:name_base_3": "", "tiger:name_direction_prefix_3": "", "turn:lanes:forward": "", "turn:lanes": "", "lanes:both_ways": "", "turn:lanes:both_ways": "", "golf": "", "golf_cart": "", "power": "", "disused:highway": "", "tourism": "", "auxiliary_storage_labeling_positionx": -104.89144323103952, "auxiliary_storage_labeling_positiony": 38.866145983046579, "auxiliary_storage_labeling_show": null, "length": 971.10872817945005 }, "geometry": { "type": "LineString", "coordinates": [ [ -104.8915432, 38.867232 ], [ -104.8914805, 38.8671856 ], [ -104.8914671, 38.8670979 ], [ -104.8914564, 38.8670311 ], [ -104.8914376, 38.8669204 ], [ -104.8914644, 38.8668285 ], [ -104.8914322, 38.8666698 ], [ -104.8914698, 38.8665549 ], [ -104.8915369, 38.8664066 ], [ -104.8915288, 38.866225 ], [ -104.8914832, 38.8659848 ], [ -104.8914242, 38.8658616 ], [ -104.8913437, 38.8657363 ], [ -104.8912847, 38.8656381 ], [ -104.8912659, 38.8655504 ], [ -104.8911399, 38.8653896 ], [ -104.8911294, 38.8653421 ], [ -104.8910943, 38.8651828 ], [ -104.8910755, 38.864974 ], [ -104.8911292, 38.8648006 ], [ -104.8912013, 38.8646938 ] ] } },
{ "type": "Feature", "properties": { "fid": 571, "full_id": "w485397562", "osm_id": "485397562", "osm_type": "way", "highway": "path", "name": "Upper Loop Trail", "tiger:cfcc": "", "tiger:county": "", "tiger:reviewed": "", "cycleway": "", "oneway": "", "tiger:name_base": "", "tiger:name_type": "", "service": "", "access": "", "alt_name": "", "ref": "", "surface": "", "tiger:name_direction_prefix": "", "cycleway:both": "", "maxspeed:type": "", "sidewalk": "", "sidewalk:both:bicycle": "", "lanes": "", "bicycle": "", "foot": "designated", "old_railway_operator": "", "segregated": "", "bridge": "", "layer": "", "tiger:separated": "", "tiger:source": "", "tiger:tlid": "", "maxspeed": "", "name_1": "", "tiger:name_base_1": "", "tiger:name_type_1": "", "cycleway:right": "", "route": "", "tracktype": "", "horse": "", "motor_vehicle": "", "railway": "", "tiger:name_base_2": "", "tiger:zip_right": "", "name_2": "", "destination": "", "destination:ref": "", "alt_name_1": "", "parking:lane:both": "", "mtb:scale": "", "old_ref": "", "NHS": "", "hgv": "", "hgv:national_network": "", "source:hgv:national_network": "", "sac_scale": "hiking", "description": "", "website": "", "trail_visibility": "", "mtb:scale:imba": "", "admin_level": "", "border_type": "", "boundary": "", "is_in:country": "", "is_in:country_code": "", "is_in:iso_3166_2": "", "is_in:state": "", "tiger:CLASSFP": "", "tiger:CPI": "", "tiger:FUNCSTAT": "", "tiger:LSAD": "", "tiger:MTFCC": "", "tiger:NAME": "", "tiger:NAMELSAD": "", "tiger:PCICBSA": "", "tiger:PCINECTA": "", "tiger:PLACEFP": "", "tiger:PLACENS": "", "tiger:PLCIDFP": "", "tiger:STATEFP": "", "wikidata": "", "wikipedia": "", "tunnel": "", "lit": "", "width": "", "waterway": "", "barrier": "", "fence_type": "", "junction": "", "shoulder": "", "lanes:backward": "", "lanes:forward": "", "turn:lanes:backward": "", "intermittent": "", "natural": "", "seasonal": "", "footway": "", "crossing": "", "tiger:name_base_3": "", "tiger:name_direction_prefix_3": "", "turn:lanes:forward": "", "turn:lanes": "", "lanes:both_ways": "", "turn:lanes:both_ways": "", "golf": "", "golf_cart": "", "power": "", "disused:highway": "", "tourism": "", "auxiliary_storage_labeling_positionx": null, "auxiliary_storage_labeling_positiony": null, "auxiliary_storage_labeling_show": null, "length": 44.737322511052149 }, "geometry": { "type": "LineString", "coordinates": [ [ -104.880977, 38.8759027 ], [ -104.8809554, 38.8758475 ], [ -104.8808957, 38.8758021 ] ] } },
{ "type": "Feature", "properties": { "fid": 572, "full_id": "w485397563", "osm_id": "485397563", "osm_type": "way", "highway": "path", "name": "Upper Loop Trail", "tiger:cfcc": "", "tiger:county": "", "tiger:reviewed": "", "cycleway": "", "oneway": "", "tiger:name_base": "", "tiger:name_type": "", "service": "", "access": "", "alt_name": "", "ref": "", "surface": "", "tiger:name_direction_prefix": "", "cycleway:both": "", "maxspeed:type": "", "sidewalk": "", "sidewalk:both:bicycle": "", "lanes": "", "bicycle": "", "foot": "designated", "old_railway_operator": "", "segregated": "", "bridge": "", "layer": "", "tiger:separated": "", "tiger:source": "", "tiger:tlid": "", "maxspeed": "", "name_1": "", "tiger:name_base_1": "", "tiger:name_type_1": "", "cycleway:right": "", "route": "", "tracktype": "", "horse": "", "motor_vehicle": "", "railway": "", "tiger:name_base_2": "", "tiger:zip_right": "", "name_2": "", "destination": "", "destination:ref": "", "alt_name_1": "", "parking:lane:both": "", "mtb:scale": "", "old_ref": "", "NHS": "", "hgv": "", "hgv:national_network": "", "source:hgv:national_network": "", "sac_scale": "hiking", "description": "", "website": "", "trail_visibility": "", "mtb:scale:imba": "", "admin_level": "", "border_type": "", "boundary": "", "is_in:country": "", "is_in:country_code": "", "is_in:iso_3166_2": "", "is_in:state": "", "tiger:CLASSFP": "", "tiger:CPI": "", "tiger:FUNCSTAT": "", "tiger:LSAD": "", "tiger:MTFCC": "", "tiger:NAME": "", "tiger:NAMELSAD": "", "tiger:PCICBSA": "", "tiger:PCINECTA": "", "tiger:PLACEFP": "", "tiger:PLACENS": "", "tiger:PLCIDFP": "", "tiger:STATEFP": "", "wikidata": "", "wikipedia": "", "tunnel": "", "lit": "", "width": "", "waterway": "", "barrier": "", "fence_type": "", "junction": "", "shoulder": "", "lanes:backward": "", "lanes:forward": "", "turn:lanes:backward": "", "intermittent": "", "natural": "", "seasonal": "", "footway": "", "crossing": "", "tiger:name_base_3": "", "tiger:name_direction_prefix_3": "", "turn:lanes:forward": "", "turn:lanes": "", "lanes:both_ways": "", "turn:lanes:both_ways": "", "golf": "", "golf_cart": "", "power": "", "disused:highway": "", "tourism": "", "auxiliary_storage_labeling_positionx": null, "auxiliary_storage_labeling_positiony": null, "auxiliary_storage_labeling_show": null, "length": 155.85116602395266 }, "geometry": { "type": "LineString", "coordinates": [ [ -104.8805732, 38.875054 ], [ -104.8806225, 38.8750243 ], [ -104.8807311, 38.8750097 ], [ -104.8808209, 38.8749966 ], [ -104.8808833, 38.8749783 ], [ -104.8809148, 38.8749601 ], [ -104.880951, 38.8749267 ], [ -104.8809799, 38.8749021 ], [ -104.8810181, 38.8748823 ], [ -104.881025, 38.8748786 ], [ -104.8810456, 38.8748677 ] ] } },
{ "type": "Feature", "properties": { "fid": 573, "full_id": "w485397564", "osm_id": "485397564", "osm_type": "way", "highway": "steps", "name": "Upper Loop Trail", "tiger:cfcc": "", "tiger:county": "", "tiger:reviewed": "", "cycleway": "", "oneway": "", "tiger:name_base": "", "tiger:name_type": "", "service": "", "access": "", "alt_name": "", "ref": "", "surface": "", "tiger:name_direction_prefix": "", "cycleway:both": "", "maxspeed:type": "", "sidewalk": "", "sidewalk:both:bicycle": "", "lanes": "", "bicycle": "", "foot": "designated", "old_railway_operator": "", "segregated": "", "bridge": "", "layer": "", "tiger:separated": "", "tiger:source": "", "tiger:tlid": "", "maxspeed": "", "name_1": "", "tiger:name_base_1": "", "tiger:name_type_1": "", "cycleway:right": "", "route": "", "tracktype": "", "horse": "", "motor_vehicle": "", "railway": "", "tiger:name_base_2": "", "tiger:zip_right": "", "name_2": "", "destination": "", "destination:ref": "", "alt_name_1": "", "parking:lane:both": "", "mtb:scale": "", "old_ref": "", "NHS": "", "hgv": "", "hgv:national_network": "", "source:hgv:national_network": "", "sac_scale": "hiking", "description": "", "website": "", "trail_visibility": "", "mtb:scale:imba": "", "admin_level": "", "border_type": "", "boundary": "", "is_in:country": "", "is_in:country_code": "", "is_in:iso_3166_2": "", "is_in:state": "", "tiger:CLASSFP": "", "tiger:CPI": "", "tiger:FUNCSTAT": "", "tiger:LSAD": "", "tiger:MTFCC": "", "tiger:NAME": "", "tiger:NAMELSAD": "", "tiger:PCICBSA": "", "tiger:PCINECTA": "", "tiger:PLACEFP": "", "tiger:PLACENS": "", "tiger:PLCIDFP": "", "tiger:STATEFP": "", "wikidata": "", "wikipedia": "", "tunnel": "", "lit": "", "width": "", "waterway": "", "barrier": "", "fence_type": "", "junction": "", "shoulder": "", "lanes:backward": "", "lanes:forward": "", "turn:lanes:backward": "", "intermittent": "", "natural": "", "seasonal": "", "footway": "", "crossing": "", "tiger:name_base_3": "", "tiger:name_direction_prefix_3": "", "turn:lanes:forward": "", "turn:lanes": "", "lanes:both_ways": "", "turn:lanes:both_ways": "", "golf": "", "golf_cart": "", "power": "", "disused:highway": "", "tourism": "", "auxiliary_storage_labeling_positionx": null, "auxiliary_storage_labeling_positiony": null, "auxiliary_storage_labeling_show": null, "length": 31.204788396125249 }, "geometry": { "type": "LineString", "coordinates": [ [ -104.8810456, 38.8748677 ], [ -104.8811468, 38.8748348 ] ] } },
{ "type": "Feature", "properties": { "fid": 574, "full_id": "w485397565", "osm_id": "485397565", "osm_type": "way", "highway": "path", "name": "Upper Loop Trail", "tiger:cfcc": "", "tiger:county": "", "tiger:reviewed": "", "cycleway": "", "oneway": "", "tiger:name_base": "", "tiger:name_type": "", "service": "", "access": "", "alt_name": "", "ref": "", "surface": "", "tiger:name_direction_prefix": "", "cycleway:both": "", "maxspeed:type": "", "sidewalk": "", "sidewalk:both:bicycle": "", "lanes": "", "bicycle": "", "foot": "designated", "old_railway_operator": "", "segregated": "", "bridge": "", "layer": "", "tiger:separated": "", "tiger:source": "", "tiger:tlid": "", "maxspeed": "", "name_1": "", "tiger:name_base_1": "", "tiger:name_type_1": "", "cycleway:right": "", "route": "", "tracktype": "", "horse": "", "motor_vehicle": "", "railway": "", "tiger:name_base_2": "", "tiger:zip_right": "", "name_2": "", "destination": "", "destination:ref": "", "alt_name_1": "", "parking:lane:both": "", "mtb:scale": "", "old_ref": "", "NHS": "", "hgv": "", "hgv:national_network": "", "source:hgv:national_network": "", "sac_scale": "hiking", "description": "", "website": "", "trail_visibility": "", "mtb:scale:imba": "", "admin_level": "", "border_type": "", "boundary": "", "is_in:country": "", "is_in:country_code": "", "is_in:iso_3166_2": "", "is_in:state": "", "tiger:CLASSFP": "", "tiger:CPI": "", "tiger:FUNCSTAT": "", "tiger:LSAD": "", "tiger:MTFCC": "", "tiger:NAME": "", "tiger:NAMELSAD": "", "tiger:PCICBSA": "", "tiger:PCINECTA": "", "tiger:PLACEFP": "", "tiger:PLACENS": "", "tiger:PLCIDFP": "", "tiger:STATEFP": "", "wikidata": "", "wikipedia": "", "tunnel": "", "lit": "", "width": "", "waterway": "", "barrier": "", "fence_type": "", "junction": "", "shoulder": "", "lanes:backward": "", "lanes:forward": "", "turn:lanes:backward": "", "intermittent": "", "natural": "", "seasonal": "", "footway": "", "crossing": "", "tiger:name_base_3": "", "tiger:name_direction_prefix_3": "", "turn:lanes:forward": "", "turn:lanes": "", "lanes:both_ways": "", "turn:lanes:both_ways": "", "golf": "", "golf_cart": "", "power": "", "disused:highway": "", "tourism": "", "auxiliary_storage_labeling_positionx": null, "auxiliary_storage_labeling_positiony": null, "auxiliary_storage_labeling_show": null, "length": 50.483794509131087 }, "geometry": { "type": "LineString", "coordinates": [ [ -104.8811468, 38.8748348 ], [ -104.8812434, 38.8748019 ], [ -104.8812776, 38.8747753 ], [ -104.8812991, 38.8747831 ] ] } },
{ "type": "Feature", "properties": { "fid": 575, "full_id": "w485397566", "osm_id": "485397566", "osm_type": "way", "highway": "steps", "name": "Upper Loop Trail", "tiger:cfcc": "", "tiger:county": "", "tiger:reviewed": "", "cycleway": "", "oneway": "", "tiger:name_base": "", "tiger:name_type": "", "service": "", "access": "", "alt_name": "", "ref": "", "surface": "", "tiger:name_direction_prefix": "", "cycleway:both": "", "maxspeed:type": "", "sidewalk": "", "sidewalk:both:bicycle": "", "lanes": "", "bicycle": "", "foot": "designated", "old_railway_operator": "", "segregated": "", "bridge": "", "layer": "", "tiger:separated": "", "tiger:source": "", "tiger:tlid": "", "maxspeed": "", "name_1": "", "tiger:name_base_1": "", "tiger:name_type_1": "", "cycleway:right": "", "route": "", "tracktype": "", "horse": "", "motor_vehicle": "", "railway": "", "tiger:name_base_2": "", "tiger:zip_right": "", "name_2": "", "destination": "", "destination:ref": "", "alt_name_1": "", "parking:lane:both": "", "mtb:scale": "", "old_ref": "", "NHS": "", "hgv": "", "hgv:national_network": "", "source:hgv:national_network": "", "sac_scale": "hiking", "description": "", "website": "", "trail_visibility": "", "mtb:scale:imba": "", "admin_level": "", "border_type": "", "boundary": "", "is_in:country": "", "is_in:country_code": "", "is_in:iso_3166_2": "", "is_in:state": "", "tiger:CLASSFP": "", "tiger:CPI": "", "tiger:FUNCSTAT": "", "tiger:LSAD": "", "tiger:MTFCC": "", "tiger:NAME": "", "tiger:NAMELSAD": "", "tiger:PCICBSA": "", "tiger:PCINECTA": "", "tiger:PLACEFP": "", "tiger:PLACENS": "", "tiger:PLCIDFP": "", "tiger:STATEFP": "", "wikidata": "", "wikipedia": "", "tunnel": "", "lit": "", "width": "", "waterway": "", "barrier": "", "fence_type": "", "junction": "", "shoulder": "", "lanes:backward": "", "lanes:forward": "", "turn:lanes:backward": "", "intermittent": "", "natural": "", "seasonal": "", "footway": "", "crossing": "", "tiger:name_base_3": "", "tiger:name_direction_prefix_3": "", "turn:lanes:forward": "", "turn:lanes": "", "lanes:both_ways": "", "turn:lanes:both_ways": "", "golf": "", "golf_cart": "", "power": "", "disused:highway": "", "tourism": "", "auxiliary_storage_labeling_positionx": null, "auxiliary_storage_labeling_positiony": null, "auxiliary_storage_labeling_show": null, "length": 484.10126466663877 }, "geometry": { "type": "LineString", "coordinates": [ [ -104.8812991, 38.8747831 ], [ -104.8813205, 38.8747988 ], [ -104.8813353, 38.8748343 ], [ -104.8813433, 38.8748546 ], [ -104.8813628, 38.8748645 ], [ -104.8813849, 38.8748724 ], [ -104.8814023, 38.8748969 ], [ -104.8813876, 38.8749695 ], [ -104.8813809, 38.8749992 ], [ -104.8813607, 38.8750347 ], [ -104.8813648, 38.8750697 ], [ -104.8813775, 38.8750875 ], [ -104.8814305, 38.8751527 ], [ -104.8814459, 38.8751835 ], [ -104.8814586, 38.8752018 ], [ -104.8814888, 38.8752054 ], [ -104.8815981, 38.8751945 ], [ -104.8816363, 38.8751955 ], [ -104.8816705, 38.8752101 ], [ -104.8817342, 38.875267 ], [ -104.8818254, 38.8753265 ], [ -104.8818972, 38.8753814 ], [ -104.8819327, 38.8754028 ], [ -104.8819542, 38.8754581 ], [ -104.8819401, 38.8755072 ], [ -104.8819535, 38.8755312 ], [ -104.8819904, 38.8755557 ], [ -104.8820326, 38.8755912 ], [ -104.8820427, 38.8757097 ], [ -104.8820521, 38.8757468 ], [ -104.8820673, 38.8757673 ] ] } },
{ "type": "Feature", "properties": { "fid": 576, "full_id": "w485397567", "osm_id": "485397567", "osm_type": "way", "highway": "path", "name": "", "tiger:cfcc": "", "tiger:county": "", "tiger:reviewed": "", "cycleway": "", "oneway": "", "tiger:name_base": "", "tiger:name_type": "", "service": "", "access": "", "alt_name": "", "ref": "", "surface": "", "tiger:name_direction_prefix": "", "cycleway:both": "", "maxspeed:type": "", "sidewalk": "", "sidewalk:both:bicycle": "", "lanes": "", "bicycle": "", "foot": "designated", "old_railway_operator": "", "segregated": "", "bridge": "", "layer": "", "tiger:separated": "", "tiger:source": "", "tiger:tlid": "", "maxspeed": "", "name_1": "", "tiger:name_base_1": "", "tiger:name_type_1": "", "cycleway:right": "", "route": "", "tracktype": "", "horse": "", "motor_vehicle": "", "railway": "", "tiger:name_base_2": "", "tiger:zip_right": "", "name_2": "", "destination": "", "destination:ref": "", "alt_name_1": "", "parking:lane:both": "", "mtb:scale": "", "old_ref": "", "NHS": "", "hgv": "", "hgv:national_network": "", "source:hgv:national_network": "", "sac_scale": "", "description": "", "website": "", "trail_visibility": "", "mtb:scale:imba": "", "admin_level": "", "border_type": "", "boundary": "", "is_in:country": "", "is_in:country_code": "", "is_in:iso_3166_2": "", "is_in:state": "", "tiger:CLASSFP": "", "tiger:CPI": "", "tiger:FUNCSTAT": "", "tiger:LSAD": "", "tiger:MTFCC": "", "tiger:NAME": "", "tiger:NAMELSAD": "", "tiger:PCICBSA": "", "tiger:PCINECTA": "", "tiger:PLACEFP": "", "tiger:PLACENS": "", "tiger:PLCIDFP": "", "tiger:STATEFP": "", "wikidata": "", "wikipedia": "", "tunnel": "", "lit": "", "width": "", "waterway": "", "barrier": "", "fence_type": "", "junction": "", "shoulder": "", "lanes:backward": "", "lanes:forward": "", "turn:lanes:backward": "", "intermittent": "", "natural": "", "seasonal": "", "footway": "", "crossing": "", "tiger:name_base_3": "", "tiger:name_direction_prefix_3": "", "turn:lanes:forward": "", "turn:lanes": "", "lanes:both_ways": "", "turn:lanes:both_ways": "", "golf": "", "golf_cart": "", "power": "", "disused:highway": "", "tourism": "", "auxiliary_storage_labeling_positionx": null, "auxiliary_storage_labeling_positiony": null, "auxiliary_storage_labeling_show": null, "length": 162.10266770078601 }, "geometry": { "type": "LineString", "coordinates": [ [ -104.8818305, 38.8759514 ], [ -104.881918, 38.8758945 ], [ -104.8820212, 38.8758058 ], [ -104.8820673, 38.8757673 ], [ -104.8820849, 38.8757525 ], [ -104.8821996, 38.8757165 ], [ -104.8822846, 38.8757113 ] ] } },
{ "type": "Feature", "properties": { "fid": 577, "full_id": "w485397568", "osm_id": "485397568", "osm_type": "way", "highway": "steps", "name": "Upper Loop Trail", "tiger:cfcc": "", "tiger:county": "", "tiger:reviewed": "", "cycleway": "", "oneway": "", "tiger:name_base": "", "tiger:name_type": "", "service": "", "access": "", "alt_name": "", "ref": "", "surface": "", "tiger:name_direction_prefix": "", "cycleway:both": "", "maxspeed:type": "", "sidewalk": "", "sidewalk:both:bicycle": "", "lanes": "", "bicycle": "", "foot": "designated", "old_railway_operator": "", "segregated": "", "bridge": "", "layer": "", "tiger:separated": "", "tiger:source": "", "tiger:tlid": "", "maxspeed": "", "name_1": "", "tiger:name_base_1": "", "tiger:name_type_1": "", "cycleway:right": "", "route": "", "tracktype": "", "horse": "", "motor_vehicle": "", "railway": "", "tiger:name_base_2": "", "tiger:zip_right": "", "name_2": "", "destination": "", "destination:ref": "", "alt_name_1": "", "parking:lane:both": "", "mtb:scale": "", "old_ref": "", "NHS": "", "hgv": "", "hgv:national_network": "", "source:hgv:national_network": "", "sac_scale": "hiking", "description": "", "website": "", "trail_visibility": "", "mtb:scale:imba": "", "admin_level": "", "border_type": "", "boundary": "", "is_in:country": "", "is_in:country_code": "", "is_in:iso_3166_2": "", "is_in:state": "", "tiger:CLASSFP": "", "tiger:CPI": "", "tiger:FUNCSTAT": "", "tiger:LSAD": "", "tiger:MTFCC": "", "tiger:NAME": "", "tiger:NAMELSAD": "", "tiger:PCICBSA": "", "tiger:PCINECTA": "", "tiger:PLACEFP": "", "tiger:PLACENS": "", "tiger:PLCIDFP": "", "tiger:STATEFP": "", "wikidata": "", "wikipedia": "", "tunnel": "", "lit": "", "width": "", "waterway": "", "barrier": "", "fence_type": "", "junction": "", "shoulder": "", "lanes:backward": "", "lanes:forward": "", "turn:lanes:backward": "", "intermittent": "", "natural": "", "seasonal": "", "footway": "", "crossing": "", "tiger:name_base_3": "", "tiger:name_direction_prefix_3": "", "turn:lanes:forward": "", "turn:lanes": "", "lanes:both_ways": "", "turn:lanes:both_ways": "", "golf": "", "golf_cart": "", "power": "", "disused:highway": "", "tourism": "", "auxiliary_storage_labeling_positionx": null, "auxiliary_storage_labeling_positiony": null, "auxiliary_storage_labeling_show": null, "length": 392.75580015141475 }, "geometry": { "type": "LineString", "coordinates": [ [ -104.8808957, 38.8758021 ], [ -104.8808629, 38.8757698 ], [ -104.880828, 38.8757546 ], [ -104.8807831, 38.8757405 ], [ -104.8807603, 38.8757217 ], [ -104.8807455, 38.8756883 ], [ -104.8807509, 38.8756559 ], [ -104.8807428, 38.8756225 ], [ -104.8807214, 38.8755897 ], [ -104.8806905, 38.8755604 ], [ -104.8806476, 38.8755437 ], [ -104.8806342, 38.8755291 ], [ -104.8806355, 38.8755077 ], [ -104.8806523, 38.8754847 ], [ -104.8806577, 38.8754638 ], [ -104.8806516, 38.8754435 ], [ -104.8806255, 38.8754315 ], [ -104.8805705, 38.8754122 ], [ -104.8805115, 38.8754095 ], [ -104.8804491, 38.8754022 ], [ -104.8803982, 38.8753908 ], [ -104.8803727, 38.875385 ], [ -104.8803693, 38.8753667 ], [ -104.8803807, 38.8753412 ], [ -104.8804176, 38.8753171 ], [ -104.8804639, 38.8752947 ], [ -104.880488, 38.8752754 ], [ -104.8804961, 38.8752456 ], [ -104.8804894, 38.875208 ], [ -104.8805135, 38.8751772 ], [ -104.8805169, 38.8751376 ], [ -104.880543, 38.8751021 ], [ -104.8805732, 38.875054 ] ] } },
{ "type": "Feature", "properties": { "fid": 578, "full_id": "w485397581", "osm_id": "485397581", "osm_type": "way", "highway": "", "name": "", "tiger:cfcc": "", "tiger:county": "", "tiger:reviewed": "", "cycleway": "", "oneway": "", "tiger:name_base": "", "tiger:name_type": "", "service": "", "access": "", "alt_name": "", "ref": "", "surface": "", "tiger:name_direction_prefix": "", "cycleway:both": "", "maxspeed:type": "", "sidewalk": "", "sidewalk:both:bicycle": "", "lanes": "", "bicycle": "", "foot": "", "old_railway_operator": "", "segregated": "", "bridge": "", "layer": "", "tiger:separated": "", "tiger:source": "", "tiger:tlid": "", "maxspeed": "", "name_1": "", "tiger:name_base_1": "", "tiger:name_type_1": "", "cycleway:right": "", "route": "", "tracktype": "", "horse": "", "motor_vehicle": "", "railway": "", "tiger:name_base_2": "", "tiger:zip_right": "", "name_2": "", "destination": "", "destination:ref": "", "alt_name_1": "", "parking:lane:both": "", "mtb:scale": "", "old_ref": "", "NHS": "", "hgv": "", "hgv:national_network": "", "source:hgv:national_network": "", "sac_scale": "", "description": "", "website": "", "trail_visibility": "", "mtb:scale:imba": "", "admin_level": "", "border_type": "", "boundary": "", "is_in:country": "", "is_in:country_code": "", "is_in:iso_3166_2": "", "is_in:state": "", "tiger:CLASSFP": "", "tiger:CPI": "", "tiger:FUNCSTAT": "", "tiger:LSAD": "", "tiger:MTFCC": "", "tiger:NAME": "", "tiger:NAMELSAD": "", "tiger:PCICBSA": "", "tiger:PCINECTA": "", "tiger:PLACEFP": "", "tiger:PLACENS": "", "tiger:PLCIDFP": "", "tiger:STATEFP": "", "wikidata": "", "wikipedia": "", "tunnel": "", "lit": "", "width": "", "waterway": "", "barrier": "", "fence_type": "", "junction": "", "shoulder": "", "lanes:backward": "", "lanes:forward": "", "turn:lanes:backward": "", "intermittent": "", "natural": "cliff", "seasonal": "", "footway": "", "crossing": "", "tiger:name_base_3": "", "tiger:name_direction_prefix_3": "", "turn:lanes:forward": "", "turn:lanes": "", "lanes:both_ways": "", "turn:lanes:both_ways": "", "golf": "", "golf_cart": "", "power": "", "disused:highway": "", "tourism": "", "auxiliary_storage_labeling_positionx": null, "auxiliary_storage_labeling_positiony": null, "auxiliary_storage_labeling_show": null, "length": 358.32641668419586 }, "geometry": { "type": "LineString", "coordinates": [ [ -104.8882722, 38.8696448 ], [ -104.8882842, 38.869591 ], [ -104.8882903, 38.8695612 ], [ -104.8882802, 38.8695299 ], [ -104.8882802, 38.8695132 ], [ -104.8882795, 38.8694573 ], [ -104.8882909, 38.8694291 ], [ -104.8882815, 38.8693926 ], [ -104.8882755, 38.8693587 ], [ -104.8882883, 38.8693331 ], [ -104.8882708, 38.8692939 ], [ -104.8882681, 38.8692365 ], [ -104.8882675, 38.869202 ], [ -104.8882681, 38.869165 ], [ -104.8882876, 38.8691336 ], [ -104.8882923, 38.8690486 ], [ -104.8883104, 38.8689666 ], [ -104.8883245, 38.8689373 ], [ -104.8883245, 38.8689055 ], [ -104.8883211, 38.8688277 ], [ -104.8883392, 38.8687938 ], [ -104.8883392, 38.8687494 ], [ -104.8883144, 38.8687243 ], [ -104.8882708, 38.8687071 ] ] } },
{ "type": "Feature", "properties": { "fid": 579, "full_id": "w485397593", "osm_id": "485397593", "osm_type": "way", "highway": "", "name": "", "tiger:cfcc": "", "tiger:county": "", "tiger:reviewed": "", "cycleway": "", "oneway": "", "tiger:name_base": "", "tiger:name_type": "", "service": "", "access": "", "alt_name": "", "ref": "", "surface": "", "tiger:name_direction_prefix": "", "cycleway:both": "", "maxspeed:type": "", "sidewalk": "", "sidewalk:both:bicycle": "", "lanes": "", "bicycle": "", "foot": "", "old_railway_operator": "", "segregated": "", "bridge": "", "layer": "", "tiger:separated": "", "tiger:source": "", "tiger:tlid": "", "maxspeed": "", "name_1": "", "tiger:name_base_1": "", "tiger:name_type_1": "", "cycleway:right": "", "route": "", "tracktype": "", "horse": "", "motor_vehicle": "", "railway": "", "tiger:name_base_2": "", "tiger:zip_right": "", "name_2": "", "destination": "", "destination:ref": "", "alt_name_1": "", "parking:lane:both": "", "mtb:scale": "", "old_ref": "", "NHS": "", "hgv": "", "hgv:national_network": "", "source:hgv:national_network": "", "sac_scale": "", "description": "", "website": "", "trail_visibility": "", "mtb:scale:imba": "", "admin_level": "", "border_type": "", "boundary": "", "is_in:country": "", "is_in:country_code": "", "is_in:iso_3166_2": "", "is_in:state": "", "tiger:CLASSFP": "", "tiger:CPI": "", "tiger:FUNCSTAT": "", "tiger:LSAD": "", "tiger:MTFCC": "", "tiger:NAME": "", "tiger:NAMELSAD": "", "tiger:PCICBSA": "", "tiger:PCINECTA": "", "tiger:PLACEFP": "", "tiger:PLACENS": "", "tiger:PLCIDFP": "", "tiger:STATEFP": "", "wikidata": "", "wikipedia": "", "tunnel": "", "lit": "", "width": "", "waterway": "stream", "barrier": "", "fence_type": "", "junction": "", "shoulder": "", "lanes:backward": "", "lanes:forward": "", "turn:lanes:backward": "", "intermittent": "", "natural": "", "seasonal": "yes", "footway": "", "crossing": "", "tiger:name_base_3": "", "tiger:name_direction_prefix_3": "", "turn:lanes:forward": "", "turn:lanes": "", "lanes:both_ways": "", "turn:lanes:both_ways": "", "golf": "", "golf_cart": "", "power": "", "disused:highway": "", "tourism": "", "auxiliary_storage_labeling_positionx": null, "auxiliary_storage_labeling_positiony": null, "auxiliary_storage_labeling_show": null, "length": 980.91564018957263 }, "geometry": { "type": "LineString", "coordinates": [ [ -104.8937504, 38.8684135 ], [ -104.893788, 38.8683822 ], [ -104.8938322, 38.8683373 ], [ -104.8938443, 38.8683153 ], [ -104.8938255, 38.8682976 ], [ -104.8938161, 38.8682485 ], [ -104.8938175, 38.8681984 ], [ -104.8938389, 38.8681483 ], [ -104.8938497, 38.8680971 ], [ -104.8938349, 38.8680574 ], [ -104.8938376, 38.8679979 ], [ -104.8938725, 38.8679676 ], [ -104.8939234, 38.8679603 ], [ -104.893961, 38.867953 ], [ -104.8939744, 38.8679164 ], [ -104.8939529, 38.8678684 ], [ -104.8939972, 38.8678047 ], [ -104.8940401, 38.8677786 ], [ -104.8941018, 38.8677316 ], [ -104.894142, 38.8676721 ], [ -104.8941595, 38.8675593 ], [ -104.8941394, 38.867457 ], [ -104.8940736, 38.8673328 ], [ -104.8940146, 38.8672409 ], [ -104.8939422, 38.8671876 ], [ -104.8938872, 38.8671521 ], [ -104.8938617, 38.8671124 ], [ -104.8938671, 38.8670738 ], [ -104.8938899, 38.8670487 ], [ -104.8939221, 38.8670519 ], [ -104.893969, 38.8670571 ], [ -104.8939945, 38.8670487 ], [ -104.8940066, 38.8670205 ], [ -104.8939985, 38.8670007 ], [ -104.8939503, 38.8669589 ], [ -104.8939315, 38.8669276 ], [ -104.8939301, 38.8668952 ], [ -104.8939583, 38.8668691 ], [ -104.8939744, 38.8668587 ], [ -104.8939838, 38.8668691 ], [ -104.8939999, 38.8668723 ], [ -104.8940361, 38.8668535 ], [ -104.8940844, 38.8668159 ], [ -104.8940964, 38.8667804 ], [ -104.8940897, 38.8667031 ], [ -104.8940884, 38.8666029 ], [ -104.8941072, 38.8665778 ], [ -104.8941353, 38.866558 ], [ -104.8941367, 38.8665298 ], [ -104.8940991, 38.866511 ], [ -104.8940535, 38.8664609 ], [ -104.8940482, 38.8663919 ], [ -104.8939918, 38.8663147 ], [ -104.8939623, 38.8662771 ], [ -104.8939395, 38.8662113 ] ] } },
{ "type": "Feature", "properties": { "fid": 587, "full_id": "w516359368", "osm_id": "516359368", "osm_type": "way", "highway": "footway", "name": "", "tiger:cfcc": "", "tiger:county": "", "tiger:reviewed": "", "cycleway": "", "oneway": "", "tiger:name_base": "", "tiger:name_type": "", "service": "", "access": "", "alt_name": "", "ref": "", "surface": "", "tiger:name_direction_prefix": "", "cycleway:both": "", "maxspeed:type": "", "sidewalk": "", "sidewalk:both:bicycle": "", "lanes": "", "bicycle": "", "foot": "", "old_railway_operator": "", "segregated": "", "bridge": "", "layer": "", "tiger:separated": "", "tiger:source": "", "tiger:tlid": "", "maxspeed": "", "name_1": "", "tiger:name_base_1": "", "tiger:name_type_1": "", "cycleway:right": "", "route": "", "tracktype": "", "horse": "", "motor_vehicle": "", "railway": "", "tiger:name_base_2": "", "tiger:zip_right": "", "name_2": "", "destination": "", "destination:ref": "", "alt_name_1": "", "parking:lane:both": "", "mtb:scale": "", "old_ref": "", "NHS": "", "hgv": "", "hgv:national_network": "", "source:hgv:national_network": "", "sac_scale": "", "description": "", "website": "", "trail_visibility": "", "mtb:scale:imba": "", "admin_level": "", "border_type": "", "boundary": "", "is_in:country": "", "is_in:country_code": "", "is_in:iso_3166_2": "", "is_in:state": "", "tiger:CLASSFP": "", "tiger:CPI": "", "tiger:FUNCSTAT": "", "tiger:LSAD": "", "tiger:MTFCC": "", "tiger:NAME": "", "tiger:NAMELSAD": "", "tiger:PCICBSA": "", "tiger:PCINECTA": "", "tiger:PLACEFP": "", "tiger:PLACENS": "", "tiger:PLCIDFP": "", "tiger:STATEFP": "", "wikidata": "", "wikipedia": "", "tunnel": "", "lit": "", "width": "", "waterway": "", "barrier": "", "fence_type": "", "junction": "", "shoulder": "", "lanes:backward": "", "lanes:forward": "", "turn:lanes:backward": "", "intermittent": "", "natural": "", "seasonal": "", "footway": "", "crossing": "", "tiger:name_base_3": "", "tiger:name_direction_prefix_3": "", "turn:lanes:forward": "", "turn:lanes": "", "lanes:both_ways": "", "turn:lanes:both_ways": "", "golf": "", "golf_cart": "", "power": "", "disused:highway": "", "tourism": "", "auxiliary_storage_labeling_positionx": null, "auxiliary_storage_labeling_positiony": null, "auxiliary_storage_labeling_show": null, "length": 208.68254599804675 }, "geometry": { "type": "LineString", "coordinates": [ [ -104.8798618, 38.879882 ], [ -104.8797773, 38.8797917 ], [ -104.8796278, 38.8796669 ], [ -104.8795893, 38.8795794 ], [ -104.8797141, 38.8795002 ], [ -104.8797994, 38.8794732 ] ] } },
{ "type": "Feature", "properties": { "fid": 588, "full_id": "w516359616", "osm_id": "516359616", "osm_type": "way", "highway": "path", "name": "", "tiger:cfcc": "", "tiger:county": "", "tiger:reviewed": "", "cycleway": "", "oneway": "", "tiger:name_base": "", "tiger:name_type": "", "service": "", "access": "", "alt_name": "", "ref": "", "surface": "", "tiger:name_direction_prefix": "", "cycleway:both": "", "maxspeed:type": "", "sidewalk": "", "sidewalk:both:bicycle": "", "lanes": "", "bicycle": "", "foot": "", "old_railway_operator": "", "segregated": "", "bridge": "", "layer": "", "tiger:separated": "", "tiger:source": "", "tiger:tlid": "", "maxspeed": "", "name_1": "", "tiger:name_base_1": "", "tiger:name_type_1": "", "cycleway:right": "", "route": "", "tracktype": "", "horse": "", "motor_vehicle": "", "railway": "", "tiger:name_base_2": "", "tiger:zip_right": "", "name_2": "", "destination": "", "destination:ref": "", "alt_name_1": "", "parking:lane:both": "", "mtb:scale": "", "old_ref": "", "NHS": "", "hgv": "", "hgv:national_network": "", "source:hgv:national_network": "", "sac_scale": "", "description": "", "website": "", "trail_visibility": "", "mtb:scale:imba": "", "admin_level": "", "border_type": "", "boundary": "", "is_in:country": "", "is_in:country_code": "", "is_in:iso_3166_2": "", "is_in:state": "", "tiger:CLASSFP": "", "tiger:CPI": "", "tiger:FUNCSTAT": "", "tiger:LSAD": "", "tiger:MTFCC": "", "tiger:NAME": "", "tiger:NAMELSAD": "", "tiger:PCICBSA": "", "tiger:PCINECTA": "", "tiger:PLACEFP": "", "tiger:PLACENS": "", "tiger:PLCIDFP": "", "tiger:STATEFP": "", "wikidata": "", "wikipedia": "", "tunnel": "", "lit": "", "width": "", "waterway": "", "barrier": "", "fence_type": "", "junction": "", "shoulder": "", "lanes:backward": "", "lanes:forward": "", "turn:lanes:backward": "", "intermittent": "", "natural": "", "seasonal": "", "footway": "", "crossing": "", "tiger:name_base_3": "", "tiger:name_direction_prefix_3": "", "turn:lanes:forward": "", "turn:lanes": "", "lanes:both_ways": "", "turn:lanes:both_ways": "", "golf": "", "golf_cart": "", "power": "", "disused:highway": "", "tourism": "", "auxiliary_storage_labeling_positionx": null, "auxiliary_storage_labeling_positiony": null, "auxiliary_storage_labeling_show": null, "length": 64.168915593312605 }, "geometry": { "type": "LineString", "coordinates": [ [ -104.881025, 38.8748786 ], [ -104.8809908, 38.8748502 ], [ -104.8809794, 38.8748126 ], [ -104.8809566, 38.8747739 ], [ -104.8809512, 38.8747463 ], [ -104.8809317, 38.8747228 ] ] } },
{ "type": "Feature", "properties": { "fid": 616, "full_id": "w538817762", "osm_id": "538817762", "osm_type": "way", "highway": "path", "name": "Niobrara Trail", "tiger:cfcc": "", "tiger:county": "", "tiger:reviewed": "", "cycleway": "", "oneway": "", "tiger:name_base": "", "tiger:name_type": "", "service": "", "access": "", "alt_name": "", "ref": "", "surface": "dirt", "tiger:name_direction_prefix": "", "cycleway:both": "", "maxspeed:type": "", "sidewalk": "", "sidewalk:both:bicycle": "", "lanes": "", "bicycle": "designated", "foot": "designated", "old_railway_operator": "", "segregated": "", "bridge": "", "layer": "", "tiger:separated": "", "tiger:source": "", "tiger:tlid": "", "maxspeed": "", "name_1": "", "tiger:name_base_1": "", "tiger:name_type_1": "", "cycleway:right": "", "route": "", "tracktype": "", "horse": "", "motor_vehicle": "", "railway": "", "tiger:name_base_2": "", "tiger:zip_right": "", "name_2": "", "destination": "", "destination:ref": "", "alt_name_1": "", "parking:lane:both": "", "mtb:scale": "1", "old_ref": "", "NHS": "", "hgv": "", "hgv:national_network": "", "source:hgv:national_network": "", "sac_scale": "hiking", "description": "", "website": "", "trail_visibility": "", "mtb:scale:imba": "0", "admin_level": "", "border_type": "", "boundary": "", "is_in:country": "", "is_in:country_code": "", "is_in:iso_3166_2": "", "is_in:state": "", "tiger:CLASSFP": "", "tiger:CPI": "", "tiger:FUNCSTAT": "", "tiger:LSAD": "", "tiger:MTFCC": "", "tiger:NAME": "", "tiger:NAMELSAD": "", "tiger:PCICBSA": "", "tiger:PCINECTA": "", "tiger:PLACEFP": "", "tiger:PLACENS": "", "tiger:PLCIDFP": "", "tiger:STATEFP": "", "wikidata": "", "wikipedia": "", "tunnel": "", "lit": "", "width": "", "waterway": "", "barrier": "", "fence_type": "", "junction": "", "shoulder": "", "lanes:backward": "", "lanes:forward": "", "turn:lanes:backward": "", "intermittent": "", "natural": "", "seasonal": "", "footway": "", "crossing": "", "tiger:name_base_3": "", "tiger:name_direction_prefix_3": "", "turn:lanes:forward": "", "turn:lanes": "", "lanes:both_ways": "", "turn:lanes:both_ways": "", "golf": "", "golf_cart": "", "power": "", "disused:highway": "", "tourism": "", "auxiliary_storage_labeling_positionx": null, "auxiliary_storage_labeling_positiony": null, "auxiliary_storage_labeling_show": null, "length": 54.990433412643782 }, "geometry": { "type": "LineString", "coordinates": [ [ -104.8740416, 38.864772 ], [ -104.8740034, 38.864624 ] ] } },
{ "type": "Feature", "properties": { "fid": 617, "full_id": "w538817763", "osm_id": "538817763", "osm_type": "way", "highway": "path", "name": "Niobrara Trail", "tiger:cfcc": "", "tiger:county": "", "tiger:reviewed": "", "cycleway": "", "oneway": "", "tiger:name_base": "", "tiger:name_type": "", "service": "", "access": "", "alt_name": "", "ref": "", "surface": "dirt", "tiger:name_direction_prefix": "", "cycleway:both": "", "maxspeed:type": "", "sidewalk": "", "sidewalk:both:bicycle": "", "lanes": "", "bicycle": "designated", "foot": "designated", "old_railway_operator": "", "segregated": "", "bridge": "", "layer": "", "tiger:separated": "", "tiger:source": "", "tiger:tlid": "", "maxspeed": "", "name_1": "", "tiger:name_base_1": "", "tiger:name_type_1": "", "cycleway:right": "", "route": "", "tracktype": "", "horse": "", "motor_vehicle": "", "railway": "", "tiger:name_base_2": "", "tiger:zip_right": "", "name_2": "", "destination": "", "destination:ref": "", "alt_name_1": "", "parking:lane:both": "", "mtb:scale": "1", "old_ref": "", "NHS": "", "hgv": "", "hgv:national_network": "", "source:hgv:national_network": "", "sac_scale": "hiking", "description": "", "website": "", "trail_visibility": "", "mtb:scale:imba": "0", "admin_level": "", "border_type": "", "boundary": "", "is_in:country": "", "is_in:country_code": "", "is_in:iso_3166_2": "", "is_in:state": "", "tiger:CLASSFP": "", "tiger:CPI": "", "tiger:FUNCSTAT": "", "tiger:LSAD": "", "tiger:MTFCC": "", "tiger:NAME": "", "tiger:NAMELSAD": "", "tiger:PCICBSA": "", "tiger:PCINECTA": "", "tiger:PLACEFP": "", "tiger:PLACENS": "", "tiger:PLCIDFP": "", "tiger:STATEFP": "", "wikidata": "", "wikipedia": "", "tunnel": "", "lit": "", "width": "", "waterway": "", "barrier": "", "fence_type": "", "junction": "", "shoulder": "", "lanes:backward": "", "lanes:forward": "", "turn:lanes:backward": "", "intermittent": "", "natural": "", "seasonal": "", "footway": "", "crossing": "", "tiger:name_base_3": "", "tiger:name_direction_prefix_3": "", "turn:lanes:forward": "", "turn:lanes": "", "lanes:both_ways": "", "turn:lanes:both_ways": "", "golf": "", "golf_cart": "", "power": "", "disused:highway": "", "tourism": "", "auxiliary_storage_labeling_positionx": null, "auxiliary_storage_labeling_positiony": null, "auxiliary_storage_labeling_show": null, "length": 46.687491159071193 }, "geometry": { "type": "LineString", "coordinates": [ [ -104.8741146, 38.8647182 ], [ -104.8740034, 38.864624 ] ] } },
{ "type": "Feature", "properties": { "fid": 618, "full_id": "w538817764", "osm_id": "538817764", "osm_type": "way", "highway": "path", "name": "", "tiger:cfcc": "", "tiger:county": "", "tiger:reviewed": "", "cycleway": "", "oneway": "", "tiger:name_base": "", "tiger:name_type": "", "service": "", "access": "", "alt_name": "", "ref": "", "surface": "ground", "tiger:name_direction_prefix": "", "cycleway:both": "", "maxspeed:type": "", "sidewalk": "", "sidewalk:both:bicycle": "", "lanes": "", "bicycle": "", "foot": "designated", "old_railway_operator": "", "segregated": "", "bridge": "", "layer": "", "tiger:separated": "", "tiger:source": "", "tiger:tlid": "", "maxspeed": "", "name_1": "", "tiger:name_base_1": "", "tiger:name_type_1": "", "cycleway:right": "", "route": "", "tracktype": "", "horse": "", "motor_vehicle": "", "railway": "", "tiger:name_base_2": "", "tiger:zip_right": "", "name_2": "", "destination": "", "destination:ref": "", "alt_name_1": "", "parking:lane:both": "", "mtb:scale": "", "old_ref": "", "NHS": "", "hgv": "", "hgv:national_network": "", "source:hgv:national_network": "", "sac_scale": "hiking", "description": "", "website": "", "trail_visibility": "", "mtb:scale:imba": "", "admin_level": "", "border_type": "", "boundary": "", "is_in:country": "", "is_in:country_code": "", "is_in:iso_3166_2": "", "is_in:state": "", "tiger:CLASSFP": "", "tiger:CPI": "", "tiger:FUNCSTAT": "", "tiger:LSAD": "", "tiger:MTFCC": "", "tiger:NAME": "", "tiger:NAMELSAD": "", "tiger:PCICBSA": "", "tiger:PCINECTA": "", "tiger:PLACEFP": "", "tiger:PLACENS": "", "tiger:PLCIDFP": "", "tiger:STATEFP": "", "wikidata": "", "wikipedia": "", "tunnel": "", "lit": "", "width": "", "waterway": "", "barrier": "", "fence_type": "", "junction": "", "shoulder": "", "lanes:backward": "", "lanes:forward": "", "turn:lanes:backward": "", "intermittent": "", "natural": "", "seasonal": "", "footway": "", "crossing": "", "tiger:name_base_3": "", "tiger:name_direction_prefix_3": "", "turn:lanes:forward": "", "turn:lanes": "", "lanes:both_ways": "", "turn:lanes:both_ways": "", "golf": "", "golf_cart": "", "power": "", "disused:highway": "", "tourism": "", "auxiliary_storage_labeling_positionx": null, "auxiliary_storage_labeling_positiony": null, "auxiliary_storage_labeling_show": null, "length": 111.71674074059561 }, "geometry": { "type": "LineString", "coordinates": [ [ -104.8751289, 38.8684069 ], [ -104.8750512, 38.8684136 ], [ -104.8749477, 38.868441 ], [ -104.8748683, 38.8684676 ], [ -104.8747585, 38.8685025 ] ] } },
{ "type": "Feature", "properties": { "fid": 619, "full_id": "w538817765", "osm_id": "538817765", "osm_type": "way", "highway": "path", "name": "Niobrara Trail", "tiger:cfcc": "", "tiger:county": "", "tiger:reviewed": "", "cycleway": "", "oneway": "", "tiger:name_base": "", "tiger:name_type": "", "service": "", "access": "", "alt_name": "", "ref": "", "surface": "dirt", "tiger:name_direction_prefix": "", "cycleway:both": "", "maxspeed:type": "", "sidewalk": "", "sidewalk:both:bicycle": "", "lanes": "", "bicycle": "designated", "foot": "designated", "old_railway_operator": "", "segregated": "", "bridge": "", "layer": "", "tiger:separated": "", "tiger:source": "", "tiger:tlid": "", "maxspeed": "", "name_1": "", "tiger:name_base_1": "", "tiger:name_type_1": "", "cycleway:right": "", "route": "", "tracktype": "", "horse": "", "motor_vehicle": "", "railway": "", "tiger:name_base_2": "", "tiger:zip_right": "", "name_2": "", "destination": "", "destination:ref": "", "alt_name_1": "", "parking:lane:both": "", "mtb:scale": "1", "old_ref": "", "NHS": "", "hgv": "", "hgv:national_network": "", "source:hgv:national_network": "", "sac_scale": "hiking", "description": "", "website": "", "trail_visibility": "", "mtb:scale:imba": "0", "admin_level": "", "border_type": "", "boundary": "", "is_in:country": "", "is_in:country_code": "", "is_in:iso_3166_2": "", "is_in:state": "", "tiger:CLASSFP": "", "tiger:CPI": "", "tiger:FUNCSTAT": "", "tiger:LSAD": "", "tiger:MTFCC": "", "tiger:NAME": "", "tiger:NAMELSAD": "", "tiger:PCICBSA": "", "tiger:PCINECTA": "", "tiger:PLACEFP": "", "tiger:PLACENS": "", "tiger:PLCIDFP": "", "tiger:STATEFP": "", "wikidata": "", "wikipedia": "", "tunnel": "", "lit": "", "width": "", "waterway": "", "barrier": "", "fence_type": "", "junction": "", "shoulder": "", "lanes:backward": "", "lanes:forward": "", "turn:lanes:backward": "", "intermittent": "", "natural": "", "seasonal": "", "footway": "", "crossing": "", "tiger:name_base_3": "", "tiger:name_direction_prefix_3": "", "turn:lanes:forward": "", "turn:lanes": "", "lanes:both_ways": "", "turn:lanes:both_ways": "", "golf": "", "golf_cart": "", "power": "", "disused:highway": "", "tourism": "", "auxiliary_storage_labeling_positionx": -104.87568702307109, "auxiliary_storage_labeling_positiony": 38.864977105210713, "auxiliary_storage_labeling_show": null, "length": 811.90586322680872 }, "geometry": { "type": "LineString", "coordinates": [ [ -104.8762937, 38.8651328 ], [ -104.8762361, 38.8650788 ], [ -104.876219, 38.8650387 ], [ -104.8762104, 38.8649853 ], [ -104.8762018, 38.8649318 ], [ -104.8761675, 38.8648984 ], [ -104.876116, 38.864865 ], [ -104.8757898, 38.8646311 ], [ -104.8757211, 38.8645976 ], [ -104.8756353, 38.864591 ], [ -104.8755495, 38.8645976 ], [ -104.8752748, 38.8646778 ], [ -104.8749658, 38.8647714 ], [ -104.8748113, 38.8648115 ], [ -104.8745453, 38.8648917 ], [ -104.8743905, 38.8649384 ], [ -104.8742787, 38.8649895 ], [ -104.8741146, 38.8647182 ] ] } },
{ "type": "Feature", "properties": { "fid": 620, "full_id": "w538817766", "osm_id": "538817766", "osm_type": "way", "highway": "path", "name": "", "tiger:cfcc": "", "tiger:county": "", "tiger:reviewed": "", "cycleway": "", "oneway": "", "tiger:name_base": "", "tiger:name_type": "", "service": "", "access": "", "alt_name": "", "ref": "", "surface": "ground", "tiger:name_direction_prefix": "", "cycleway:both": "", "maxspeed:type": "", "sidewalk": "", "sidewalk:both:bicycle": "", "lanes": "", "bicycle": "", "foot": "designated", "old_railway_operator": "", "segregated": "", "bridge": "", "layer": "", "tiger:separated": "", "tiger:source": "", "tiger:tlid": "", "maxspeed": "", "name_1": "", "tiger:name_base_1": "", "tiger:name_type_1": "", "cycleway:right": "", "route": "", "tracktype": "", "horse": "", "motor_vehicle": "", "railway": "", "tiger:name_base_2": "", "tiger:zip_right": "", "name_2": "", "destination": "", "destination:ref": "", "alt_name_1": "", "parking:lane:both": "", "mtb:scale": "", "old_ref": "", "NHS": "", "hgv": "", "hgv:national_network": "", "source:hgv:national_network": "", "sac_scale": "hiking", "description": "", "website": "", "trail_visibility": "", "mtb:scale:imba": "", "admin_level": "", "border_type": "", "boundary": "", "is_in:country": "", "is_in:country_code": "", "is_in:iso_3166_2": "", "is_in:state": "", "tiger:CLASSFP": "", "tiger:CPI": "", "tiger:FUNCSTAT": "", "tiger:LSAD": "", "tiger:MTFCC": "", "tiger:NAME": "", "tiger:NAMELSAD": "", "tiger:PCICBSA": "", "tiger:PCINECTA": "", "tiger:PLACEFP": "", "tiger:PLACENS": "", "tiger:PLCIDFP": "", "tiger:STATEFP": "", "wikidata": "", "wikipedia": "", "tunnel": "", "lit": "", "width": "", "waterway": "", "barrier": "", "fence_type": "", "junction": "", "shoulder": "", "lanes:backward": "", "lanes:forward": "", "turn:lanes:backward": "", "intermittent": "", "natural": "", "seasonal": "", "footway": "", "crossing": "", "tiger:name_base_3": "", "tiger:name_direction_prefix_3": "", "turn:lanes:forward": "", "turn:lanes": "", "lanes:both_ways": "", "turn:lanes:both_ways": "", "golf": "", "golf_cart": "", "power": "", "disused:highway": "", "tourism": "", "auxiliary_storage_labeling_positionx": null, "auxiliary_storage_labeling_positiony": null, "auxiliary_storage_labeling_show": null, "length": 26.770238971314633 }, "geometry": { "type": "LineString", "coordinates": [ [ -104.8750512, 38.8684136 ], [ -104.8750517, 38.8684871 ] ] } },
{ "type": "Feature", "properties": { "fid": 621, "full_id": "w538817767", "osm_id": "538817767", "osm_type": "way", "highway": "path", "name": "Niobrara Trail", "tiger:cfcc": "", "tiger:county": "", "tiger:reviewed": "", "cycleway": "", "oneway": "", "tiger:name_base": "", "tiger:name_type": "", "service": "", "access": "", "alt_name": "", "ref": "", "surface": "", "tiger:name_direction_prefix": "", "cycleway:both": "", "maxspeed:type": "", "sidewalk": "", "sidewalk:both:bicycle": "", "lanes": "", "bicycle": "", "foot": "", "old_railway_operator": "", "segregated": "", "bridge": "", "layer": "", "tiger:separated": "", "tiger:source": "", "tiger:tlid": "", "maxspeed": "", "name_1": "", "tiger:name_base_1": "", "tiger:name_type_1": "", "cycleway:right": "", "route": "", "tracktype": "", "horse": "", "motor_vehicle": "", "railway": "", "tiger:name_base_2": "", "tiger:zip_right": "", "name_2": "", "destination": "", "destination:ref": "", "alt_name_1": "", "parking:lane:both": "", "mtb:scale": "", "old_ref": "", "NHS": "", "hgv": "", "hgv:national_network": "", "source:hgv:national_network": "", "sac_scale": "", "description": "", "website": "", "trail_visibility": "", "mtb:scale:imba": "", "admin_level": "", "border_type": "", "boundary": "", "is_in:country": "", "is_in:country_code": "", "is_in:iso_3166_2": "", "is_in:state": "", "tiger:CLASSFP": "", "tiger:CPI": "", "tiger:FUNCSTAT": "", "tiger:LSAD": "", "tiger:MTFCC": "", "tiger:NAME": "", "tiger:NAMELSAD": "", "tiger:PCICBSA": "", "tiger:PCINECTA": "", "tiger:PLACEFP": "", "tiger:PLACENS": "", "tiger:PLCIDFP": "", "tiger:STATEFP": "", "wikidata": "", "wikipedia": "", "tunnel": "", "lit": "", "width": "", "waterway": "", "barrier": "", "fence_type": "", "junction": "", "shoulder": "", "lanes:backward": "", "lanes:forward": "", "turn:lanes:backward": "", "intermittent": "", "natural": "", "seasonal": "", "footway": "", "crossing": "", "tiger:name_base_3": "", "tiger:name_direction_prefix_3": "", "turn:lanes:forward": "", "turn:lanes": "", "lanes:both_ways": "", "turn:lanes:both_ways": "", "golf": "", "golf_cart": "", "power": "", "disused:highway": "", "tourism": "", "auxiliary_storage_labeling_positionx": -104.87792223287194, "auxiliary_storage_labeling_positiony": 38.864740254995901, "auxiliary_storage_labeling_show": 0, "length": 563.54561668047472 }, "geometry": { "type": "LineString", "coordinates": [ [ -104.8770328, 38.8656814 ], [ -104.8770318, 38.8656143 ], [ -104.8770365, 38.8655507 ], [ -104.8770528, 38.8654889 ], [ -104.8771089, 38.8654271 ], [ -104.8771112, 38.8653598 ], [ -104.8771813, 38.865318 ], [ -104.8773074, 38.8653162 ], [ -104.8773938, 38.8652816 ], [ -104.8775619, 38.8652743 ], [ -104.8776833, 38.8652925 ], [ -104.8778024, 38.8652853 ], [ -104.8778678, 38.8652671 ], [ -104.8779565, 38.8652543 ], [ -104.8779962, 38.8651907 ], [ -104.8780452, 38.8651998 ], [ -104.8781386, 38.8652743 ], [ -104.878218, 38.8653198 ], [ -104.878281876573695, 38.865357760050792 ], [ -104.878381362635679, 38.865419729707611 ], [ -104.878404102306973, 38.865434115513075 ], [ -104.878442475502311, 38.865466206914789 ] ] } },
{ "type": "Feature", "properties": { "fid": 622, "full_id": "w538823304", "osm_id": "538823304", "osm_type": "way", "highway": "path", "name": "Old Colorado City Trail", "tiger:cfcc": "", "tiger:county": "", "tiger:reviewed": "", "cycleway": "", "oneway": "", "tiger:name_base": "", "tiger:name_type": "", "service": "", "access": "", "alt_name": "", "ref": "", "surface": "unpaved", "tiger:name_direction_prefix": "", "cycleway:both": "", "maxspeed:type": "", "sidewalk": "", "sidewalk:both:bicycle": "", "lanes": "", "bicycle": "no", "foot": "", "old_railway_operator": "", "segregated": "", "bridge": "", "layer": "", "tiger:separated": "", "tiger:source": "", "tiger:tlid": "", "maxspeed": "", "name_1": "", "tiger:name_base_1": "", "tiger:name_type_1": "", "cycleway:right": "", "route": "", "tracktype": "", "horse": "", "motor_vehicle": "", "railway": "", "tiger:name_base_2": "", "tiger:zip_right": "", "name_2": "", "destination": "", "destination:ref": "", "alt_name_1": "", "parking:lane:both": "", "mtb:scale": "", "old_ref": "", "NHS": "", "hgv": "", "hgv:national_network": "", "source:hgv:national_network": "", "sac_scale": "hiking", "description": "", "website": "", "trail_visibility": "intermediate", "mtb:scale:imba": "", "admin_level": "", "border_type": "", "boundary": "", "is_in:country": "", "is_in:country_code": "", "is_in:iso_3166_2": "", "is_in:state": "", "tiger:CLASSFP": "", "tiger:CPI": "", "tiger:FUNCSTAT": "", "tiger:LSAD": "", "tiger:MTFCC": "", "tiger:NAME": "", "tiger:NAMELSAD": "", "tiger:PCICBSA": "", "tiger:PCINECTA": "", "tiger:PLACEFP": "", "tiger:PLACENS": "", "tiger:PLCIDFP": "", "tiger:STATEFP": "", "wikidata": "", "wikipedia": "", "tunnel": "", "lit": "", "width": "", "waterway": "", "barrier": "", "fence_type": "", "junction": "", "shoulder": "", "lanes:backward": "", "lanes:forward": "", "turn:lanes:backward": "", "intermittent": "", "natural": "", "seasonal": "", "footway": "", "crossing": "", "tiger:name_base_3": "", "tiger:name_direction_prefix_3": "", "turn:lanes:forward": "", "turn:lanes": "", "lanes:both_ways": "", "turn:lanes:both_ways": "", "golf": "", "golf_cart": "", "power": "", "disused:highway": "", "tourism": "", "auxiliary_storage_labeling_positionx": -104.88096763536566, "auxiliary_storage_labeling_positiony": 38.864224703445359, "auxiliary_storage_labeling_show": null, "length": 2299.539441448966 }, "geometry": { "type": "LineString", "coordinates": [ [ -104.879258859544478, 38.865700632876958 ], [ -104.8793179, 38.8656968 ], [ -104.8793487, 38.8656656 ], [ -104.8793672, 38.865632 ], [ -104.8793579, 38.8655865 ], [ -104.8793949, 38.8655361 ], [ -104.8794473, 38.8655673 ], [ -104.8794843, 38.8655913 ], [ -104.8795644, 38.8655625 ], [ -104.8796229, 38.8655337 ], [ -104.8796815, 38.8655289 ], [ -104.8797431, 38.8655409 ], [ -104.8797677, 38.8655049 ], [ -104.8798078, 38.8654833 ], [ -104.879854, 38.8654641 ], [ -104.8798447, 38.8654185 ], [ -104.8798016, 38.8653681 ], [ -104.8797184, 38.8653442 ], [ -104.8796784, 38.8653034 ], [ -104.8796568, 38.8652386 ], [ -104.8796784, 38.8651978 ], [ -104.8796568, 38.865145 ], [ -104.8796691, 38.8650755 ], [ -104.8796876, 38.8650179 ], [ -104.879703, 38.8649723 ], [ -104.8797708, 38.8649075 ], [ -104.8798417, 38.864862 ], [ -104.8799002, 38.864802 ], [ -104.8799094, 38.8647276 ], [ -104.8798756, 38.8646772 ], [ -104.8798879, 38.8646365 ], [ -104.8798232, 38.8645453 ], [ -104.8798263, 38.8644757 ], [ -104.8798602, 38.8644133 ], [ -104.8798663, 38.8643342 ], [ -104.8799403, 38.8642862 ], [ -104.8799865, 38.864231 ], [ -104.880008, 38.8641902 ], [ -104.8800327, 38.8641351 ], [ -104.8800512, 38.8640823 ], [ -104.880082, 38.8640511 ], [ -104.880119, 38.8639407 ], [ -104.8801405, 38.863876 ], [ -104.8802206, 38.8638592 ], [ -104.8802884, 38.8638256 ], [ -104.8803131, 38.8637584 ], [ -104.8803778, 38.8637104 ], [ -104.8804825, 38.8636649 ], [ -104.8805257, 38.8636289 ], [ -104.8805657, 38.8635425 ], [ -104.8805318, 38.8634321 ], [ -104.8805164, 38.8633578 ], [ -104.8805626, 38.863281 ], [ -104.880615, 38.863221 ], [ -104.8806581, 38.8631131 ], [ -104.8806489, 38.8629835 ], [ -104.8806551, 38.8628612 ], [ -104.8806797, 38.86277 ], [ -104.8806612, 38.8626333 ], [ -104.8805996, 38.8625589 ], [ -104.8805904, 38.8624557 ], [ -104.8805842, 38.8623718 ], [ -104.8805164, 38.8622998 ], [ -104.8805103, 38.8621582 ], [ -104.8805626, 38.8620551 ], [ -104.8805965, 38.8619639 ], [ -104.8806397, 38.8618728 ], [ -104.8806735, 38.8617816 ], [ -104.8807352, 38.86164 ], [ -104.8807845, 38.8615465 ], [ -104.880803, 38.8614649 ], [ -104.8808892, 38.8614313 ], [ -104.8809539, 38.8613857 ], [ -104.881031, 38.8613977 ], [ -104.8811141, 38.8614385 ], [ -104.8812066, 38.8614025 ], [ -104.881262, 38.8613593 ], [ -104.8813391, 38.8612922 ], [ -104.8814376, 38.8612754 ], [ -104.8815239, 38.8612154 ], [ -104.8815732, 38.8611578 ], [ -104.8816502, 38.8610259 ], [ -104.8816934, 38.8609347 ], [ -104.8817057, 38.8608507 ], [ -104.8816397, 38.8607862 ] ] } },
{ "type": "Feature", "properties": { "fid": 623, "full_id": "w538826134", "osm_id": "538826134", "osm_type": "way", "highway": "path", "name": "Old Colorado City Trail", "tiger:cfcc": "", "tiger:county": "", "tiger:reviewed": "", "cycleway": "", "oneway": "", "tiger:name_base": "", "tiger:name_type": "", "service": "", "access": "permissive", "alt_name": "", "ref": "", "surface": "unpaved", "tiger:name_direction_prefix": "", "cycleway:both": "", "maxspeed:type": "", "sidewalk": "", "sidewalk:both:bicycle": "", "lanes": "", "bicycle": "no", "foot": "", "old_railway_operator": "", "segregated": "", "bridge": "", "layer": "", "tiger:separated": "", "tiger:source": "", "tiger:tlid": "", "maxspeed": "", "name_1": "", "tiger:name_base_1": "", "tiger:name_type_1": "", "cycleway:right": "", "route": "", "tracktype": "", "horse": "", "motor_vehicle": "", "railway": "", "tiger:name_base_2": "", "tiger:zip_right": "", "name_2": "", "destination": "", "destination:ref": "", "alt_name_1": "", "parking:lane:both": "", "mtb:scale": "", "old_ref": "", "NHS": "", "hgv": "", "hgv:national_network": "", "source:hgv:national_network": "", "sac_scale": "", "description": "", "website": "", "trail_visibility": "good", "mtb:scale:imba": "", "admin_level": "", "border_type": "", "boundary": "", "is_in:country": "", "is_in:country_code": "", "is_in:iso_3166_2": "", "is_in:state": "", "tiger:CLASSFP": "", "tiger:CPI": "", "tiger:FUNCSTAT": "", "tiger:LSAD": "", "tiger:MTFCC": "", "tiger:NAME": "", "tiger:NAMELSAD": "", "tiger:PCICBSA": "", "tiger:PCINECTA": "", "tiger:PLACEFP": "", "tiger:PLACENS": "", "tiger:PLCIDFP": "", "tiger:STATEFP": "", "wikidata": "", "wikipedia": "", "tunnel": "", "lit": "", "width": "", "waterway": "", "barrier": "", "fence_type": "", "junction": "", "shoulder": "", "lanes:backward": "", "lanes:forward": "", "turn:lanes:backward": "", "intermittent": "", "natural": "", "seasonal": "", "footway": "", "crossing": "", "tiger:name_base_3": "", "tiger:name_direction_prefix_3": "", "turn:lanes:forward": "", "turn:lanes": "", "lanes:both_ways": "", "turn:lanes:both_ways": "", "golf": "", "golf_cart": "", "power": "", "disused:highway": "", "tourism": "", "auxiliary_storage_labeling_positionx": -104.87999628594702, "auxiliary_storage_labeling_positiony": 38.866786460599663, "auxiliary_storage_labeling_show": null, "length": 997.94083538963866 }, "geometry": { "type": "LineString", "coordinates": [ [ -104.8797431, 38.8655409 ], [ -104.8797803, 38.8655824 ], [ -104.8798332, 38.8656394 ], [ -104.8798494, 38.8656773 ], [ -104.8799226, 38.8657375 ], [ -104.8799836, 38.865804 ], [ -104.8800527, 38.865842 ], [ -104.8801381, 38.8659053 ], [ -104.8801503, 38.8659781 ], [ -104.8801299, 38.8660382 ], [ -104.8801625, 38.8660952 ], [ -104.8802397, 38.866149 ], [ -104.8802641, 38.8662091 ], [ -104.880256, 38.8662566 ], [ -104.8801869, 38.8663073 ], [ -104.8801218, 38.8663864 ], [ -104.8801259, 38.8665067 ], [ -104.8801096, 38.8665763 ], [ -104.8801137, 38.866646 ], [ -104.8801015, 38.8667346 ], [ -104.880069, 38.8668201 ], [ -104.8801055, 38.8669024 ], [ -104.8801543, 38.8669562 ], [ -104.8801177, 38.8670227 ], [ -104.8800974, 38.8671018 ], [ -104.8800202, 38.8671619 ], [ -104.879947, 38.8672031 ], [ -104.8799389, 38.8672949 ], [ -104.8799023, 38.8673898 ], [ -104.8799145, 38.8674531 ], [ -104.8798901, 38.8675165 ], [ -104.8798169, 38.8675671 ], [ -104.8797519, 38.8675924 ], [ -104.8797315, 38.8676937 ], [ -104.8797112, 38.8677918 ], [ -104.8797397, 38.8678773 ], [ -104.8797559, 38.8679279 ] ] } },
{ "type": "Feature", "properties": { "fid": 624, "full_id": "w538837076", "osm_id": "538837076", "osm_type": "way", "highway": "path", "name": "Buckskin Charlie Trail", "tiger:cfcc": "", "tiger:county": "", "tiger:reviewed": "", "cycleway": "", "oneway": "", "tiger:name_base": "", "tiger:name_type": "", "service": "", "access": "", "alt_name": "", "ref": "", "surface": "ground", "tiger:name_direction_prefix": "", "cycleway:both": "", "maxspeed:type": "", "sidewalk": "", "sidewalk:both:bicycle": "", "lanes": "", "bicycle": "no", "foot": "", "old_railway_operator": "", "segregated": "", "bridge": "", "layer": "", "tiger:separated": "", "tiger:source": "", "tiger:tlid": "", "maxspeed": "", "name_1": "", "tiger:name_base_1": "", "tiger:name_type_1": "", "cycleway:right": "", "route": "", "tracktype": "", "horse": "", "motor_vehicle": "", "railway": "", "tiger:name_base_2": "", "tiger:zip_right": "", "name_2": "", "destination": "", "destination:ref": "", "alt_name_1": "", "parking:lane:both": "", "mtb:scale": "", "old_ref": "", "NHS": "", "hgv": "", "hgv:national_network": "", "source:hgv:national_network": "", "sac_scale": "", "description": "", "website": "", "trail_visibility": "good", "mtb:scale:imba": "", "admin_level": "", "border_type": "", "boundary": "", "is_in:country": "", "is_in:country_code": "", "is_in:iso_3166_2": "", "is_in:state": "", "tiger:CLASSFP": "", "tiger:CPI": "", "tiger:FUNCSTAT": "", "tiger:LSAD": "", "tiger:MTFCC": "", "tiger:NAME": "", "tiger:NAMELSAD": "", "tiger:PCICBSA": "", "tiger:PCINECTA": "", "tiger:PLACEFP": "", "tiger:PLACENS": "", "tiger:PLCIDFP": "", "tiger:STATEFP": "", "wikidata": "", "wikipedia": "", "tunnel": "", "lit": "", "width": "", "waterway": "", "barrier": "", "fence_type": "", "junction": "", "shoulder": "", "lanes:backward": "", "lanes:forward": "", "turn:lanes:backward": "", "intermittent": "", "natural": "", "seasonal": "", "footway": "", "crossing": "", "tiger:name_base_3": "", "tiger:name_direction_prefix_3": "", "turn:lanes:forward": "", "turn:lanes": "", "lanes:both_ways": "", "turn:lanes:both_ways": "", "golf": "", "golf_cart": "", "power": "", "disused:highway": "", "tourism": "", "auxiliary_storage_labeling_positionx": -104.88117369721182, "auxiliary_storage_labeling_positiony": 38.868736532261529, "auxiliary_storage_labeling_show": null, "length": 2563.6280764593043 }, "geometry": { "type": "LineString", "coordinates": [ [ -104.8797559, 38.8679279 ], [ -104.8796055, 38.8678931 ], [ -104.8795161, 38.8678678 ], [ -104.8794469, 38.8678583 ], [ -104.8794388, 38.8678995 ], [ -104.879386, 38.8679374 ], [ -104.8793128, 38.8679754 ], [ -104.8792884, 38.8680609 ], [ -104.8793494, 38.8681685 ], [ -104.8793372, 38.868254 ], [ -104.8792925, 38.8683489 ], [ -104.8792071, 38.8684376 ], [ -104.8791827, 38.8685167 ], [ -104.8792315, 38.8685673 ], [ -104.8793046, 38.8686212 ], [ -104.879325, 38.8687035 ], [ -104.8794022, 38.8687699 ], [ -104.8794917, 38.8688174 ], [ -104.8795689, 38.8688586 ], [ -104.8796258, 38.8689092 ], [ -104.8796827, 38.8689757 ], [ -104.8798088, 38.8690168 ], [ -104.8799917, 38.8690263 ], [ -104.8801137, 38.869001 ], [ -104.8801991, 38.8690105 ], [ -104.8803291, 38.8690263 ], [ -104.8803739, 38.8690643 ], [ -104.8804186, 38.8691339 ], [ -104.8804714, 38.8692036 ], [ -104.8806097, 38.8692511 ], [ -104.8806666, 38.8693334 ], [ -104.8806544, 38.869403 ], [ -104.8806544, 38.8695043 ], [ -104.8807072, 38.8695707 ], [ -104.8808089, 38.8696214 ], [ -104.8809227, 38.8696594 ], [ -104.881065, 38.8697037 ], [ -104.8811748, 38.8697607 ], [ -104.8813293, 38.8697955 ], [ -104.8813333, 38.8698461 ], [ -104.8813577, 38.8699253 ], [ -104.8813008, 38.8700107 ], [ -104.8812276, 38.8700772 ], [ -104.8811341, 38.8701721 ], [ -104.8810975, 38.8702449 ], [ -104.8811138, 38.8703178 ], [ -104.8812479, 38.8703621 ], [ -104.8813496, 38.8703906 ], [ -104.8814268, 38.8704634 ], [ -104.8814146, 38.8705741 ], [ -104.8814106, 38.8707102 ], [ -104.881435, 38.8708242 ], [ -104.8814593, 38.8709856 ], [ -104.8814472, 38.8710552 ], [ -104.8814715, 38.8711914 ], [ -104.8814837, 38.8712768 ], [ -104.8814512, 38.8713433 ], [ -104.8814268, 38.8714161 ], [ -104.881435, 38.8715364 ], [ -104.8814553, 38.8716566 ], [ -104.8814634, 38.8717073 ], [ -104.8815081, 38.8717453 ], [ -104.8816057, 38.8717991 ], [ -104.8817114, 38.8718307 ], [ -104.8817765, 38.8718814 ], [ -104.881813, 38.871989 ], [ -104.8817805, 38.8720808 ], [ -104.8817805, 38.8721409 ], [ -104.8818415, 38.8721441 ], [ -104.881935, 38.8721124 ], [ -104.8820123, 38.8720871 ], [ -104.882057, 38.8720713 ], [ -104.8820854, 38.8721124 ], [ -104.8820651, 38.8721726 ], [ -104.8820163, 38.8722359 ], [ -104.8820041, 38.8723245 ], [ -104.8819838, 38.8724543 ], [ -104.8819757, 38.8725112 ], [ -104.8819594, 38.8725809 ], [ -104.8820163, 38.872565 ], [ -104.8820732, 38.8725366 ], [ -104.8821586, 38.8725049 ], [ -104.8822027, 38.872519 ] ] } },
{ "type": "Feature", "properties": { "fid": 625, "full_id": "w539022610", "osm_id": "539022610", "osm_type": "way", "highway": "path", "name": "Buckskin Charlie Trail", "tiger:cfcc": "", "tiger:county": "", "tiger:reviewed": "", "cycleway": "", "oneway": "", "tiger:name_base": "", "tiger:name_type": "", "service": "", "access": "", "alt_name": "", "ref": "", "surface": "ground", "tiger:name_direction_prefix": "", "cycleway:both": "", "maxspeed:type": "", "sidewalk": "", "sidewalk:both:bicycle": "", "lanes": "", "bicycle": "no", "foot": "", "old_railway_operator": "", "segregated": "", "bridge": "", "layer": "", "tiger:separated": "", "tiger:source": "", "tiger:tlid": "", "maxspeed": "", "name_1": "", "tiger:name_base_1": "", "tiger:name_type_1": "", "cycleway:right": "", "route": "", "tracktype": "", "horse": "designated", "motor_vehicle": "", "railway": "", "tiger:name_base_2": "", "tiger:zip_right": "", "name_2": "", "destination": "", "destination:ref": "", "alt_name_1": "", "parking:lane:both": "", "mtb:scale": "", "old_ref": "", "NHS": "", "hgv": "", "hgv:national_network": "", "source:hgv:national_network": "", "sac_scale": "", "description": "", "website": "", "trail_visibility": "good", "mtb:scale:imba": "", "admin_level": "", "border_type": "", "boundary": "", "is_in:country": "", "is_in:country_code": "", "is_in:iso_3166_2": "", "is_in:state": "", "tiger:CLASSFP": "", "tiger:CPI": "", "tiger:FUNCSTAT": "", "tiger:LSAD": "", "tiger:MTFCC": "", "tiger:NAME": "", "tiger:NAMELSAD": "", "tiger:PCICBSA": "", "tiger:PCINECTA": "", "tiger:PLACEFP": "", "tiger:PLACENS": "", "tiger:PLCIDFP": "", "tiger:STATEFP": "", "wikidata": "", "wikipedia": "", "tunnel": "", "lit": "", "width": "", "waterway": "", "barrier": "", "fence_type": "", "junction": "", "shoulder": "", "lanes:backward": "", "lanes:forward": "", "turn:lanes:backward": "", "intermittent": "", "natural": "", "seasonal": "", "footway": "", "crossing": "", "tiger:name_base_3": "", "tiger:name_direction_prefix_3": "", "turn:lanes:forward": "", "turn:lanes": "", "lanes:both_ways": "", "turn:lanes:both_ways": "", "golf": "", "golf_cart": "", "power": "", "disused:highway": "", "tourism": "", "auxiliary_storage_labeling_positionx": -104.88254170784823, "auxiliary_storage_labeling_positiony": 38.86814223645078, "auxiliary_storage_labeling_show": null, "length": 2556.2470486038269 }, "geometry": { "type": "LineString", "coordinates": [ [ -104.8797559, 38.8679279 ], [ -104.8797887, 38.8679909 ], [ -104.8798799, 38.8680159 ], [ -104.879896, 38.8680995 ], [ -104.8798048, 38.8681538 ], [ -104.87966, 38.8681538 ], [ -104.8796117, 38.8682457 ], [ -104.879617, 38.8683626 ], [ -104.8796063, 38.8684503 ], [ -104.879617, 38.8685422 ], [ -104.8797082, 38.8685589 ], [ -104.8798584, 38.8685213 ], [ -104.8799818, 38.8685213 ], [ -104.8801052, 38.868513 ], [ -104.8801964, 38.8684837 ], [ -104.8803734, 38.8684503 ], [ -104.8805826, 38.868442 ], [ -104.8806738, 38.868442 ], [ -104.8807489, 38.8683584 ], [ -104.8808723, 38.8683334 ], [ -104.8809903, 38.8682373 ], [ -104.8811244, 38.868229 ], [ -104.8812586, 38.8682415 ], [ -104.8813766, 38.8683125 ], [ -104.8815268, 38.8683167 ], [ -104.8816609, 38.8683584 ], [ -104.8817413, 38.8684378 ], [ -104.8817628, 38.8685339 ], [ -104.8817896, 38.8686383 ], [ -104.8818272, 38.8687302 ], [ -104.8818486, 38.868839 ], [ -104.8818969, 38.8688891 ], [ -104.8818916, 38.8689727 ], [ -104.8819398, 38.8690729 ], [ -104.8819774, 38.8691773 ], [ -104.8819237, 38.869265 ], [ -104.8818057, 38.8693778 ], [ -104.8817038, 38.869478 ], [ -104.8817092, 38.8695741 ], [ -104.8817521, 38.86962 ], [ -104.8817628, 38.8696869 ], [ -104.8817092, 38.8697746 ], [ -104.8816662, 38.8698497 ], [ -104.8816931, 38.8699917 ], [ -104.8817413, 38.870092 ], [ -104.8818165, 38.8701463 ], [ -104.8819345, 38.8701505 ], [ -104.882031, 38.8700795 ], [ -104.88209, 38.8699876 ], [ -104.8822939, 38.8698289 ], [ -104.8823744, 38.8697077 ], [ -104.8824655, 38.8695114 ], [ -104.8825943, 38.8694028 ], [ -104.8827284, 38.8693569 ], [ -104.8828238, 38.8693748 ], [ -104.882884, 38.8693861 ], [ -104.883002, 38.8694697 ], [ -104.8830878, 38.8695657 ], [ -104.8831522, 38.8695991 ], [ -104.8832648, 38.8696409 ], [ -104.8833346, 38.8697328 ], [ -104.883399, 38.8698915 ], [ -104.8833936, 38.870021 ], [ -104.8833507, 38.8701505 ], [ -104.8833346, 38.8702841 ], [ -104.8833614, 38.8704341 ] ] } },
{ "type": "Feature", "properties": { "fid": 626, "full_id": "w539024386", "osm_id": "539024386", "osm_type": "way", "highway": "path", "name": "Hamp Trail", "tiger:cfcc": "", "tiger:county": "", "tiger:reviewed": "", "cycleway": "", "oneway": "", "tiger:name_base": "", "tiger:name_type": "", "service": "", "access": "", "alt_name": "", "ref": "", "surface": "ground", "tiger:name_direction_prefix": "", "cycleway:both": "", "maxspeed:type": "", "sidewalk": "", "sidewalk:both:bicycle": "", "lanes": "", "bicycle": "no", "foot": "", "old_railway_operator": "", "segregated": "", "bridge": "", "layer": "", "tiger:separated": "", "tiger:source": "", "tiger:tlid": "", "maxspeed": "", "name_1": "", "tiger:name_base_1": "", "tiger:name_type_1": "", "cycleway:right": "", "route": "", "tracktype": "", "horse": "", "motor_vehicle": "", "railway": "", "tiger:name_base_2": "", "tiger:zip_right": "", "name_2": "", "destination": "", "destination:ref": "", "alt_name_1": "", "parking:lane:both": "", "mtb:scale": "", "old_ref": "", "NHS": "", "hgv": "", "hgv:national_network": "", "source:hgv:national_network": "", "sac_scale": "hiking", "description": "", "website": "", "trail_visibility": "intermediate", "mtb:scale:imba": "", "admin_level": "", "border_type": "", "boundary": "", "is_in:country": "", "is_in:country_code": "", "is_in:iso_3166_2": "", "is_in:state": "", "tiger:CLASSFP": "", "tiger:CPI": "", "tiger:FUNCSTAT": "", "tiger:LSAD": "", "tiger:MTFCC": "", "tiger:NAME": "", "tiger:NAMELSAD": "", "tiger:PCICBSA": "", "tiger:PCINECTA": "", "tiger:PLACEFP": "", "tiger:PLACENS": "", "tiger:PLCIDFP": "", "tiger:STATEFP": "", "wikidata": "", "wikipedia": "", "tunnel": "", "lit": "", "width": "", "waterway": "", "barrier": "", "fence_type": "", "junction": "", "shoulder": "", "lanes:backward": "", "lanes:forward": "", "turn:lanes:backward": "", "intermittent": "", "natural": "", "seasonal": "", "footway": "", "crossing": "", "tiger:name_base_3": "", "tiger:name_direction_prefix_3": "", "turn:lanes:forward": "", "turn:lanes": "", "lanes:both_ways": "", "turn:lanes:both_ways": "", "golf": "", "golf_cart": "", "power": "", "disused:highway": "", "tourism": "", "auxiliary_storage_labeling_positionx": -104.88397706240104, "auxiliary_storage_labeling_positiony": 38.867706109603247, "auxiliary_storage_labeling_show": null, "length": 751.16952081602687 }, "geometry": { "type": "LineString", "coordinates": [ [ -104.8838588, 38.8666829 ], [ -104.8839007, 38.866764 ], [ -104.8840081, 38.8668713 ], [ -104.8840408, 38.8669767 ], [ -104.8840688, 38.8670495 ], [ -104.8841762, 38.8671113 ], [ -104.8842603, 38.8672022 ], [ -104.8842743, 38.8673294 ], [ -104.884265, 38.8674858 ], [ -104.8842042, 38.8675803 ], [ -104.8841108, 38.8676567 ], [ -104.8840875, 38.8677294 ], [ -104.8840688, 38.8678567 ], [ -104.8840595, 38.867933 ], [ -104.8841202, 38.8680639 ], [ -104.8841856, 38.8681585 ], [ -104.8842136, 38.8682639 ], [ -104.8842416, 38.8683512 ], [ -104.8842369, 38.8684748 ], [ -104.8841939, 38.8685629 ] ] } },
{ "type": "Feature", "properties": { "fid": 627, "full_id": "w539024695", "osm_id": "539024695", "osm_type": "way", "highway": "path", "name": "Buckskin Charlie Trail", "tiger:cfcc": "", "tiger:county": "", "tiger:reviewed": "", "cycleway": "", "oneway": "", "tiger:name_base": "", "tiger:name_type": "", "service": "", "access": "", "alt_name": "", "ref": "", "surface": "ground", "tiger:name_direction_prefix": "", "cycleway:both": "", "maxspeed:type": "", "sidewalk": "", "sidewalk:both:bicycle": "", "lanes": "", "bicycle": "no", "foot": "", "old_railway_operator": "", "segregated": "", "bridge": "", "layer": "", "tiger:separated": "", "tiger:source": "", "tiger:tlid": "", "maxspeed": "", "name_1": "", "tiger:name_base_1": "", "tiger:name_type_1": "", "cycleway:right": "", "route": "", "tracktype": "", "horse": "", "motor_vehicle": "", "railway": "", "tiger:name_base_2": "", "tiger:zip_right": "", "name_2": "", "destination": "", "destination:ref": "", "alt_name_1": "", "parking:lane:both": "", "mtb:scale": "", "old_ref": "", "NHS": "", "hgv": "", "hgv:national_network": "", "source:hgv:national_network": "", "sac_scale": "hiking", "description": "", "website": "", "trail_visibility": "intermediate", "mtb:scale:imba": "0", "admin_level": "", "border_type": "", "boundary": "", "is_in:country": "", "is_in:country_code": "", "is_in:iso_3166_2": "", "is_in:state": "", "tiger:CLASSFP": "", "tiger:CPI": "", "tiger:FUNCSTAT": "", "tiger:LSAD": "", "tiger:MTFCC": "", "tiger:NAME": "", "tiger:NAMELSAD": "", "tiger:PCICBSA": "", "tiger:PCINECTA": "", "tiger:PLACEFP": "", "tiger:PLACENS": "", "tiger:PLCIDFP": "", "tiger:STATEFP": "", "wikidata": "", "wikipedia": "", "tunnel": "", "lit": "", "width": "", "waterway": "", "barrier": "", "fence_type": "", "junction": "", "shoulder": "", "lanes:backward": "", "lanes:forward": "", "turn:lanes:backward": "", "intermittent": "", "natural": "", "seasonal": "", "footway": "", "crossing": "", "tiger:name_base_3": "", "tiger:name_direction_prefix_3": "", "turn:lanes:forward": "", "turn:lanes": "", "lanes:both_ways": "", "turn:lanes:both_ways": "", "golf": "", "golf_cart": "", "power": "", "disused:highway": "", "tourism": "", "auxiliary_storage_labeling_positionx": -104.88393186413664, "auxiliary_storage_labeling_positiony": 38.868800467202526, "auxiliary_storage_labeling_show": null, "length": 565.94496927200657 }, "geometry": { "type": "LineString", "coordinates": [ [ -104.8828238, 38.8693748 ], [ -104.882892, 38.8693074 ], [ -104.8829013, 38.8692202 ], [ -104.8829667, 38.8691584 ], [ -104.8830367, 38.8691075 ], [ -104.8830648, 38.8690202 ], [ -104.8830975, 38.8689366 ], [ -104.8831301, 38.8688638 ], [ -104.8832095, 38.8688202 ], [ -104.8833123, 38.8687875 ], [ -104.8833496, 38.8687039 ], [ -104.8833636, 38.8686202 ], [ -104.8834664, 38.8685621 ], [ -104.8836345, 38.8685221 ], [ -104.8837513, 38.8684821 ], [ -104.8838213, 38.8684275 ], [ -104.8839194, 38.8684348 ], [ -104.8840315, 38.8684602 ], [ -104.8840823, 38.8684961 ] ] } },
{ "type": "Feature", "properties": { "fid": 628, "full_id": "w539027675", "osm_id": "539027675", "osm_type": "way", "highway": "path", "name": "Spring Creek Interpretive Trail", "tiger:cfcc": "", "tiger:county": "", "tiger:reviewed": "", "cycleway": "", "oneway": "", "tiger:name_base": "", "tiger:name_type": "", "service": "", "access": "", "alt_name": "", "ref": "", "surface": "ground", "tiger:name_direction_prefix": "", "cycleway:both": "", "maxspeed:type": "", "sidewalk": "", "sidewalk:both:bicycle": "", "lanes": "", "bicycle": "no", "foot": "", "old_railway_operator": "", "segregated": "", "bridge": "", "layer": "", "tiger:separated": "", "tiger:source": "", "tiger:tlid": "", "maxspeed": "", "name_1": "", "tiger:name_base_1": "", "tiger:name_type_1": "", "cycleway:right": "", "route": "", "tracktype": "", "horse": "", "motor_vehicle": "", "railway": "", "tiger:name_base_2": "", "tiger:zip_right": "", "name_2": "", "destination": "", "destination:ref": "", "alt_name_1": "", "parking:lane:both": "", "mtb:scale": "", "old_ref": "", "NHS": "", "hgv": "", "hgv:national_network": "", "source:hgv:national_network": "", "sac_scale": "hiking", "description": "", "website": "", "trail_visibility": "good", "mtb:scale:imba": "", "admin_level": "", "border_type": "", "boundary": "", "is_in:country": "", "is_in:country_code": "", "is_in:iso_3166_2": "", "is_in:state": "", "tiger:CLASSFP": "", "tiger:CPI": "", "tiger:FUNCSTAT": "", "tiger:LSAD": "", "tiger:MTFCC": "", "tiger:NAME": "", "tiger:NAMELSAD": "", "tiger:PCICBSA": "", "tiger:PCINECTA": "", "tiger:PLACEFP": "", "tiger:PLACENS": "", "tiger:PLCIDFP": "", "tiger:STATEFP": "", "wikidata": "", "wikipedia": "", "tunnel": "", "lit": "", "width": "", "waterway": "", "barrier": "", "fence_type": "", "junction": "", "shoulder": "", "lanes:backward": "", "lanes:forward": "", "turn:lanes:backward": "", "intermittent": "", "natural": "", "seasonal": "", "footway": "", "crossing": "", "tiger:name_base_3": "", "tiger:name_direction_prefix_3": "", "turn:lanes:forward": "", "turn:lanes": "", "lanes:both_ways": "", "turn:lanes:both_ways": "", "golf": "", "golf_cart": "", "power": "", "disused:highway": "", "tourism": "", "auxiliary_storage_labeling_positionx": null, "auxiliary_storage_labeling_positiony": null, "auxiliary_storage_labeling_show": null, "length": 259.10258267589722 }, "geometry": { "type": "LineString", "coordinates": [ [ -104.890472703915933, 38.865392423064314 ], [ -104.890515806773891, 38.865403610012329 ], [ -104.890566, 38.8654092 ], [ -104.8906828, 38.8654383 ], [ -104.8907505, 38.8654783 ], [ -104.8908276, 38.865511 ], [ -104.8909233, 38.8655892 ], [ -104.8910004, 38.8656328 ], [ -104.8911918, 38.8656437 ], [ -104.8912847, 38.8656381 ] ] } },
{ "type": "Feature", "properties": { "fid": 629, "full_id": "w539027985", "osm_id": "539027985", "osm_type": "way", "highway": "path", "name": "Spring Creek Interpretive Trail", "tiger:cfcc": "", "tiger:county": "", "tiger:reviewed": "", "cycleway": "", "oneway": "", "tiger:name_base": "", "tiger:name_type": "", "service": "", "access": "", "alt_name": "", "ref": "", "surface": "ground", "tiger:name_direction_prefix": "", "cycleway:both": "", "maxspeed:type": "", "sidewalk": "", "sidewalk:both:bicycle": "", "lanes": "", "bicycle": "no", "foot": "", "old_railway_operator": "", "segregated": "", "bridge": "", "layer": "", "tiger:separated": "", "tiger:source": "", "tiger:tlid": "", "maxspeed": "", "name_1": "", "tiger:name_base_1": "", "tiger:name_type_1": "", "cycleway:right": "", "route": "", "tracktype": "", "horse": "", "motor_vehicle": "", "railway": "", "tiger:name_base_2": "", "tiger:zip_right": "", "name_2": "", "destination": "", "destination:ref": "", "alt_name_1": "", "parking:lane:both": "", "mtb:scale": "", "old_ref": "", "NHS": "", "hgv": "", "hgv:national_network": "", "source:hgv:national_network": "", "sac_scale": "hiking", "description": "", "website": "", "trail_visibility": "good", "mtb:scale:imba": "", "admin_level": "", "border_type": "", "boundary": "", "is_in:country": "", "is_in:country_code": "", "is_in:iso_3166_2": "", "is_in:state": "", "tiger:CLASSFP": "", "tiger:CPI": "", "tiger:FUNCSTAT": "", "tiger:LSAD": "", "tiger:MTFCC": "", "tiger:NAME": "", "tiger:NAMELSAD": "", "tiger:PCICBSA": "", "tiger:PCINECTA": "", "tiger:PLACEFP": "", "tiger:PLACENS": "", "tiger:PLCIDFP": "", "tiger:STATEFP": "", "wikidata": "", "wikipedia": "", "tunnel": "", "lit": "", "width": "", "waterway": "", "barrier": "", "fence_type": "", "junction": "", "shoulder": "", "lanes:backward": "", "lanes:forward": "", "turn:lanes:backward": "", "intermittent": "", "natural": "", "seasonal": "", "footway": "", "crossing": "", "tiger:name_base_3": "", "tiger:name_direction_prefix_3": "", "turn:lanes:forward": "", "turn:lanes": "", "lanes:both_ways": "", "turn:lanes:both_ways": "", "golf": "", "golf_cart": "", "power": "", "disused:highway": "", "tourism": "", "auxiliary_storage_labeling_positionx": null, "auxiliary_storage_labeling_positiony": null, "auxiliary_storage_labeling_show": null, "length": 115.87889376851452 }, "geometry": { "type": "LineString", "coordinates": [ [ -104.8908276, 38.865511 ], [ -104.8909396, 38.8654892 ], [ -104.8910307, 38.865411 ], [ -104.8910517, 38.8653528 ], [ -104.8911294, 38.8653421 ] ] } },
{ "type": "Feature", "properties": { "fid": 631, "full_id": "w567712422", "osm_id": "567712422", "osm_type": "way", "highway": "path", "name": "Ute Valley Trail", "tiger:cfcc": "", "tiger:county": "", "tiger:reviewed": "", "cycleway": "", "oneway": "", "tiger:name_base": "", "tiger:name_type": "", "service": "", "access": "", "alt_name": "", "ref": "", "surface": "", "tiger:name_direction_prefix": "", "cycleway:both": "", "maxspeed:type": "", "sidewalk": "", "sidewalk:both:bicycle": "", "lanes": "", "bicycle": "designated", "foot": "designated", "old_railway_operator": "", "segregated": "", "bridge": "", "layer": "", "tiger:separated": "", "tiger:source": "", "tiger:tlid": "", "maxspeed": "", "name_1": "", "tiger:name_base_1": "", "tiger:name_type_1": "", "cycleway:right": "", "route": "", "tracktype": "", "horse": "", "motor_vehicle": "", "railway": "", "tiger:name_base_2": "", "tiger:zip_right": "", "name_2": "", "destination": "", "destination:ref": "", "alt_name_1": "", "parking:lane:both": "", "mtb:scale": "", "old_ref": "", "NHS": "", "hgv": "", "hgv:national_network": "", "source:hgv:national_network": "", "sac_scale": "hiking", "description": "", "website": "", "trail_visibility": "", "mtb:scale:imba": "", "admin_level": "", "border_type": "", "boundary": "", "is_in:country": "", "is_in:country_code": "", "is_in:iso_3166_2": "", "is_in:state": "", "tiger:CLASSFP": "", "tiger:CPI": "", "tiger:FUNCSTAT": "", "tiger:LSAD": "", "tiger:MTFCC": "", "tiger:NAME": "", "tiger:NAMELSAD": "", "tiger:PCICBSA": "", "tiger:PCINECTA": "", "tiger:PLACEFP": "", "tiger:PLACENS": "", "tiger:PLCIDFP": "", "tiger:STATEFP": "", "wikidata": "", "wikipedia": "", "tunnel": "", "lit": "", "width": "", "waterway": "", "barrier": "", "fence_type": "", "junction": "", "shoulder": "", "lanes:backward": "", "lanes:forward": "", "turn:lanes:backward": "", "intermittent": "", "natural": "", "seasonal": "", "footway": "", "crossing": "", "tiger:name_base_3": "", "tiger:name_direction_prefix_3": "", "turn:lanes:forward": "", "turn:lanes": "", "lanes:both_ways": "", "turn:lanes:both_ways": "", "golf": "", "golf_cart": "", "power": "", "disused:highway": "", "tourism": "", "auxiliary_storage_labeling_positionx": null, "auxiliary_storage_labeling_positiony": null, "auxiliary_storage_labeling_show": null, "length": 126.07714616344246 }, "geometry": { "type": "LineString", "coordinates": [ [ -104.8746873, 38.8685072 ], [ -104.8747585, 38.8685025 ], [ -104.874817, 38.86852 ], [ -104.8748706, 38.868568 ], [ -104.8749457, 38.8686265 ], [ -104.875045, 38.8686808 ] ] } },
{ "type": "Feature", "properties": { "fid": 632, "full_id": "w567712423", "osm_id": "567712423", "osm_type": "way", "highway": "path", "name": "Ute Valley Trail", "tiger:cfcc": "", "tiger:county": "", "tiger:reviewed": "", "cycleway": "", "oneway": "", "tiger:name_base": "", "tiger:name_type": "", "service": "", "access": "", "alt_name": "", "ref": "", "surface": "", "tiger:name_direction_prefix": "", "cycleway:both": "", "maxspeed:type": "", "sidewalk": "", "sidewalk:both:bicycle": "", "lanes": "", "bicycle": "designated", "foot": "designated", "old_railway_operator": "", "segregated": "", "bridge": "", "layer": "", "tiger:separated": "", "tiger:source": "", "tiger:tlid": "", "maxspeed": "", "name_1": "", "tiger:name_base_1": "", "tiger:name_type_1": "", "cycleway:right": "", "route": "", "tracktype": "", "horse": "", "motor_vehicle": "", "railway": "", "tiger:name_base_2": "", "tiger:zip_right": "", "name_2": "", "destination": "", "destination:ref": "", "alt_name_1": "", "parking:lane:both": "", "mtb:scale": "", "old_ref": "", "NHS": "", "hgv": "", "hgv:national_network": "", "source:hgv:national_network": "", "sac_scale": "hiking", "description": "", "website": "", "trail_visibility": "", "mtb:scale:imba": "", "admin_level": "", "border_type": "", "boundary": "", "is_in:country": "", "is_in:country_code": "", "is_in:iso_3166_2": "", "is_in:state": "", "tiger:CLASSFP": "", "tiger:CPI": "", "tiger:FUNCSTAT": "", "tiger:LSAD": "", "tiger:MTFCC": "", "tiger:NAME": "", "tiger:NAMELSAD": "", "tiger:PCICBSA": "", "tiger:PCINECTA": "", "tiger:PLACEFP": "", "tiger:PLACENS": "", "tiger:PLCIDFP": "", "tiger:STATEFP": "", "wikidata": "", "wikipedia": "", "tunnel": "", "lit": "", "width": "", "waterway": "", "barrier": "", "fence_type": "", "junction": "", "shoulder": "", "lanes:backward": "", "lanes:forward": "", "turn:lanes:backward": "", "intermittent": "", "natural": "", "seasonal": "", "footway": "", "crossing": "", "tiger:name_base_3": "", "tiger:name_direction_prefix_3": "", "turn:lanes:forward": "", "turn:lanes": "", "lanes:both_ways": "", "turn:lanes:both_ways": "", "golf": "", "golf_cart": "", "power": "", "disused:highway": "", "tourism": "", "auxiliary_storage_labeling_positionx": null, "auxiliary_storage_labeling_positiony": null, "auxiliary_storage_labeling_show": null, "length": 24.883230902812961 }, "geometry": { "type": "LineString", "coordinates": [ [ -104.8746873, 38.8685072 ], [ -104.8746346, 38.8685617 ] ] } },
{ "type": "Feature", "properties": { "fid": 649, "full_id": "w641671621", "osm_id": "641671621", "osm_type": "way", "highway": "cycleway", "name": "Foothills Trail", "tiger:cfcc": "", "tiger:county": "", "tiger:reviewed": "", "cycleway": "", "oneway": "", "tiger:name_base": "", "tiger:name_type": "", "service": "", "access": "", "alt_name": "", "ref": "", "surface": "", "tiger:name_direction_prefix": "", "cycleway:both": "", "maxspeed:type": "", "sidewalk": "", "sidewalk:both:bicycle": "", "lanes": "", "bicycle": "yes", "foot": "designated", "old_railway_operator": "", "segregated": "", "bridge": "", "layer": "", "tiger:separated": "", "tiger:source": "", "tiger:tlid": "", "maxspeed": "", "name_1": "", "tiger:name_base_1": "", "tiger:name_type_1": "", "cycleway:right": "", "route": "", "tracktype": "", "horse": "", "motor_vehicle": "", "railway": "", "tiger:name_base_2": "", "tiger:zip_right": "", "name_2": "", "destination": "", "destination:ref": "", "alt_name_1": "", "parking:lane:both": "", "mtb:scale": "", "old_ref": "", "NHS": "", "hgv": "", "hgv:national_network": "", "source:hgv:national_network": "", "sac_scale": "hiking", "description": "", "website": "", "trail_visibility": "", "mtb:scale:imba": "", "admin_level": "", "border_type": "", "boundary": "", "is_in:country": "", "is_in:country_code": "", "is_in:iso_3166_2": "", "is_in:state": "", "tiger:CLASSFP": "", "tiger:CPI": "", "tiger:FUNCSTAT": "", "tiger:LSAD": "", "tiger:MTFCC": "", "tiger:NAME": "", "tiger:NAMELSAD": "", "tiger:PCICBSA": "", "tiger:PCINECTA": "", "tiger:PLACEFP": "", "tiger:PLACENS": "", "tiger:PLCIDFP": "", "tiger:STATEFP": "", "wikidata": "", "wikipedia": "", "tunnel": "", "lit": "", "width": "", "waterway": "", "barrier": "", "fence_type": "", "junction": "", "shoulder": "", "lanes:backward": "", "lanes:forward": "", "turn:lanes:backward": "", "intermittent": "", "natural": "", "seasonal": "", "footway": "", "crossing": "", "tiger:name_base_3": "", "tiger:name_direction_prefix_3": "", "turn:lanes:forward": "", "turn:lanes": "", "lanes:both_ways": "", "turn:lanes:both_ways": "", "golf": "", "golf_cart": "", "power": "", "disused:highway": "", "tourism": "", "auxiliary_storage_labeling_positionx": null, "auxiliary_storage_labeling_positiony": null, "auxiliary_storage_labeling_show": null, "length": 107.75200870188277 }, "geometry": { "type": "LineString", "coordinates": [ [ -104.8750964, 38.8911832 ], [ -104.8749762, 38.8911498 ], [ -104.8748475, 38.891103 ], [ -104.8747583, 38.891054 ] ] } },
{ "type": "Feature", "properties": { "fid": 650, "full_id": "w641671622", "osm_id": "641671622", "osm_type": "way", "highway": "cycleway", "name": "Palmer Mesa Trail", "tiger:cfcc": "", "tiger:county": "", "tiger:reviewed": "", "cycleway": "", "oneway": "", "tiger:name_base": "", "tiger:name_type": "", "service": "", "access": "", "alt_name": "", "ref": "", "surface": "", "tiger:name_direction_prefix": "", "cycleway:both": "", "maxspeed:type": "", "sidewalk": "", "sidewalk:both:bicycle": "", "lanes": "", "bicycle": "yes", "foot": "designated", "old_railway_operator": "", "segregated": "", "bridge": "", "layer": "", "tiger:separated": "", "tiger:source": "", "tiger:tlid": "", "maxspeed": "", "name_1": "", "tiger:name_base_1": "", "tiger:name_type_1": "", "cycleway:right": "", "route": "", "tracktype": "", "horse": "", "motor_vehicle": "", "railway": "", "tiger:name_base_2": "", "tiger:zip_right": "", "name_2": "", "destination": "", "destination:ref": "", "alt_name_1": "", "parking:lane:both": "", "mtb:scale": "", "old_ref": "", "NHS": "", "hgv": "", "hgv:national_network": "", "source:hgv:national_network": "", "sac_scale": "hiking", "description": "", "website": "", "trail_visibility": "", "mtb:scale:imba": "", "admin_level": "", "border_type": "", "boundary": "", "is_in:country": "", "is_in:country_code": "", "is_in:iso_3166_2": "", "is_in:state": "", "tiger:CLASSFP": "", "tiger:CPI": "", "tiger:FUNCSTAT": "", "tiger:LSAD": "", "tiger:MTFCC": "", "tiger:NAME": "", "tiger:NAMELSAD": "", "tiger:PCICBSA": "", "tiger:PCINECTA": "", "tiger:PLACEFP": "", "tiger:PLACENS": "", "tiger:PLCIDFP": "", "tiger:STATEFP": "", "wikidata": "", "wikipedia": "", "tunnel": "", "lit": "", "width": "", "waterway": "", "barrier": "", "fence_type": "", "junction": "", "shoulder": "", "lanes:backward": "", "lanes:forward": "", "turn:lanes:backward": "", "intermittent": "", "natural": "", "seasonal": "", "footway": "", "crossing": "", "tiger:name_base_3": "", "tiger:name_direction_prefix_3": "", "turn:lanes:forward": "", "turn:lanes": "", "lanes:both_ways": "", "turn:lanes:both_ways": "", "golf": "", "golf_cart": "", "power": "", "disused:highway": "", "tourism": "", "auxiliary_storage_labeling_positionx": null, "auxiliary_storage_labeling_positiony": null, "auxiliary_storage_labeling_show": null, "length": 255.90045094381776 }, "geometry": { "type": "LineString", "coordinates": [ [ -104.8747583, 38.891054 ], [ -104.8746819, 38.8911671 ], [ -104.8746147, 38.8912479 ], [ -104.8744701, 38.8914091 ], [ -104.8743582, 38.8915154 ], [ -104.8743038, 38.8915873 ], [ -104.8742841, 38.8916456 ] ] } },
{ "type": "Feature", "properties": { "fid": 689, "full_id": "w653171584", "osm_id": "653171584", "osm_type": "way", "highway": "path", "name": "", "tiger:cfcc": "", "tiger:county": "", "tiger:reviewed": "", "cycleway": "", "oneway": "", "tiger:name_base": "", "tiger:name_type": "", "service": "", "access": "", "alt_name": "", "ref": "", "surface": "ground", "tiger:name_direction_prefix": "", "cycleway:both": "", "maxspeed:type": "", "sidewalk": "", "sidewalk:both:bicycle": "", "lanes": "", "bicycle": "no", "foot": "designated", "old_railway_operator": "", "segregated": "", "bridge": "", "layer": "", "tiger:separated": "", "tiger:source": "", "tiger:tlid": "", "maxspeed": "", "name_1": "", "tiger:name_base_1": "", "tiger:name_type_1": "", "cycleway:right": "", "route": "", "tracktype": "", "horse": "", "motor_vehicle": "", "railway": "", "tiger:name_base_2": "", "tiger:zip_right": "", "name_2": "", "destination": "", "destination:ref": "", "alt_name_1": "", "parking:lane:both": "", "mtb:scale": "", "old_ref": "", "NHS": "", "hgv": "", "hgv:national_network": "", "source:hgv:national_network": "", "sac_scale": "", "description": "", "website": "", "trail_visibility": "", "mtb:scale:imba": "", "admin_level": "", "border_type": "", "boundary": "", "is_in:country": "", "is_in:country_code": "", "is_in:iso_3166_2": "", "is_in:state": "", "tiger:CLASSFP": "", "tiger:CPI": "", "tiger:FUNCSTAT": "", "tiger:LSAD": "", "tiger:MTFCC": "", "tiger:NAME": "", "tiger:NAMELSAD": "", "tiger:PCICBSA": "", "tiger:PCINECTA": "", "tiger:PLACEFP": "", "tiger:PLACENS": "", "tiger:PLCIDFP": "", "tiger:STATEFP": "", "wikidata": "", "wikipedia": "", "tunnel": "", "lit": "", "width": "", "waterway": "", "barrier": "", "fence_type": "", "junction": "", "shoulder": "", "lanes:backward": "", "lanes:forward": "", "turn:lanes:backward": "", "intermittent": "", "natural": "", "seasonal": "", "footway": "", "crossing": "", "tiger:name_base_3": "", "tiger:name_direction_prefix_3": "", "turn:lanes:forward": "", "turn:lanes": "", "lanes:both_ways": "", "turn:lanes:both_ways": "", "golf": "", "golf_cart": "", "power": "", "disused:highway": "", "tourism": "", "auxiliary_storage_labeling_positionx": null, "auxiliary_storage_labeling_positiony": null, "auxiliary_storage_labeling_show": null, "length": 378.78914802147693 }, "geometry": { "type": "LineString", "coordinates": [ [ -104.8862947, 38.8699146 ], [ -104.8862091, 38.8699228 ], [ -104.8861046, 38.8698867 ], [ -104.886073, 38.869895 ], [ -104.8859792, 38.8699195 ], [ -104.8859105, 38.8699128 ], [ -104.8858075, 38.8698995 ], [ -104.8857045, 38.8699061 ], [ -104.885593, 38.8698995 ], [ -104.8854986, 38.8699061 ], [ -104.8854127, 38.8699195 ], [ -104.8853612, 38.8699128 ], [ -104.8853269, 38.8698861 ], [ -104.8853097, 38.8698326 ], [ -104.8852926, 38.8697591 ], [ -104.8852496, 38.8697057 ], [ -104.8851872, 38.8696678 ] ] } },
{ "type": "Feature", "properties": { "fid": 691, "full_id": "w653171586", "osm_id": "653171586", "osm_type": "way", "highway": "path", "name": "Scotsman Trail", "tiger:cfcc": "", "tiger:county": "", "tiger:reviewed": "", "cycleway": "", "oneway": "", "tiger:name_base": "", "tiger:name_type": "", "service": "", "access": "", "alt_name": "", "ref": "", "surface": "ground", "tiger:name_direction_prefix": "", "cycleway:both": "", "maxspeed:type": "", "sidewalk": "", "sidewalk:both:bicycle": "", "lanes": "", "bicycle": "no", "foot": "designated", "old_railway_operator": "", "segregated": "", "bridge": "", "layer": "", "tiger:separated": "", "tiger:source": "", "tiger:tlid": "", "maxspeed": "", "name_1": "", "tiger:name_base_1": "", "tiger:name_type_1": "", "cycleway:right": "", "route": "", "tracktype": "", "horse": "designated", "motor_vehicle": "", "railway": "", "tiger:name_base_2": "", "tiger:zip_right": "", "name_2": "", "destination": "", "destination:ref": "", "alt_name_1": "", "parking:lane:both": "", "mtb:scale": "", "old_ref": "", "NHS": "", "hgv": "", "hgv:national_network": "", "source:hgv:national_network": "", "sac_scale": "hiking", "description": "", "website": "", "trail_visibility": "", "mtb:scale:imba": "", "admin_level": "", "border_type": "", "boundary": "", "is_in:country": "", "is_in:country_code": "", "is_in:iso_3166_2": "", "is_in:state": "", "tiger:CLASSFP": "", "tiger:CPI": "", "tiger:FUNCSTAT": "", "tiger:LSAD": "", "tiger:MTFCC": "", "tiger:NAME": "", "tiger:NAMELSAD": "", "tiger:PCICBSA": "", "tiger:PCINECTA": "", "tiger:PLACEFP": "", "tiger:PLACENS": "", "tiger:PLCIDFP": "", "tiger:STATEFP": "", "wikidata": "", "wikipedia": "", "tunnel": "", "lit": "", "width": "", "waterway": "", "barrier": "", "fence_type": "", "junction": "", "shoulder": "", "lanes:backward": "", "lanes:forward": "", "turn:lanes:backward": "", "intermittent": "", "natural": "", "seasonal": "", "footway": "", "crossing": "", "tiger:name_base_3": "", "tiger:name_direction_prefix_3": "", "turn:lanes:forward": "", "turn:lanes": "", "lanes:both_ways": "", "turn:lanes:both_ways": "", "golf": "", "golf_cart": "", "power": "", "disused:highway": "", "tourism": "", "auxiliary_storage_labeling_positionx": -104.88410187355913, "auxiliary_storage_labeling_positiony": 38.870847887411813, "auxiliary_storage_labeling_show": null, "length": 2952.8087081822441 }, "geometry": { "type": "LineString", "coordinates": [ [ -104.8830417, 38.8750121 ], [ -104.8830266, 38.8749847 ], [ -104.883018, 38.8748978 ], [ -104.8829923, 38.874811 ], [ -104.882958, 38.8747375 ], [ -104.882958, 38.8745905 ], [ -104.8829236, 38.8745504 ], [ -104.8828893, 38.8744902 ], [ -104.8828378, 38.8743633 ], [ -104.8827691, 38.8742497 ], [ -104.8826919, 38.8741762 ], [ -104.8827091, 38.8740692 ], [ -104.882649, 38.8740225 ], [ -104.8825975, 38.8739824 ], [ -104.8826232, 38.8739222 ], [ -104.8826661, 38.8738821 ], [ -104.8827434, 38.8738487 ], [ -104.8828035, 38.873802 ], [ -104.8828035, 38.8737686 ], [ -104.8828206, 38.8736817 ], [ -104.882855, 38.8736149 ], [ -104.8829065, 38.8734812 ], [ -104.8828979, 38.8734077 ], [ -104.882855, 38.8733476 ], [ -104.8827863, 38.8733275 ], [ -104.8827434, 38.8732941 ], [ -104.8827091, 38.8732407 ], [ -104.8826576, 38.8732006 ], [ -104.8825717, 38.8731872 ], [ -104.8824945, 38.8731204 ], [ -104.8824001, 38.8730402 ], [ -104.8823486, 38.8729667 ], [ -104.8823228, 38.8728932 ], [ -104.8823142, 38.872813 ], [ -104.8822885, 38.8727462 ], [ -104.8822627, 38.8726459 ], [ -104.8822027, 38.872519 ], [ -104.8822112, 38.8724187 ], [ -104.8822627, 38.8723385 ], [ -104.88234, 38.8722584 ], [ -104.8823829, 38.8721849 ], [ -104.8824773, 38.8720846 ], [ -104.8825803, 38.8719443 ], [ -104.8826146, 38.8718441 ], [ -104.8826833, 38.8717505 ], [ -104.8827434, 38.8716703 ], [ -104.882752, 38.8715634 ], [ -104.8827777, 38.8714632 ], [ -104.8827949, 38.8713763 ], [ -104.8827863, 38.8712894 ], [ -104.8827863, 38.8712092 ], [ -104.8827949, 38.8711625 ], [ -104.8828464, 38.8710756 ], [ -104.8828721, 38.8710088 ], [ -104.882915, 38.8709352 ], [ -104.8829494, 38.8708283 ], [ -104.882958, 38.870708 ], [ -104.882958, 38.8705878 ], [ -104.8829494, 38.8704942 ], [ -104.882958, 38.8704407 ], [ -104.8830095, 38.8703873 ], [ -104.8830867, 38.8703672 ], [ -104.883164, 38.8703672 ], [ -104.8832755, 38.870394 ], [ -104.8833614, 38.8704341 ], [ -104.8834386, 38.8705076 ], [ -104.8834901, 38.8705343 ], [ -104.8835502, 38.8705677 ], [ -104.8837734, 38.8707548 ], [ -104.8838334, 38.8707949 ], [ -104.8839021, 38.8708083 ], [ -104.8839793, 38.8707949 ], [ -104.8840394, 38.8707415 ], [ -104.8840823, 38.8706813 ], [ -104.8841081, 38.8706078 ], [ -104.8841596, 38.8705811 ], [ -104.8842454, 38.870561 ], [ -104.8843313, 38.8705276 ], [ -104.8844085, 38.8704942 ], [ -104.8844149, 38.8704871 ], [ -104.88446, 38.8704407 ], [ -104.8845115, 38.8703539 ], [ -104.8845458, 38.8702603 ], [ -104.884563, 38.8701668 ], [ -104.8845981, 38.8701138 ], [ -104.8846584, 38.8700586 ], [ -104.8847838, 38.8699916 ], [ -104.8848631, 38.8699374 ], [ -104.8848941, 38.8698823 ], [ -104.8849048, 38.8698173 ], [ -104.8848977, 38.8697524 ], [ -104.8848977, 38.8696856 ], [ -104.8848926, 38.8696698 ], [ -104.8848806, 38.8696322 ], [ -104.8848512, 38.8695794 ], [ -104.8848291, 38.8695386 ], [ -104.8847862, 38.8694584 ], [ -104.8847604, 38.8694183 ], [ -104.8847175, 38.8693582 ], [ -104.8846832, 38.869298 ], [ -104.884666, 38.8692446 ], [ -104.8846574, 38.8691978 ], [ -104.8846746, 38.869151 ] ] } },
{ "type": "Feature", "properties": { "fid": 693, "full_id": "w653172113", "osm_id": "653172113", "osm_type": "way", "highway": "footway", "name": "Central Garden Trail", "tiger:cfcc": "", "tiger:county": "", "tiger:reviewed": "", "cycleway": "", "oneway": "", "tiger:name_base": "", "tiger:name_type": "", "service": "", "access": "", "alt_name": "", "ref": "", "surface": "paved", "tiger:name_direction_prefix": "", "cycleway:both": "", "maxspeed:type": "", "sidewalk": "", "sidewalk:both:bicycle": "", "lanes": "", "bicycle": "", "foot": "designated", "old_railway_operator": "", "segregated": "", "bridge": "", "layer": "", "tiger:separated": "", "tiger:source": "", "tiger:tlid": "", "maxspeed": "", "name_1": "", "tiger:name_base_1": "", "tiger:name_type_1": "", "cycleway:right": "", "route": "", "tracktype": "", "horse": "", "motor_vehicle": "", "railway": "", "tiger:name_base_2": "", "tiger:zip_right": "", "name_2": "", "destination": "", "destination:ref": "", "alt_name_1": "", "parking:lane:both": "", "mtb:scale": "", "old_ref": "", "NHS": "", "hgv": "", "hgv:national_network": "", "source:hgv:national_network": "", "sac_scale": "hiking", "description": "", "website": "", "trail_visibility": "", "mtb:scale:imba": "", "admin_level": "", "border_type": "", "boundary": "", "is_in:country": "", "is_in:country_code": "", "is_in:iso_3166_2": "", "is_in:state": "", "tiger:CLASSFP": "", "tiger:CPI": "", "tiger:FUNCSTAT": "", "tiger:LSAD": "", "tiger:MTFCC": "", "tiger:NAME": "", "tiger:NAMELSAD": "", "tiger:PCICBSA": "", "tiger:PCINECTA": "", "tiger:PLACEFP": "", "tiger:PLACENS": "", "tiger:PLCIDFP": "", "tiger:STATEFP": "", "wikidata": "", "wikipedia": "", "tunnel": "", "lit": "", "width": "", "waterway": "", "barrier": "", "fence_type": "", "junction": "", "shoulder": "", "lanes:backward": "", "lanes:forward": "", "turn:lanes:backward": "", "intermittent": "", "natural": "", "seasonal": "", "footway": "", "crossing": "", "tiger:name_base_3": "", "tiger:name_direction_prefix_3": "", "turn:lanes:forward": "", "turn:lanes": "", "lanes:both_ways": "", "turn:lanes:both_ways": "", "golf": "", "golf_cart": "", "power": "", "disused:highway": "", "tourism": "", "auxiliary_storage_labeling_positionx": null, "auxiliary_storage_labeling_positiony": null, "auxiliary_storage_labeling_show": null, "length": 139.90681772570773 }, "geometry": { "type": "LineString", "coordinates": [ [ -104.8808112, 38.8772203 ], [ -104.880837, 38.8770933 ], [ -104.8809057, 38.8769798 ], [ -104.8810001, 38.8768728 ] ] } },
{ "type": "Feature", "properties": { "fid": 694, "full_id": "w653172114", "osm_id": "653172114", "osm_type": "way", "highway": "footway", "name": "", "tiger:cfcc": "", "tiger:county": "", "tiger:reviewed": "", "cycleway": "", "oneway": "", "tiger:name_base": "", "tiger:name_type": "", "service": "", "access": "", "alt_name": "", "ref": "", "surface": "paved", "tiger:name_direction_prefix": "", "cycleway:both": "", "maxspeed:type": "", "sidewalk": "", "sidewalk:both:bicycle": "", "lanes": "", "bicycle": "", "foot": "designated", "old_railway_operator": "", "segregated": "", "bridge": "", "layer": "", "tiger:separated": "", "tiger:source": "", "tiger:tlid": "", "maxspeed": "", "name_1": "", "tiger:name_base_1": "", "tiger:name_type_1": "", "cycleway:right": "", "route": "", "tracktype": "", "horse": "", "motor_vehicle": "", "railway": "", "tiger:name_base_2": "", "tiger:zip_right": "", "name_2": "", "destination": "", "destination:ref": "", "alt_name_1": "", "parking:lane:both": "", "mtb:scale": "", "old_ref": "", "NHS": "", "hgv": "", "hgv:national_network": "", "source:hgv:national_network": "", "sac_scale": "hiking", "description": "", "website": "", "trail_visibility": "", "mtb:scale:imba": "", "admin_level": "", "border_type": "", "boundary": "", "is_in:country": "", "is_in:country_code": "", "is_in:iso_3166_2": "", "is_in:state": "", "tiger:CLASSFP": "", "tiger:CPI": "", "tiger:FUNCSTAT": "", "tiger:LSAD": "", "tiger:MTFCC": "", "tiger:NAME": "", "tiger:NAMELSAD": "", "tiger:PCICBSA": "", "tiger:PCINECTA": "", "tiger:PLACEFP": "", "tiger:PLACENS": "", "tiger:PLCIDFP": "", "tiger:STATEFP": "", "wikidata": "", "wikipedia": "", "tunnel": "", "lit": "", "width": "", "waterway": "", "barrier": "", "fence_type": "", "junction": "", "shoulder": "", "lanes:backward": "", "lanes:forward": "", "turn:lanes:backward": "", "intermittent": "", "natural": "", "seasonal": "", "footway": "", "crossing": "", "tiger:name_base_3": "", "tiger:name_direction_prefix_3": "", "turn:lanes:forward": "", "turn:lanes": "", "lanes:both_ways": "", "turn:lanes:both_ways": "", "golf": "", "golf_cart": "", "power": "", "disused:highway": "", "tourism": "", "auxiliary_storage_labeling_positionx": null, "auxiliary_storage_labeling_positiony": null, "auxiliary_storage_labeling_show": null, "length": 367.94935561768938 }, "geometry": { "type": "LineString", "coordinates": [ [ -104.8803134, 38.8784163 ], [ -104.8803392, 38.8783495 ], [ -104.8803821, 38.8783161 ], [ -104.8805023, 38.8783094 ], [ -104.8805881, 38.8782627 ], [ -104.8806653, 38.8782359 ], [ -104.8807076, 38.8782304 ], [ -104.8808198, 38.8782159 ], [ -104.8809057, 38.8781691 ], [ -104.8809572, 38.8780154 ], [ -104.8810087, 38.8779085 ], [ -104.8810172, 38.8777348 ] ] } },
{ "type": "Feature", "properties": { "fid": 695, "full_id": "w653172115", "osm_id": "653172115", "osm_type": "way", "highway": "footway", "name": "Gateway Trail", "tiger:cfcc": "", "tiger:county": "", "tiger:reviewed": "", "cycleway": "", "oneway": "", "tiger:name_base": "", "tiger:name_type": "", "service": "", "access": "", "alt_name": "", "ref": "", "surface": "paved", "tiger:name_direction_prefix": "", "cycleway:both": "", "maxspeed:type": "", "sidewalk": "", "sidewalk:both:bicycle": "", "lanes": "", "bicycle": "", "foot": "designated", "old_railway_operator": "", "segregated": "", "bridge": "", "layer": "", "tiger:separated": "", "tiger:source": "", "tiger:tlid": "", "maxspeed": "", "name_1": "", "tiger:name_base_1": "", "tiger:name_type_1": "", "cycleway:right": "", "route": "", "tracktype": "", "horse": "", "motor_vehicle": "", "railway": "", "tiger:name_base_2": "", "tiger:zip_right": "", "name_2": "", "destination": "", "destination:ref": "", "alt_name_1": "", "parking:lane:both": "", "mtb:scale": "", "old_ref": "", "NHS": "", "hgv": "", "hgv:national_network": "", "source:hgv:national_network": "", "sac_scale": "hiking", "description": "", "website": "", "trail_visibility": "", "mtb:scale:imba": "", "admin_level": "", "border_type": "", "boundary": "", "is_in:country": "", "is_in:country_code": "", "is_in:iso_3166_2": "", "is_in:state": "", "tiger:CLASSFP": "", "tiger:CPI": "", "tiger:FUNCSTAT": "", "tiger:LSAD": "", "tiger:MTFCC": "", "tiger:NAME": "", "tiger:NAMELSAD": "", "tiger:PCICBSA": "", "tiger:PCINECTA": "", "tiger:PLACEFP": "", "tiger:PLACENS": "", "tiger:PLCIDFP": "", "tiger:STATEFP": "", "wikidata": "", "wikipedia": "", "tunnel": "", "lit": "", "width": "", "waterway": "", "barrier": "", "fence_type": "", "junction": "", "shoulder": "", "lanes:backward": "", "lanes:forward": "", "turn:lanes:backward": "", "intermittent": "", "natural": "", "seasonal": "", "footway": "", "crossing": "", "tiger:name_base_3": "", "tiger:name_direction_prefix_3": "", "turn:lanes:forward": "", "turn:lanes": "", "lanes:both_ways": "", "turn:lanes:both_ways": "", "golf": "", "golf_cart": "", "power": "", "disused:highway": "", "tourism": "", "auxiliary_storage_labeling_positionx": null, "auxiliary_storage_labeling_positiony": null, "auxiliary_storage_labeling_show": null, "length": 254.27098298768715 }, "geometry": { "type": "LineString", "coordinates": [ [ -104.8803134, 38.8784163 ], [ -104.8806138, 38.8784498 ], [ -104.8808799, 38.8784765 ], [ -104.8811848, 38.878556 ] ] } },
{ "type": "Feature", "properties": { "fid": 696, "full_id": "w653172116", "osm_id": "653172116", "osm_type": "way", "highway": "footway", "name": "Central Garden Trail", "tiger:cfcc": "", "tiger:county": "", "tiger:reviewed": "", "cycleway": "", "oneway": "", "tiger:name_base": "", "tiger:name_type": "", "service": "", "access": "", "alt_name": "", "ref": "", "surface": "paved", "tiger:name_direction_prefix": "", "cycleway:both": "", "maxspeed:type": "", "sidewalk": "", "sidewalk:both:bicycle": "", "lanes": "", "bicycle": "", "foot": "designated", "old_railway_operator": "", "segregated": "", "bridge": "", "layer": "", "tiger:separated": "", "tiger:source": "", "tiger:tlid": "", "maxspeed": "", "name_1": "", "tiger:name_base_1": "", "tiger:name_type_1": "", "cycleway:right": "", "route": "", "tracktype": "", "horse": "", "motor_vehicle": "", "railway": "", "tiger:name_base_2": "", "tiger:zip_right": "", "name_2": "", "destination": "", "destination:ref": "", "alt_name_1": "", "parking:lane:both": "", "mtb:scale": "", "old_ref": "", "NHS": "", "hgv": "", "hgv:national_network": "", "source:hgv:national_network": "", "sac_scale": "hiking", "description": "", "website": "", "trail_visibility": "", "mtb:scale:imba": "", "admin_level": "", "border_type": "", "boundary": "", "is_in:country": "", "is_in:country_code": "", "is_in:iso_3166_2": "", "is_in:state": "", "tiger:CLASSFP": "", "tiger:CPI": "", "tiger:FUNCSTAT": "", "tiger:LSAD": "", "tiger:MTFCC": "", "tiger:NAME": "", "tiger:NAMELSAD": "", "tiger:PCICBSA": "", "tiger:PCINECTA": "", "tiger:PLACEFP": "", "tiger:PLACENS": "", "tiger:PLCIDFP": "", "tiger:STATEFP": "", "wikidata": "", "wikipedia": "", "tunnel": "", "lit": "", "width": "", "waterway": "", "barrier": "", "fence_type": "", "junction": "", "shoulder": "", "lanes:backward": "", "lanes:forward": "", "turn:lanes:backward": "", "intermittent": "", "natural": "", "seasonal": "", "footway": "", "crossing": "", "tiger:name_base_3": "", "tiger:name_direction_prefix_3": "", "turn:lanes:forward": "", "turn:lanes": "", "lanes:both_ways": "", "turn:lanes:both_ways": "", "golf": "", "golf_cart": "", "power": "", "disused:highway": "", "tourism": "", "auxiliary_storage_labeling_positionx": null, "auxiliary_storage_labeling_positiony": null, "auxiliary_storage_labeling_show": null, "length": 66.493157442223065 }, "geometry": { "type": "LineString", "coordinates": [ [ -104.8807769, 38.8768528 ], [ -104.8808713, 38.8768862 ], [ -104.8810001, 38.8768728 ] ] } },
{ "type": "Feature", "properties": { "fid": 697, "full_id": "w653172117", "osm_id": "653172117", "osm_type": "way", "highway": "footway", "name": "Central Garden Trail", "tiger:cfcc": "", "tiger:county": "", "tiger:reviewed": "", "cycleway": "", "oneway": "", "tiger:name_base": "", "tiger:name_type": "", "service": "", "access": "", "alt_name": "", "ref": "", "surface": "paved", "tiger:name_direction_prefix": "", "cycleway:both": "", "maxspeed:type": "", "sidewalk": "", "sidewalk:both:bicycle": "", "lanes": "", "bicycle": "", "foot": "designated", "old_railway_operator": "", "segregated": "", "bridge": "", "layer": "", "tiger:separated": "", "tiger:source": "", "tiger:tlid": "", "maxspeed": "", "name_1": "", "tiger:name_base_1": "", "tiger:name_type_1": "", "cycleway:right": "", "route": "", "tracktype": "", "horse": "", "motor_vehicle": "", "railway": "", "tiger:name_base_2": "", "tiger:zip_right": "", "name_2": "", "destination": "", "destination:ref": "", "alt_name_1": "", "parking:lane:both": "", "mtb:scale": "", "old_ref": "", "NHS": "", "hgv": "", "hgv:national_network": "", "source:hgv:national_network": "", "sac_scale": "hiking", "description": "", "website": "", "trail_visibility": "", "mtb:scale:imba": "", "admin_level": "", "border_type": "", "boundary": "", "is_in:country": "", "is_in:country_code": "", "is_in:iso_3166_2": "", "is_in:state": "", "tiger:CLASSFP": "", "tiger:CPI": "", "tiger:FUNCSTAT": "", "tiger:LSAD": "", "tiger:MTFCC": "", "tiger:NAME": "", "tiger:NAMELSAD": "", "tiger:PCICBSA": "", "tiger:PCINECTA": "", "tiger:PLACEFP": "", "tiger:PLACENS": "", "tiger:PLCIDFP": "", "tiger:STATEFP": "", "wikidata": "", "wikipedia": "", "tunnel": "", "lit": "", "width": "", "waterway": "", "barrier": "", "fence_type": "", "junction": "", "shoulder": "", "lanes:backward": "", "lanes:forward": "", "turn:lanes:backward": "", "intermittent": "", "natural": "", "seasonal": "", "footway": "", "crossing": "", "tiger:name_base_3": "", "tiger:name_direction_prefix_3": "", "turn:lanes:forward": "", "turn:lanes": "", "lanes:both_ways": "", "turn:lanes:both_ways": "", "golf": "", "golf_cart": "", "power": "", "disused:highway": "", "tourism": "", "auxiliary_storage_labeling_positionx": null, "auxiliary_storage_labeling_positiony": null, "auxiliary_storage_labeling_show": null, "length": 196.35939789057196 }, "geometry": { "type": "LineString", "coordinates": [ [ -104.8810172, 38.8777348 ], [ -104.8808971, 38.8774274 ], [ -104.8808112, 38.8772203 ] ] } },
{ "type": "Feature", "properties": { "fid": 698, "full_id": "w653172118", "osm_id": "653172118", "osm_type": "way", "highway": "footway", "name": "Central Garden Trail", "tiger:cfcc": "", "tiger:county": "", "tiger:reviewed": "", "cycleway": "", "oneway": "", "tiger:name_base": "", "tiger:name_type": "", "service": "", "access": "", "alt_name": "", "ref": "", "surface": "paved", "tiger:name_direction_prefix": "", "cycleway:both": "", "maxspeed:type": "", "sidewalk": "", "sidewalk:both:bicycle": "", "lanes": "", "bicycle": "", "foot": "designated", "old_railway_operator": "", "segregated": "", "bridge": "", "layer": "", "tiger:separated": "", "tiger:source": "", "tiger:tlid": "", "maxspeed": "", "name_1": "", "tiger:name_base_1": "", "tiger:name_type_1": "", "cycleway:right": "", "route": "", "tracktype": "", "horse": "", "motor_vehicle": "", "railway": "", "tiger:name_base_2": "", "tiger:zip_right": "", "name_2": "", "destination": "", "destination:ref": "", "alt_name_1": "", "parking:lane:both": "", "mtb:scale": "", "old_ref": "", "NHS": "", "hgv": "", "hgv:national_network": "", "source:hgv:national_network": "", "sac_scale": "hiking", "description": "", "website": "", "trail_visibility": "", "mtb:scale:imba": "", "admin_level": "", "border_type": "", "boundary": "", "is_in:country": "", "is_in:country_code": "", "is_in:iso_3166_2": "", "is_in:state": "", "tiger:CLASSFP": "", "tiger:CPI": "", "tiger:FUNCSTAT": "", "tiger:LSAD": "", "tiger:MTFCC": "", "tiger:NAME": "", "tiger:NAMELSAD": "", "tiger:PCICBSA": "", "tiger:PCINECTA": "", "tiger:PLACEFP": "", "tiger:PLACENS": "", "tiger:PLCIDFP": "", "tiger:STATEFP": "", "wikidata": "", "wikipedia": "", "tunnel": "", "lit": "", "width": "", "waterway": "", "barrier": "", "fence_type": "", "junction": "", "shoulder": "", "lanes:backward": "", "lanes:forward": "", "turn:lanes:backward": "", "intermittent": "", "natural": "", "seasonal": "", "footway": "", "crossing": "", "tiger:name_base_3": "", "tiger:name_direction_prefix_3": "", "turn:lanes:forward": "", "turn:lanes": "", "lanes:both_ways": "", "turn:lanes:both_ways": "", "golf": "", "golf_cart": "", "power": "", "disused:highway": "", "tourism": "", "auxiliary_storage_labeling_positionx": -104.88061158084558, "auxiliary_storage_labeling_positiony": 38.875577407412706, "auxiliary_storage_labeling_show": null, "length": 689.72280849432082 }, "geometry": { "type": "LineString", "coordinates": [ [ -104.8818305, 38.8759514 ], [ -104.8817211, 38.8759173 ], [ -104.8815236, 38.8759173 ], [ -104.8813005, 38.8759641 ], [ -104.8812576, 38.8759173 ], [ -104.8811632, 38.8758973 ], [ -104.881043, 38.8758973 ], [ -104.880977, 38.8759027 ], [ -104.8808799, 38.8759106 ], [ -104.8807512, 38.8759841 ], [ -104.8806224, 38.8761044 ], [ -104.8805366, 38.8762314 ], [ -104.8805023, 38.8763851 ], [ -104.8805366, 38.8765788 ], [ -104.8806396, 38.8767258 ], [ -104.8807769, 38.8768528 ] ] } },
{ "type": "Feature", "properties": { "fid": 699, "full_id": "w653181375", "osm_id": "653181375", "osm_type": "way", "highway": "path", "name": "Gateway Trail", "tiger:cfcc": "", "tiger:county": "", "tiger:reviewed": "", "cycleway": "", "oneway": "", "tiger:name_base": "", "tiger:name_type": "", "service": "", "access": "", "alt_name": "", "ref": "", "surface": "paved", "tiger:name_direction_prefix": "", "cycleway:both": "", "maxspeed:type": "", "sidewalk": "", "sidewalk:both:bicycle": "", "lanes": "", "bicycle": "", "foot": "designated", "old_railway_operator": "", "segregated": "", "bridge": "", "layer": "", "tiger:separated": "", "tiger:source": "", "tiger:tlid": "", "maxspeed": "", "name_1": "", "tiger:name_base_1": "", "tiger:name_type_1": "", "cycleway:right": "", "route": "", "tracktype": "", "horse": "", "motor_vehicle": "", "railway": "", "tiger:name_base_2": "", "tiger:zip_right": "", "name_2": "", "destination": "", "destination:ref": "", "alt_name_1": "", "parking:lane:both": "", "mtb:scale": "", "old_ref": "", "NHS": "", "hgv": "", "hgv:national_network": "", "source:hgv:national_network": "", "sac_scale": "hiking", "description": "", "website": "", "trail_visibility": "", "mtb:scale:imba": "", "admin_level": "", "border_type": "", "boundary": "", "is_in:country": "", "is_in:country_code": "", "is_in:iso_3166_2": "", "is_in:state": "", "tiger:CLASSFP": "", "tiger:CPI": "", "tiger:FUNCSTAT": "", "tiger:LSAD": "", "tiger:MTFCC": "", "tiger:NAME": "", "tiger:NAMELSAD": "", "tiger:PCICBSA": "", "tiger:PCINECTA": "", "tiger:PLACEFP": "", "tiger:PLACENS": "", "tiger:PLCIDFP": "", "tiger:STATEFP": "", "wikidata": "", "wikipedia": "", "tunnel": "", "lit": "", "width": "", "waterway": "", "barrier": "", "fence_type": "", "junction": "", "shoulder": "", "lanes:backward": "", "lanes:forward": "", "turn:lanes:backward": "", "intermittent": "", "natural": "", "seasonal": "", "footway": "", "crossing": "", "tiger:name_base_3": "", "tiger:name_direction_prefix_3": "", "turn:lanes:forward": "", "turn:lanes": "", "lanes:both_ways": "", "turn:lanes:both_ways": "", "golf": "", "golf_cart": "", "power": "", "disused:highway": "", "tourism": "", "auxiliary_storage_labeling_positionx": null, "auxiliary_storage_labeling_positiony": null, "auxiliary_storage_labeling_show": null, "length": 145.5143855360009 }, "geometry": { "type": "LineString", "coordinates": [ [ -104.8718076, 38.8785575 ], [ -104.8717124, 38.8786828 ], [ -104.8716647, 38.8787295 ], [ -104.8716273, 38.8787517 ], [ -104.8715948, 38.8787617 ], [ -104.8715394, 38.8787646 ], [ -104.8714292, 38.8787554 ] ] } },
{ "type": "Feature", "properties": { "fid": 700, "full_id": "w653181376", "osm_id": "653181376", "osm_type": "way", "highway": "cycleway", "name": "Foothills Trail", "tiger:cfcc": "", "tiger:county": "", "tiger:reviewed": "", "cycleway": "", "oneway": "", "tiger:name_base": "", "tiger:name_type": "", "service": "", "access": "", "alt_name": "", "ref": "", "surface": "concrete", "tiger:name_direction_prefix": "", "cycleway:both": "", "maxspeed:type": "", "sidewalk": "", "sidewalk:both:bicycle": "", "lanes": "", "bicycle": "designated", "foot": "designated", "old_railway_operator": "", "segregated": "", "bridge": "", "layer": "", "tiger:separated": "", "tiger:source": "", "tiger:tlid": "", "maxspeed": "", "name_1": "", "tiger:name_base_1": "", "tiger:name_type_1": "", "cycleway:right": "", "route": "", "tracktype": "", "horse": "", "motor_vehicle": "", "railway": "", "tiger:name_base_2": "", "tiger:zip_right": "", "name_2": "", "destination": "", "destination:ref": "", "alt_name_1": "", "parking:lane:both": "", "mtb:scale": "", "old_ref": "", "NHS": "", "hgv": "", "hgv:national_network": "", "source:hgv:national_network": "", "sac_scale": "hiking", "description": "", "website": "", "trail_visibility": "", "mtb:scale:imba": "", "admin_level": "", "border_type": "", "boundary": "", "is_in:country": "", "is_in:country_code": "", "is_in:iso_3166_2": "", "is_in:state": "", "tiger:CLASSFP": "", "tiger:CPI": "", "tiger:FUNCSTAT": "", "tiger:LSAD": "", "tiger:MTFCC": "", "tiger:NAME": "", "tiger:NAMELSAD": "", "tiger:PCICBSA": "", "tiger:PCINECTA": "", "tiger:PLACEFP": "", "tiger:PLACENS": "", "tiger:PLCIDFP": "", "tiger:STATEFP": "", "wikidata": "", "wikipedia": "", "tunnel": "", "lit": "", "width": "", "waterway": "", "barrier": "", "fence_type": "", "junction": "", "shoulder": "", "lanes:backward": "", "lanes:forward": "", "turn:lanes:backward": "", "intermittent": "", "natural": "", "seasonal": "", "footway": "", "crossing": "", "tiger:name_base_3": "", "tiger:name_direction_prefix_3": "", "turn:lanes:forward": "", "turn:lanes": "", "lanes:both_ways": "", "turn:lanes:both_ways": "", "golf": "", "golf_cart": "", "power": "", "disused:highway": "", "tourism": "", "auxiliary_storage_labeling_positionx": null, "auxiliary_storage_labeling_positiony": null, "auxiliary_storage_labeling_show": null, "length": 89.109982076702209 }, "geometry": { "type": "LineString", "coordinates": [ [ -104.8719867, 38.8786662 ], [ -104.8718668, 38.8784402 ] ] } },
{ "type": "Feature", "properties": { "fid": 720, "full_id": "w662407761", "osm_id": "662407761", "osm_type": "way", "highway": "cycleway", "name": "Foothills Trail", "tiger:cfcc": "", "tiger:county": "", "tiger:reviewed": "", "cycleway": "", "oneway": "", "tiger:name_base": "", "tiger:name_type": "", "service": "", "access": "", "alt_name": "", "ref": "", "surface": "concrete", "tiger:name_direction_prefix": "", "cycleway:both": "", "maxspeed:type": "", "sidewalk": "", "sidewalk:both:bicycle": "", "lanes": "", "bicycle": "", "foot": "yes", "old_railway_operator": "", "segregated": "", "bridge": "", "layer": "", "tiger:separated": "", "tiger:source": "", "tiger:tlid": "", "maxspeed": "", "name_1": "", "tiger:name_base_1": "", "tiger:name_type_1": "", "cycleway:right": "", "route": "", "tracktype": "", "horse": "", "motor_vehicle": "", "railway": "", "tiger:name_base_2": "", "tiger:zip_right": "", "name_2": "", "destination": "", "destination:ref": "", "alt_name_1": "", "parking:lane:both": "", "mtb:scale": "", "old_ref": "", "NHS": "", "hgv": "", "hgv:national_network": "", "source:hgv:national_network": "", "sac_scale": "", "description": "", "website": "", "trail_visibility": "", "mtb:scale:imba": "", "admin_level": "", "border_type": "", "boundary": "", "is_in:country": "", "is_in:country_code": "", "is_in:iso_3166_2": "", "is_in:state": "", "tiger:CLASSFP": "", "tiger:CPI": "", "tiger:FUNCSTAT": "", "tiger:LSAD": "", "tiger:MTFCC": "", "tiger:NAME": "", "tiger:NAMELSAD": "", "tiger:PCICBSA": "", "tiger:PCINECTA": "", "tiger:PLACEFP": "", "tiger:PLACENS": "", "tiger:PLCIDFP": "", "tiger:STATEFP": "", "wikidata": "", "wikipedia": "", "tunnel": "", "lit": "", "width": "", "waterway": "", "barrier": "", "fence_type": "", "junction": "", "shoulder": "", "lanes:backward": "", "lanes:forward": "", "turn:lanes:backward": "", "intermittent": "", "natural": "", "seasonal": "", "footway": "", "crossing": "", "tiger:name_base_3": "", "tiger:name_direction_prefix_3": "", "turn:lanes:forward": "", "turn:lanes": "", "lanes:both_ways": "", "turn:lanes:both_ways": "", "golf": "", "golf_cart": "", "power": "", "disused:highway": "", "tourism": "", "auxiliary_storage_labeling_positionx": -104.86948210204655, "auxiliary_storage_labeling_positiony": 38.872644330400462, "auxiliary_storage_labeling_show": null, "length": 2112.315215567206 }, "geometry": { "type": "LineString", "coordinates": [ [ -104.8695331, 38.8720216 ], [ -104.8695615, 38.8722174 ], [ -104.8695738, 38.8726395 ], [ -104.8695368, 38.8732344 ], [ -104.8694136, 38.8737525 ], [ -104.869352129759122, 38.874154961948896 ], [ -104.869495386973526, 38.874883699017822 ], [ -104.869614386002482, 38.875387218989474 ], [ -104.869660803036723, 38.875961783150537 ], [ -104.869790770732536, 38.87633940297826 ], [ -104.869926126592347, 38.876578940396705 ], [ -104.8703509662583, 38.876830930491657 ], [ -104.8708062, 38.8769571 ], [ -104.8711636, 38.8771106 ], [ -104.8712411, 38.8771201 ] ] } },
{ "type": "Feature", "properties": { "fid": 721, "full_id": "w662407762", "osm_id": "662407762", "osm_type": "way", "highway": "cycleway", "name": "Gateway Trail", "tiger:cfcc": "", "tiger:county": "", "tiger:reviewed": "", "cycleway": "", "oneway": "", "tiger:name_base": "", "tiger:name_type": "", "service": "", "access": "", "alt_name": "", "ref": "", "surface": "concrete", "tiger:name_direction_prefix": "", "cycleway:both": "", "maxspeed:type": "", "sidewalk": "", "sidewalk:both:bicycle": "", "lanes": "", "bicycle": "designated", "foot": "designated", "old_railway_operator": "", "segregated": "", "bridge": "", "layer": "", "tiger:separated": "", "tiger:source": "", "tiger:tlid": "", "maxspeed": "", "name_1": "", "tiger:name_base_1": "", "tiger:name_type_1": "", "cycleway:right": "", "route": "", "tracktype": "", "horse": "", "motor_vehicle": "", "railway": "", "tiger:name_base_2": "", "tiger:zip_right": "", "name_2": "", "destination": "", "destination:ref": "", "alt_name_1": "", "parking:lane:both": "", "mtb:scale": "", "old_ref": "", "NHS": "", "hgv": "", "hgv:national_network": "", "source:hgv:national_network": "", "sac_scale": "hiking", "description": "", "website": "", "trail_visibility": "", "mtb:scale:imba": "", "admin_level": "", "border_type": "", "boundary": "", "is_in:country": "", "is_in:country_code": "", "is_in:iso_3166_2": "", "is_in:state": "", "tiger:CLASSFP": "", "tiger:CPI": "", "tiger:FUNCSTAT": "", "tiger:LSAD": "", "tiger:MTFCC": "", "tiger:NAME": "", "tiger:NAMELSAD": "", "tiger:PCICBSA": "", "tiger:PCINECTA": "", "tiger:PLACEFP": "", "tiger:PLACENS": "", "tiger:PLCIDFP": "", "tiger:STATEFP": "", "wikidata": "", "wikipedia": "", "tunnel": "", "lit": "", "width": "", "waterway": "", "barrier": "", "fence_type": "", "junction": "", "shoulder": "", "lanes:backward": "", "lanes:forward": "", "turn:lanes:backward": "", "intermittent": "", "natural": "", "seasonal": "", "footway": "", "crossing": "", "tiger:name_base_3": "", "tiger:name_direction_prefix_3": "", "turn:lanes:forward": "", "turn:lanes": "", "lanes:both_ways": "", "turn:lanes:both_ways": "", "golf": "", "golf_cart": "", "power": "", "disused:highway": "", "tourism": "", "auxiliary_storage_labeling_positionx": -104.87553021982778, "auxiliary_storage_labeling_positiony": 38.877638027939156, "auxiliary_storage_labeling_show": null, "length": 1636.97464203086 }, "geometry": { "type": "LineString", "coordinates": [ [ -104.8769303, 38.8769214 ], [ -104.876806, 38.8769647 ], [ -104.8767069, 38.8769785 ], [ -104.8765879, 38.8769825 ], [ -104.876477, 38.876978 ], [ -104.8763761, 38.8769651 ], [ -104.8762329, 38.8769426 ], [ -104.8761506, 38.876933 ], [ -104.8759532, 38.876933 ], [ -104.8757902, 38.8769864 ], [ -104.8756185, 38.8770332 ], [ -104.875464, 38.8770666 ], [ -104.8753229, 38.8771598 ], [ -104.8752696, 38.8771877 ], [ -104.8751821, 38.877246 ], [ -104.8749235, 38.8774193 ], [ -104.8748415, 38.8775279 ], [ -104.8745605, 38.8779434 ], [ -104.8745288, 38.8781412 ], [ -104.8744659, 38.8781523 ], [ -104.8744021, 38.8778929 ], [ -104.8743537, 38.8775016 ], [ -104.874365, 38.8774158 ], [ -104.8741649, 38.8772879 ], [ -104.8740549, 38.8771617 ], [ -104.8738733, 38.8771673 ], [ -104.8737775, 38.8771906 ], [ -104.8733804, 38.8771324 ], [ -104.8731563, 38.8771326 ], [ -104.8730301, 38.8771663 ] ] } },
{ "type": "Feature", "properties": { "fid": 722, "full_id": "w669970755", "osm_id": "669970755", "osm_type": "way", "highway": "path", "name": "Gateway Trail", "tiger:cfcc": "", "tiger:county": "", "tiger:reviewed": "", "cycleway": "", "oneway": "", "tiger:name_base": "", "tiger:name_type": "", "service": "", "access": "", "alt_name": "", "ref": "", "surface": "paved", "tiger:name_direction_prefix": "", "cycleway:both": "", "maxspeed:type": "", "sidewalk": "", "sidewalk:both:bicycle": "", "lanes": "", "bicycle": "", "foot": "designated", "old_railway_operator": "", "segregated": "", "bridge": "", "layer": "", "tiger:separated": "", "tiger:source": "", "tiger:tlid": "", "maxspeed": "", "name_1": "", "tiger:name_base_1": "", "tiger:name_type_1": "", "cycleway:right": "", "route": "", "tracktype": "", "horse": "", "motor_vehicle": "", "railway": "", "tiger:name_base_2": "", "tiger:zip_right": "", "name_2": "", "destination": "", "destination:ref": "", "alt_name_1": "", "parking:lane:both": "", "mtb:scale": "", "old_ref": "", "NHS": "", "hgv": "", "hgv:national_network": "", "source:hgv:national_network": "", "sac_scale": "hiking", "description": "", "website": "", "trail_visibility": "", "mtb:scale:imba": "", "admin_level": "", "border_type": "", "boundary": "", "is_in:country": "", "is_in:country_code": "", "is_in:iso_3166_2": "", "is_in:state": "", "tiger:CLASSFP": "", "tiger:CPI": "", "tiger:FUNCSTAT": "", "tiger:LSAD": "", "tiger:MTFCC": "", "tiger:NAME": "", "tiger:NAMELSAD": "", "tiger:PCICBSA": "", "tiger:PCINECTA": "", "tiger:PLACEFP": "", "tiger:PLACENS": "", "tiger:PLCIDFP": "", "tiger:STATEFP": "", "wikidata": "", "wikipedia": "", "tunnel": "", "lit": "", "width": "", "waterway": "", "barrier": "", "fence_type": "", "junction": "", "shoulder": "", "lanes:backward": "", "lanes:forward": "", "turn:lanes:backward": "", "intermittent": "", "natural": "", "seasonal": "", "footway": "", "crossing": "", "tiger:name_base_3": "", "tiger:name_direction_prefix_3": "", "turn:lanes:forward": "", "turn:lanes": "", "lanes:both_ways": "", "turn:lanes:both_ways": "", "golf": "", "golf_cart": "", "power": "", "disused:highway": "", "tourism": "", "auxiliary_storage_labeling_positionx": null, "auxiliary_storage_labeling_positiony": null, "auxiliary_storage_labeling_show": null, "length": 45.926793281088408 }, "geometry": { "type": "LineString", "coordinates": [ [ -104.8718668, 38.8784402 ], [ -104.8718076, 38.8785575 ] ] } },
{ "type": "Feature", "properties": { "fid": 723, "full_id": "w669970759", "osm_id": "669970759", "osm_type": "way", "highway": "cycleway", "name": "Foothills Trail", "tiger:cfcc": "", "tiger:county": "", "tiger:reviewed": "", "cycleway": "", "oneway": "", "tiger:name_base": "", "tiger:name_type": "", "service": "", "access": "", "alt_name": "", "ref": "", "surface": "concrete", "tiger:name_direction_prefix": "", "cycleway:both": "", "maxspeed:type": "", "sidewalk": "", "sidewalk:both:bicycle": "", "lanes": "", "bicycle": "designated", "foot": "designated", "old_railway_operator": "", "segregated": "", "bridge": "", "layer": "", "tiger:separated": "", "tiger:source": "", "tiger:tlid": "", "maxspeed": "", "name_1": "", "tiger:name_base_1": "", "tiger:name_type_1": "", "cycleway:right": "", "route": "", "tracktype": "", "horse": "", "motor_vehicle": "", "railway": "", "tiger:name_base_2": "", "tiger:zip_right": "", "name_2": "", "destination": "", "destination:ref": "", "alt_name_1": "", "parking:lane:both": "", "mtb:scale": "", "old_ref": "", "NHS": "", "hgv": "", "hgv:national_network": "", "source:hgv:national_network": "", "sac_scale": "hiking", "description": "", "website": "", "trail_visibility": "", "mtb:scale:imba": "", "admin_level": "", "border_type": "", "boundary": "", "is_in:country": "", "is_in:country_code": "", "is_in:iso_3166_2": "", "is_in:state": "", "tiger:CLASSFP": "", "tiger:CPI": "", "tiger:FUNCSTAT": "", "tiger:LSAD": "", "tiger:MTFCC": "", "tiger:NAME": "", "tiger:NAMELSAD": "", "tiger:PCICBSA": "", "tiger:PCINECTA": "", "tiger:PLACEFP": "", "tiger:PLACENS": "", "tiger:PLCIDFP": "", "tiger:STATEFP": "", "wikidata": "", "wikipedia": "", "tunnel": "", "lit": "", "width": "", "waterway": "", "barrier": "", "fence_type": "", "junction": "", "shoulder": "", "lanes:backward": "", "lanes:forward": "", "turn:lanes:backward": "", "intermittent": "", "natural": "", "seasonal": "", "footway": "", "crossing": "", "tiger:name_base_3": "", "tiger:name_direction_prefix_3": "", "turn:lanes:forward": "", "turn:lanes": "", "lanes:both_ways": "", "turn:lanes:both_ways": "", "golf": "", "golf_cart": "", "power": "", "disused:highway": "", "tourism": "", "auxiliary_storage_labeling_positionx": null, "auxiliary_storage_labeling_positiony": null, "auxiliary_storage_labeling_show": null, "length": 369.49410995527279 }, "geometry": { "type": "LineString", "coordinates": [ [ -104.8718668, 38.8784402 ], [ -104.8717478, 38.8782004 ], [ -104.8716838, 38.8780166 ], [ -104.8716487, 38.877922 ], [ -104.8716108, 38.8778495 ], [ -104.87152, 38.8777066 ], [ -104.8714541, 38.8776403 ], [ -104.8714118, 38.8775956 ], [ -104.8713721, 38.8775102 ] ] } },
{ "type": "Feature", "properties": { "fid": 725, "full_id": "w697310060", "osm_id": "697310060", "osm_type": "way", "highway": "footway", "name": "", "tiger:cfcc": "", "tiger:county": "", "tiger:reviewed": "", "cycleway": "", "oneway": "", "tiger:name_base": "", "tiger:name_type": "", "service": "", "access": "", "alt_name": "", "ref": "", "surface": "dirt", "tiger:name_direction_prefix": "", "cycleway:both": "", "maxspeed:type": "", "sidewalk": "", "sidewalk:both:bicycle": "", "lanes": "", "bicycle": "", "foot": "", "old_railway_operator": "", "segregated": "", "bridge": "", "layer": "", "tiger:separated": "", "tiger:source": "", "tiger:tlid": "", "maxspeed": "", "name_1": "", "tiger:name_base_1": "", "tiger:name_type_1": "", "cycleway:right": "", "route": "", "tracktype": "", "horse": "", "motor_vehicle": "", "railway": "", "tiger:name_base_2": "", "tiger:zip_right": "", "name_2": "", "destination": "", "destination:ref": "", "alt_name_1": "", "parking:lane:both": "", "mtb:scale": "", "old_ref": "", "NHS": "", "hgv": "", "hgv:national_network": "", "source:hgv:national_network": "", "sac_scale": "", "description": "", "website": "", "trail_visibility": "", "mtb:scale:imba": "", "admin_level": "", "border_type": "", "boundary": "", "is_in:country": "", "is_in:country_code": "", "is_in:iso_3166_2": "", "is_in:state": "", "tiger:CLASSFP": "", "tiger:CPI": "", "tiger:FUNCSTAT": "", "tiger:LSAD": "", "tiger:MTFCC": "", "tiger:NAME": "", "tiger:NAMELSAD": "", "tiger:PCICBSA": "", "tiger:PCINECTA": "", "tiger:PLACEFP": "", "tiger:PLACENS": "", "tiger:PLCIDFP": "", "tiger:STATEFP": "", "wikidata": "", "wikipedia": "", "tunnel": "", "lit": "", "width": "", "waterway": "", "barrier": "", "fence_type": "", "junction": "", "shoulder": "", "lanes:backward": "", "lanes:forward": "", "turn:lanes:backward": "", "intermittent": "", "natural": "", "seasonal": "", "footway": "", "crossing": "", "tiger:name_base_3": "", "tiger:name_direction_prefix_3": "", "turn:lanes:forward": "", "turn:lanes": "", "lanes:both_ways": "", "turn:lanes:both_ways": "", "golf": "", "golf_cart": "", "power": "", "disused:highway": "", "tourism": "", "auxiliary_storage_labeling_positionx": null, "auxiliary_storage_labeling_positiony": null, "auxiliary_storage_labeling_show": null, "length": 489.47735976160112 }, "geometry": { "type": "LineString", "coordinates": [ [ -104.8723474, 38.8976776 ], [ -104.8721666, 38.8975687 ], [ -104.8717186, 38.8972222 ], [ -104.8715336, 38.8970928 ], [ -104.8714021, 38.897003 ], [ -104.8711864, 38.8968665 ], [ -104.8710724, 38.896778 ] ] } },
{ "type": "Feature", "properties": { "fid": 743, "full_id": "w720210453", "osm_id": "720210453", "osm_type": "way", "highway": "steps", "name": "", "tiger:cfcc": "", "tiger:county": "", "tiger:reviewed": "", "cycleway": "", "oneway": "", "tiger:name_base": "", "tiger:name_type": "", "service": "", "access": "", "alt_name": "", "ref": "", "surface": "unpaved", "tiger:name_direction_prefix": "", "cycleway:both": "", "maxspeed:type": "", "sidewalk": "", "sidewalk:both:bicycle": "", "lanes": "", "bicycle": "", "foot": "designated", "old_railway_operator": "", "segregated": "", "bridge": "", "layer": "", "tiger:separated": "", "tiger:source": "", "tiger:tlid": "", "maxspeed": "", "name_1": "", "tiger:name_base_1": "", "tiger:name_type_1": "", "cycleway:right": "", "route": "", "tracktype": "", "horse": "unknown", "motor_vehicle": "", "railway": "", "tiger:name_base_2": "", "tiger:zip_right": "", "name_2": "", "destination": "", "destination:ref": "", "alt_name_1": "", "parking:lane:both": "", "mtb:scale": "", "old_ref": "", "NHS": "", "hgv": "", "hgv:national_network": "", "source:hgv:national_network": "", "sac_scale": "hiking", "description": "", "website": "", "trail_visibility": "", "mtb:scale:imba": "", "admin_level": "", "border_type": "", "boundary": "", "is_in:country": "", "is_in:country_code": "", "is_in:iso_3166_2": "", "is_in:state": "", "tiger:CLASSFP": "", "tiger:CPI": "", "tiger:FUNCSTAT": "", "tiger:LSAD": "", "tiger:MTFCC": "", "tiger:NAME": "", "tiger:NAMELSAD": "", "tiger:PCICBSA": "", "tiger:PCINECTA": "", "tiger:PLACEFP": "", "tiger:PLACENS": "", "tiger:PLCIDFP": "", "tiger:STATEFP": "", "wikidata": "", "wikipedia": "", "tunnel": "", "lit": "", "width": "", "waterway": "", "barrier": "", "fence_type": "", "junction": "", "shoulder": "", "lanes:backward": "", "lanes:forward": "", "turn:lanes:backward": "", "intermittent": "", "natural": "", "seasonal": "", "footway": "", "crossing": "", "tiger:name_base_3": "", "tiger:name_direction_prefix_3": "", "turn:lanes:forward": "", "turn:lanes": "", "lanes:both_ways": "", "turn:lanes:both_ways": "", "golf": "", "golf_cart": "", "power": "", "disused:highway": "", "tourism": "", "auxiliary_storage_labeling_positionx": null, "auxiliary_storage_labeling_positiony": null, "auxiliary_storage_labeling_show": null, "length": 120.83681994305626 }, "geometry": { "type": "LineString", "coordinates": [ [ -104.8832448, 38.8773199 ], [ -104.8831831, 38.8773053 ], [ -104.8830894, 38.8773251 ], [ -104.8830645, 38.8773266 ], [ -104.8829186, 38.8772664 ], [ -104.8828542, 38.8772396 ] ] } },
{ "type": "Feature", "properties": { "fid": 818, "full_id": "w814345891", "osm_id": "814345891", "osm_type": "way", "highway": "cycleway", "name": "Foothills Trail", "tiger:cfcc": "", "tiger:county": "", "tiger:reviewed": "", "cycleway": "", "oneway": "", "tiger:name_base": "", "tiger:name_type": "", "service": "", "access": "", "alt_name": "", "ref": "", "surface": "concrete", "tiger:name_direction_prefix": "", "cycleway:both": "", "maxspeed:type": "", "sidewalk": "", "sidewalk:both:bicycle": "", "lanes": "", "bicycle": "designated", "foot": "designated", "old_railway_operator": "", "segregated": "", "bridge": "", "layer": "", "tiger:separated": "", "tiger:source": "", "tiger:tlid": "", "maxspeed": "", "name_1": "", "tiger:name_base_1": "", "tiger:name_type_1": "", "cycleway:right": "", "route": "", "tracktype": "", "horse": "", "motor_vehicle": "", "railway": "", "tiger:name_base_2": "", "tiger:zip_right": "", "name_2": "", "destination": "", "destination:ref": "", "alt_name_1": "", "parking:lane:both": "", "mtb:scale": "", "old_ref": "", "NHS": "", "hgv": "", "hgv:national_network": "", "source:hgv:national_network": "", "sac_scale": "hiking", "description": "", "website": "", "trail_visibility": "", "mtb:scale:imba": "", "admin_level": "", "border_type": "", "boundary": "", "is_in:country": "", "is_in:country_code": "", "is_in:iso_3166_2": "", "is_in:state": "", "tiger:CLASSFP": "", "tiger:CPI": "", "tiger:FUNCSTAT": "", "tiger:LSAD": "", "tiger:MTFCC": "", "tiger:NAME": "", "tiger:NAMELSAD": "", "tiger:PCICBSA": "", "tiger:PCINECTA": "", "tiger:PLACEFP": "", "tiger:PLACENS": "", "tiger:PLCIDFP": "", "tiger:STATEFP": "", "wikidata": "", "wikipedia": "", "tunnel": "", "lit": "", "width": "", "waterway": "", "barrier": "", "fence_type": "", "junction": "", "shoulder": "", "lanes:backward": "", "lanes:forward": "", "turn:lanes:backward": "", "intermittent": "", "natural": "", "seasonal": "", "footway": "", "crossing": "", "tiger:name_base_3": "", "tiger:name_direction_prefix_3": "", "turn:lanes:forward": "", "turn:lanes": "", "lanes:both_ways": "", "turn:lanes:both_ways": "", "golf": "", "golf_cart": "", "power": "", "disused:highway": "", "tourism": "", "auxiliary_storage_labeling_positionx": null, "auxiliary_storage_labeling_positiony": null, "auxiliary_storage_labeling_show": null, "length": 150.79154984952109 }, "geometry": { "type": "LineString", "coordinates": [ [ -104.8695331, 38.8720216 ], [ -104.8694268, 38.8716976 ], [ -104.8694555, 38.8716213 ] ] } },
{ "type": "Feature", "properties": { "fid": 819, "full_id": "w814345892", "osm_id": "814345892", "osm_type": "way", "highway": "cycleway", "name": "", "tiger:cfcc": "", "tiger:county": "", "tiger:reviewed": "", "cycleway": "", "oneway": "", "tiger:name_base": "", "tiger:name_type": "", "service": "", "access": "", "alt_name": "", "ref": "", "surface": "", "tiger:name_direction_prefix": "", "cycleway:both": "", "maxspeed:type": "", "sidewalk": "", "sidewalk:both:bicycle": "", "lanes": "", "bicycle": "", "foot": "", "old_railway_operator": "", "segregated": "", "bridge": "", "layer": "", "tiger:separated": "", "tiger:source": "", "tiger:tlid": "", "maxspeed": "", "name_1": "", "tiger:name_base_1": "", "tiger:name_type_1": "", "cycleway:right": "", "route": "", "tracktype": "", "horse": "", "motor_vehicle": "", "railway": "", "tiger:name_base_2": "", "tiger:zip_right": "", "name_2": "", "destination": "", "destination:ref": "", "alt_name_1": "", "parking:lane:both": "", "mtb:scale": "", "old_ref": "", "NHS": "", "hgv": "", "hgv:national_network": "", "source:hgv:national_network": "", "sac_scale": "", "description": "", "website": "", "trail_visibility": "", "mtb:scale:imba": "", "admin_level": "", "border_type": "", "boundary": "", "is_in:country": "", "is_in:country_code": "", "is_in:iso_3166_2": "", "is_in:state": "", "tiger:CLASSFP": "", "tiger:CPI": "", "tiger:FUNCSTAT": "", "tiger:LSAD": "", "tiger:MTFCC": "", "tiger:NAME": "", "tiger:NAMELSAD": "", "tiger:PCICBSA": "", "tiger:PCINECTA": "", "tiger:PLACEFP": "", "tiger:PLACENS": "", "tiger:PLCIDFP": "", "tiger:STATEFP": "", "wikidata": "", "wikipedia": "", "tunnel": "", "lit": "", "width": "", "waterway": "", "barrier": "", "fence_type": "", "junction": "", "shoulder": "", "lanes:backward": "", "lanes:forward": "", "turn:lanes:backward": "", "intermittent": "", "natural": "", "seasonal": "", "footway": "", "crossing": "", "tiger:name_base_3": "", "tiger:name_direction_prefix_3": "", "turn:lanes:forward": "", "turn:lanes": "", "lanes:both_ways": "", "turn:lanes:both_ways": "", "golf": "", "golf_cart": "", "power": "", "disused:highway": "", "tourism": "", "auxiliary_storage_labeling_positionx": null, "auxiliary_storage_labeling_positiony": null, "auxiliary_storage_labeling_show": null, "length": 117.28938117421215 }, "geometry": { "type": "LineString", "coordinates": [ [ -104.8695331, 38.8720216 ], [ -104.8696086, 38.8719087 ], [ -104.8695934, 38.8718142 ], [ -104.8696541, 38.8717669 ], [ -104.8696815, 38.8717426 ] ] } },
{ "type": "Feature", "properties": { "fid": 833, "full_id": "w817600702", "osm_id": "817600702", "osm_type": "way", "highway": "path", "name": "Gateway Trail", "tiger:cfcc": "", "tiger:county": "", "tiger:reviewed": "", "cycleway": "", "oneway": "", "tiger:name_base": "", "tiger:name_type": "", "service": "", "access": "", "alt_name": "", "ref": "", "surface": "paved", "tiger:name_direction_prefix": "", "cycleway:both": "", "maxspeed:type": "", "sidewalk": "", "sidewalk:both:bicycle": "", "lanes": "", "bicycle": "", "foot": "designated", "old_railway_operator": "", "segregated": "", "bridge": "", "layer": "", "tiger:separated": "", "tiger:source": "", "tiger:tlid": "", "maxspeed": "", "name_1": "", "tiger:name_base_1": "", "tiger:name_type_1": "", "cycleway:right": "", "route": "", "tracktype": "", "horse": "", "motor_vehicle": "", "railway": "", "tiger:name_base_2": "", "tiger:zip_right": "", "name_2": "", "destination": "", "destination:ref": "", "alt_name_1": "", "parking:lane:both": "", "mtb:scale": "", "old_ref": "", "NHS": "", "hgv": "", "hgv:national_network": "", "source:hgv:national_network": "", "sac_scale": "hiking", "description": "", "website": "", "trail_visibility": "", "mtb:scale:imba": "", "admin_level": "", "border_type": "", "boundary": "", "is_in:country": "", "is_in:country_code": "", "is_in:iso_3166_2": "", "is_in:state": "", "tiger:CLASSFP": "", "tiger:CPI": "", "tiger:FUNCSTAT": "", "tiger:LSAD": "", "tiger:MTFCC": "", "tiger:NAME": "", "tiger:NAMELSAD": "", "tiger:PCICBSA": "", "tiger:PCINECTA": "", "tiger:PLACEFP": "", "tiger:PLACENS": "", "tiger:PLCIDFP": "", "tiger:STATEFP": "", "wikidata": "", "wikipedia": "", "tunnel": "", "lit": "", "width": "", "waterway": "", "barrier": "", "fence_type": "", "junction": "", "shoulder": "", "lanes:backward": "", "lanes:forward": "", "turn:lanes:backward": "", "intermittent": "", "natural": "", "seasonal": "", "footway": "", "crossing": "", "tiger:name_base_3": "", "tiger:name_direction_prefix_3": "", "turn:lanes:forward": "", "turn:lanes": "", "lanes:both_ways": "", "turn:lanes:both_ways": "", "golf": "", "golf_cart": "", "power": "", "disused:highway": "", "tourism": "", "auxiliary_storage_labeling_positionx": null, "auxiliary_storage_labeling_positiony": null, "auxiliary_storage_labeling_show": null, "length": 319.52073145251063 }, "geometry": { "type": "LineString", "coordinates": [ [ -104.8722468, 38.8776648 ], [ -104.8721573, 38.8777968 ], [ -104.8720893, 38.877942 ], [ -104.8720181, 38.8781166 ], [ -104.8720666, 38.8782498 ], [ -104.8719861, 38.8783668 ], [ -104.8718668, 38.8784402 ] ] } },
{ "type": "Feature", "properties": { "fid": 834, "full_id": "w817600703", "osm_id": "817600703", "osm_type": "way", "highway": "path", "name": "Foothills Trail", "tiger:cfcc": "", "tiger:county": "", "tiger:reviewed": "", "cycleway": "", "oneway": "", "tiger:name_base": "", "tiger:name_type": "", "service": "", "access": "", "alt_name": "", "ref": "", "surface": "gravel", "tiger:name_direction_prefix": "", "cycleway:both": "", "maxspeed:type": "", "sidewalk": "", "sidewalk:both:bicycle": "", "lanes": "", "bicycle": "", "foot": "", "old_railway_operator": "", "segregated": "", "bridge": "", "layer": "", "tiger:separated": "", "tiger:source": "", "tiger:tlid": "", "maxspeed": "", "name_1": "", "tiger:name_base_1": "", "tiger:name_type_1": "", "cycleway:right": "", "route": "", "tracktype": "", "horse": "", "motor_vehicle": "", "railway": "", "tiger:name_base_2": "", "tiger:zip_right": "", "name_2": "", "destination": "", "destination:ref": "", "alt_name_1": "", "parking:lane:both": "", "mtb:scale": "", "old_ref": "", "NHS": "", "hgv": "", "hgv:national_network": "", "source:hgv:national_network": "", "sac_scale": "hiking", "description": "", "website": "", "trail_visibility": "", "mtb:scale:imba": "", "admin_level": "", "border_type": "", "boundary": "", "is_in:country": "", "is_in:country_code": "", "is_in:iso_3166_2": "", "is_in:state": "", "tiger:CLASSFP": "", "tiger:CPI": "", "tiger:FUNCSTAT": "", "tiger:LSAD": "", "tiger:MTFCC": "", "tiger:NAME": "", "tiger:NAMELSAD": "", "tiger:PCICBSA": "", "tiger:PCINECTA": "", "tiger:PLACEFP": "", "tiger:PLACENS": "", "tiger:PLCIDFP": "", "tiger:STATEFP": "", "wikidata": "", "wikipedia": "", "tunnel": "", "lit": "", "width": "", "waterway": "", "barrier": "", "fence_type": "", "junction": "", "shoulder": "", "lanes:backward": "", "lanes:forward": "", "turn:lanes:backward": "", "intermittent": "", "natural": "", "seasonal": "", "footway": "", "crossing": "", "tiger:name_base_3": "", "tiger:name_direction_prefix_3": "", "turn:lanes:forward": "", "turn:lanes": "", "lanes:both_ways": "", "turn:lanes:both_ways": "", "golf": "", "golf_cart": "", "power": "", "disused:highway": "", "tourism": "", "auxiliary_storage_labeling_positionx": -104.87030563340474, "auxiliary_storage_labeling_positiony": 38.874298609297803, "auxiliary_storage_labeling_show": null, "length": 2033.8460577239132 }, "geometry": { "type": "LineString", "coordinates": [ [ -104.8712411, 38.8771201 ], [ -104.8711639, 38.8766791 ], [ -104.871184, 38.876558 ], [ -104.8711918, 38.8765108 ], [ -104.8711629, 38.87635 ], [ -104.8711311, 38.8761724 ], [ -104.8710948, 38.8759708 ], [ -104.8710877, 38.8759311 ], [ -104.8710712, 38.8758043 ], [ -104.8710518, 38.8756555 ], [ -104.8710405, 38.8755682 ], [ -104.8709662, 38.8755045 ], [ -104.8707778, 38.8755138 ], [ -104.8706403, 38.875042 ], [ -104.8704687, 38.8746277 ], [ -104.8703399, 38.8742735 ], [ -104.8703142, 38.8739929 ], [ -104.8702712, 38.8738526 ], [ -104.8701682, 38.8735786 ], [ -104.8701339, 38.8731309 ], [ -104.8701082, 38.8725763 ], [ -104.8700137, 38.8722822 ], [ -104.8699279, 38.872182 ], [ -104.8697906, 38.8721219 ], [ -104.8696189, 38.8720951 ], [ -104.8695331, 38.8720216 ] ] } },
{ "type": "Feature", "properties": { "fid": 835, "full_id": "w817600704", "osm_id": "817600704", "osm_type": "way", "highway": "path", "name": "", "tiger:cfcc": "", "tiger:county": "", "tiger:reviewed": "", "cycleway": "", "oneway": "", "tiger:name_base": "", "tiger:name_type": "", "service": "", "access": "", "alt_name": "", "ref": "", "surface": "", "tiger:name_direction_prefix": "", "cycleway:both": "", "maxspeed:type": "", "sidewalk": "", "sidewalk:both:bicycle": "", "lanes": "", "bicycle": "", "foot": "", "old_railway_operator": "", "segregated": "", "bridge": "", "layer": "", "tiger:separated": "", "tiger:source": "", "tiger:tlid": "", "maxspeed": "", "name_1": "", "tiger:name_base_1": "", "tiger:name_type_1": "", "cycleway:right": "", "route": "", "tracktype": "", "horse": "", "motor_vehicle": "", "railway": "", "tiger:name_base_2": "", "tiger:zip_right": "", "name_2": "", "destination": "", "destination:ref": "", "alt_name_1": "", "parking:lane:both": "", "mtb:scale": "", "old_ref": "", "NHS": "", "hgv": "", "hgv:national_network": "", "source:hgv:national_network": "", "sac_scale": "", "description": "", "website": "", "trail_visibility": "", "mtb:scale:imba": "", "admin_level": "", "border_type": "", "boundary": "", "is_in:country": "", "is_in:country_code": "", "is_in:iso_3166_2": "", "is_in:state": "", "tiger:CLASSFP": "", "tiger:CPI": "", "tiger:FUNCSTAT": "", "tiger:LSAD": "", "tiger:MTFCC": "", "tiger:NAME": "", "tiger:NAMELSAD": "", "tiger:PCICBSA": "", "tiger:PCINECTA": "", "tiger:PLACEFP": "", "tiger:PLACENS": "", "tiger:PLCIDFP": "", "tiger:STATEFP": "", "wikidata": "", "wikipedia": "", "tunnel": "", "lit": "", "width": "", "waterway": "", "barrier": "", "fence_type": "", "junction": "", "shoulder": "", "lanes:backward": "", "lanes:forward": "", "turn:lanes:backward": "", "intermittent": "", "natural": "", "seasonal": "", "footway": "", "crossing": "", "tiger:name_base_3": "", "tiger:name_direction_prefix_3": "", "turn:lanes:forward": "", "turn:lanes": "", "lanes:both_ways": "", "turn:lanes:both_ways": "", "golf": "", "golf_cart": "", "power": "", "disused:highway": "", "tourism": "", "auxiliary_storage_labeling_positionx": null, "auxiliary_storage_labeling_positiony": null, "auxiliary_storage_labeling_show": null, "length": 120.33663485266138 }, "geometry": { "type": "LineString", "coordinates": [ [ -104.8701082, 38.8725763 ], [ -104.8703785, 38.8728303 ] ] } },
{ "type": "Feature", "properties": { "fid": 841, "full_id": "w817600710", "osm_id": "817600710", "osm_type": "way", "highway": "cycleway", "name": "Foothills Trail", "tiger:cfcc": "", "tiger:county": "", "tiger:reviewed": "", "cycleway": "", "oneway": "", "tiger:name_base": "", "tiger:name_type": "", "service": "", "access": "", "alt_name": "", "ref": "", "surface": "concrete", "tiger:name_direction_prefix": "", "cycleway:both": "", "maxspeed:type": "", "sidewalk": "", "sidewalk:both:bicycle": "", "lanes": "", "bicycle": "designated", "foot": "designated", "old_railway_operator": "", "segregated": "", "bridge": "", "layer": "", "tiger:separated": "", "tiger:source": "", "tiger:tlid": "", "maxspeed": "", "name_1": "", "tiger:name_base_1": "", "tiger:name_type_1": "", "cycleway:right": "", "route": "", "tracktype": "", "horse": "", "motor_vehicle": "", "railway": "", "tiger:name_base_2": "", "tiger:zip_right": "", "name_2": "", "destination": "", "destination:ref": "", "alt_name_1": "", "parking:lane:both": "", "mtb:scale": "", "old_ref": "", "NHS": "", "hgv": "", "hgv:national_network": "", "source:hgv:national_network": "", "sac_scale": "hiking", "description": "", "website": "", "trail_visibility": "", "mtb:scale:imba": "", "admin_level": "", "border_type": "", "boundary": "", "is_in:country": "", "is_in:country_code": "", "is_in:iso_3166_2": "", "is_in:state": "", "tiger:CLASSFP": "", "tiger:CPI": "", "tiger:FUNCSTAT": "", "tiger:LSAD": "", "tiger:MTFCC": "", "tiger:NAME": "", "tiger:NAMELSAD": "", "tiger:PCICBSA": "", "tiger:PCINECTA": "", "tiger:PLACEFP": "", "tiger:PLACENS": "", "tiger:PLCIDFP": "", "tiger:STATEFP": "", "wikidata": "", "wikipedia": "", "tunnel": "", "lit": "", "width": "", "waterway": "", "barrier": "", "fence_type": "", "junction": "", "shoulder": "", "lanes:backward": "", "lanes:forward": "", "turn:lanes:backward": "", "intermittent": "", "natural": "", "seasonal": "", "footway": "", "crossing": "", "tiger:name_base_3": "", "tiger:name_direction_prefix_3": "", "turn:lanes:forward": "", "turn:lanes": "", "lanes:both_ways": "", "turn:lanes:both_ways": "", "golf": "", "golf_cart": "", "power": "", "disused:highway": "", "tourism": "", "auxiliary_storage_labeling_positionx": null, "auxiliary_storage_labeling_positiony": null, "auxiliary_storage_labeling_show": null, "length": 86.007951411678775 }, "geometry": { "type": "LineString", "coordinates": [ [ -104.8713079, 38.8773504 ], [ -104.8712411, 38.8771201 ] ] } },
{ "type": "Feature", "properties": { "fid": 842, "full_id": "w817600711", "osm_id": "817600711", "osm_type": "way", "highway": "cycleway", "name": "", "tiger:cfcc": "", "tiger:county": "", "tiger:reviewed": "", "cycleway": "crossing", "oneway": "", "tiger:name_base": "", "tiger:name_type": "", "service": "", "access": "", "alt_name": "", "ref": "", "surface": "", "tiger:name_direction_prefix": "", "cycleway:both": "", "maxspeed:type": "", "sidewalk": "", "sidewalk:both:bicycle": "", "lanes": "", "bicycle": "designated", "foot": "designated", "old_railway_operator": "", "segregated": "", "bridge": "", "layer": "", "tiger:separated": "", "tiger:source": "", "tiger:tlid": "", "maxspeed": "", "name_1": "", "tiger:name_base_1": "", "tiger:name_type_1": "", "cycleway:right": "", "route": "", "tracktype": "", "horse": "", "motor_vehicle": "", "railway": "", "tiger:name_base_2": "", "tiger:zip_right": "", "name_2": "", "destination": "", "destination:ref": "", "alt_name_1": "", "parking:lane:both": "", "mtb:scale": "", "old_ref": "", "NHS": "", "hgv": "", "hgv:national_network": "", "source:hgv:national_network": "", "sac_scale": "", "description": "", "website": "", "trail_visibility": "", "mtb:scale:imba": "", "admin_level": "", "border_type": "", "boundary": "", "is_in:country": "", "is_in:country_code": "", "is_in:iso_3166_2": "", "is_in:state": "", "tiger:CLASSFP": "", "tiger:CPI": "", "tiger:FUNCSTAT": "", "tiger:LSAD": "", "tiger:MTFCC": "", "tiger:NAME": "", "tiger:NAMELSAD": "", "tiger:PCICBSA": "", "tiger:PCINECTA": "", "tiger:PLACEFP": "", "tiger:PLACENS": "", "tiger:PLCIDFP": "", "tiger:STATEFP": "", "wikidata": "", "wikipedia": "", "tunnel": "", "lit": "", "width": "", "waterway": "", "barrier": "", "fence_type": "", "junction": "", "shoulder": "", "lanes:backward": "", "lanes:forward": "", "turn:lanes:backward": "", "intermittent": "", "natural": "", "seasonal": "", "footway": "", "crossing": "", "tiger:name_base_3": "", "tiger:name_direction_prefix_3": "", "turn:lanes:forward": "", "turn:lanes": "", "lanes:both_ways": "", "turn:lanes:both_ways": "", "golf": "", "golf_cart": "", "power": "", "disused:highway": "", "tourism": "", "auxiliary_storage_labeling_positionx": null, "auxiliary_storage_labeling_positiony": null, "auxiliary_storage_labeling_show": null, "length": 61.05454331678078 }, "geometry": { "type": "LineString", "coordinates": [ [ -104.8713721, 38.8775102 ], [ -104.8713338, 38.8774262 ], [ -104.8713079, 38.8773504 ] ] } },
{ "type": "Feature", "properties": { "fid": 881, "full_id": "w878880187", "osm_id": "878880187", "osm_type": "way", "highway": "", "name": "", "tiger:cfcc": "", "tiger:county": "", "tiger:reviewed": "", "cycleway": "", "oneway": "", "tiger:name_base": "", "tiger:name_type": "", "service": "", "access": "", "alt_name": "", "ref": "", "surface": "", "tiger:name_direction_prefix": "", "cycleway:both": "", "maxspeed:type": "", "sidewalk": "", "sidewalk:both:bicycle": "", "lanes": "", "bicycle": "", "foot": "", "old_railway_operator": "", "segregated": "", "bridge": "", "layer": "", "tiger:separated": "", "tiger:source": "", "tiger:tlid": "", "maxspeed": "", "name_1": "", "tiger:name_base_1": "", "tiger:name_type_1": "", "cycleway:right": "", "route": "", "tracktype": "", "horse": "", "motor_vehicle": "", "railway": "", "tiger:name_base_2": "", "tiger:zip_right": "", "name_2": "", "destination": "", "destination:ref": "", "alt_name_1": "", "parking:lane:both": "", "mtb:scale": "", "old_ref": "", "NHS": "", "hgv": "", "hgv:national_network": "", "source:hgv:national_network": "", "sac_scale": "", "description": "", "website": "", "trail_visibility": "", "mtb:scale:imba": "", "admin_level": "", "border_type": "", "boundary": "", "is_in:country": "", "is_in:country_code": "", "is_in:iso_3166_2": "", "is_in:state": "", "tiger:CLASSFP": "", "tiger:CPI": "", "tiger:FUNCSTAT": "", "tiger:LSAD": "", "tiger:MTFCC": "", "tiger:NAME": "", "tiger:NAMELSAD": "", "tiger:PCICBSA": "", "tiger:PCINECTA": "", "tiger:PLACEFP": "", "tiger:PLACENS": "", "tiger:PLCIDFP": "", "tiger:STATEFP": "", "wikidata": "", "wikipedia": "", "tunnel": "", "lit": "", "width": "", "waterway": "", "barrier": "", "fence_type": "", "junction": "", "shoulder": "", "lanes:backward": "", "lanes:forward": "", "turn:lanes:backward": "", "intermittent": "", "natural": "", "seasonal": "", "footway": "", "crossing": "", "tiger:name_base_3": "", "tiger:name_direction_prefix_3": "", "turn:lanes:forward": "", "turn:lanes": "", "lanes:both_ways": "", "turn:lanes:both_ways": "", "golf": "", "golf_cart": "", "power": "", "disused:highway": "secondary", "tourism": "", "auxiliary_storage_labeling_positionx": null, "auxiliary_storage_labeling_positiony": null, "auxiliary_storage_labeling_show": null, "length": 339.36902506540662 }, "geometry": { "type": "LineString", "coordinates": [ [ -104.8743685, 38.8877541 ], [ -104.8745602, 38.888038 ], [ -104.8746876, 38.8883804 ], [ -104.8748557, 38.888598 ] ] } },
{ "type": "Feature", "properties": { "fid": 889, "full_id": "w886735236", "osm_id": "886735236", "osm_type": "way", "highway": "path", "name": "", "tiger:cfcc": "", "tiger:county": "", "tiger:reviewed": "", "cycleway": "", "oneway": "", "tiger:name_base": "", "tiger:name_type": "", "service": "", "access": "", "alt_name": "", "ref": "", "surface": "ground", "tiger:name_direction_prefix": "", "cycleway:both": "", "maxspeed:type": "", "sidewalk": "", "sidewalk:both:bicycle": "", "lanes": "", "bicycle": "no", "foot": "designated", "old_railway_operator": "", "segregated": "", "bridge": "", "layer": "", "tiger:separated": "", "tiger:source": "", "tiger:tlid": "", "maxspeed": "", "name_1": "", "tiger:name_base_1": "", "tiger:name_type_1": "", "cycleway:right": "", "route": "", "tracktype": "", "horse": "designated", "motor_vehicle": "", "railway": "", "tiger:name_base_2": "", "tiger:zip_right": "", "name_2": "", "destination": "", "destination:ref": "", "alt_name_1": "", "parking:lane:both": "", "mtb:scale": "", "old_ref": "", "NHS": "", "hgv": "", "hgv:national_network": "", "source:hgv:national_network": "", "sac_scale": "hiking", "description": "", "website": "", "trail_visibility": "", "mtb:scale:imba": "", "admin_level": "", "border_type": "", "boundary": "", "is_in:country": "", "is_in:country_code": "", "is_in:iso_3166_2": "", "is_in:state": "", "tiger:CLASSFP": "", "tiger:CPI": "", "tiger:FUNCSTAT": "", "tiger:LSAD": "", "tiger:MTFCC": "", "tiger:NAME": "", "tiger:NAMELSAD": "", "tiger:PCICBSA": "", "tiger:PCINECTA": "", "tiger:PLACEFP": "", "tiger:PLACENS": "", "tiger:PLCIDFP": "", "tiger:STATEFP": "", "wikidata": "", "wikipedia": "", "tunnel": "", "lit": "", "width": "", "waterway": "", "barrier": "", "fence_type": "", "junction": "", "shoulder": "", "lanes:backward": "", "lanes:forward": "", "turn:lanes:backward": "", "intermittent": "", "natural": "", "seasonal": "", "footway": "", "crossing": "", "tiger:name_base_3": "", "tiger:name_direction_prefix_3": "", "turn:lanes:forward": "", "turn:lanes": "", "lanes:both_ways": "", "turn:lanes:both_ways": "", "golf": "", "golf_cart": "", "power": "", "disused:highway": "", "tourism": "", "auxiliary_storage_labeling_positionx": null, "auxiliary_storage_labeling_positiony": null, "auxiliary_storage_labeling_show": null, "length": 144.83056713592643 }, "geometry": { "type": "LineString", "coordinates": [ [ -104.8848671, 38.8705128 ], [ -104.8848271, 38.8705232 ], [ -104.8847852, 38.8705273 ], [ -104.8847427, 38.870539 ], [ -104.8846945, 38.8705531 ], [ -104.8846545, 38.8705642 ], [ -104.8846109, 38.8705731 ], [ -104.8845716, 38.8705766 ], [ -104.8845307, 38.8705681 ], [ -104.8845052, 38.8705516 ], [ -104.884485, 38.8705271 ], [ -104.8844672, 38.8705116 ], [ -104.8844454, 38.8704983 ], [ -104.8844149, 38.8704871 ] ] } },
{ "type": "Feature", "properties": { "fid": 890, "full_id": "w886735237", "osm_id": "886735237", "osm_type": "way", "highway": "path", "name": "", "tiger:cfcc": "", "tiger:county": "", "tiger:reviewed": "", "cycleway": "", "oneway": "", "tiger:name_base": "", "tiger:name_type": "", "service": "", "access": "", "alt_name": "", "ref": "", "surface": "ground", "tiger:name_direction_prefix": "", "cycleway:both": "", "maxspeed:type": "", "sidewalk": "", "sidewalk:both:bicycle": "", "lanes": "", "bicycle": "no", "foot": "designated", "old_railway_operator": "", "segregated": "", "bridge": "", "layer": "", "tiger:separated": "", "tiger:source": "", "tiger:tlid": "", "maxspeed": "", "name_1": "", "tiger:name_base_1": "", "tiger:name_type_1": "", "cycleway:right": "", "route": "", "tracktype": "", "horse": "designated", "motor_vehicle": "", "railway": "", "tiger:name_base_2": "", "tiger:zip_right": "", "name_2": "", "destination": "", "destination:ref": "", "alt_name_1": "", "parking:lane:both": "", "mtb:scale": "", "old_ref": "", "NHS": "", "hgv": "", "hgv:national_network": "", "source:hgv:national_network": "", "sac_scale": "hiking", "description": "", "website": "", "trail_visibility": "", "mtb:scale:imba": "", "admin_level": "", "border_type": "", "boundary": "", "is_in:country": "", "is_in:country_code": "", "is_in:iso_3166_2": "", "is_in:state": "", "tiger:CLASSFP": "", "tiger:CPI": "", "tiger:FUNCSTAT": "", "tiger:LSAD": "", "tiger:MTFCC": "", "tiger:NAME": "", "tiger:NAMELSAD": "", "tiger:PCICBSA": "", "tiger:PCINECTA": "", "tiger:PLACEFP": "", "tiger:PLACENS": "", "tiger:PLCIDFP": "", "tiger:STATEFP": "", "wikidata": "", "wikipedia": "", "tunnel": "", "lit": "", "width": "", "waterway": "", "barrier": "", "fence_type": "", "junction": "", "shoulder": "", "lanes:backward": "", "lanes:forward": "", "turn:lanes:backward": "", "intermittent": "", "natural": "", "seasonal": "", "footway": "", "crossing": "", "tiger:name_base_3": "", "tiger:name_direction_prefix_3": "", "turn:lanes:forward": "", "turn:lanes": "", "lanes:both_ways": "", "turn:lanes:both_ways": "", "golf": "", "golf_cart": "", "power": "", "disused:highway": "", "tourism": "", "auxiliary_storage_labeling_positionx": null, "auxiliary_storage_labeling_positiony": null, "auxiliary_storage_labeling_show": null, "length": 171.94593622543397 }, "geometry": { "type": "LineString", "coordinates": [ [ -104.8847347, 38.8718775 ], [ -104.8847746, 38.8718442 ], [ -104.8848193, 38.8718098 ], [ -104.8848399, 38.8717819 ], [ -104.884857, 38.8717588 ], [ -104.8848706, 38.8717108 ], [ -104.8848811, 38.8716555 ], [ -104.8848858, 38.8716189 ], [ -104.8848791, 38.8716041 ], [ -104.8848643, 38.8715888 ], [ -104.8848584, 38.8715699 ], [ -104.8848461, 38.8715515 ], [ -104.8848228, 38.8715295 ], [ -104.8847955, 38.8715072 ], [ -104.8847543, 38.87148 ] ] } },
{ "type": "Feature", "properties": { "fid": 891, "full_id": "w886735238", "osm_id": "886735238", "osm_type": "way", "highway": "path", "name": "", "tiger:cfcc": "", "tiger:county": "", "tiger:reviewed": "", "cycleway": "", "oneway": "", "tiger:name_base": "", "tiger:name_type": "", "service": "", "access": "", "alt_name": "", "ref": "", "surface": "ground", "tiger:name_direction_prefix": "", "cycleway:both": "", "maxspeed:type": "", "sidewalk": "", "sidewalk:both:bicycle": "", "lanes": "", "bicycle": "no", "foot": "designated", "old_railway_operator": "", "segregated": "", "bridge": "", "layer": "", "tiger:separated": "", "tiger:source": "", "tiger:tlid": "", "maxspeed": "", "name_1": "", "tiger:name_base_1": "", "tiger:name_type_1": "", "cycleway:right": "", "route": "", "tracktype": "", "horse": "designated", "motor_vehicle": "", "railway": "", "tiger:name_base_2": "", "tiger:zip_right": "", "name_2": "", "destination": "", "destination:ref": "", "alt_name_1": "", "parking:lane:both": "", "mtb:scale": "", "old_ref": "", "NHS": "", "hgv": "", "hgv:national_network": "", "source:hgv:national_network": "", "sac_scale": "hiking", "description": "", "website": "", "trail_visibility": "", "mtb:scale:imba": "", "admin_level": "", "border_type": "", "boundary": "", "is_in:country": "", "is_in:country_code": "", "is_in:iso_3166_2": "", "is_in:state": "", "tiger:CLASSFP": "", "tiger:CPI": "", "tiger:FUNCSTAT": "", "tiger:LSAD": "", "tiger:MTFCC": "", "tiger:NAME": "", "tiger:NAMELSAD": "", "tiger:PCICBSA": "", "tiger:PCINECTA": "", "tiger:PLACEFP": "", "tiger:PLACENS": "", "tiger:PLCIDFP": "", "tiger:STATEFP": "", "wikidata": "", "wikipedia": "", "tunnel": "", "lit": "", "width": "", "waterway": "", "barrier": "", "fence_type": "", "junction": "", "shoulder": "", "lanes:backward": "", "lanes:forward": "", "turn:lanes:backward": "", "intermittent": "", "natural": "", "seasonal": "", "footway": "", "crossing": "", "tiger:name_base_3": "", "tiger:name_direction_prefix_3": "", "turn:lanes:forward": "", "turn:lanes": "", "lanes:both_ways": "", "turn:lanes:both_ways": "", "golf": "", "golf_cart": "", "power": "", "disused:highway": "", "tourism": "", "auxiliary_storage_labeling_positionx": null, "auxiliary_storage_labeling_positiony": null, "auxiliary_storage_labeling_show": null, "length": 122.61733160806982 }, "geometry": { "type": "LineString", "coordinates": [ [ -104.8848445, 38.8720673 ], [ -104.8848812, 38.8720403 ], [ -104.8849343, 38.8719913 ], [ -104.8849454, 38.8719773 ], [ -104.8849478, 38.8719601 ], [ -104.8849406, 38.8719433 ], [ -104.8849166, 38.8718841 ], [ -104.8848963, 38.8718449 ], [ -104.884862, 38.8718013 ], [ -104.8848399, 38.8717819 ] ] } },
{ "type": "Feature", "properties": { "fid": 900, "full_id": null, "osm_id": null, "osm_type": "way", "highway": "path", "name": "Arnold Trail", "tiger:cfcc": null, "tiger:county": null, "tiger:reviewed": null, "cycleway": null, "oneway": null, "tiger:name_base": null, "tiger:name_type": null, "service": null, "access": "permissive", "alt_name": null, "ref": null, "surface": "unpaved", "tiger:name_direction_prefix": null, "cycleway:both": null, "maxspeed:type": null, "sidewalk": null, "sidewalk:both:bicycle": null, "lanes": null, "bicycle": "no", "foot": null, "old_railway_operator": null, "segregated": null, "bridge": null, "layer": null, "tiger:separated": null, "tiger:source": null, "tiger:tlid": null, "maxspeed": null, "name_1": null, "tiger:name_base_1": null, "tiger:name_type_1": null, "cycleway:right": null, "route": null, "tracktype": null, "horse": null, "motor_vehicle": null, "railway": null, "tiger:name_base_2": null, "tiger:zip_right": null, "name_2": null, "destination": null, "destination:ref": null, "alt_name_1": null, "parking:lane:both": null, "mtb:scale": null, "old_ref": null, "NHS": null, "hgv": null, "hgv:national_network": null, "source:hgv:national_network": null, "sac_scale": null, "description": null, "website": null, "trail_visibility": null, "mtb:scale:imba": null, "admin_level": null, "border_type": null, "boundary": null, "is_in:country": null, "is_in:country_code": null, "is_in:iso_3166_2": null, "is_in:state": null, "tiger:CLASSFP": null, "tiger:CPI": null, "tiger:FUNCSTAT": null, "tiger:LSAD": null, "tiger:MTFCC": null, "tiger:NAME": null, "tiger:NAMELSAD": null, "tiger:PCICBSA": null, "tiger:PCINECTA": null, "tiger:PLACEFP": null, "tiger:PLACENS": null, "tiger:PLCIDFP": null, "tiger:STATEFP": null, "wikidata": null, "wikipedia": null, "tunnel": null, "lit": null, "width": null, "waterway": null, "barrier": null, "fence_type": null, "junction": null, "shoulder": null, "lanes:backward": null, "lanes:forward": null, "turn:lanes:backward": null, "intermittent": null, "natural": null, "seasonal": null, "footway": null, "crossing": null, "tiger:name_base_3": null, "tiger:name_direction_prefix_3": null, "turn:lanes:forward": null, "turn:lanes": null, "lanes:both_ways": null, "turn:lanes:both_ways": null, "golf": null, "golf_cart": null, "power": null, "disused:highway": null, "tourism": null, "auxiliary_storage_labeling_positionx": -104.88198059953781, "auxiliary_storage_labeling_positiony": 38.867106094944553, "auxiliary_storage_labeling_show": null, "length": 1026.5055321246255 }, "geometry": { "type": "LineString", "coordinates": [ [ -104.881189794890375, 38.868231918694136 ], [ -104.881179246586342, 38.868127205202988 ], [ -104.88118188366235, 38.867977320917852 ], [ -104.88118188366235, 38.867884926338078 ], [ -104.881195069042377, 38.867835649179739 ], [ -104.881216165650457, 38.867806904154953 ], [ -104.881255721790637, 38.867790478421284 ], [ -104.881276818398717, 38.867735041542119 ], [ -104.88126363301869, 38.867642646647433 ], [ -104.881245173486619, 38.867578996761239 ], [ -104.881226713954533, 38.867523559717135 ], [ -104.881210891498455, 38.867486601663749 ], [ -104.881210891498455, 38.867427058092822 ], [ -104.8811977061184, 38.867365461242876 ], [ -104.881192431966397, 38.867338769257991 ], [ -104.881152875826217, 38.867266906171913 ], [ -104.881084311849932, 38.867174510668804 ], [ -104.881092223077957, 38.867112913599996 ], [ -104.881126505066092, 38.86706363590654 ], [ -104.881160787054242, 38.867047210001161 ], [ -104.881213528574477, 38.867018464657555 ], [ -104.881255721790637, 38.8670040919814 ], [ -104.88130055208282, 38.866981506341553 ], [ -104.881358567755072, 38.866928122073411 ], [ -104.881369116059105, 38.866866524791142 ], [ -104.88137439021115, 38.866800820964556 ], [ -104.881363841907103, 38.866704318359162 ], [ -104.881355930679078, 38.866634507882111 ], [ -104.881340108223014, 38.866577016849547 ], [ -104.881287366702765, 38.866538005050977 ], [ -104.881239899334602, 38.866515419263067 ], [ -104.881139690446162, 38.866509259501456 ], [ -104.881086948925955, 38.86649488672235 ], [ -104.880997288341561, 38.86647640743066 ], [ -104.880920813137237, 38.86647640743066 ], [ -104.88082851547685, 38.866496939976706 ], [ -104.880775773956614, 38.866498993230991 ], [ -104.880707209980343, 38.866513366009272 ], [ -104.880675565068202, 38.866515419263067 ], [ -104.880612275243934, 38.866513366009272 ], [ -104.88056217079972, 38.86649488672235 ], [ -104.88050151805146, 38.866480513940353 ], [ -104.880422405771128, 38.86646203464494 ], [ -104.880359115946874, 38.866427129296021 ], [ -104.880327471034718, 38.86636963809574 ], [ -104.88029055197056, 38.866338839219345 ], [ -104.880274729514497, 38.866289560989316 ], [ -104.880248358754415, 38.866266975122478 ] ] } },
{ "type": "Feature", "properties": { "fid": 901, "full_id": null, "osm_id": null, "osm_type": "way", "highway": "path", "name": "Arnold Trail", "tiger:cfcc": null, "tiger:county": null, "tiger:reviewed": null, "cycleway": null, "oneway": null, "tiger:name_base": null, "tiger:name_type": null, "service": null, "access": "permissive", "alt_name": null, "ref": null, "surface": "unpaved", "tiger:name_direction_prefix": null, "cycleway:both": null, "maxspeed:type": null, "sidewalk": null, "sidewalk:both:bicycle": null, "lanes": null, "bicycle": "no", "foot": null, "old_railway_operator": null, "segregated": null, "bridge": null, "layer": null, "tiger:separated": null, "tiger:source": null, "tiger:tlid": null, "maxspeed": null, "name_1": null, "tiger:name_base_1": null, "tiger:name_type_1": null, "cycleway:right": null, "route": null, "tracktype": null, "horse": null, "motor_vehicle": null, "railway": null, "tiger:name_base_2": null, "tiger:zip_right": null, "name_2": null, "destination": null, "destination:ref": null, "alt_name_1": null, "parking:lane:both": null, "mtb:scale": null, "old_ref": null, "NHS": null, "hgv": null, "hgv:national_network": null, "source:hgv:national_network": null, "sac_scale": null, "description": null, "website": null, "trail_visibility": null, "mtb:scale:imba": null, "admin_level": null, "border_type": null, "boundary": null, "is_in:country": null, "is_in:country_code": null, "is_in:iso_3166_2": null, "is_in:state": null, "tiger:CLASSFP": null, "tiger:CPI": null, "tiger:FUNCSTAT": null, "tiger:LSAD": null, "tiger:MTFCC": null, "tiger:NAME": null, "tiger:NAMELSAD": null, "tiger:PCICBSA": null, "tiger:PCINECTA": null, "tiger:PLACEFP": null, "tiger:PLACENS": null, "tiger:PLCIDFP": null, "tiger:STATEFP": null, "wikidata": null, "wikipedia": null, "tunnel": null, "lit": null, "width": null, "waterway": null, "barrier": null, "fence_type": null, "junction": null, "shoulder": null, "lanes:backward": null, "lanes:forward": null, "turn:lanes:backward": null, "intermittent": null, "natural": null, "seasonal": null, "footway": null, "crossing": null, "tiger:name_base_3": null, "tiger:name_direction_prefix_3": null, "turn:lanes:forward": null, "turn:lanes": null, "lanes:both_ways": null, "turn:lanes:both_ways": null, "golf": null, "golf_cart": null, "power": null, "disused:highway": null, "tourism": null, "auxiliary_storage_labeling_positionx": -104.88199583787684, "auxiliary_storage_labeling_positiony": 38.865901391533434, "auxiliary_storage_labeling_show": null, "length": 377.72215863784163 }, "geometry": { "type": "LineString", "coordinates": [ [ -104.881376471263366, 38.866898045407467 ], [ -104.881628235836288, 38.866624426147943 ], [ -104.881937696457186, 38.866289547412094 ], [ -104.882210441411175, 38.866097604010818 ] ] } },
{ "type": "Feature", "properties": { "fid": 902, "full_id": null, "osm_id": null, "osm_type": "way", "highway": "path", "name": "Dakota Trail", "tiger:cfcc": null, "tiger:county": null, "tiger:reviewed": null, "cycleway": null, "oneway": null, "tiger:name_base": null, "tiger:name_type": null, "service": null, "access": null, "alt_name": null, "ref": null, "surface": "unpaved", "tiger:name_direction_prefix": null, "cycleway:both": null, "maxspeed:type": null, "sidewalk": null, "sidewalk:both:bicycle": null, "lanes": null, "bicycle": "no", "foot": "designated", "old_railway_operator": null, "segregated": null, "bridge": null, "layer": null, "tiger:separated": null, "tiger:source": null, "tiger:tlid": null, "maxspeed": null, "name_1": null, "tiger:name_base_1": null, "tiger:name_type_1": null, "cycleway:right": null, "route": null, "tracktype": null, "horse": null, "motor_vehicle": null, "railway": null, "tiger:name_base_2": null, "tiger:zip_right": null, "name_2": null, "destination": null, "destination:ref": null, "alt_name_1": null, "parking:lane:both": null, "mtb:scale": null, "old_ref": null, "NHS": null, "hgv": null, "hgv:national_network": null, "source:hgv:national_network": null, "sac_scale": "hiking", "description": null, "website": null, "trail_visibility": null, "mtb:scale:imba": null, "admin_level": null, "border_type": null, "boundary": null, "is_in:country": null, "is_in:country_code": null, "is_in:iso_3166_2": null, "is_in:state": null, "tiger:CLASSFP": null, "tiger:CPI": null, "tiger:FUNCSTAT": null, "tiger:LSAD": null, "tiger:MTFCC": null, "tiger:NAME": null, "tiger:NAMELSAD": null, "tiger:PCICBSA": null, "tiger:PCINECTA": null, "tiger:PLACEFP": null, "tiger:PLACENS": null, "tiger:PLCIDFP": null, "tiger:STATEFP": null, "wikidata": null, "wikipedia": null, "tunnel": null, "lit": null, "width": null, "waterway": null, "barrier": null, "fence_type": null, "junction": null, "shoulder": null, "lanes:backward": null, "lanes:forward": null, "turn:lanes:backward": null, "intermittent": null, "natural": null, "seasonal": null, "footway": null, "crossing": null, "tiger:name_base_3": null, "tiger:name_direction_prefix_3": null, "turn:lanes:forward": null, "turn:lanes": null, "lanes:both_ways": null, "turn:lanes:both_ways": null, "golf": null, "golf_cart": null, "power": null, "disused:highway": null, "tourism": null, "auxiliary_storage_labeling_positionx": null, "auxiliary_storage_labeling_positiony": null, "auxiliary_storage_labeling_show": null, "length": 184.09175280893353 }, "geometry": { "type": "LineString", "coordinates": [ [ -104.877974245523063, 38.881510876729649 ], [ -104.877991846373959, 38.881485582003471 ], [ -104.87803517154542, 38.881452909635513 ], [ -104.878075788893668, 38.881418129356341 ], [ -104.878116406241872, 38.881390726700175 ], [ -104.878188163557112, 38.881373863521873 ], [ -104.878255859137482, 38.881370701675486 ], [ -104.878338447745563, 38.881353838492451 ], [ -104.878402081591148, 38.881347514797788 ], [ -104.878477900641172, 38.881341191102536 ], [ -104.878544242309957, 38.881332759508027 ] ] } },
{ "type": "Feature", "properties": { "fid": 903, "full_id": "w498615758", "osm_id": "498615758", "osm_type": "way", "highway": "path", "name": "Fontanero Trail", "tiger:cfcc": "", "tiger:county": "", "tiger:reviewed": "", "cycleway": "", "oneway": "", "tiger:name_base": "", "tiger:name_type": "", "service": "", "access": "destination", "alt_name": "", "ref": "", "surface": "dirt", "tiger:name_direction_prefix": "", "cycleway:both": "", "maxspeed:type": "", "sidewalk": "", "sidewalk:both:bicycle": "", "lanes": "", "bicycle": "designated", "foot": "designated", "old_railway_operator": "", "segregated": "", "bridge": "", "layer": "", "tiger:separated": "", "tiger:source": "", "tiger:tlid": "", "maxspeed": "", "name_1": "", "tiger:name_base_1": "", "tiger:name_type_1": "", "cycleway:right": "", "route": "", "tracktype": "", "horse": "designated", "motor_vehicle": "no", "railway": "", "tiger:name_base_2": "", "tiger:zip_right": "", "name_2": "", "destination": "", "destination:ref": "", "alt_name_1": "", "parking:lane:both": "", "mtb:scale": "", "old_ref": "", "NHS": "", "hgv": "", "hgv:national_network": "", "source:hgv:national_network": "", "sac_scale": "", "description": "", "website": "", "trail_visibility": "", "mtb:scale:imba": "", "admin_level": "", "border_type": "", "boundary": "", "is_in:country": "", "is_in:country_code": "", "is_in:iso_3166_2": "", "is_in:state": "", "tiger:CLASSFP": "", "tiger:CPI": "", "tiger:FUNCSTAT": "", "tiger:LSAD": "", "tiger:MTFCC": "", "tiger:NAME": "", "tiger:NAMELSAD": "", "tiger:PCICBSA": "", "tiger:PCINECTA": "", "tiger:PLACEFP": "", "tiger:PLACENS": "", "tiger:PLCIDFP": "", "tiger:STATEFP": "", "wikidata": "", "wikipedia": "", "tunnel": "", "lit": "", "width": "", "waterway": "", "barrier": "", "fence_type": "", "junction": "", "shoulder": "", "lanes:backward": "", "lanes:forward": "", "turn:lanes:backward": "", "intermittent": "", "natural": "", "seasonal": "", "footway": "", "crossing": "", "tiger:name_base_3": "", "tiger:name_direction_prefix_3": "", "turn:lanes:forward": "", "turn:lanes": "", "lanes:both_ways": "", "turn:lanes:both_ways": "", "golf": "", "golf_cart": "", "power": "", "disused:highway": "", "tourism": "", "auxiliary_storage_labeling_positionx": -104.87628704156856, "auxiliary_storage_labeling_positiony": 38.864080680426511, "auxiliary_storage_labeling_show": null, "length": 527.63425248226997 }, "geometry": { "type": "LineString", "coordinates": [ [ -104.8761675, 38.8648984 ], [ -104.8761597, 38.8648532 ], [ -104.8761227, 38.8647836 ], [ -104.8760642, 38.8646805 ], [ -104.8759872, 38.8645893 ], [ -104.8758978, 38.8645269 ], [ -104.8758023, 38.8644718 ], [ -104.8756883, 38.8644622 ], [ -104.8755435, 38.864467 ], [ -104.8754665, 38.8644574 ], [ -104.8752939, 38.8644526 ], [ -104.8751275, 38.8644262 ], [ -104.8750505, 38.8643724 ], [ -104.8749542, 38.8643131 ], [ -104.8747422, 38.8641827 ] ] } },
{ "type": "Feature", "properties": { "fid": 904, "full_id": "w232488516", "osm_id": "232488516", "osm_type": "way", "highway": "", "name": "Camp Creek", "tiger:cfcc": "", "tiger:county": "", "tiger:reviewed": "", "cycleway": "", "oneway": "", "tiger:name_base": "", "tiger:name_type": "", "service": "", "access": "", "alt_name": "", "ref": "", "surface": "", "tiger:name_direction_prefix": "", "cycleway:both": "", "maxspeed:type": "", "sidewalk": "", "sidewalk:both:bicycle": "", "lanes": "", "bicycle": "", "foot": "", "old_railway_operator": "", "segregated": "", "bridge": "", "layer": "", "tiger:separated": "", "tiger:source": "", "tiger:tlid": "", "maxspeed": "", "name_1": "", "tiger:name_base_1": "", "tiger:name_type_1": "", "cycleway:right": "", "route": "", "tracktype": "", "horse": "", "motor_vehicle": "", "railway": "", "tiger:name_base_2": "", "tiger:zip_right": "", "name_2": "", "destination": "", "destination:ref": "", "alt_name_1": "", "parking:lane:both": "", "mtb:scale": "", "old_ref": "", "NHS": "", "hgv": "", "hgv:national_network": "", "source:hgv:national_network": "", "sac_scale": "", "description": "", "website": "", "trail_visibility": "", "mtb:scale:imba": "", "admin_level": "", "border_type": "", "boundary": "", "is_in:country": "", "is_in:country_code": "", "is_in:iso_3166_2": "", "is_in:state": "", "tiger:CLASSFP": "", "tiger:CPI": "", "tiger:FUNCSTAT": "", "tiger:LSAD": "", "tiger:MTFCC": "", "tiger:NAME": "", "tiger:NAMELSAD": "", "tiger:PCICBSA": "", "tiger:PCINECTA": "", "tiger:PLACEFP": "", "tiger:PLACENS": "", "tiger:PLCIDFP": "", "tiger:STATEFP": "", "wikidata": "", "wikipedia": "", "tunnel": "", "lit": "", "width": "", "waterway": "stream", "barrier": "", "fence_type": "", "junction": "", "shoulder": "", "lanes:backward": "", "lanes:forward": "", "turn:lanes:backward": "", "intermittent": "yes", "natural": "", "seasonal": "", "footway": "", "crossing": "", "tiger:name_base_3": "", "tiger:name_direction_prefix_3": "", "turn:lanes:forward": "", "turn:lanes": "", "lanes:both_ways": "", "turn:lanes:both_ways": "", "golf": "", "golf_cart": "", "power": "", "disused:highway": "", "tourism": "", "auxiliary_storage_labeling_positionx": -104.87568871548334, "auxiliary_storage_labeling_positiony": 38.881311777831847, "auxiliary_storage_labeling_show": null, "length": 10666.126175533816 }, "geometry": { "type": "LineString", "coordinates": [ [ -104.886275213934198, 38.892327324739782 ], [ -104.8861646, 38.8922105 ], [ -104.8858147, 38.8920627 ], [ -104.8853602, 38.8920079 ], [ -104.8850572, 38.8921009 ], [ -104.8846347, 38.8922836 ], [ -104.8843957, 38.8923069 ], [ -104.8840756, 38.8922338 ], [ -104.8831474, 38.8918202 ], [ -104.8828572, 38.8917389 ], [ -104.8818565, 38.8913403 ], [ -104.8811865, 38.8909898 ], [ -104.8809432, 38.8907258 ], [ -104.8807234, 38.8901196 ], [ -104.8803692, 38.8897342 ], [ -104.8802348, 38.8894619 ], [ -104.8801132, 38.8892925 ], [ -104.8797397, 38.8891928 ], [ -104.8792852, 38.8890101 ], [ -104.8786494, 38.8886862 ], [ -104.8780861, 38.8884687 ], [ -104.8775099, 38.8882943 ], [ -104.8772795, 38.888173 ], [ -104.8768762, 38.8878724 ], [ -104.8760803, 38.8870735 ], [ -104.8753527, 38.8867148 ], [ -104.8752289, 38.8865918 ], [ -104.8751948, 38.8864507 ], [ -104.8748811, 38.8860055 ], [ -104.8746784, 38.8857581 ], [ -104.8747317, 38.8853727 ], [ -104.8745461, 38.885278 ], [ -104.8745269, 38.8850571 ], [ -104.8747787, 38.8848661 ], [ -104.8747915, 38.8847083 ], [ -104.8748918, 38.884514 ], [ -104.8748, 38.8843147 ], [ -104.8748064, 38.884029 ], [ -104.8744799, 38.8838646 ], [ -104.874433, 38.8835922 ], [ -104.8742452, 38.8833679 ], [ -104.8741513, 38.8833197 ], [ -104.8741876, 38.8832367 ], [ -104.8741471, 38.883157 ], [ -104.8738462, 38.8828414 ], [ -104.8738185, 38.8826553 ], [ -104.8740309, 38.8821689 ], [ -104.8745041, 38.8819638 ], [ -104.8746815, 38.8817713 ], [ -104.8746546, 38.8812606 ], [ -104.8745471, 38.8810262 ], [ -104.8745847, 38.8808839 ], [ -104.8749073, 38.8806997 ], [ -104.8748536, 38.8802603 ], [ -104.8746224, 38.8798249 ], [ -104.8742514, 38.8797496 ], [ -104.8739126, 38.8794064 ], [ -104.8738266, 38.8791218 ], [ -104.8733104, 38.8784688 ], [ -104.8733696, 38.8780335 ], [ -104.8730577, 38.8777237 ], [ -104.8730834, 38.8774563 ], [ -104.8730953, 38.8773386 ], [ -104.8729663, 38.8772298 ], [ -104.8729421, 38.8769431 ], [ -104.8726007, 38.8766898 ], [ -104.872149, 38.8766333 ], [ -104.8719581, 38.8764408 ], [ -104.8719931, 38.8762001 ], [ -104.8722013, 38.8758961 ], [ -104.872244, 38.8755937 ], [ -104.8721331, 38.8752216 ], [ -104.872244, 38.8747964 ], [ -104.8718258, 38.8744442 ], [ -104.8719069, 38.8739259 ], [ -104.8715697, 38.8735172 ], [ -104.8715057, 38.8731185 ], [ -104.8714529, 38.8728542 ], [ -104.8712155, 38.872733 ], [ -104.8708333, 38.8726025 ], [ -104.8706496, 38.8722997 ], [ -104.8704176, 38.8720888 ], [ -104.8703478, 38.8719124 ], [ -104.8702727, 38.8718142 ], [ -104.8701345, 38.8717547 ], [ -104.8699391, 38.8717313 ], [ -104.8696351, 38.8717001 ] ] } },
{ "type": "Feature", "properties": { "fid": 905, "full_id": "w58662632", "osm_id": "58662632", "osm_type": "way", "highway": "path", "name": "Ute Trail", "tiger:cfcc": "", "tiger:county": "", "tiger:reviewed": "", "cycleway": "", "oneway": "", "tiger:name_base": "", "tiger:name_type": "", "service": "", "access": "", "alt_name": "", "ref": "", "surface": "ground", "tiger:name_direction_prefix": "", "cycleway:both": "", "maxspeed:type": "", "sidewalk": "", "sidewalk:both:bicycle": "", "lanes": "", "bicycle": "designated", "foot": "designated", "old_railway_operator": "", "segregated": "", "bridge": "", "layer": "", "tiger:separated": "", "tiger:source": "", "tiger:tlid": "", "maxspeed": "", "name_1": "", "tiger:name_base_1": "", "tiger:name_type_1": "", "cycleway:right": "", "route": "", "tracktype": "", "horse": "", "motor_vehicle": "", "railway": "", "tiger:name_base_2": "", "tiger:zip_right": "", "name_2": "", "destination": "", "destination:ref": "", "alt_name_1": "", "parking:lane:both": "", "mtb:scale": "", "old_ref": "", "NHS": "", "hgv": "", "hgv:national_network": "", "source:hgv:national_network": "", "sac_scale": "hiking", "description": "", "website": "", "trail_visibility": "", "mtb:scale:imba": "", "admin_level": "", "border_type": "", "boundary": "", "is_in:country": "", "is_in:country_code": "", "is_in:iso_3166_2": "", "is_in:state": "", "tiger:CLASSFP": "", "tiger:CPI": "", "tiger:FUNCSTAT": "", "tiger:LSAD": "", "tiger:MTFCC": "", "tiger:NAME": "", "tiger:NAMELSAD": "", "tiger:PCICBSA": "", "tiger:PCINECTA": "", "tiger:PLACEFP": "", "tiger:PLACENS": "", "tiger:PLCIDFP": "", "tiger:STATEFP": "", "wikidata": "", "wikipedia": "", "tunnel": "", "lit": "", "width": "", "waterway": "", "barrier": "", "fence_type": "", "junction": "", "shoulder": "", "lanes:backward": "", "lanes:forward": "", "turn:lanes:backward": "", "intermittent": "", "natural": "", "seasonal": "", "footway": "", "crossing": "", "tiger:name_base_3": "", "tiger:name_direction_prefix_3": "", "turn:lanes:forward": "", "turn:lanes": "", "lanes:both_ways": "", "turn:lanes:both_ways": "", "golf": "", "golf_cart": "", "power": "", "disused:highway": "", "tourism": "", "auxiliary_storage_labeling_positionx": -104.8760236574086, "auxiliary_storage_labeling_positiony": 38.867892105974342, "auxiliary_storage_labeling_show": null, "length": 1014.5772248702386 }, "geometry": { "type": "LineString", "coordinates": [ [ -104.875042042670401, 38.868709128104548 ], [ -104.875045, 38.8686808 ], [ -104.8750517, 38.8684871 ], [ -104.8751289, 38.8684069 ], [ -104.875189, 38.8683601 ], [ -104.8754207, 38.8682933 ], [ -104.8754894, 38.8682866 ], [ -104.8756353, 38.86832 ], [ -104.8756954, 38.86832 ], [ -104.8757469, 38.8683066 ], [ -104.8757898, 38.8682799 ], [ -104.8759217, 38.8682117 ], [ -104.8760864, 38.8680861 ], [ -104.8761404, 38.8680292 ], [ -104.8761838, 38.8679591 ], [ -104.8762104, 38.8678723 ], [ -104.8762533, 38.8677587 ], [ -104.8762876, 38.8676785 ], [ -104.8763305, 38.867605 ], [ -104.8763906, 38.8675381 ], [ -104.8764164, 38.867478 ], [ -104.8764421, 38.8673777 ], [ -104.8764764, 38.8672441 ], [ -104.8765108, 38.8671773 ], [ -104.8765365, 38.8671639 ], [ -104.876588, 38.867077 ], [ -104.8766395, 38.8670102 ], [ -104.8767168, 38.8669434 ], [ -104.8767854, 38.8669033 ], [ -104.8769399, 38.8668899 ], [ -104.8771202, 38.8668899 ] ] } }
]
}
