{
"type": "FeatureCollection",
"name": "gogallroads",
"crs": { "type": "name", "properties": { "name": "urn:ogc:def:crs:OGC:1.3:CRS84" } },
"features": [
{ "type": "Feature", "properties": { "fid": 2, "full_id": "w7683747", "osm_id": "7683747", "osm_type": "way", "highway": "unclassified", "name": "Juniper Way Loop", "tiger:cfcc": "A41", "tiger:county": "El Paso, CO", "tiger:reviewed": "no", "cycleway": "", "oneway": "yes", "tiger:name_base": "Juniper;Ridge", "tiger:name_type": "Way;Rd", "service": "", "access": null, "alt_name": null, "ref": null, "surface": "asphalt", "tiger:name_direction_prefix": "", "cycleway:both": null, "maxspeed:type": null, "sidewalk": null, "sidewalk:both:bicycle": null, "lanes": "", "bicycle": "", "foot": "", "old_railway_operator": null, "segregated": null, "bridge": "", "layer": "", "tiger:separated": null, "tiger:source": null, "tiger:tlid": null, "maxspeed": "", "name_1": null, "tiger:name_base_1": null, "tiger:name_type_1": null, "cycleway:right": "lane", "route": null, "tracktype": null, "horse": null, "motor_vehicle": null, "railway": null, "tiger:name_base_2": null, "tiger:zip_right": null, "name_2": null, "destination": null, "destination:ref": null, "alt_name_1": null, "parking:lane:both": null, "mtb:scale": null, "old_ref": null, "NHS": null, "hgv": null, "hgv:national_network": null, "source:hgv:national_network": null, "sac_scale": "", "description": null, "website": null, "trail_visibility": null, "mtb:scale:imba": null, "admin_level": null, "border_type": null, "boundary": null, "is_in:country": null, "is_in:country_code": null, "is_in:iso_3166_2": null, "is_in:state": null, "tiger:CLASSFP": null, "tiger:CPI": null, "tiger:FUNCSTAT": null, "tiger:LSAD": null, "tiger:MTFCC": null, "tiger:NAME": null, "tiger:NAMELSAD": null, "tiger:PCICBSA": null, "tiger:PCINECTA": null, "tiger:PLACEFP": null, "tiger:PLACENS": null, "tiger:PLCIDFP": null, "tiger:STATEFP": null, "wikidata": null, "wikipedia": null, "tunnel": "", "lit": null, "width": null, "waterway": null, "barrier": null, "fence_type": null, "junction": null, "shoulder": null, "lanes:backward": "", "lanes:forward": "", "turn:lanes:backward": null, "intermittent": null, "natural": null, "seasonal": null, "footway": null, "crossing": null, "tiger:name_base_3": null, "tiger:name_direction_prefix_3": null, "turn:lanes:forward": null, "turn:lanes": null, "lanes:both_ways": null, "turn:lanes:both_ways": null, "golf": null, "golf_cart": null, "power": null, "disused:highway": null, "tourism": null, "auxiliary_storage_labeling_positionx": null, "auxiliary_storage_labeling_positiony": null }, "geometry": { "type": "LineString", "coordinates": [ [ -104.877973, 38.8771868 ], [ -104.8779744, 38.8771939 ], [ -104.8779998, 38.8773996 ], [ -104.8780771, 38.8778406 ], [ -104.8781177, 38.8782951 ], [ -104.8781543, 38.8788763 ], [ -104.8781629, 38.8791903 ], [ -104.8781457, 38.8794442 ], [ -104.8781114, 38.879658 ], [ -104.8780427, 38.879952 ], [ -104.8780427, 38.8800723 ], [ -104.8780771, 38.8802059 ], [ -104.8782144, 38.8803997 ], [ -104.8788238, 38.8810812 ], [ -104.8789354, 38.8811814 ], [ -104.8790813, 38.8812683 ], [ -104.8792615, 38.8813151 ], [ -104.879773, 38.881409 ], [ -104.8798533, 38.8814237 ], [ -104.879924, 38.8814367 ], [ -104.8803173, 38.8815088 ], [ -104.8804046, 38.8815236 ], [ -104.8807548, 38.8815831 ], [ -104.8814588, 38.8817026 ], [ -104.8815961, 38.8817493 ], [ -104.8817077, 38.8818362 ], [ -104.881845, 38.8819632 ], [ -104.8819738, 38.8821235 ], [ -104.882051, 38.8822705 ], [ -104.8821111, 38.8824843 ], [ -104.8821712, 38.8825912 ], [ -104.8822828, 38.8826781 ], [ -104.8823622, 38.8826999 ], [ -104.8824287, 38.8827182 ], [ -104.882566, 38.8827248 ], [ -104.8827033, 38.8826781 ], [ -104.8827548, 38.8826246 ], [ -104.8827978, 38.8825311 ], [ -104.8827978, 38.8824175 ], [ -104.882772, 38.8822772 ], [ -104.8827205, 38.8820433 ], [ -104.8827119, 38.8819164 ], [ -104.8827548, 38.8816491 ], [ -104.8827463, 38.8815489 ], [ -104.8827071, 38.8814342 ], [ -104.8827033, 38.881422 ], [ -104.8826347, 38.8812416 ], [ -104.8826261, 38.8811079 ], [ -104.8826427, 38.8810184 ], [ -104.8826519, 38.8809743 ], [ -104.882772, 38.8807404 ], [ -104.8828235, 38.8806001 ], [ -104.8829179, 38.8804331 ], [ -104.8830638, 38.8803195 ], [ -104.8832355, 38.880226 ], [ -104.8833986, 38.8801725 ], [ -104.8836132, 38.8801725 ], [ -104.8837076, 38.8801792 ], [ -104.8837677, 38.8801525 ], [ -104.8838191, 38.880079 ], [ -104.8838277, 38.8799654 ], [ -104.8837848, 38.8797917 ], [ -104.8836389, 38.8794977 ], [ -104.8835187, 38.8792839 ], [ -104.8834668, 38.879207 ], [ -104.8834329, 38.8791569 ], [ -104.8834072, 38.8790166 ], [ -104.8833533, 38.8781474 ], [ -104.883338, 38.8777569 ], [ -104.883317, 38.8773029 ], [ -104.8832916, 38.8767417 ] ] } },
{ "type": "Feature", "properties": { "fid": 4, "full_id": "w37223087", "osm_id": "37223087", "osm_type": "way", "highway": "unclassified", "name": "Gateway Road", "tiger:cfcc": "", "tiger:county": "", "tiger:reviewed": "", "cycleway": "", "oneway": "yes", "tiger:name_base": "", "tiger:name_type": "", "service": "", "access": null, "alt_name": null, "ref": null, "surface": "asphalt", "tiger:name_direction_prefix": "", "cycleway:both": null, "maxspeed:type": null, "sidewalk": null, "sidewalk:both:bicycle": null, "lanes": "", "bicycle": "", "foot": "", "old_railway_operator": null, "segregated": null, "bridge": "", "layer": "", "tiger:separated": null, "tiger:source": null, "tiger:tlid": null, "maxspeed": "", "name_1": null, "tiger:name_base_1": null, "tiger:name_type_1": null, "cycleway:right": "", "route": null, "tracktype": null, "horse": null, "motor_vehicle": null, "railway": null, "tiger:name_base_2": null, "tiger:zip_right": null, "name_2": null, "destination": null, "destination:ref": null, "alt_name_1": null, "parking:lane:both": null, "mtb:scale": null, "old_ref": null, "NHS": null, "hgv": null, "hgv:national_network": null, "source:hgv:national_network": null, "sac_scale": "", "description": null, "website": null, "trail_visibility": null, "mtb:scale:imba": null, "admin_level": null, "border_type": null, "boundary": null, "is_in:country": null, "is_in:country_code": null, "is_in:iso_3166_2": null, "is_in:state": null, "tiger:CLASSFP": null, "tiger:CPI": null, "tiger:FUNCSTAT": null, "tiger:LSAD": null, "tiger:MTFCC": null, "tiger:NAME": null, "tiger:NAMELSAD": null, "tiger:PCICBSA": null, "tiger:PCINECTA": null, "tiger:PLACEFP": null, "tiger:PLACENS": null, "tiger:PLCIDFP": null, "tiger:STATEFP": null, "wikidata": null, "wikipedia": null, "tunnel": "", "lit": null, "width": null, "waterway": null, "barrier": null, "fence_type": null, "junction": null, "shoulder": null, "lanes:backward": "", "lanes:forward": "", "turn:lanes:backward": null, "intermittent": null, "natural": null, "seasonal": null, "footway": null, "crossing": null, "tiger:name_base_3": null, "tiger:name_direction_prefix_3": null, "turn:lanes:forward": null, "turn:lanes": null, "lanes:both_ways": null, "turn:lanes:both_ways": null, "golf": null, "golf_cart": null, "power": null, "disused:highway": null, "tourism": null, "auxiliary_storage_labeling_positionx": null, "auxiliary_storage_labeling_positiony": null }, "geometry": { "type": "LineString", "coordinates": [ [ -104.8776366, 38.876948 ], [ -104.8777157, 38.8770038 ], [ -104.877811, 38.8770655 ], [ -104.8778977, 38.8771309 ], [ -104.8779744, 38.8771939 ] ] } },
{ "type": "Feature", "properties": { "fid": 12, "full_id": "w7675986", "osm_id": "7675986", "osm_type": "way", "highway": "unclassified", "name": "Rampart Range Road", "tiger:cfcc": "A41", "tiger:county": "El Paso, CO", "tiger:reviewed": "no", "cycleway": "", "oneway": "", "tiger:name_base": "Rampart Range", "tiger:name_type": "Rd", "service": "", "access": "", "alt_name": "Forest Road 300", "ref": "FS 300", "surface": "ground", "tiger:name_direction_prefix": "", "cycleway:both": "", "maxspeed:type": "", "sidewalk": "", "sidewalk:both:bicycle": "", "lanes": "", "bicycle": "", "foot": "", "old_railway_operator": "", "segregated": "", "bridge": "", "layer": "", "tiger:separated": "", "tiger:source": "", "tiger:tlid": "", "maxspeed": "", "name_1": "", "tiger:name_base_1": "", "tiger:name_type_1": "", "cycleway:right": "", "route": "", "tracktype": "", "horse": "", "motor_vehicle": "", "railway": "", "tiger:name_base_2": "", "tiger:zip_right": "", "name_2": "", "destination": "", "destination:ref": "", "alt_name_1": "", "parking:lane:both": "", "mtb:scale": "", "old_ref": "", "NHS": "", "hgv": "", "hgv:national_network": "", "source:hgv:national_network": "", "sac_scale": "", "description": "", "website": "", "trail_visibility": "", "mtb:scale:imba": "", "admin_level": "", "border_type": "", "boundary": "", "is_in:country": "", "is_in:country_code": "", "is_in:iso_3166_2": "", "is_in:state": "", "tiger:CLASSFP": "", "tiger:CPI": "", "tiger:FUNCSTAT": "", "tiger:LSAD": "", "tiger:MTFCC": "", "tiger:NAME": "", "tiger:NAMELSAD": "", "tiger:PCICBSA": "", "tiger:PCINECTA": "", "tiger:PLACEFP": "", "tiger:PLACENS": "", "tiger:PLCIDFP": "", "tiger:STATEFP": "", "wikidata": "", "wikipedia": "", "tunnel": "", "lit": "", "width": "", "waterway": "", "barrier": "", "fence_type": "", "junction": "", "shoulder": "", "lanes:backward": "", "lanes:forward": "", "turn:lanes:backward": "", "intermittent": "", "natural": "", "seasonal": "", "footway": "", "crossing": "", "tiger:name_base_3": "", "tiger:name_direction_prefix_3": "", "turn:lanes:forward": "", "turn:lanes": "", "lanes:both_ways": "", "turn:lanes:both_ways": "", "golf": "", "golf_cart": "", "power": "", "disused:highway": "", "tourism": "", "auxiliary_storage_labeling_positionx": -104.89816445070059, "auxiliary_storage_labeling_positiony": 38.866155144174336 }, "geometry": { "type": "LineString", "coordinates": [ [ -104.8964333, 38.8657666 ], [ -104.8965163, 38.8658781 ], [ -104.8965249, 38.865965 ], [ -104.8965506, 38.8660251 ], [ -104.8966279, 38.8660853 ], [ -104.8967541, 38.8661007 ], [ -104.8971489, 38.866074 ], [ -104.8972605, 38.8660673 ], [ -104.8975094, 38.8660673 ], [ -104.8976296, 38.8660472 ], [ -104.8977326, 38.8659804 ], [ -104.8978012, 38.8658935 ], [ -104.897827, 38.86582 ], [ -104.8978184, 38.8657465 ], [ -104.8977669, 38.8656864 ], [ -104.8975953, 38.8656396 ], [ -104.897518, 38.8655794 ], [ -104.8975094, 38.8654925 ], [ -104.8975781, 38.8654257 ], [ -104.8977498, 38.865252 ], [ -104.8977927, 38.8651985 ], [ -104.8978012, 38.8651383 ], [ -104.8977755, 38.8650582 ], [ -104.8977326, 38.8649646 ], [ -104.8977669, 38.8648911 ], [ -104.8978356, 38.8648376 ], [ -104.8980845, 38.8647641 ], [ -104.8982132, 38.8647106 ], [ -104.8982562, 38.8646639 ], [ -104.8982647, 38.8646171 ], [ -104.8982304, 38.8645636 ], [ -104.8981532, 38.8644032 ], [ -104.8981532, 38.8643498 ], [ -104.8981703, 38.8642963 ], [ -104.8983076, 38.8641158 ], [ -104.8983677, 38.8640891 ], [ -104.8985566, 38.864049 ], [ -104.898651, 38.8640022 ], [ -104.8987454, 38.8639555 ], [ -104.8988141, 38.8638953 ], [ -104.8989857, 38.8637349 ], [ -104.8990973, 38.8636814 ], [ -104.8992003, 38.8636881 ], [ -104.899269, 38.863755 ], [ -104.8992947, 38.8638485 ], [ -104.899269, 38.8642361 ], [ -104.8992861, 38.8643163 ], [ -104.899372, 38.86447 ], [ -104.8997067, 38.8651517 ], [ -104.8998269, 38.8652653 ], [ -104.8999899, 38.8653789 ], [ -104.9000929, 38.8654257 ], [ -104.9001873, 38.8654257 ], [ -104.9002732, 38.8653856 ], [ -104.9004191, 38.8652921 ], [ -104.9006852, 38.865145 ], [ -104.9008912, 38.8650381 ], [ -104.9009942, 38.8649646 ], [ -104.9010542, 38.864871 ], [ -104.9011744, 38.8646705 ], [ -104.9012345, 38.8646171 ], [ -104.9013203, 38.8645903 ], [ -104.9014319, 38.864597 ], [ -104.9015349, 38.8646639 ], [ -104.9015435, 38.8647842 ], [ -104.9015006, 38.8649512 ], [ -104.9012516, 38.8659804 ], [ -104.9010971, 38.866622 ], [ -104.9010371, 38.8668158 ], [ -104.9009942, 38.8668826 ], [ -104.9009169, 38.8669294 ], [ -104.9007967, 38.8669561 ], [ -104.9005307, 38.8669628 ], [ -104.9004105, 38.8670096 ], [ -104.9003418, 38.867063 ], [ -104.9002818, 38.8671499 ], [ -104.9002903, 38.8672368 ], [ -104.9003418, 38.8673237 ], [ -104.9004534, 38.8673905 ], [ -104.900565, 38.8674172 ], [ -104.9007023, 38.8674373 ], [ -104.9010714, 38.8674105 ], [ -104.9015091, 38.8673972 ], [ -104.901655, 38.8673638 ], [ -104.9017838, 38.8672902 ], [ -104.9019469, 38.86719 ], [ -104.9023245, 38.8668492 ], [ -104.9024876, 38.8666621 ], [ -104.9025734, 38.8666153 ], [ -104.9026593, 38.8666153 ], [ -104.9027451, 38.8666754 ], [ -104.9027537, 38.8667489 ], [ -104.9027108, 38.8668291 ], [ -104.9026078, 38.8668893 ], [ -104.9025048, 38.8669828 ], [ -104.9024189, 38.8671566 ], [ -104.9023417, 38.8673571 ], [ -104.9021271, 38.8681857 ], [ -104.901492, 38.869295 ], [ -104.9014233, 38.8694487 ], [ -104.901389, 38.8696225 ], [ -104.901389, 38.8699032 ], [ -104.9013976, 38.8701972 ], [ -104.9013632, 38.8703776 ], [ -104.9012946, 38.8705246 ], [ -104.9012087, 38.8706449 ], [ -104.901087, 38.8707843 ], [ -104.9009926, 38.8708826 ], [ -104.9008826, 38.8710793 ], [ -104.9008258, 38.8713169 ], [ -104.9007967, 38.8715537 ], [ -104.9008225, 38.8718077 ], [ -104.9009083, 38.8722955 ], [ -104.9009083, 38.8724158 ], [ -104.9008568, 38.8725227 ], [ -104.9007452, 38.8725761 ], [ -104.9005822, 38.8725828 ], [ -104.9000414, 38.8725427 ], [ -104.8998269, 38.8724959 ], [ -104.8996809, 38.8724492 ], [ -104.8995822, 38.8724443 ] ] } },
{ "type": "Feature", "properties": { "fid": 15, "full_id": "w37223291", "osm_id": "37223291", "osm_type": "way", "highway": "service", "name": "", "tiger:cfcc": "", "tiger:county": "", "tiger:reviewed": "", "cycleway": "", "oneway": "yes", "tiger:name_base": "", "tiger:name_type": "", "service": "", "access": null, "alt_name": null, "ref": null, "surface": "asphalt", "tiger:name_direction_prefix": "", "cycleway:both": null, "maxspeed:type": null, "sidewalk": null, "sidewalk:both:bicycle": null, "lanes": "", "bicycle": "", "foot": "", "old_railway_operator": null, "segregated": null, "bridge": "", "layer": "", "tiger:separated": null, "tiger:source": null, "tiger:tlid": null, "maxspeed": "", "name_1": null, "tiger:name_base_1": null, "tiger:name_type_1": null, "cycleway:right": "", "route": null, "tracktype": null, "horse": null, "motor_vehicle": null, "railway": null, "tiger:name_base_2": null, "tiger:zip_right": null, "name_2": null, "destination": null, "destination:ref": null, "alt_name_1": null, "parking:lane:both": null, "mtb:scale": null, "old_ref": null, "NHS": null, "hgv": null, "hgv:national_network": null, "source:hgv:national_network": null, "sac_scale": "", "description": null, "website": null, "trail_visibility": null, "mtb:scale:imba": null, "admin_level": null, "border_type": null, "boundary": null, "is_in:country": null, "is_in:country_code": null, "is_in:iso_3166_2": null, "is_in:state": null, "tiger:CLASSFP": null, "tiger:CPI": null, "tiger:FUNCSTAT": null, "tiger:LSAD": null, "tiger:MTFCC": null, "tiger:NAME": null, "tiger:NAMELSAD": null, "tiger:PCICBSA": null, "tiger:PCINECTA": null, "tiger:PLACEFP": null, "tiger:PLACENS": null, "tiger:PLCIDFP": null, "tiger:STATEFP": null, "wikidata": null, "wikipedia": null, "tunnel": "", "lit": null, "width": null, "waterway": null, "barrier": null, "fence_type": null, "junction": null, "shoulder": null, "lanes:backward": "", "lanes:forward": "", "turn:lanes:backward": null, "intermittent": null, "natural": null, "seasonal": null, "footway": null, "crossing": null, "tiger:name_base_3": null, "tiger:name_direction_prefix_3": null, "turn:lanes:forward": null, "turn:lanes": null, "lanes:both_ways": null, "turn:lanes:both_ways": null, "golf": null, "golf_cart": null, "power": null, "disused:highway": null, "tourism": null, "auxiliary_storage_labeling_positionx": null, "auxiliary_storage_labeling_positiony": null }, "geometry": { "type": "LineString", "coordinates": [ [ -104.8701089, 38.8781134 ], [ -104.8701454, 38.8781021 ], [ -104.8701789, 38.8780942 ], [ -104.8702172, 38.8780912 ], [ -104.8702522, 38.8780932 ], [ -104.8702914, 38.8780997 ], [ -104.8703293, 38.87811 ], [ -104.8703649, 38.8781225 ], [ -104.8704059, 38.8781446 ], [ -104.8704456, 38.8781747 ], [ -104.8704797, 38.8782152 ], [ -104.8705217, 38.8782739 ], [ -104.8705631, 38.8783228 ], [ -104.8707691, 38.8785901 ], [ -104.8709011, 38.8787614 ], [ -104.870918, 38.8787802 ], [ -104.8709365, 38.878796 ], [ -104.8709677, 38.8788151 ], [ -104.8709863, 38.8788241 ], [ -104.8710086, 38.8788299 ], [ -104.8710411, 38.8788339 ], [ -104.8710717, 38.8788345 ], [ -104.8711005, 38.8788329 ], [ -104.8711311, 38.8788283 ] ] } },
{ "type": "Feature", "properties": { "fid": 24, "full_id": "w40435380", "osm_id": "40435380", "osm_type": "way", "highway": "service", "name": "", "tiger:cfcc": "", "tiger:county": "", "tiger:reviewed": "", "cycleway": "", "oneway": "yes", "tiger:name_base": "", "tiger:name_type": "", "service": "", "access": null, "alt_name": null, "ref": null, "surface": "asphalt", "tiger:name_direction_prefix": "", "cycleway:both": null, "maxspeed:type": null, "sidewalk": null, "sidewalk:both:bicycle": null, "lanes": "", "bicycle": "", "foot": "", "old_railway_operator": null, "segregated": null, "bridge": "", "layer": "", "tiger:separated": null, "tiger:source": null, "tiger:tlid": null, "maxspeed": "", "name_1": null, "tiger:name_base_1": null, "tiger:name_type_1": null, "cycleway:right": "", "route": null, "tracktype": null, "horse": null, "motor_vehicle": null, "railway": null, "tiger:name_base_2": null, "tiger:zip_right": null, "name_2": null, "destination": null, "destination:ref": null, "alt_name_1": null, "parking:lane:both": null, "mtb:scale": null, "old_ref": null, "NHS": null, "hgv": null, "hgv:national_network": null, "source:hgv:national_network": null, "sac_scale": "", "description": null, "website": null, "trail_visibility": null, "mtb:scale:imba": null, "admin_level": null, "border_type": null, "boundary": null, "is_in:country": null, "is_in:country_code": null, "is_in:iso_3166_2": null, "is_in:state": null, "tiger:CLASSFP": null, "tiger:CPI": null, "tiger:FUNCSTAT": null, "tiger:LSAD": null, "tiger:MTFCC": null, "tiger:NAME": null, "tiger:NAMELSAD": null, "tiger:PCICBSA": null, "tiger:PCINECTA": null, "tiger:PLACEFP": null, "tiger:PLACENS": null, "tiger:PLCIDFP": null, "tiger:STATEFP": null, "wikidata": null, "wikipedia": null, "tunnel": "", "lit": null, "width": null, "waterway": null, "barrier": null, "fence_type": null, "junction": null, "shoulder": null, "lanes:backward": "", "lanes:forward": "", "turn:lanes:backward": null, "intermittent": null, "natural": null, "seasonal": null, "footway": null, "crossing": null, "tiger:name_base_3": null, "tiger:name_direction_prefix_3": null, "turn:lanes:forward": null, "turn:lanes": null, "lanes:both_ways": null, "turn:lanes:both_ways": null, "golf": null, "golf_cart": null, "power": null, "disused:highway": null, "tourism": null, "auxiliary_storage_labeling_positionx": null, "auxiliary_storage_labeling_positiony": null }, "geometry": { "type": "LineString", "coordinates": [ [ -104.8713936, 38.8787655 ], [ -104.8714292, 38.8787554 ], [ -104.8714672, 38.8787445 ], [ -104.8715221, 38.8787264 ], [ -104.8715714, 38.8787054 ], [ -104.8716059, 38.8786877 ], [ -104.871634, 38.878667 ], [ -104.8716579, 38.8786376 ], [ -104.8716735, 38.8786065 ], [ -104.871677, 38.8785283 ], [ -104.8714607, 38.8777443 ], [ -104.8714541, 38.8776403 ], [ -104.8714759, 38.8774994 ], [ -104.8715391, 38.8773448 ] ] } },
{ "type": "Feature", "properties": { "fid": 25, "full_id": "w40435388", "osm_id": "40435388", "osm_type": "way", "highway": "service", "name": "", "tiger:cfcc": "", "tiger:county": "", "tiger:reviewed": "", "cycleway": "", "oneway": "yes", "tiger:name_base": "", "tiger:name_type": "", "service": "", "access": null, "alt_name": null, "ref": null, "surface": "asphalt", "tiger:name_direction_prefix": "", "cycleway:both": null, "maxspeed:type": null, "sidewalk": null, "sidewalk:both:bicycle": null, "lanes": "", "bicycle": "", "foot": "", "old_railway_operator": null, "segregated": null, "bridge": "", "layer": "-1", "tiger:separated": null, "tiger:source": null, "tiger:tlid": null, "maxspeed": "", "name_1": null, "tiger:name_base_1": null, "tiger:name_type_1": null, "cycleway:right": "", "route": null, "tracktype": null, "horse": null, "motor_vehicle": null, "railway": null, "tiger:name_base_2": null, "tiger:zip_right": null, "name_2": null, "destination": null, "destination:ref": null, "alt_name_1": null, "parking:lane:both": null, "mtb:scale": null, "old_ref": null, "NHS": null, "hgv": null, "hgv:national_network": null, "source:hgv:national_network": null, "sac_scale": "", "description": null, "website": null, "trail_visibility": null, "mtb:scale:imba": null, "admin_level": null, "border_type": null, "boundary": null, "is_in:country": null, "is_in:country_code": null, "is_in:iso_3166_2": null, "is_in:state": null, "tiger:CLASSFP": null, "tiger:CPI": null, "tiger:FUNCSTAT": null, "tiger:LSAD": null, "tiger:MTFCC": null, "tiger:NAME": null, "tiger:NAMELSAD": null, "tiger:PCICBSA": null, "tiger:PCINECTA": null, "tiger:PLACEFP": null, "tiger:PLACENS": null, "tiger:PLCIDFP": null, "tiger:STATEFP": null, "wikidata": null, "wikipedia": null, "tunnel": "yes", "lit": null, "width": null, "waterway": null, "barrier": null, "fence_type": null, "junction": null, "shoulder": null, "lanes:backward": "", "lanes:forward": "", "turn:lanes:backward": null, "intermittent": null, "natural": null, "seasonal": null, "footway": null, "crossing": null, "tiger:name_base_3": null, "tiger:name_direction_prefix_3": null, "turn:lanes:forward": null, "turn:lanes": null, "lanes:both_ways": null, "turn:lanes:both_ways": null, "golf": null, "golf_cart": null, "power": null, "disused:highway": null, "tourism": null, "auxiliary_storage_labeling_positionx": null, "auxiliary_storage_labeling_positiony": null }, "geometry": { "type": "LineString", "coordinates": [ [ -104.8711311, 38.8788283 ], [ -104.8713936, 38.8787655 ] ] } },
{ "type": "Feature", "properties": { "fid": 26, "full_id": "w51024533", "osm_id": "51024533", "osm_type": "way", "highway": "unclassified", "name": "Juniper Way Loop", "tiger:cfcc": "A41", "tiger:county": "El Paso, CO", "tiger:reviewed": "no", "cycleway": "lane", "oneway": "yes", "tiger:name_base": "Ridge", "tiger:name_type": "Rd", "service": "", "access": null, "alt_name": null, "ref": null, "surface": "asphalt", "tiger:name_direction_prefix": "", "cycleway:both": null, "maxspeed:type": null, "sidewalk": null, "sidewalk:both:bicycle": null, "lanes": "", "bicycle": "", "foot": "", "old_railway_operator": null, "segregated": null, "bridge": "", "layer": "", "tiger:separated": null, "tiger:source": null, "tiger:tlid": null, "maxspeed": "", "name_1": null, "tiger:name_base_1": null, "tiger:name_type_1": null, "cycleway:right": "", "route": null, "tracktype": null, "horse": null, "motor_vehicle": null, "railway": null, "tiger:name_base_2": null, "tiger:zip_right": null, "name_2": null, "destination": null, "destination:ref": null, "alt_name_1": null, "parking:lane:both": null, "mtb:scale": null, "old_ref": null, "NHS": null, "hgv": null, "hgv:national_network": null, "source:hgv:national_network": null, "sac_scale": "", "description": null, "website": null, "trail_visibility": null, "mtb:scale:imba": null, "admin_level": null, "border_type": null, "boundary": null, "is_in:country": null, "is_in:country_code": null, "is_in:iso_3166_2": null, "is_in:state": null, "tiger:CLASSFP": null, "tiger:CPI": null, "tiger:FUNCSTAT": null, "tiger:LSAD": null, "tiger:MTFCC": null, "tiger:NAME": null, "tiger:NAMELSAD": null, "tiger:PCICBSA": null, "tiger:PCINECTA": null, "tiger:PLACEFP": null, "tiger:PLACENS": null, "tiger:PLCIDFP": null, "tiger:STATEFP": null, "wikidata": null, "wikipedia": null, "tunnel": "", "lit": null, "width": null, "waterway": null, "barrier": null, "fence_type": null, "junction": null, "shoulder": null, "lanes:backward": "", "lanes:forward": "", "turn:lanes:backward": null, "intermittent": null, "natural": null, "seasonal": null, "footway": null, "crossing": null, "tiger:name_base_3": null, "tiger:name_direction_prefix_3": null, "turn:lanes:forward": null, "turn:lanes": null, "lanes:both_ways": null, "turn:lanes:both_ways": null, "golf": null, "golf_cart": null, "power": null, "disused:highway": null, "tourism": null, "auxiliary_storage_labeling_positionx": null, "auxiliary_storage_labeling_positiony": null }, "geometry": { "type": "LineString", "coordinates": [ [ -104.8779634, 38.8768889 ], [ -104.8779566, 38.8769562 ], [ -104.8779537, 38.8769964 ], [ -104.8779553, 38.8770441 ], [ -104.8779584, 38.8770938 ], [ -104.8779661, 38.8771528 ], [ -104.877973, 38.8771868 ] ] } },
{ "type": "Feature", "properties": { "fid": 33, "full_id": "w224607021", "osm_id": "224607021", "osm_type": "way", "highway": "secondary", "name": "North 30th Street", "tiger:cfcc": "A41", "tiger:county": "El Paso, CO", "tiger:reviewed": "", "cycleway": "", "oneway": "", "tiger:name_base": "30th", "tiger:name_type": "St", "service": "", "access": null, "alt_name": null, "ref": null, "surface": "asphalt", "tiger:name_direction_prefix": "N", "cycleway:both": null, "maxspeed:type": null, "sidewalk": null, "sidewalk:both:bicycle": null, "lanes": "2", "bicycle": "", "foot": "", "old_railway_operator": null, "segregated": null, "bridge": "", "layer": "", "tiger:separated": null, "tiger:source": null, "tiger:tlid": null, "maxspeed": "35 mph", "name_1": null, "tiger:name_base_1": null, "tiger:name_type_1": null, "cycleway:right": "", "route": null, "tracktype": null, "horse": null, "motor_vehicle": null, "railway": null, "tiger:name_base_2": null, "tiger:zip_right": null, "name_2": null, "destination": null, "destination:ref": null, "alt_name_1": null, "parking:lane:both": null, "mtb:scale": null, "old_ref": null, "NHS": null, "hgv": null, "hgv:national_network": null, "source:hgv:national_network": null, "sac_scale": "", "description": null, "website": null, "trail_visibility": null, "mtb:scale:imba": null, "admin_level": null, "border_type": null, "boundary": null, "is_in:country": null, "is_in:country_code": null, "is_in:iso_3166_2": null, "is_in:state": null, "tiger:CLASSFP": null, "tiger:CPI": null, "tiger:FUNCSTAT": null, "tiger:LSAD": null, "tiger:MTFCC": null, "tiger:NAME": null, "tiger:NAMELSAD": null, "tiger:PCICBSA": null, "tiger:PCINECTA": null, "tiger:PLACEFP": null, "tiger:PLACENS": null, "tiger:PLCIDFP": null, "tiger:STATEFP": null, "wikidata": null, "wikipedia": null, "tunnel": "", "lit": null, "width": null, "waterway": null, "barrier": null, "fence_type": null, "junction": null, "shoulder": null, "lanes:backward": "1", "lanes:forward": "1", "turn:lanes:backward": null, "intermittent": null, "natural": null, "seasonal": null, "footway": null, "crossing": null, "tiger:name_base_3": null, "tiger:name_direction_prefix_3": null, "turn:lanes:forward": null, "turn:lanes": null, "lanes:both_ways": null, "turn:lanes:both_ways": null, "golf": null, "golf_cart": null, "power": null, "disused:highway": null, "tourism": null, "auxiliary_storage_labeling_positionx": null, "auxiliary_storage_labeling_positiony": null }, "geometry": { "type": "LineString", "coordinates": [ [ -104.8661631, 38.8630649 ], [ -104.8662088, 38.8633075 ], [ -104.8663115, 38.8638592 ], [ -104.8663333, 38.8639747 ], [ -104.8664049, 38.8643539 ], [ -104.8664661, 38.8646937 ], [ -104.8665394, 38.8650387 ], [ -104.8665945, 38.8653573 ], [ -104.8667016, 38.8659706 ], [ -104.8668748, 38.8669489 ], [ -104.866958, 38.8673736 ], [ -104.8669691, 38.867434 ], [ -104.8669904, 38.8675434 ], [ -104.8670082, 38.8676251 ], [ -104.867051, 38.8678247 ], [ -104.8671657, 38.8682182 ], [ -104.8672357, 38.8684169 ], [ -104.8672933, 38.8685552 ], [ -104.8673443, 38.8686451 ], [ -104.8673923, 38.8687298 ], [ -104.867517, 38.8689128 ], [ -104.8676368, 38.8690929 ], [ -104.8677418, 38.8692623 ], [ -104.8677952, 38.8693734 ], [ -104.8678837, 38.8695657 ], [ -104.86794, 38.8697262 ], [ -104.8679985, 38.8699425 ], [ -104.86803, 38.8701325 ], [ -104.8680433, 38.8702475 ], [ -104.8680562, 38.8703583 ], [ -104.8680863, 38.8708013 ], [ -104.8680912, 38.8708741 ], [ -104.8681153, 38.8710661 ], [ -104.8681465, 38.8712437 ], [ -104.8681765, 38.8713871 ], [ -104.8682147, 38.8715701 ], [ -104.8682849, 38.8718719 ], [ -104.8683476, 38.8720544 ], [ -104.8684028, 38.872215 ], [ -104.8686929, 38.8730127 ], [ -104.8687443, 38.8731631 ], [ -104.8688624, 38.8735085 ], [ -104.8689041, 38.8736527 ], [ -104.8689217, 38.8737337 ], [ -104.8689538, 38.873881 ], [ -104.8690601, 38.8744624 ], [ -104.8691731, 38.8751383 ], [ -104.8691907, 38.8752438 ], [ -104.8692492, 38.8756233 ], [ -104.8693056, 38.8760115 ], [ -104.8693417, 38.8762127 ], [ -104.8693687, 38.8763364 ], [ -104.8694027, 38.8764585 ], [ -104.8694403, 38.8765448 ], [ -104.8694841, 38.8766393 ], [ -104.8695481, 38.876773 ], [ -104.8696059, 38.8768662 ], [ -104.8696536, 38.8769255 ], [ -104.8697062, 38.8769824 ], [ -104.8699004, 38.8771719 ], [ -104.8702317, 38.8774472 ], [ -104.8704116, 38.8776053 ], [ -104.8705138, 38.8776951 ], [ -104.8706787, 38.8778501 ], [ -104.8708287, 38.8780178 ], [ -104.8709079, 38.8781227 ], [ -104.8709529, 38.8781822 ], [ -104.8710422, 38.8783181 ], [ -104.8711377, 38.8784742 ], [ -104.871216, 38.8786402 ], [ -104.8713044, 38.8788342 ], [ -104.8713609, 38.8790007 ], [ -104.871402, 38.8791363 ], [ -104.8714361, 38.8792901 ], [ -104.8714793, 38.8795361 ], [ -104.8715067, 38.8797011 ], [ -104.8715348, 38.8798663 ], [ -104.8715913, 38.8801602 ], [ -104.871619, 38.8802601 ], [ -104.8716406, 38.8803382 ], [ -104.8717027, 38.8804707 ], [ -104.8717847, 38.8806233 ], [ -104.8718745, 38.8807562 ], [ -104.8719603, 38.8808605 ], [ -104.8720514, 38.8809712 ], [ -104.8723452, 38.881303 ], [ -104.8724868, 38.8814728 ], [ -104.8726073, 38.8816173 ], [ -104.8728978, 38.8820021 ], [ -104.8733185, 38.8826402 ], [ -104.8736087, 38.8830954 ], [ -104.8737065, 38.8832536 ], [ -104.8738497, 38.8835447 ], [ -104.8738838, 38.8836114 ], [ -104.8739236, 38.8837043 ], [ -104.8739599, 38.8838252 ], [ -104.8739878, 38.8839795 ], [ -104.8739956, 38.8840926 ], [ -104.8739979, 38.8841871 ], [ -104.8739849, 38.8842918 ], [ -104.8739621, 38.8844222 ], [ -104.8739345, 38.8845691 ], [ -104.8738881, 38.8848156 ], [ -104.8738858, 38.8849164 ], [ -104.8738958, 38.8850233 ], [ -104.8739157, 38.8851246 ], [ -104.8739901, 38.8853869 ], [ -104.8740293, 38.88553 ], [ -104.8742315, 38.8862691 ], [ -104.8744206, 38.8869791 ], [ -104.8745479, 38.8874912 ], [ -104.8745848, 38.8876571 ] ] } },
{ "type": "Feature", "properties": { "fid": 50, "full_id": "w7682638", "osm_id": "7682638", "osm_type": "way", "highway": "unclassified", "name": "Garden Drive", "tiger:cfcc": "A41", "tiger:county": "El Paso, CO", "tiger:reviewed": "no", "cycleway": "lane", "oneway": "yes", "tiger:name_base": "Garden", "tiger:name_type": "Dr", "service": "", "access": "", "alt_name": "", "ref": "", "surface": "asphalt", "tiger:name_direction_prefix": "", "cycleway:both": "", "maxspeed:type": "", "sidewalk": "", "sidewalk:both:bicycle": "", "lanes": "", "bicycle": "", "foot": "", "old_railway_operator": "", "segregated": "", "bridge": "", "layer": "", "tiger:separated": "", "tiger:source": "", "tiger:tlid": "", "maxspeed": "", "name_1": "", "tiger:name_base_1": "", "tiger:name_type_1": "", "cycleway:right": "", "route": "", "tracktype": "", "horse": "", "motor_vehicle": "", "railway": "", "tiger:name_base_2": "", "tiger:zip_right": "", "name_2": "", "destination": "", "destination:ref": "", "alt_name_1": "", "parking:lane:both": "", "mtb:scale": "", "old_ref": "", "NHS": "", "hgv": "", "hgv:national_network": "", "source:hgv:national_network": "", "sac_scale": "", "description": "", "website": "", "trail_visibility": "", "mtb:scale:imba": "", "admin_level": "", "border_type": "", "boundary": "", "is_in:country": "", "is_in:country_code": "", "is_in:iso_3166_2": "", "is_in:state": "", "tiger:CLASSFP": "", "tiger:CPI": "", "tiger:FUNCSTAT": "", "tiger:LSAD": "", "tiger:MTFCC": "", "tiger:NAME": "", "tiger:NAMELSAD": "", "tiger:PCICBSA": "", "tiger:PCINECTA": "", "tiger:PLACEFP": "", "tiger:PLACENS": "", "tiger:PLCIDFP": "", "tiger:STATEFP": "", "wikidata": "", "wikipedia": "", "tunnel": "", "lit": "", "width": "", "waterway": "", "barrier": "", "fence_type": "", "junction": "", "shoulder": "", "lanes:backward": "", "lanes:forward": "", "turn:lanes:backward": "", "intermittent": "", "natural": "", "seasonal": "", "footway": "", "crossing": "", "tiger:name_base_3": "", "tiger:name_direction_prefix_3": "", "turn:lanes:forward": "", "turn:lanes": "", "lanes:both_ways": null, "turn:lanes:both_ways": null, "golf": "", "golf_cart": "", "power": "", "disused:highway": "", "tourism": "", "auxiliary_storage_labeling_positionx": null, "auxiliary_storage_labeling_positiony": null }, "geometry": { "type": "LineString", "coordinates": [ [ -104.8880079, 38.8678581 ], [ -104.8880938, 38.8678246 ], [ -104.8881796, 38.8677712 ], [ -104.8882912, 38.8677244 ], [ -104.8884028, 38.867691 ], [ -104.8886002, 38.8676643 ], [ -104.888892, 38.8676442 ], [ -104.8891924, 38.8676375 ], [ -104.8893297, 38.8676242 ], [ -104.8894242, 38.8675974 ], [ -104.8895186, 38.8675506 ], [ -104.8895872, 38.8674972 ], [ -104.8896731, 38.8673969 ], [ -104.8897846, 38.8672366 ], [ -104.889922, 38.8670561 ], [ -104.8899542, 38.8670279 ], [ -104.8899906, 38.866996 ], [ -104.8900679, 38.8669492 ], [ -104.8901623, 38.8669291 ], [ -104.8902567, 38.8669425 ], [ -104.890394, 38.866996 ], [ -104.8905142, 38.8670829 ], [ -104.890643, 38.8671898 ], [ -104.8908232, 38.8673903 ], [ -104.8908919, 38.8674571 ], [ -104.8909777, 38.8675039 ], [ -104.8910635, 38.8675306 ], [ -104.8911665, 38.8675306 ], [ -104.8912609, 38.8675106 ], [ -104.8913296, 38.8674705 ], [ -104.8913983, 38.8674036 ], [ -104.8915432, 38.867232 ], [ -104.8916128, 38.8671497 ], [ -104.8917673, 38.8669826 ], [ -104.8919132, 38.8668623 ], [ -104.8920506, 38.8667888 ], [ -104.8921879, 38.8667287 ], [ -104.892351, 38.8666752 ], [ -104.8925055, 38.8666217 ], [ -104.8926771, 38.8665482 ], [ -104.8929003, 38.8664413 ], [ -104.893278, 38.8662609 ], [ -104.8934067, 38.8662141 ], [ -104.8935269, 38.8661807 ], [ -104.8936985, 38.8661473 ], [ -104.8938702, 38.8661406 ], [ -104.8939143, 38.8661423 ], [ -104.8940418, 38.8661473 ], [ -104.8942564, 38.8661606 ], [ -104.8944796, 38.8661807 ], [ -104.8947113, 38.866194 ], [ -104.8950632, 38.8662007 ], [ -104.8953636, 38.8661807 ], [ -104.8955782, 38.8661606 ], [ -104.8958271, 38.8661138 ], [ -104.8959242, 38.8660847 ], [ -104.895967, 38.8660719 ] ] } },
{ "type": "Feature", "properties": { "fid": 51, "full_id": "w7682640", "osm_id": "7682640", "osm_type": "way", "highway": "unclassified", "name": "Garden Dr; Garden of the Gods Road", "tiger:cfcc": "A41", "tiger:county": "El Paso, CO", "tiger:reviewed": "", "cycleway": "lane", "oneway": "", "tiger:name_base": "Garden; Garden of the Gods", "tiger:name_type": "Dr; Rd", "service": "", "access": "", "alt_name": "", "ref": "", "surface": "asphalt", "tiger:name_direction_prefix": "", "cycleway:both": "", "maxspeed:type": "", "sidewalk": "", "sidewalk:both:bicycle": "", "lanes": "", "bicycle": "", "foot": "", "old_railway_operator": "", "segregated": "", "bridge": "", "layer": "", "tiger:separated": "", "tiger:source": "", "tiger:tlid": "", "maxspeed": "", "name_1": "Garden Drive", "tiger:name_base_1": "Garden", "tiger:name_type_1": "Dr", "cycleway:right": "", "route": "", "tracktype": "", "horse": "", "motor_vehicle": "", "railway": "", "tiger:name_base_2": "", "tiger:zip_right": "", "name_2": "", "destination": "", "destination:ref": "", "alt_name_1": "", "parking:lane:both": "", "mtb:scale": "", "old_ref": "", "NHS": "", "hgv": "", "hgv:national_network": "", "source:hgv:national_network": "", "sac_scale": "", "description": "", "website": "", "trail_visibility": "", "mtb:scale:imba": "", "admin_level": "", "border_type": "", "boundary": "", "is_in:country": "", "is_in:country_code": "", "is_in:iso_3166_2": "", "is_in:state": "", "tiger:CLASSFP": "", "tiger:CPI": "", "tiger:FUNCSTAT": "", "tiger:LSAD": "", "tiger:MTFCC": "", "tiger:NAME": "", "tiger:NAMELSAD": "", "tiger:PCICBSA": "", "tiger:PCINECTA": "", "tiger:PLACEFP": "", "tiger:PLACENS": "", "tiger:PLCIDFP": "", "tiger:STATEFP": "", "wikidata": "", "wikipedia": "", "tunnel": "", "lit": "", "width": "", "waterway": "", "barrier": "", "fence_type": "", "junction": "", "shoulder": "", "lanes:backward": "", "lanes:forward": "", "turn:lanes:backward": "", "intermittent": "", "natural": "", "seasonal": "", "footway": "", "crossing": "", "tiger:name_base_3": "", "tiger:name_direction_prefix_3": "", "turn:lanes:forward": "", "turn:lanes": "", "lanes:both_ways": null, "turn:lanes:both_ways": null, "golf": "", "golf_cart": "", "power": "", "disused:highway": "", "tourism": "", "auxiliary_storage_labeling_positionx": null, "auxiliary_storage_labeling_positiony": null }, "geometry": { "type": "LineString", "coordinates": [ [ -104.8880079, 38.8678581 ], [ -104.8877251, 38.8680449 ], [ -104.8873217, 38.8684191 ], [ -104.8871415, 38.8686329 ], [ -104.8868583, 38.8690941 ], [ -104.886575, 38.8695752 ], [ -104.8862947, 38.8699146 ] ] } },
{ "type": "Feature", "properties": { "fid": 239, "full_id": "w39071950", "osm_id": "39071950", "osm_type": "way", "highway": "service", "name": "", "tiger:cfcc": "", "tiger:county": "", "tiger:reviewed": "", "cycleway": "", "oneway": "", "tiger:name_base": "", "tiger:name_type": "", "service": "", "access": "", "alt_name": "", "ref": "", "surface": "asphalt", "tiger:name_direction_prefix": "", "cycleway:both": "", "maxspeed:type": "", "sidewalk": "", "sidewalk:both:bicycle": "", "lanes": "", "bicycle": "", "foot": "", "old_railway_operator": "", "segregated": "", "bridge": "", "layer": "", "tiger:separated": "", "tiger:source": "", "tiger:tlid": "", "maxspeed": "", "name_1": "", "tiger:name_base_1": "", "tiger:name_type_1": "", "cycleway:right": "", "route": "", "tracktype": "", "horse": "", "motor_vehicle": "", "railway": "", "tiger:name_base_2": "", "tiger:zip_right": "", "name_2": "", "destination": "", "destination:ref": "", "alt_name_1": "", "parking:lane:both": "", "mtb:scale": "", "old_ref": "", "NHS": "", "hgv": "", "hgv:national_network": "", "source:hgv:national_network": "", "sac_scale": "", "description": "", "website": "", "trail_visibility": "", "mtb:scale:imba": "", "admin_level": "", "border_type": "", "boundary": "", "is_in:country": "", "is_in:country_code": "", "is_in:iso_3166_2": "", "is_in:state": "", "tiger:CLASSFP": "", "tiger:CPI": "", "tiger:FUNCSTAT": "", "tiger:LSAD": "", "tiger:MTFCC": "", "tiger:NAME": "", "tiger:NAMELSAD": "", "tiger:PCICBSA": "", "tiger:PCINECTA": "", "tiger:PLACEFP": "", "tiger:PLACENS": "", "tiger:PLCIDFP": "", "tiger:STATEFP": "", "wikidata": "", "wikipedia": "", "tunnel": "", "lit": "", "width": "", "waterway": "", "barrier": "", "fence_type": "", "junction": "", "shoulder": "", "lanes:backward": "", "lanes:forward": "", "turn:lanes:backward": "", "intermittent": "", "natural": "", "seasonal": "", "footway": "", "crossing": "", "tiger:name_base_3": "", "tiger:name_direction_prefix_3": "", "turn:lanes:forward": "", "turn:lanes": "", "lanes:both_ways": "", "turn:lanes:both_ways": "", "golf": "", "golf_cart": "", "power": "", "disused:highway": "", "tourism": "", "auxiliary_storage_labeling_positionx": null, "auxiliary_storage_labeling_positiony": null }, "geometry": { "type": "LineString", "coordinates": [ [ -104.8911665, 38.8675306 ], [ -104.8911665, 38.8676175 ], [ -104.8911474, 38.8676921 ], [ -104.8911408, 38.8677177 ], [ -104.8910893, 38.8678246 ], [ -104.891012, 38.8678982 ], [ -104.8909262, 38.8679516 ], [ -104.8908232, 38.8679783 ], [ -104.8906601, 38.867985 ] ] } },
{ "type": "Feature", "properties": { "fid": 257, "full_id": "w39083641", "osm_id": "39083641", "osm_type": "way", "highway": "track", "name": "", "tiger:cfcc": "", "tiger:county": "", "tiger:reviewed": "", "cycleway": "", "oneway": "", "tiger:name_base": "", "tiger:name_type": "", "service": "", "access": "", "alt_name": "", "ref": "", "surface": "gravel", "tiger:name_direction_prefix": "", "cycleway:both": "", "maxspeed:type": "", "sidewalk": "", "sidewalk:both:bicycle": "", "lanes": "", "bicycle": "", "foot": "", "old_railway_operator": "", "segregated": "", "bridge": "", "layer": "", "tiger:separated": "", "tiger:source": "", "tiger:tlid": "", "maxspeed": "", "name_1": "", "tiger:name_base_1": "", "tiger:name_type_1": "", "cycleway:right": "", "route": "", "tracktype": "", "horse": "", "motor_vehicle": "", "railway": "", "tiger:name_base_2": "", "tiger:zip_right": "", "name_2": "", "destination": "", "destination:ref": "", "alt_name_1": "", "parking:lane:both": "", "mtb:scale": "", "old_ref": "", "NHS": "", "hgv": "", "hgv:national_network": "", "source:hgv:national_network": "", "sac_scale": "", "description": "", "website": "", "trail_visibility": "", "mtb:scale:imba": "", "admin_level": "", "border_type": "", "boundary": "", "is_in:country": "", "is_in:country_code": "", "is_in:iso_3166_2": "", "is_in:state": "", "tiger:CLASSFP": "", "tiger:CPI": "", "tiger:FUNCSTAT": "", "tiger:LSAD": "", "tiger:MTFCC": "", "tiger:NAME": "", "tiger:NAMELSAD": "", "tiger:PCICBSA": "", "tiger:PCINECTA": "", "tiger:PLACEFP": "", "tiger:PLACENS": "", "tiger:PLCIDFP": "", "tiger:STATEFP": "", "wikidata": "", "wikipedia": "", "tunnel": "", "lit": "", "width": "", "waterway": "", "barrier": "", "fence_type": "", "junction": "", "shoulder": "", "lanes:backward": "", "lanes:forward": "", "turn:lanes:backward": "", "intermittent": "", "natural": "", "seasonal": "", "footway": "", "crossing": "", "tiger:name_base_3": "", "tiger:name_direction_prefix_3": "", "turn:lanes:forward": "", "turn:lanes": "", "lanes:both_ways": "", "turn:lanes:both_ways": "", "golf": "", "golf_cart": "", "power": "", "disused:highway": "", "tourism": "", "auxiliary_storage_labeling_positionx": null, "auxiliary_storage_labeling_positiony": null }, "geometry": { "type": "LineString", "coordinates": [ [ -104.8856616, 38.8690708 ], [ -104.8855415, 38.8690708 ], [ -104.8854385, 38.8690708 ], [ -104.8853355, 38.8690976 ], [ -104.8852582, 38.8691376 ], [ -104.8851724, 38.8691644 ], [ -104.885078, 38.8691777 ], [ -104.884975, 38.8691911 ], [ -104.8848205, 38.8691777 ], [ -104.8846746, 38.869151 ], [ -104.8845802, 38.8691109 ], [ -104.8844857, 38.8690641 ], [ -104.8843828, 38.8689973 ], [ -104.8843227, 38.868857 ], [ -104.8842798, 38.86871 ], [ -104.8842626, 38.8686298 ], [ -104.8841939, 38.8685629 ], [ -104.8840823, 38.8684961 ] ] } },
{ "type": "Feature", "properties": { "fid": 261, "full_id": "w39158413", "osm_id": "39158413", "osm_type": "way", "highway": "service", "name": "", "tiger:cfcc": "", "tiger:county": "", "tiger:reviewed": "", "cycleway": "", "oneway": "", "tiger:name_base": "", "tiger:name_type": "", "service": "parking_aisle", "access": "", "alt_name": "", "ref": "", "surface": "asphalt", "tiger:name_direction_prefix": "", "cycleway:both": "", "maxspeed:type": "", "sidewalk": "", "sidewalk:both:bicycle": "", "lanes": "", "bicycle": "", "foot": "", "old_railway_operator": "", "segregated": "", "bridge": "", "layer": "", "tiger:separated": "", "tiger:source": "", "tiger:tlid": "", "maxspeed": "", "name_1": "", "tiger:name_base_1": "", "tiger:name_type_1": "", "cycleway:right": "", "route": "", "tracktype": "", "horse": "", "motor_vehicle": "", "railway": "", "tiger:name_base_2": "", "tiger:zip_right": "", "name_2": "", "destination": "", "destination:ref": "", "alt_name_1": "", "parking:lane:both": "", "mtb:scale": "", "old_ref": "", "NHS": "", "hgv": "", "hgv:national_network": "", "source:hgv:national_network": "", "sac_scale": "", "description": "", "website": "", "trail_visibility": "", "mtb:scale:imba": "", "admin_level": "", "border_type": "", "boundary": "", "is_in:country": "", "is_in:country_code": "", "is_in:iso_3166_2": "", "is_in:state": "", "tiger:CLASSFP": "", "tiger:CPI": "", "tiger:FUNCSTAT": "", "tiger:LSAD": "", "tiger:MTFCC": "", "tiger:NAME": "", "tiger:NAMELSAD": "", "tiger:PCICBSA": "", "tiger:PCINECTA": "", "tiger:PLACEFP": "", "tiger:PLACENS": "", "tiger:PLCIDFP": "", "tiger:STATEFP": "", "wikidata": "", "wikipedia": "", "tunnel": "", "lit": "", "width": "", "waterway": "", "barrier": "", "fence_type": "", "junction": "", "shoulder": "", "lanes:backward": "", "lanes:forward": "", "turn:lanes:backward": "", "intermittent": "", "natural": "", "seasonal": "", "footway": "", "crossing": "", "tiger:name_base_3": "", "tiger:name_direction_prefix_3": "", "turn:lanes:forward": "", "turn:lanes": "", "lanes:both_ways": "", "turn:lanes:both_ways": "", "golf": "", "golf_cart": "", "power": "", "disused:highway": "", "tourism": "", "auxiliary_storage_labeling_positionx": null, "auxiliary_storage_labeling_positiony": null }, "geometry": { "type": "LineString", "coordinates": [ [ -104.878576, 38.8701709 ], [ -104.8784677, 38.870151 ], [ -104.878399, 38.870131 ], [ -104.8783218, 38.8700909 ], [ -104.8782617, 38.8700575 ], [ -104.8782102, 38.8699973 ] ] } },
{ "type": "Feature", "properties": { "fid": 266, "full_id": "w37223095", "osm_id": "37223095", "osm_type": "way", "highway": "unclassified", "name": "Juniper Way Loop", "tiger:cfcc": "A41", "tiger:county": "El Paso, CO", "tiger:reviewed": "", "cycleway": "", "oneway": "yes", "tiger:name_base": "Juniper", "tiger:name_type": "Way", "service": "", "access": "", "alt_name": "", "ref": "", "surface": "asphalt", "tiger:name_direction_prefix": "", "cycleway:both": "", "maxspeed:type": "", "sidewalk": "", "sidewalk:both:bicycle": "", "lanes": "", "bicycle": "", "foot": "", "old_railway_operator": "", "segregated": "", "bridge": "", "layer": "", "tiger:separated": "", "tiger:source": "", "tiger:tlid": "", "maxspeed": "", "name_1": "", "tiger:name_base_1": "", "tiger:name_type_1": "", "cycleway:right": "", "route": "", "tracktype": "", "horse": "", "motor_vehicle": "", "railway": "", "tiger:name_base_2": "", "tiger:zip_right": "", "name_2": "", "destination": "", "destination:ref": "", "alt_name_1": "", "parking:lane:both": "", "mtb:scale": "", "old_ref": "", "NHS": "", "hgv": "", "hgv:national_network": "", "source:hgv:national_network": "", "sac_scale": "", "description": "", "website": "", "trail_visibility": "", "mtb:scale:imba": "", "admin_level": "", "border_type": "", "boundary": "", "is_in:country": "", "is_in:country_code": "", "is_in:iso_3166_2": "", "is_in:state": "", "tiger:CLASSFP": "", "tiger:CPI": "", "tiger:FUNCSTAT": "", "tiger:LSAD": "", "tiger:MTFCC": "", "tiger:NAME": "", "tiger:NAMELSAD": "", "tiger:PCICBSA": "", "tiger:PCINECTA": "", "tiger:PLACEFP": "", "tiger:PLACENS": "", "tiger:PLCIDFP": "", "tiger:STATEFP": "", "wikidata": "", "wikipedia": "", "tunnel": "", "lit": "", "width": "", "waterway": "", "barrier": "", "fence_type": "", "junction": "", "shoulder": "", "lanes:backward": "", "lanes:forward": "", "turn:lanes:backward": "", "intermittent": "", "natural": "", "seasonal": "", "footway": "", "crossing": "", "tiger:name_base_3": "", "tiger:name_direction_prefix_3": "", "turn:lanes:forward": "", "turn:lanes": "", "lanes:both_ways": null, "turn:lanes:both_ways": null, "golf": "", "golf_cart": "", "power": "", "disused:highway": "", "tourism": "", "auxiliary_storage_labeling_positionx": null, "auxiliary_storage_labeling_positiony": null }, "geometry": { "type": "LineString", "coordinates": [ [ -104.8832916, 38.8767417 ], [ -104.8832255, 38.8766272 ], [ -104.8831843, 38.8765594 ], [ -104.8830772, 38.8764519 ] ] } },
{ "type": "Feature", "properties": { "fid": 295, "full_id": "w37223248", "osm_id": "37223248", "osm_type": "way", "highway": "unclassified", "name": "Ridge Road", "tiger:cfcc": "A41", "tiger:county": "El Paso, CO", "tiger:reviewed": "", "cycleway": "", "oneway": "", "tiger:name_base": "Ridge", "tiger:name_type": "Rd", "service": "", "access": "", "alt_name": "", "ref": "", "surface": "asphalt", "tiger:name_direction_prefix": "", "cycleway:both": "", "maxspeed:type": "", "sidewalk": "", "sidewalk:both:bicycle": "", "lanes": "", "bicycle": "", "foot": "", "old_railway_operator": "", "segregated": "", "bridge": "", "layer": "", "tiger:separated": "", "tiger:source": "", "tiger:tlid": "", "maxspeed": "", "name_1": "", "tiger:name_base_1": "", "tiger:name_type_1": "", "cycleway:right": "", "route": "", "tracktype": "", "horse": "", "motor_vehicle": "", "railway": "", "tiger:name_base_2": "", "tiger:zip_right": "", "name_2": "", "destination": "", "destination:ref": "", "alt_name_1": "", "parking:lane:both": "", "mtb:scale": "", "old_ref": "", "NHS": "", "hgv": "", "hgv:national_network": "", "source:hgv:national_network": "", "sac_scale": "", "description": "", "website": "", "trail_visibility": "", "mtb:scale:imba": "", "admin_level": "", "border_type": "", "boundary": "", "is_in:country": "", "is_in:country_code": "", "is_in:iso_3166_2": "", "is_in:state": "", "tiger:CLASSFP": "", "tiger:CPI": "", "tiger:FUNCSTAT": "", "tiger:LSAD": "", "tiger:MTFCC": "", "tiger:NAME": "", "tiger:NAMELSAD": "", "tiger:PCICBSA": "", "tiger:PCINECTA": "", "tiger:PLACEFP": "", "tiger:PLACENS": "", "tiger:PLCIDFP": "", "tiger:STATEFP": "", "wikidata": "", "wikipedia": "", "tunnel": "", "lit": "", "width": "", "waterway": "", "barrier": "", "fence_type": "", "junction": "", "shoulder": "", "lanes:backward": "", "lanes:forward": "", "turn:lanes:backward": "", "intermittent": "", "natural": "", "seasonal": "", "footway": "", "crossing": "", "tiger:name_base_3": "", "tiger:name_direction_prefix_3": "", "turn:lanes:forward": "", "turn:lanes": "", "lanes:both_ways": null, "turn:lanes:both_ways": null, "golf": "", "golf_cart": "", "power": "", "disused:highway": "", "tourism": "", "auxiliary_storage_labeling_positionx": null, "auxiliary_storage_labeling_positiony": null }, "geometry": { "type": "LineString", "coordinates": [ [ -104.878871788586721, 38.867750785593081 ], [ -104.878906744599561, 38.867681231953007 ], [ -104.8789487, 38.867551 ], [ -104.8789661, 38.8674888 ], [ -104.8789795, 38.867351 ], [ -104.8789795, 38.8672674 ], [ -104.87895, 38.8669751 ], [ -104.8789634, 38.8667662 ], [ -104.8790465, 38.8664362 ], [ -104.8791619, 38.8660708 ], [ -104.8791619, 38.8659935 ], [ -104.8791404, 38.8659371 ], [ -104.8790894, 38.8658828 ], [ -104.8789446, 38.8657763 ], [ -104.8786844, 38.8656072 ], [ -104.8786443, 38.8655725 ], [ -104.8785557, 38.8654944 ], [ -104.878376, 38.8653607 ], [ -104.8782642, 38.8652966 ], [ -104.8781212, 38.8652145 ], [ -104.8780729, 38.8651644 ], [ -104.8780461, 38.8651143 ], [ -104.8780353, 38.865083 ], [ -104.8780353, 38.8650078 ], [ -104.8781426, 38.8646506 ], [ -104.8783733, 38.8639343 ], [ -104.878443, 38.8636753 ], [ -104.8785262, 38.8634644 ], [ -104.878604, 38.8632785 ], [ -104.8786978, 38.8629193 ], [ -104.8789547, 38.8622084 ], [ -104.8789789, 38.8621378 ], [ -104.8789875, 38.8620762 ], [ -104.8789911, 38.8620164 ], [ -104.8789814, 38.8618525 ], [ -104.8789838, 38.8617903 ], [ -104.8789985, 38.8617197 ], [ -104.8790362, 38.8616363 ], [ -104.8790947, 38.8615546 ], [ -104.8791851, 38.861434 ], [ -104.879284, 38.8613083 ], [ -104.8793887, 38.8611937 ], [ -104.879479, 38.8610816 ], [ -104.8795469, 38.8609816 ], [ -104.8796169, 38.8608659 ] ] } },
{ "type": "Feature", "properties": { "fid": 297, "full_id": "w37223256", "osm_id": "37223256", "osm_type": "way", "highway": "unclassified", "name": "", "tiger:cfcc": "", "tiger:county": "", "tiger:reviewed": "", "cycleway": "", "oneway": "yes", "tiger:name_base": "", "tiger:name_type": "", "service": "", "access": "", "alt_name": "", "ref": "", "surface": "asphalt", "tiger:name_direction_prefix": "", "cycleway:both": "", "maxspeed:type": "", "sidewalk": "", "sidewalk:both:bicycle": "", "lanes": "", "bicycle": "", "foot": "", "old_railway_operator": "", "segregated": "", "bridge": "", "layer": "", "tiger:separated": "", "tiger:source": "", "tiger:tlid": "", "maxspeed": "", "name_1": "", "tiger:name_base_1": "", "tiger:name_type_1": "", "cycleway:right": "", "route": "", "tracktype": "", "horse": "", "motor_vehicle": "", "railway": "", "tiger:name_base_2": "", "tiger:zip_right": "", "name_2": "", "destination": "", "destination:ref": "", "alt_name_1": "", "parking:lane:both": "", "mtb:scale": "", "old_ref": "", "NHS": "", "hgv": "", "hgv:national_network": "", "source:hgv:national_network": "", "sac_scale": "", "description": "", "website": "", "trail_visibility": "", "mtb:scale:imba": "", "admin_level": "", "border_type": "", "boundary": "", "is_in:country": "", "is_in:country_code": "", "is_in:iso_3166_2": "", "is_in:state": "", "tiger:CLASSFP": "", "tiger:CPI": "", "tiger:FUNCSTAT": "", "tiger:LSAD": "", "tiger:MTFCC": "", "tiger:NAME": "", "tiger:NAMELSAD": "", "tiger:PCICBSA": "", "tiger:PCINECTA": "", "tiger:PLACEFP": "", "tiger:PLACENS": "", "tiger:PLCIDFP": "", "tiger:STATEFP": "", "wikidata": "", "wikipedia": "", "tunnel": "", "lit": "", "width": "", "waterway": "", "barrier": "", "fence_type": "", "junction": "", "shoulder": "", "lanes:backward": "", "lanes:forward": "", "turn:lanes:backward": "", "intermittent": "", "natural": "", "seasonal": "", "footway": "", "crossing": "", "tiger:name_base_3": "", "tiger:name_direction_prefix_3": "", "turn:lanes:forward": "", "turn:lanes": "", "lanes:both_ways": null, "turn:lanes:both_ways": null, "golf": "", "golf_cart": "", "power": "", "disused:highway": "", "tourism": "", "auxiliary_storage_labeling_positionx": null, "auxiliary_storage_labeling_positiony": null }, "geometry": { "type": "LineString", "coordinates": [ [ -104.8832916, 38.8767417 ], [ -104.8833333, 38.8765872 ], [ -104.8833603, 38.8764555 ], [ -104.8833812, 38.8762979 ] ] } },
{ "type": "Feature", "properties": { "fid": 300, "full_id": "w37223262", "osm_id": "37223262", "osm_type": "way", "highway": "unclassified", "name": "Gateway Road", "tiger:cfcc": "A41", "tiger:county": "El Paso, CO", "tiger:reviewed": "", "cycleway": "", "oneway": "", "tiger:name_base": "Gateway", "tiger:name_type": "Rd", "service": "", "access": "", "alt_name": "", "ref": "", "surface": "asphalt", "tiger:name_direction_prefix": "", "cycleway:both": "", "maxspeed:type": "", "sidewalk": "", "sidewalk:both:bicycle": "", "lanes": "", "bicycle": "", "foot": "", "old_railway_operator": "", "segregated": "", "bridge": "", "layer": "", "tiger:separated": "", "tiger:source": "", "tiger:tlid": "", "maxspeed": "", "name_1": "", "tiger:name_base_1": "", "tiger:name_type_1": "", "cycleway:right": "", "route": "", "tracktype": "", "horse": "", "motor_vehicle": "", "railway": "", "tiger:name_base_2": "", "tiger:zip_right": "", "name_2": "", "destination": "", "destination:ref": "", "alt_name_1": "", "parking:lane:both": "", "mtb:scale": "", "old_ref": "", "NHS": "", "hgv": "", "hgv:national_network": "", "source:hgv:national_network": "", "sac_scale": "", "description": "", "website": "", "trail_visibility": "", "mtb:scale:imba": "", "admin_level": "", "border_type": "", "boundary": "", "is_in:country": "", "is_in:country_code": "", "is_in:iso_3166_2": "", "is_in:state": "", "tiger:CLASSFP": "", "tiger:CPI": "", "tiger:FUNCSTAT": "", "tiger:LSAD": "", "tiger:MTFCC": "", "tiger:NAME": "", "tiger:NAMELSAD": "", "tiger:PCICBSA": "", "tiger:PCINECTA": "", "tiger:PLACEFP": "", "tiger:PLACENS": "", "tiger:PLCIDFP": "", "tiger:STATEFP": "", "wikidata": "", "wikipedia": "", "tunnel": "", "lit": "", "width": "", "waterway": "", "barrier": "", "fence_type": "", "junction": "", "shoulder": "", "lanes:backward": "", "lanes:forward": "", "turn:lanes:backward": "", "intermittent": "", "natural": "", "seasonal": "", "footway": "", "crossing": "", "tiger:name_base_3": "", "tiger:name_direction_prefix_3": "", "turn:lanes:forward": "", "turn:lanes": "", "lanes:both_ways": null, "turn:lanes:both_ways": null, "golf": "", "golf_cart": "", "power": "", "disused:highway": "", "tourism": "", "auxiliary_storage_labeling_positionx": null, "auxiliary_storage_labeling_positiony": null }, "geometry": { "type": "LineString", "coordinates": [ [ -104.8706787, 38.8778501 ], [ -104.8708318, 38.8777285 ], [ -104.8711063, 38.8775578 ], [ -104.8713338, 38.8774262 ], [ -104.871464631370245, 38.877363662201397 ], [ -104.871741502605914, 38.877309956208528 ], [ -104.872071735602773, 38.877244117677044 ], [ -104.872716092669748, 38.877122891015077 ], [ -104.8729873, 38.8770722 ], [ -104.8736396, 38.8769987 ], [ -104.8750816, 38.8768851 ], [ -104.8761373, 38.8768116 ], [ -104.8771326, 38.8768689 ], [ -104.8772903, 38.8768796 ], [ -104.8774055, 38.8768912 ], [ -104.8774715, 38.8769032 ], [ -104.8775322, 38.8769175 ], [ -104.8775946, 38.8769357 ], [ -104.8776112, 38.8769406 ], [ -104.8776366, 38.876948 ], [ -104.8776541, 38.8769535 ], [ -104.8776896, 38.8769643 ] ] } },
{ "type": "Feature", "properties": { "fid": 312, "full_id": "w37223303", "osm_id": "37223303", "osm_type": "way", "highway": "track", "name": "", "tiger:cfcc": "", "tiger:county": "", "tiger:reviewed": "", "cycleway": "", "oneway": "", "tiger:name_base": "", "tiger:name_type": "", "service": "", "access": "", "alt_name": "", "ref": "", "surface": "ground", "tiger:name_direction_prefix": "", "cycleway:both": "", "maxspeed:type": "", "sidewalk": "", "sidewalk:both:bicycle": "", "lanes": "", "bicycle": "", "foot": "", "old_railway_operator": "", "segregated": "", "bridge": "", "layer": "", "tiger:separated": "", "tiger:source": "", "tiger:tlid": "", "maxspeed": "", "name_1": "", "tiger:name_base_1": "", "tiger:name_type_1": "", "cycleway:right": "", "route": "", "tracktype": "", "horse": "", "motor_vehicle": "", "railway": "", "tiger:name_base_2": "", "tiger:zip_right": "", "name_2": "", "destination": "", "destination:ref": "", "alt_name_1": "", "parking:lane:both": "", "mtb:scale": "", "old_ref": "", "NHS": "", "hgv": "", "hgv:national_network": "", "source:hgv:national_network": "", "sac_scale": "", "description": "", "website": "", "trail_visibility": "", "mtb:scale:imba": "", "admin_level": "", "border_type": "", "boundary": "", "is_in:country": "", "is_in:country_code": "", "is_in:iso_3166_2": "", "is_in:state": "", "tiger:CLASSFP": "", "tiger:CPI": "", "tiger:FUNCSTAT": "", "tiger:LSAD": "", "tiger:MTFCC": "", "tiger:NAME": "", "tiger:NAMELSAD": "", "tiger:PCICBSA": "", "tiger:PCINECTA": "", "tiger:PLACEFP": "", "tiger:PLACENS": "", "tiger:PLCIDFP": "", "tiger:STATEFP": "", "wikidata": "", "wikipedia": "", "tunnel": "", "lit": "", "width": "", "waterway": "", "barrier": "", "fence_type": "", "junction": "", "shoulder": "", "lanes:backward": "", "lanes:forward": "", "turn:lanes:backward": "", "intermittent": "", "natural": "", "seasonal": "", "footway": "", "crossing": "", "tiger:name_base_3": "", "tiger:name_direction_prefix_3": "", "turn:lanes:forward": "", "turn:lanes": "", "lanes:both_ways": null, "turn:lanes:both_ways": null, "golf": "", "golf_cart": "", "power": "", "disused:highway": "", "tourism": "", "auxiliary_storage_labeling_positionx": null, "auxiliary_storage_labeling_positiony": null }, "geometry": { "type": "LineString", "coordinates": [ [ -104.8714168, 38.877388 ], [ -104.8712408, 38.8765564 ], [ -104.8711965, 38.8763471 ], [ -104.8711591, 38.8761702 ], [ -104.8711381, 38.876071 ], [ -104.8711314, 38.8759669 ], [ -104.8711207, 38.8758001 ], [ -104.8711124, 38.8756701 ], [ -104.8712325, 38.8751489 ], [ -104.8713355, 38.8748148 ], [ -104.8713441, 38.8745475 ], [ -104.8712154, 38.8741733 ] ] } },
{ "type": "Feature", "properties": { "fid": 313, "full_id": "w37223306", "osm_id": "37223306", "osm_type": "way", "highway": "track", "name": "", "tiger:cfcc": "", "tiger:county": "", "tiger:reviewed": "", "cycleway": "", "oneway": "", "tiger:name_base": "", "tiger:name_type": "", "service": "", "access": "", "alt_name": "", "ref": "", "surface": "ground", "tiger:name_direction_prefix": "", "cycleway:both": "", "maxspeed:type": "", "sidewalk": "", "sidewalk:both:bicycle": "", "lanes": "", "bicycle": "", "foot": "", "old_railway_operator": "", "segregated": "", "bridge": "", "layer": "", "tiger:separated": "", "tiger:source": "", "tiger:tlid": "", "maxspeed": "", "name_1": "", "tiger:name_base_1": "", "tiger:name_type_1": "", "cycleway:right": "", "route": "", "tracktype": "", "horse": "", "motor_vehicle": "", "railway": "", "tiger:name_base_2": "", "tiger:zip_right": "", "name_2": "", "destination": "", "destination:ref": "", "alt_name_1": "", "parking:lane:both": "", "mtb:scale": "", "old_ref": "", "NHS": "", "hgv": "", "hgv:national_network": "", "source:hgv:national_network": "", "sac_scale": "", "description": "", "website": "", "trail_visibility": "", "mtb:scale:imba": "", "admin_level": "", "border_type": "", "boundary": "", "is_in:country": "", "is_in:country_code": "", "is_in:iso_3166_2": "", "is_in:state": "", "tiger:CLASSFP": "", "tiger:CPI": "", "tiger:FUNCSTAT": "", "tiger:LSAD": "", "tiger:MTFCC": "", "tiger:NAME": "", "tiger:NAMELSAD": "", "tiger:PCICBSA": "", "tiger:PCINECTA": "", "tiger:PLACEFP": "", "tiger:PLACENS": "", "tiger:PLCIDFP": "", "tiger:STATEFP": "", "wikidata": "", "wikipedia": "", "tunnel": "", "lit": "", "width": "", "waterway": "", "barrier": "", "fence_type": "", "junction": "", "shoulder": "", "lanes:backward": "", "lanes:forward": "", "turn:lanes:backward": "", "intermittent": "", "natural": "", "seasonal": "", "footway": "", "crossing": "", "tiger:name_base_3": "", "tiger:name_direction_prefix_3": "", "turn:lanes:forward": "", "turn:lanes": "", "lanes:both_ways": null, "turn:lanes:both_ways": null, "golf": "", "golf_cart": "", "power": "", "disused:highway": "", "tourism": "", "auxiliary_storage_labeling_positionx": null, "auxiliary_storage_labeling_positiony": null }, "geometry": { "type": "LineString", "coordinates": [ [ -104.8712154, 38.8741733 ], [ -104.8712004, 38.8741393 ], [ -104.8710265, 38.8737457 ], [ -104.8709836, 38.8735586 ], [ -104.8708549, 38.873445 ], [ -104.8705974, 38.8733046 ], [ -104.8704515, 38.8731843 ], [ -104.8703742, 38.8730173 ], [ -104.8703485, 38.872877 ], [ -104.8703785, 38.8728303 ], [ -104.8704, 38.8727968 ], [ -104.8705201, 38.8727634 ], [ -104.870709, 38.8728235 ], [ -104.870915, 38.8730307 ], [ -104.8710523, 38.8732645 ], [ -104.8710094, 38.8734583 ], [ -104.8709836, 38.8735586 ] ] } },
{ "type": "Feature", "properties": { "fid": 351, "full_id": "w38896616", "osm_id": "38896616", "osm_type": "way", "highway": "unclassified", "name": "Garden Lane", "tiger:cfcc": "", "tiger:county": "", "tiger:reviewed": "", "cycleway": "", "oneway": "yes", "tiger:name_base": "", "tiger:name_type": "", "service": "", "access": "", "alt_name": "", "ref": "", "surface": "asphalt", "tiger:name_direction_prefix": "", "cycleway:both": "", "maxspeed:type": "", "sidewalk": "", "sidewalk:both:bicycle": "", "lanes": "", "bicycle": "", "foot": "", "old_railway_operator": "", "segregated": "", "bridge": "", "layer": "", "tiger:separated": "", "tiger:source": "", "tiger:tlid": "", "maxspeed": "", "name_1": "", "tiger:name_base_1": "", "tiger:name_type_1": "", "cycleway:right": "", "route": "", "tracktype": "", "horse": "", "motor_vehicle": "", "railway": "", "tiger:name_base_2": "", "tiger:zip_right": "", "name_2": "", "destination": "", "destination:ref": "", "alt_name_1": "", "parking:lane:both": "", "mtb:scale": "", "old_ref": "", "NHS": "", "hgv": "", "hgv:national_network": "", "source:hgv:national_network": "", "sac_scale": "", "description": "", "website": "", "trail_visibility": "", "mtb:scale:imba": "", "admin_level": "", "border_type": "", "boundary": "", "is_in:country": "", "is_in:country_code": "", "is_in:iso_3166_2": "", "is_in:state": "", "tiger:CLASSFP": "", "tiger:CPI": "", "tiger:FUNCSTAT": "", "tiger:LSAD": "", "tiger:MTFCC": "", "tiger:NAME": "", "tiger:NAMELSAD": "", "tiger:PCICBSA": "", "tiger:PCINECTA": "", "tiger:PLACEFP": "", "tiger:PLACENS": "", "tiger:PLCIDFP": "", "tiger:STATEFP": "", "wikidata": "", "wikipedia": "", "tunnel": "", "lit": "", "width": "", "waterway": "", "barrier": "", "fence_type": "", "junction": "", "shoulder": "", "lanes:backward": "", "lanes:forward": "", "turn:lanes:backward": "", "intermittent": "", "natural": "", "seasonal": "", "footway": "", "crossing": "", "tiger:name_base_3": "", "tiger:name_direction_prefix_3": "", "turn:lanes:forward": "", "turn:lanes": "", "lanes:both_ways": null, "turn:lanes:both_ways": null, "golf": "", "golf_cart": "", "power": "", "disused:highway": "", "tourism": "", "auxiliary_storage_labeling_positionx": null, "auxiliary_storage_labeling_positiony": null }, "geometry": { "type": "LineString", "coordinates": [ [ -104.8963962, 38.8657979 ], [ -104.8963103, 38.865838 ], [ -104.8962331, 38.8658714 ], [ -104.896173, 38.8658781 ], [ -104.8961129, 38.8658781 ], [ -104.8960614, 38.8658714 ], [ -104.8960013, 38.8658581 ], [ -104.8959527, 38.8658564 ] ] } },
{ "type": "Feature", "properties": { "fid": 352, "full_id": "w38896618", "osm_id": "38896618", "osm_type": "way", "highway": "unclassified", "name": "Garden Drive", "tiger:cfcc": "", "tiger:county": "", "tiger:reviewed": "", "cycleway": "", "oneway": "", "tiger:name_base": "", "tiger:name_type": "", "service": "", "access": "", "alt_name": "", "ref": "", "surface": "asphalt", "tiger:name_direction_prefix": "", "cycleway:both": "", "maxspeed:type": "", "sidewalk": "", "sidewalk:both:bicycle": "", "lanes": "", "bicycle": "", "foot": "", "old_railway_operator": "", "segregated": "", "bridge": "", "layer": "", "tiger:separated": "", "tiger:source": "", "tiger:tlid": "", "maxspeed": "", "name_1": "", "tiger:name_base_1": "", "tiger:name_type_1": "", "cycleway:right": "", "route": "", "tracktype": "", "horse": "", "motor_vehicle": "", "railway": "", "tiger:name_base_2": "", "tiger:zip_right": "", "name_2": "", "destination": "", "destination:ref": "", "alt_name_1": "", "parking:lane:both": "", "mtb:scale": "", "old_ref": "", "NHS": "", "hgv": "", "hgv:national_network": "", "source:hgv:national_network": "", "sac_scale": "", "description": "", "website": "", "trail_visibility": "", "mtb:scale:imba": "", "admin_level": "", "border_type": "", "boundary": "", "is_in:country": "", "is_in:country_code": "", "is_in:iso_3166_2": "", "is_in:state": "", "tiger:CLASSFP": "", "tiger:CPI": "", "tiger:FUNCSTAT": "", "tiger:LSAD": "", "tiger:MTFCC": "", "tiger:NAME": "", "tiger:NAMELSAD": "", "tiger:PCICBSA": "", "tiger:PCINECTA": "", "tiger:PLACEFP": "", "tiger:PLACENS": "", "tiger:PLCIDFP": "", "tiger:STATEFP": "", "wikidata": "", "wikipedia": "", "tunnel": "", "lit": "", "width": "", "waterway": "", "barrier": "", "fence_type": "", "junction": "", "shoulder": "", "lanes:backward": "", "lanes:forward": "", "turn:lanes:backward": "", "intermittent": "", "natural": "", "seasonal": "", "footway": "", "crossing": "", "tiger:name_base_3": "", "tiger:name_direction_prefix_3": "", "turn:lanes:forward": "", "turn:lanes": "", "lanes:both_ways": null, "turn:lanes:both_ways": null, "golf": "", "golf_cart": "", "power": "", "disused:highway": "", "tourism": "", "auxiliary_storage_labeling_positionx": null, "auxiliary_storage_labeling_positiony": null }, "geometry": { "type": "LineString", "coordinates": [ [ -104.8963962, 38.8657979 ], [ -104.8964333, 38.8657666 ], [ -104.8964991, 38.8657111 ], [ -104.8966107, 38.8656309 ], [ -104.8967051, 38.865544 ], [ -104.8968425, 38.8654504 ], [ -104.8969626, 38.8653903 ], [ -104.8971, 38.8653234 ], [ -104.8972201, 38.8652633 ], [ -104.897263, 38.8652232 ], [ -104.8972802, 38.8651697 ], [ -104.8972888, 38.8651029 ], [ -104.8972716, 38.8649759 ] ] } },
{ "type": "Feature", "properties": { "fid": 353, "full_id": "w38896645", "osm_id": "38896645", "osm_type": "way", "highway": "unclassified", "name": "Garden Drive", "tiger:cfcc": "", "tiger:county": "", "tiger:reviewed": "", "cycleway": "", "oneway": "yes", "tiger:name_base": "", "tiger:name_type": "", "service": "", "access": "", "alt_name": "", "ref": "", "surface": "asphalt", "tiger:name_direction_prefix": "", "cycleway:both": "", "maxspeed:type": "", "sidewalk": "", "sidewalk:both:bicycle": "", "lanes": "", "bicycle": "", "foot": "", "old_railway_operator": "", "segregated": "", "bridge": "", "layer": "", "tiger:separated": "", "tiger:source": "", "tiger:tlid": "", "maxspeed": "", "name_1": "", "tiger:name_base_1": "", "tiger:name_type_1": "", "cycleway:right": "", "route": "", "tracktype": "", "horse": "", "motor_vehicle": "", "railway": "", "tiger:name_base_2": "", "tiger:zip_right": "", "name_2": "", "destination": "", "destination:ref": "", "alt_name_1": "", "parking:lane:both": "", "mtb:scale": "", "old_ref": "", "NHS": "", "hgv": "", "hgv:national_network": "", "source:hgv:national_network": "", "sac_scale": "", "description": "", "website": "", "trail_visibility": "", "mtb:scale:imba": "", "admin_level": "", "border_type": "", "boundary": "", "is_in:country": "", "is_in:country_code": "", "is_in:iso_3166_2": "", "is_in:state": "", "tiger:CLASSFP": "", "tiger:CPI": "", "tiger:FUNCSTAT": "", "tiger:LSAD": "", "tiger:MTFCC": "", "tiger:NAME": "", "tiger:NAMELSAD": "", "tiger:PCICBSA": "", "tiger:PCINECTA": "", "tiger:PLACEFP": "", "tiger:PLACENS": "", "tiger:PLCIDFP": "", "tiger:STATEFP": "", "wikidata": "", "wikipedia": "", "tunnel": "", "lit": "", "width": "", "waterway": "", "barrier": "", "fence_type": "", "junction": "", "shoulder": "", "lanes:backward": "", "lanes:forward": "", "turn:lanes:backward": "", "intermittent": "", "natural": "", "seasonal": "", "footway": "", "crossing": "", "tiger:name_base_3": "", "tiger:name_direction_prefix_3": "", "turn:lanes:forward": "", "turn:lanes": "", "lanes:both_ways": null, "turn:lanes:both_ways": null, "golf": "", "golf_cart": "", "power": "", "disused:highway": "", "tourism": "", "auxiliary_storage_labeling_positionx": null, "auxiliary_storage_labeling_positiony": null }, "geometry": { "type": "LineString", "coordinates": [ [ -104.8972716, 38.8649759 ], [ -104.8972974, 38.8649225 ], [ -104.897306, 38.8648489 ], [ -104.8973317, 38.8647888 ], [ -104.8973832, 38.8646685 ], [ -104.8974776, 38.8644413 ], [ -104.8974948, 38.864321 ] ] } },
{ "type": "Feature", "properties": { "fid": 354, "full_id": "w38896694", "osm_id": "38896694", "osm_type": "way", "highway": "unclassified", "name": "Garden Drive", "tiger:cfcc": "", "tiger:county": "", "tiger:reviewed": "", "cycleway": "", "oneway": "", "tiger:name_base": "", "tiger:name_type": "", "service": "", "access": "", "alt_name": "", "ref": "", "surface": "asphalt", "tiger:name_direction_prefix": "", "cycleway:both": "", "maxspeed:type": "", "sidewalk": "", "sidewalk:both:bicycle": "", "lanes": "", "bicycle": "", "foot": "", "old_railway_operator": "", "segregated": "", "bridge": "", "layer": "", "tiger:separated": "", "tiger:source": "", "tiger:tlid": "", "maxspeed": "20 mph", "name_1": "", "tiger:name_base_1": "", "tiger:name_type_1": "", "cycleway:right": "", "route": "", "tracktype": "", "horse": "", "motor_vehicle": "", "railway": "", "tiger:name_base_2": "", "tiger:zip_right": "", "name_2": "", "destination": "", "destination:ref": "", "alt_name_1": "", "parking:lane:both": "", "mtb:scale": "", "old_ref": "", "NHS": "", "hgv": "", "hgv:national_network": "", "source:hgv:national_network": "", "sac_scale": "", "description": "", "website": "", "trail_visibility": "", "mtb:scale:imba": "", "admin_level": "", "border_type": "", "boundary": "", "is_in:country": "", "is_in:country_code": "", "is_in:iso_3166_2": "", "is_in:state": "", "tiger:CLASSFP": "", "tiger:CPI": "", "tiger:FUNCSTAT": "", "tiger:LSAD": "", "tiger:MTFCC": "", "tiger:NAME": "", "tiger:NAMELSAD": "", "tiger:PCICBSA": "", "tiger:PCINECTA": "", "tiger:PLACEFP": "", "tiger:PLACENS": "", "tiger:PLCIDFP": "", "tiger:STATEFP": "", "wikidata": "", "wikipedia": "", "tunnel": "", "lit": "", "width": "", "waterway": "", "barrier": "", "fence_type": "", "junction": "", "shoulder": "", "lanes:backward": "", "lanes:forward": "", "turn:lanes:backward": "", "intermittent": "", "natural": "", "seasonal": "", "footway": "", "crossing": "", "tiger:name_base_3": "", "tiger:name_direction_prefix_3": "", "turn:lanes:forward": "", "turn:lanes": "", "lanes:both_ways": null, "turn:lanes:both_ways": null, "golf": "", "golf_cart": "", "power": "", "disused:highway": "", "tourism": "", "auxiliary_storage_labeling_positionx": null, "auxiliary_storage_labeling_positiony": null }, "geometry": { "type": "LineString", "coordinates": [ [ -104.8974948, 38.864321 ], [ -104.8975205, 38.8642141 ], [ -104.8975291, 38.8641339 ], [ -104.8975377, 38.8640336 ], [ -104.8975377, 38.8638933 ], [ -104.8975463, 38.8637797 ], [ -104.8975635, 38.863666 ], [ -104.8976149, 38.8634923 ], [ -104.8976321, 38.8633653 ], [ -104.8976235, 38.8632851 ], [ -104.8975978, 38.8631581 ], [ -104.8975635, 38.8630512 ], [ -104.897512, 38.8629042 ], [ -104.8974862, 38.8627772 ], [ -104.8974776, 38.8626168 ], [ -104.8975034, 38.862443 ], [ -104.8976064, 38.8619886 ], [ -104.8976664, 38.8616878 ], [ -104.8977179, 38.8614004 ], [ -104.8977866, 38.8609994 ], [ -104.8978038, 38.8608858 ], [ -104.8978724, 38.8605049 ], [ -104.8978896, 38.8603311 ], [ -104.897881, 38.8602175 ], [ -104.8978639, 38.8601306 ], [ -104.8978467, 38.8600771 ], [ -104.8978381, 38.8600504 ], [ -104.8977866, 38.8599501 ], [ -104.8976922, 38.8598298 ], [ -104.8975892, 38.8597229 ], [ -104.8974862, 38.859636 ], [ -104.8972459, 38.8594689 ] ] } },
{ "type": "Feature", "properties": { "fid": 355, "full_id": "w38896697", "osm_id": "38896697", "osm_type": "way", "highway": "unclassified", "name": "Garden Drive", "tiger:cfcc": "", "tiger:county": "", "tiger:reviewed": "", "cycleway": "", "oneway": "yes", "tiger:name_base": "", "tiger:name_type": "", "service": "", "access": "", "alt_name": "", "ref": "", "surface": "asphalt", "tiger:name_direction_prefix": "", "cycleway:both": "", "maxspeed:type": "", "sidewalk": "", "sidewalk:both:bicycle": "", "lanes": "", "bicycle": "", "foot": "", "old_railway_operator": "", "segregated": "", "bridge": "", "layer": "", "tiger:separated": "", "tiger:source": "", "tiger:tlid": "", "maxspeed": "", "name_1": "", "tiger:name_base_1": "", "tiger:name_type_1": "", "cycleway:right": "", "route": "", "tracktype": "", "horse": "", "motor_vehicle": "", "railway": "", "tiger:name_base_2": "", "tiger:zip_right": "", "name_2": "", "destination": "", "destination:ref": "", "alt_name_1": "", "parking:lane:both": "", "mtb:scale": "", "old_ref": "", "NHS": "", "hgv": "", "hgv:national_network": "", "source:hgv:national_network": "", "sac_scale": "", "description": "", "website": "", "trail_visibility": "", "mtb:scale:imba": "", "admin_level": "", "border_type": "", "boundary": "", "is_in:country": "", "is_in:country_code": "", "is_in:iso_3166_2": "", "is_in:state": "", "tiger:CLASSFP": "", "tiger:CPI": "", "tiger:FUNCSTAT": "", "tiger:LSAD": "", "tiger:MTFCC": "", "tiger:NAME": "", "tiger:NAMELSAD": "", "tiger:PCICBSA": "", "tiger:PCINECTA": "", "tiger:PLACEFP": "", "tiger:PLACENS": "", "tiger:PLCIDFP": "", "tiger:STATEFP": "", "wikidata": "", "wikipedia": "", "tunnel": "", "lit": "", "width": "", "waterway": "", "barrier": "", "fence_type": "", "junction": "", "shoulder": "", "lanes:backward": "", "lanes:forward": "", "turn:lanes:backward": "", "intermittent": "", "natural": "", "seasonal": "", "footway": "", "crossing": "", "tiger:name_base_3": "", "tiger:name_direction_prefix_3": "", "turn:lanes:forward": "", "turn:lanes": "", "lanes:both_ways": null, "turn:lanes:both_ways": null, "golf": "", "golf_cart": "", "power": "", "disused:highway": "", "tourism": "", "auxiliary_storage_labeling_positionx": null, "auxiliary_storage_labeling_positiony": null }, "geometry": { "type": "LineString", "coordinates": [ [ -104.8974948, 38.864321 ], [ -104.8974347, 38.8643878 ], [ -104.8974004, 38.8644346 ], [ -104.8973489, 38.8644613 ], [ -104.8972888, 38.8644881 ], [ -104.8972373, 38.8645081 ], [ -104.8971944, 38.8645415 ], [ -104.8971832, 38.8645676 ], [ -104.8971772, 38.8645816 ], [ -104.8971686, 38.8646485 ], [ -104.8972201, 38.864869 ], [ -104.8972373, 38.8649358 ], [ -104.8972716, 38.8649759 ] ] } },
{ "type": "Feature", "properties": { "fid": 363, "full_id": "w39083581", "osm_id": "39083581", "osm_type": "way", "highway": "unclassified", "name": "Garden Lane", "tiger:cfcc": "", "tiger:county": "", "tiger:reviewed": "", "cycleway": "", "oneway": "yes", "tiger:name_base": "", "tiger:name_type": "", "service": "", "access": "", "alt_name": "", "ref": "", "surface": "asphalt", "tiger:name_direction_prefix": "", "cycleway:both": "", "maxspeed:type": "", "sidewalk": "", "sidewalk:both:bicycle": "", "lanes": "", "bicycle": "", "foot": "", "old_railway_operator": "", "segregated": "", "bridge": "", "layer": "", "tiger:separated": "", "tiger:source": "", "tiger:tlid": "", "maxspeed": "", "name_1": "", "tiger:name_base_1": "", "tiger:name_type_1": "", "cycleway:right": "", "route": "", "tracktype": "", "horse": "", "motor_vehicle": "", "railway": "", "tiger:name_base_2": "", "tiger:zip_right": "", "name_2": "", "destination": "", "destination:ref": "", "alt_name_1": "", "parking:lane:both": "", "mtb:scale": "", "old_ref": "", "NHS": "", "hgv": "", "hgv:national_network": "", "source:hgv:national_network": "", "sac_scale": "", "description": "", "website": "", "trail_visibility": "", "mtb:scale:imba": "", "admin_level": "", "border_type": "", "boundary": "", "is_in:country": "", "is_in:country_code": "", "is_in:iso_3166_2": "", "is_in:state": "", "tiger:CLASSFP": "", "tiger:CPI": "", "tiger:FUNCSTAT": "", "tiger:LSAD": "", "tiger:MTFCC": "", "tiger:NAME": "", "tiger:NAMELSAD": "", "tiger:PCICBSA": "", "tiger:PCINECTA": "", "tiger:PLACEFP": "", "tiger:PLACENS": "", "tiger:PLCIDFP": "", "tiger:STATEFP": "", "wikidata": "", "wikipedia": "", "tunnel": "", "lit": "", "width": "", "waterway": "", "barrier": "", "fence_type": "", "junction": "", "shoulder": "", "lanes:backward": "", "lanes:forward": "", "turn:lanes:backward": "", "intermittent": "", "natural": "", "seasonal": "", "footway": "", "crossing": "", "tiger:name_base_3": "", "tiger:name_direction_prefix_3": "", "turn:lanes:forward": "", "turn:lanes": "", "lanes:both_ways": null, "turn:lanes:both_ways": null, "golf": "", "golf_cart": "", "power": "", "disused:highway": "", "tourism": "", "auxiliary_storage_labeling_positionx": null, "auxiliary_storage_labeling_positiony": null }, "geometry": { "type": "LineString", "coordinates": [ [ -104.8959527, 38.8658564 ], [ -104.8959956, 38.8659032 ], [ -104.8960042, 38.8659433 ], [ -104.8959956, 38.8659967 ], [ -104.8959785, 38.8660368 ], [ -104.8959242, 38.8660847 ] ] } },
{ "type": "Feature", "properties": { "fid": 364, "full_id": "w39083582", "osm_id": "39083582", "osm_type": "way", "highway": "unclassified", "name": "Garden Lane", "tiger:cfcc": "", "tiger:county": "", "tiger:reviewed": "", "cycleway": "lane", "oneway": "yes", "tiger:name_base": "", "tiger:name_type": "", "service": "", "access": "", "alt_name": "", "ref": "", "surface": "asphalt", "tiger:name_direction_prefix": "", "cycleway:both": "", "maxspeed:type": "", "sidewalk": "", "sidewalk:both:bicycle": "", "lanes": "", "bicycle": "", "foot": "", "old_railway_operator": "", "segregated": "", "bridge": "", "layer": "", "tiger:separated": "", "tiger:source": "", "tiger:tlid": "", "maxspeed": "", "name_1": "", "tiger:name_base_1": "", "tiger:name_type_1": "", "cycleway:right": "", "route": "", "tracktype": "", "horse": "", "motor_vehicle": "", "railway": "", "tiger:name_base_2": "", "tiger:zip_right": "", "name_2": "", "destination": "", "destination:ref": "", "alt_name_1": "", "parking:lane:both": "", "mtb:scale": "", "old_ref": "", "NHS": "", "hgv": "", "hgv:national_network": "", "source:hgv:national_network": "", "sac_scale": "", "description": "", "website": "", "trail_visibility": "", "mtb:scale:imba": "", "admin_level": "", "border_type": "", "boundary": "", "is_in:country": "", "is_in:country_code": "", "is_in:iso_3166_2": "", "is_in:state": "", "tiger:CLASSFP": "", "tiger:CPI": "", "tiger:FUNCSTAT": "", "tiger:LSAD": "", "tiger:MTFCC": "", "tiger:NAME": "", "tiger:NAMELSAD": "", "tiger:PCICBSA": "", "tiger:PCINECTA": "", "tiger:PLACEFP": "", "tiger:PLACENS": "", "tiger:PLCIDFP": "", "tiger:STATEFP": "", "wikidata": "", "wikipedia": "", "tunnel": "", "lit": "", "width": "", "waterway": "", "barrier": "", "fence_type": "", "junction": "", "shoulder": "", "lanes:backward": "", "lanes:forward": "", "turn:lanes:backward": "", "intermittent": "", "natural": "", "seasonal": "", "footway": "", "crossing": "", "tiger:name_base_3": "", "tiger:name_direction_prefix_3": "", "turn:lanes:forward": "", "turn:lanes": "", "lanes:both_ways": null, "turn:lanes:both_ways": null, "golf": "", "golf_cart": "", "power": "", "disused:highway": "", "tourism": "", "auxiliary_storage_labeling_positionx": null, "auxiliary_storage_labeling_positiony": null }, "geometry": { "type": "LineString", "coordinates": [ [ -104.8959527, 38.8658564 ], [ -104.8958669, 38.865823 ], [ -104.8957811, 38.8657829 ], [ -104.8956781, 38.8657227 ], [ -104.8955579, 38.8656426 ], [ -104.895412, 38.8655423 ], [ -104.8952146, 38.8654086 ], [ -104.8950944, 38.8653418 ], [ -104.895, 38.8653017 ], [ -104.894897, 38.8652683 ], [ -104.8946395, 38.8652082 ], [ -104.894279, 38.865128 ], [ -104.8941675, 38.8651012 ], [ -104.8940559, 38.8650678 ], [ -104.8938499, 38.8650077 ], [ -104.8936439, 38.8649342 ], [ -104.8934467, 38.8648387 ], [ -104.8934121, 38.8648272 ], [ -104.8933521, 38.8647938 ], [ -104.8932161, 38.8647317 ], [ -104.8931032, 38.8646802 ], [ -104.8929967, 38.8646322 ], [ -104.8929572, 38.8646134 ], [ -104.8927681, 38.8645175 ], [ -104.8926755, 38.8644834 ], [ -104.892558, 38.864454 ], [ -104.8924315, 38.8644361 ], [ -104.8923266, 38.8644262 ], [ -104.8922181, 38.8644193 ], [ -104.8920945, 38.8644249 ], [ -104.8919359, 38.8644396 ], [ -104.8916612, 38.8644797 ], [ -104.8915272, 38.8645043 ], [ -104.891401, 38.8645348 ], [ -104.891282, 38.8645709 ], [ -104.8911548, 38.8646134 ], [ -104.8909878, 38.8646808 ], [ -104.8908569, 38.8647427 ], [ -104.890667, 38.8648387 ], [ -104.8904197, 38.8649964 ], [ -104.8901849, 38.8651547 ], [ -104.8899446, 38.8653552 ], [ -104.8898073, 38.8654955 ], [ -104.8896699, 38.8656559 ], [ -104.8895583, 38.8658163 ], [ -104.8895186, 38.8658733 ], [ -104.8893781, 38.8661104 ], [ -104.8892494, 38.8663643 ], [ -104.8891206, 38.8665715 ], [ -104.8890004, 38.8667051 ], [ -104.8888288, 38.8668388 ], [ -104.8886571, 38.8669591 ], [ -104.8885026, 38.8670927 ], [ -104.888434, 38.8671863 ], [ -104.8883653, 38.8672932 ], [ -104.8882795, 38.8674536 ], [ -104.8882366, 38.8675605 ], [ -104.8881936, 38.8676006 ], [ -104.8881336, 38.8676942 ], [ -104.8880821, 38.867761 ], [ -104.8880391, 38.8678011 ], [ -104.8880079, 38.8678581 ] ] } },
{ "type": "Feature", "properties": { "fid": 366, "full_id": "w39083591", "osm_id": "39083591", "osm_type": "way", "highway": "unclassified", "name": "", "tiger:cfcc": "", "tiger:county": "", "tiger:reviewed": "", "cycleway": "", "oneway": "yes", "tiger:name_base": "", "tiger:name_type": "", "service": "", "access": "", "alt_name": "", "ref": "", "surface": "asphalt", "tiger:name_direction_prefix": "", "cycleway:both": "", "maxspeed:type": "", "sidewalk": "", "sidewalk:both:bicycle": "", "lanes": "", "bicycle": "", "foot": "", "old_railway_operator": "", "segregated": "", "bridge": "", "layer": "", "tiger:separated": "", "tiger:source": "", "tiger:tlid": "", "maxspeed": "", "name_1": "", "tiger:name_base_1": "", "tiger:name_type_1": "", "cycleway:right": "", "route": "", "tracktype": "", "horse": "", "motor_vehicle": "", "railway": "", "tiger:name_base_2": "", "tiger:zip_right": "", "name_2": "", "destination": "", "destination:ref": "", "alt_name_1": "", "parking:lane:both": "", "mtb:scale": "", "old_ref": "", "NHS": "", "hgv": "", "hgv:national_network": "", "source:hgv:national_network": "", "sac_scale": "", "description": "", "website": "", "trail_visibility": "", "mtb:scale:imba": "", "admin_level": "", "border_type": "", "boundary": "", "is_in:country": "", "is_in:country_code": "", "is_in:iso_3166_2": "", "is_in:state": "", "tiger:CLASSFP": "", "tiger:CPI": "", "tiger:FUNCSTAT": "", "tiger:LSAD": "", "tiger:MTFCC": "", "tiger:NAME": "", "tiger:NAMELSAD": "", "tiger:PCICBSA": "", "tiger:PCINECTA": "", "tiger:PLACEFP": "", "tiger:PLACENS": "", "tiger:PLCIDFP": "", "tiger:STATEFP": "", "wikidata": "", "wikipedia": "", "tunnel": "", "lit": "", "width": "", "waterway": "", "barrier": "", "fence_type": "", "junction": "", "shoulder": "", "lanes:backward": "", "lanes:forward": "", "turn:lanes:backward": "", "intermittent": "", "natural": "", "seasonal": "", "footway": "", "crossing": "", "tiger:name_base_3": "", "tiger:name_direction_prefix_3": "", "turn:lanes:forward": "", "turn:lanes": "", "lanes:both_ways": null, "turn:lanes:both_ways": null, "golf": "", "golf_cart": "", "power": "", "disused:highway": "", "tourism": "", "auxiliary_storage_labeling_positionx": null, "auxiliary_storage_labeling_positiony": null }, "geometry": { "type": "LineString", "coordinates": [ [ -104.8882366, 38.8675605 ], [ -104.8882623, 38.8676073 ], [ -104.8883052, 38.8676474 ], [ -104.8883567, 38.8676741 ], [ -104.8884028, 38.867691 ] ] } },
{ "type": "Feature", "properties": { "fid": 396, "full_id": "w39158556", "osm_id": "39158556", "osm_type": "way", "highway": "unclassified", "name": "", "tiger:cfcc": "", "tiger:county": "", "tiger:reviewed": "", "cycleway": "", "oneway": "yes", "tiger:name_base": "", "tiger:name_type": "", "service": "", "access": "", "alt_name": "", "ref": "", "surface": "asphalt", "tiger:name_direction_prefix": "", "cycleway:both": "", "maxspeed:type": "", "sidewalk": "", "sidewalk:both:bicycle": "", "lanes": "", "bicycle": "", "foot": "", "old_railway_operator": "", "segregated": "", "bridge": "", "layer": "", "tiger:separated": "", "tiger:source": "", "tiger:tlid": "", "maxspeed": "", "name_1": "", "tiger:name_base_1": "", "tiger:name_type_1": "", "cycleway:right": "", "route": "", "tracktype": "", "horse": "", "motor_vehicle": "", "railway": "", "tiger:name_base_2": "", "tiger:zip_right": "", "name_2": "", "destination": "", "destination:ref": "", "alt_name_1": "", "parking:lane:both": "", "mtb:scale": "", "old_ref": "", "NHS": "", "hgv": "", "hgv:national_network": "", "source:hgv:national_network": "", "sac_scale": "", "description": "", "website": "", "trail_visibility": "", "mtb:scale:imba": "", "admin_level": "", "border_type": "", "boundary": "", "is_in:country": "", "is_in:country_code": "", "is_in:iso_3166_2": "", "is_in:state": "", "tiger:CLASSFP": "", "tiger:CPI": "", "tiger:FUNCSTAT": "", "tiger:LSAD": "", "tiger:MTFCC": "", "tiger:NAME": "", "tiger:NAMELSAD": "", "tiger:PCICBSA": "", "tiger:PCINECTA": "", "tiger:PLACEFP": "", "tiger:PLACENS": "", "tiger:PLCIDFP": "", "tiger:STATEFP": "", "wikidata": "", "wikipedia": "", "tunnel": "", "lit": "", "width": "", "waterway": "", "barrier": "", "fence_type": "", "junction": "", "shoulder": "", "lanes:backward": "", "lanes:forward": "", "turn:lanes:backward": "", "intermittent": "", "natural": "", "seasonal": "", "footway": "", "crossing": "", "tiger:name_base_3": "", "tiger:name_direction_prefix_3": "", "turn:lanes:forward": "", "turn:lanes": "", "lanes:both_ways": null, "turn:lanes:both_ways": null, "golf": "", "golf_cart": "", "power": "", "disused:highway": "", "tourism": "", "auxiliary_storage_labeling_positionx": null, "auxiliary_storage_labeling_positiony": null }, "geometry": { "type": "LineString", "coordinates": [ [ -104.8929967, 38.8646322 ], [ -104.8929528, 38.8645408 ], [ -104.8929316, 38.8644818 ], [ -104.8929232, 38.8644263 ], [ -104.8929264, 38.8643651 ], [ -104.892941, 38.8642681 ] ] } },
{ "type": "Feature", "properties": { "fid": 400, "full_id": "w169537878", "osm_id": "169537878", "osm_type": "way", "highway": "secondary", "name": "North 30th Street", "tiger:cfcc": "A41", "tiger:county": "El Paso, CO", "tiger:reviewed": "", "cycleway": "", "oneway": "", "tiger:name_base": "30th", "tiger:name_type": "St", "service": "", "access": "", "alt_name": "", "ref": "", "surface": "asphalt", "tiger:name_direction_prefix": "N", "cycleway:both": "", "maxspeed:type": "", "sidewalk": "", "sidewalk:both:bicycle": "", "lanes": "3", "bicycle": "", "foot": "", "old_railway_operator": "", "segregated": "", "bridge": "", "layer": "", "tiger:separated": "", "tiger:source": "", "tiger:tlid": "", "maxspeed": "35 mph", "name_1": "", "tiger:name_base_1": "", "tiger:name_type_1": "", "cycleway:right": "", "route": "", "tracktype": "", "horse": "", "motor_vehicle": "", "railway": "", "tiger:name_base_2": "", "tiger:zip_right": "", "name_2": "", "destination": "", "destination:ref": "", "alt_name_1": "", "parking:lane:both": "", "mtb:scale": "", "old_ref": "", "NHS": "", "hgv": "", "hgv:national_network": "", "source:hgv:national_network": "", "sac_scale": "", "description": "", "website": "", "trail_visibility": "", "mtb:scale:imba": "", "admin_level": "", "border_type": "", "boundary": "", "is_in:country": "", "is_in:country_code": "", "is_in:iso_3166_2": "", "is_in:state": "", "tiger:CLASSFP": "", "tiger:CPI": "", "tiger:FUNCSTAT": "", "tiger:LSAD": "", "tiger:MTFCC": "", "tiger:NAME": "", "tiger:NAMELSAD": "", "tiger:PCICBSA": "", "tiger:PCINECTA": "", "tiger:PLACEFP": "", "tiger:PLACENS": "", "tiger:PLCIDFP": "", "tiger:STATEFP": "", "wikidata": "", "wikipedia": "", "tunnel": "", "lit": "", "width": "", "waterway": "", "barrier": "", "fence_type": "", "junction": "", "shoulder": "", "lanes:backward": "2", "lanes:forward": "1", "turn:lanes:backward": "left|", "intermittent": "", "natural": "", "seasonal": "", "footway": "", "crossing": "", "tiger:name_base_3": "", "tiger:name_direction_prefix_3": "", "turn:lanes:forward": "", "turn:lanes": "", "lanes:both_ways": "", "turn:lanes:both_ways": "", "golf": "", "golf_cart": "", "power": "", "disused:highway": "", "tourism": "", "auxiliary_storage_labeling_positionx": null, "auxiliary_storage_labeling_positiony": null }, "geometry": { "type": "LineString", "coordinates": [ [ -104.8745848, 38.8876571 ], [ -104.8748055, 38.8884414 ] ] } },
{ "type": "Feature", "properties": { "fid": 849, "full_id": "w850323329", "osm_id": "850323329", "osm_type": "way", "highway": "secondary", "name": "North 30th Street", "tiger:cfcc": "A41", "tiger:county": "El Paso, CO", "tiger:reviewed": "", "cycleway": "", "oneway": "", "tiger:name_base": "30th", "tiger:name_type": "St", "service": "", "access": "", "alt_name": "", "ref": "", "surface": "asphalt", "tiger:name_direction_prefix": "N", "cycleway:both": "", "maxspeed:type": "", "sidewalk": "", "sidewalk:both:bicycle": "", "lanes": "2", "bicycle": "", "foot": "", "old_railway_operator": "", "segregated": "", "bridge": "", "layer": "", "tiger:separated": "", "tiger:source": "", "tiger:tlid": "", "maxspeed": "35 mph", "name_1": "", "tiger:name_base_1": "", "tiger:name_type_1": "", "cycleway:right": "", "route": "", "tracktype": "", "horse": "", "motor_vehicle": "", "railway": "", "tiger:name_base_2": "", "tiger:zip_right": "", "name_2": "", "destination": "", "destination:ref": "", "alt_name_1": "", "parking:lane:both": "", "mtb:scale": "", "old_ref": "", "NHS": "", "hgv": "", "hgv:national_network": "", "source:hgv:national_network": "", "sac_scale": "", "description": "", "website": "", "trail_visibility": "", "mtb:scale:imba": "", "admin_level": "", "border_type": "", "boundary": "", "is_in:country": "", "is_in:country_code": "", "is_in:iso_3166_2": "", "is_in:state": "", "tiger:CLASSFP": "", "tiger:CPI": "", "tiger:FUNCSTAT": "", "tiger:LSAD": "", "tiger:MTFCC": "", "tiger:NAME": "", "tiger:NAMELSAD": "", "tiger:PCICBSA": "", "tiger:PCINECTA": "", "tiger:PLACEFP": "", "tiger:PLACENS": "", "tiger:PLCIDFP": "", "tiger:STATEFP": "", "wikidata": "", "wikipedia": "", "tunnel": "", "lit": "", "width": "", "waterway": "", "barrier": "", "fence_type": "", "junction": "", "shoulder": "", "lanes:backward": "1", "lanes:forward": "1", "turn:lanes:backward": "", "intermittent": "", "natural": "", "seasonal": "", "footway": "", "crossing": "", "tiger:name_base_3": "", "tiger:name_direction_prefix_3": "", "turn:lanes:forward": "", "turn:lanes": "", "lanes:both_ways": "", "turn:lanes:both_ways": "", "golf": "", "golf_cart": "", "power": "", "disused:highway": "", "tourism": "", "auxiliary_storage_labeling_positionx": null, "auxiliary_storage_labeling_positiony": null }, "geometry": { "type": "LineString", "coordinates": [ [ -104.8748055, 38.8884414 ], [ -104.8748557, 38.888598 ], [ -104.8748936, 38.8887161 ], [ -104.8749305, 38.8888384 ], [ -104.8749828, 38.8890263 ], [ -104.8750211, 38.8892065 ], [ -104.8750563, 38.8894603 ], [ -104.8750701, 38.8896007 ], [ -104.8751964, 38.8908828 ] ] } },
{ "type": "Feature", "properties": { "fid": 1042, "full_id": "w425690813", "osm_id": "425690813", "osm_type": "way", "highway": "unclassified", "name": "Garden Drive", "tiger:cfcc": "A41", "tiger:county": "El Paso, CO", "tiger:reviewed": "no", "cycleway": "", "oneway": "yes", "tiger:name_base": "Garden", "tiger:name_type": "Dr", "service": "", "access": "", "alt_name": "", "ref": "", "surface": "asphalt", "tiger:name_direction_prefix": "", "cycleway:both": "", "maxspeed:type": "", "sidewalk": "", "sidewalk:both:bicycle": "", "lanes": "", "bicycle": "", "foot": "", "old_railway_operator": "", "segregated": "", "bridge": "", "layer": "", "tiger:separated": "", "tiger:source": "", "tiger:tlid": "", "maxspeed": "", "name_1": "", "tiger:name_base_1": "", "tiger:name_type_1": "", "cycleway:right": "", "route": "", "tracktype": "", "horse": "", "motor_vehicle": "", "railway": "", "tiger:name_base_2": "", "tiger:zip_right": "", "name_2": "", "destination": "", "destination:ref": "", "alt_name_1": "", "parking:lane:both": "", "mtb:scale": "", "old_ref": "", "NHS": "", "hgv": "", "hgv:national_network": "", "source:hgv:national_network": "", "sac_scale": "", "description": "", "website": "", "trail_visibility": "", "mtb:scale:imba": "", "admin_level": "", "border_type": "", "boundary": "", "is_in:country": "", "is_in:country_code": "", "is_in:iso_3166_2": "", "is_in:state": "", "tiger:CLASSFP": "", "tiger:CPI": "", "tiger:FUNCSTAT": "", "tiger:LSAD": "", "tiger:MTFCC": "", "tiger:NAME": "", "tiger:NAMELSAD": "", "tiger:PCICBSA": "", "tiger:PCINECTA": "", "tiger:PLACEFP": "", "tiger:PLACENS": "", "tiger:PLCIDFP": "", "tiger:STATEFP": "", "wikidata": "", "wikipedia": "", "tunnel": "", "lit": "", "width": "", "waterway": "", "barrier": "", "fence_type": "", "junction": "", "shoulder": "", "lanes:backward": "", "lanes:forward": "", "turn:lanes:backward": "", "intermittent": "", "natural": "", "seasonal": "", "footway": "", "crossing": "", "tiger:name_base_3": "", "tiger:name_direction_prefix_3": "", "turn:lanes:forward": "", "turn:lanes": "", "lanes:both_ways": null, "turn:lanes:both_ways": null, "golf": "", "golf_cart": "", "power": "", "disused:highway": "", "tourism": "", "auxiliary_storage_labeling_positionx": null, "auxiliary_storage_labeling_positiony": null }, "geometry": { "type": "LineString", "coordinates": [ [ -104.895967, 38.8660719 ], [ -104.8961558, 38.8659717 ], [ -104.896276, 38.8659049 ], [ -104.8963962, 38.8657979 ] ] } },
{ "type": "Feature", "properties": { "fid": 1182, "full_id": "w653171585", "osm_id": "653171585", "osm_type": "way", "highway": "unclassified", "name": "Garden of the Gods Road", "tiger:cfcc": "", "tiger:county": "El Paso, CO", "tiger:reviewed": "", "cycleway": "lane", "oneway": "", "tiger:name_base": "Garden;Garden of the Gods", "tiger:name_type": "", "service": "", "access": "", "alt_name": "Garden Drive", "ref": "", "surface": "asphalt", "tiger:name_direction_prefix": "", "cycleway:both": "", "maxspeed:type": "", "sidewalk": "", "sidewalk:both:bicycle": "", "lanes": "", "bicycle": "", "foot": "", "old_railway_operator": "", "segregated": "", "bridge": "", "layer": "", "tiger:separated": "", "tiger:source": "", "tiger:tlid": "", "maxspeed": "", "name_1": "", "tiger:name_base_1": "Garden", "tiger:name_type_1": "", "cycleway:right": "", "route": "", "tracktype": "", "horse": "", "motor_vehicle": "", "railway": "", "tiger:name_base_2": "", "tiger:zip_right": "", "name_2": "", "destination": "", "destination:ref": "", "alt_name_1": "", "parking:lane:both": "", "mtb:scale": "", "old_ref": "", "NHS": "", "hgv": "", "hgv:national_network": "", "source:hgv:national_network": "", "sac_scale": "", "description": "", "website": "", "trail_visibility": "", "mtb:scale:imba": "", "admin_level": "", "border_type": "", "boundary": "", "is_in:country": "", "is_in:country_code": "", "is_in:iso_3166_2": "", "is_in:state": "", "tiger:CLASSFP": "", "tiger:CPI": "", "tiger:FUNCSTAT": "", "tiger:LSAD": "", "tiger:MTFCC": "", "tiger:NAME": "", "tiger:NAMELSAD": "", "tiger:PCICBSA": "", "tiger:PCINECTA": "", "tiger:PLACEFP": "", "tiger:PLACENS": "", "tiger:PLCIDFP": "", "tiger:STATEFP": "", "wikidata": "", "wikipedia": "", "tunnel": "", "lit": "", "width": "", "waterway": "", "barrier": "", "fence_type": "", "junction": "", "shoulder": "", "lanes:backward": "", "lanes:forward": "", "turn:lanes:backward": "", "intermittent": "", "natural": "", "seasonal": "", "footway": "", "crossing": "", "tiger:name_base_3": "", "tiger:name_direction_prefix_3": "", "turn:lanes:forward": "", "turn:lanes": "", "lanes:both_ways": null, "turn:lanes:both_ways": null, "golf": "", "golf_cart": "", "power": "", "disused:highway": "", "tourism": "", "auxiliary_storage_labeling_positionx": null, "auxiliary_storage_labeling_positiony": null }, "geometry": { "type": "LineString", "coordinates": [ [ -104.8862947, 38.8699146 ], [ -104.8862421, 38.8699725 ], [ -104.8861029, 38.8701232 ], [ -104.8858369, 38.8704907 ], [ -104.8856652, 38.8706979 ], [ -104.885382, 38.8709585 ], [ -104.8852103, 38.8711924 ], [ -104.8851245, 38.871453 ], [ -104.8851245, 38.8716869 ], [ -104.8852275, 38.8720009 ], [ -104.8852675, 38.8721611 ], [ -104.8852876, 38.8722415 ], [ -104.8852979, 38.8723438 ], [ -104.8853048, 38.8724121 ], [ -104.8853509, 38.8728708 ], [ -104.8853562, 38.8729231 ], [ -104.8853391, 38.8730901 ], [ -104.8852502, 38.8734109 ], [ -104.8851502, 38.8737717 ], [ -104.8850472, 38.8740657 ], [ -104.8849099, 38.8743264 ], [ -104.8847554, 38.8745402 ], [ -104.8840602, 38.8752418 ], [ -104.8838628, 38.8753821 ], [ -104.8837864, 38.8754272 ], [ -104.8836139, 38.8755291 ], [ -104.8834977, 38.8756367 ], [ -104.8834119, 38.8757703 ], [ -104.8833776, 38.875924 ], [ -104.8833862, 38.8762514 ], [ -104.8833812, 38.8762979 ] ] } },
{ "type": "Feature", "properties": { "fid": 1306, "full_id": "w769208030", "osm_id": "769208030", "osm_type": "way", "highway": "secondary", "name": "Mesa Road", "tiger:cfcc": "A41", "tiger:county": "El Paso, CO", "tiger:reviewed": "no", "cycleway": "", "oneway": "no", "tiger:name_base": "Mesa", "tiger:name_type": "Rd", "service": "", "access": "", "alt_name": "", "ref": "", "surface": "asphalt", "tiger:name_direction_prefix": "", "cycleway:both": "", "maxspeed:type": "", "sidewalk": "", "sidewalk:both:bicycle": "", "lanes": "2", "bicycle": "", "foot": "", "old_railway_operator": "", "segregated": "", "bridge": "", "layer": "", "tiger:separated": "", "tiger:source": "", "tiger:tlid": "", "maxspeed": "35 mph", "name_1": "", "tiger:name_base_1": "", "tiger:name_type_1": "", "cycleway:right": "", "route": "", "tracktype": "", "horse": "", "motor_vehicle": "", "railway": "", "tiger:name_base_2": "", "tiger:zip_right": "", "name_2": "", "destination": "", "destination:ref": "", "alt_name_1": "", "parking:lane:both": "", "mtb:scale": "", "old_ref": "", "NHS": "", "hgv": "", "hgv:national_network": "", "source:hgv:national_network": "", "sac_scale": "", "description": "", "website": "", "trail_visibility": "", "mtb:scale:imba": "", "admin_level": "", "border_type": "", "boundary": "", "is_in:country": "", "is_in:country_code": "", "is_in:iso_3166_2": "", "is_in:state": "", "tiger:CLASSFP": "", "tiger:CPI": "", "tiger:FUNCSTAT": "", "tiger:LSAD": "", "tiger:MTFCC": "", "tiger:NAME": "", "tiger:NAMELSAD": "", "tiger:PCICBSA": "", "tiger:PCINECTA": "", "tiger:PLACEFP": "", "tiger:PLACENS": "", "tiger:PLCIDFP": "", "tiger:STATEFP": "", "wikidata": "", "wikipedia": "", "tunnel": "", "lit": "", "width": "", "waterway": "", "barrier": "", "fence_type": "", "junction": "", "shoulder": "", "lanes:backward": "", "lanes:forward": "", "turn:lanes:backward": "", "intermittent": "", "natural": "", "seasonal": "", "footway": "", "crossing": "", "tiger:name_base_3": "", "tiger:name_direction_prefix_3": "", "turn:lanes:forward": "", "turn:lanes": "", "lanes:both_ways": null, "turn:lanes:both_ways": null, "golf": "", "golf_cart": "", "power": "", "disused:highway": "", "tourism": "", "auxiliary_storage_labeling_positionx": null, "auxiliary_storage_labeling_positiony": null }, "geometry": { "type": "LineString", "coordinates": [ [ -104.8689615, 38.8814271 ], [ -104.8689941, 38.8814552 ], [ -104.869149, 38.8815697 ], [ -104.8693046, 38.8816729 ], [ -104.8694883, 38.8817759 ], [ -104.8697026, 38.8818815 ], [ -104.8700123, 38.8820199 ], [ -104.8701524, 38.8820839 ], [ -104.8702182, 38.8821131 ], [ -104.8702818, 38.882143 ], [ -104.8705455, 38.8822809 ], [ -104.8707673, 38.88241 ], [ -104.8710121, 38.8825647 ], [ -104.8711789, 38.8826904 ], [ -104.8715886, 38.8830341 ], [ -104.8716038, 38.8830465 ], [ -104.8717348, 38.8831539 ], [ -104.871867, 38.8832703 ], [ -104.871979, 38.8833779 ], [ -104.8720951, 38.8835001 ], [ -104.8722274, 38.8836561 ], [ -104.8724089, 38.8838908 ], [ -104.8725203, 38.884034 ], [ -104.8726245, 38.8841683 ], [ -104.8727229, 38.8843205 ], [ -104.8727849, 38.8844258 ], [ -104.8730477, 38.8849308 ], [ -104.8732302, 38.8852976 ], [ -104.8734966, 38.8858232 ], [ -104.874058, 38.8869389 ], [ -104.8741311, 38.8871021 ], [ -104.8741918, 38.8872923 ], [ -104.8742854, 38.8875478 ] ] } },
{ "type": "Feature", "properties": { "fid": 1445, "full_id": "w878880188", "osm_id": "878880188", "osm_type": "way", "highway": "secondary", "name": "Mesa Road", "tiger:cfcc": "A41", "tiger:county": "El Paso, CO", "tiger:reviewed": "no", "cycleway": "", "oneway": "no", "tiger:name_base": "Mesa", "tiger:name_type": "Rd", "service": "", "access": "", "alt_name": "", "ref": "", "surface": "asphalt", "tiger:name_direction_prefix": "", "cycleway:both": "", "maxspeed:type": "", "sidewalk": "", "sidewalk:both:bicycle": "", "lanes": "3", "bicycle": "", "foot": "", "old_railway_operator": "", "segregated": "", "bridge": "", "layer": "", "tiger:separated": "", "tiger:source": "", "tiger:tlid": "", "maxspeed": "35 mph", "name_1": "", "tiger:name_base_1": "", "tiger:name_type_1": "", "cycleway:right": "", "route": "", "tracktype": "", "horse": "", "motor_vehicle": "", "railway": "", "tiger:name_base_2": "", "tiger:zip_right": "", "name_2": "", "destination": "", "destination:ref": "", "alt_name_1": "", "parking:lane:both": "", "mtb:scale": "", "old_ref": "", "NHS": "", "hgv": "", "hgv:national_network": "", "source:hgv:national_network": "", "sac_scale": "", "description": "", "website": "", "trail_visibility": "", "mtb:scale:imba": "", "admin_level": "", "border_type": "", "boundary": "", "is_in:country": "", "is_in:country_code": "", "is_in:iso_3166_2": "", "is_in:state": "", "tiger:CLASSFP": "", "tiger:CPI": "", "tiger:FUNCSTAT": "", "tiger:LSAD": "", "tiger:MTFCC": "", "tiger:NAME": "", "tiger:NAMELSAD": "", "tiger:PCICBSA": "", "tiger:PCINECTA": "", "tiger:PLACEFP": "", "tiger:PLACENS": "", "tiger:PLCIDFP": "", "tiger:STATEFP": "", "wikidata": "", "wikipedia": "", "tunnel": "", "lit": "", "width": "", "waterway": "", "barrier": "", "fence_type": "", "junction": "", "shoulder": "", "lanes:backward": "1", "lanes:forward": "2", "turn:lanes:backward": "", "intermittent": "", "natural": "", "seasonal": "", "footway": "", "crossing": "", "tiger:name_base_3": "", "tiger:name_direction_prefix_3": "", "turn:lanes:forward": "left|right", "turn:lanes": "", "lanes:both_ways": null, "turn:lanes:both_ways": null, "golf": "", "golf_cart": "", "power": "", "disused:highway": "", "tourism": "", "auxiliary_storage_labeling_positionx": null, "auxiliary_storage_labeling_positiony": null }, "geometry": { "type": "LineString", "coordinates": [ [ -104.8742854, 38.8875478 ], [ -104.8743378, 38.8876119 ], [ -104.8743991, 38.8876559 ], [ -104.8744556, 38.8876672 ], [ -104.8745155, 38.8876675 ], [ -104.8745848, 38.8876571 ] ] } },
{ "type": "Feature", "properties": { "fid": 1446, "full_id": "w39083606", "osm_id": "39083606", "osm_type": "way", "highway": "road", "name": "", "tiger:cfcc": "", "tiger:county": "", "tiger:reviewed": "", "cycleway": "", "oneway": "", "tiger:name_base": "", "tiger:name_type": "", "service": "", "access": "", "alt_name": "", "ref": "", "surface": "gravel", "tiger:name_direction_prefix": "", "cycleway:both": "", "maxspeed:type": "", "sidewalk": "", "sidewalk:both:bicycle": "", "lanes": "", "bicycle": "", "foot": "", "old_railway_operator": "", "segregated": "", "bridge": "", "layer": "", "tiger:separated": "", "tiger:source": "", "tiger:tlid": "", "maxspeed": "", "name_1": "", "tiger:name_base_1": "", "tiger:name_type_1": "", "cycleway:right": "", "route": "", "tracktype": "", "horse": "", "motor_vehicle": "", "railway": "", "tiger:name_base_2": "", "tiger:zip_right": "", "name_2": "", "destination": "", "destination:ref": "", "alt_name_1": "", "parking:lane:both": "", "mtb:scale": "", "old_ref": "", "NHS": "", "hgv": "", "hgv:national_network": "", "source:hgv:national_network": "", "sac_scale": "", "description": "", "website": "", "trail_visibility": "", "mtb:scale:imba": "", "admin_level": "", "border_type": "", "boundary": "", "is_in:country": "", "is_in:country_code": "", "is_in:iso_3166_2": "", "is_in:state": "", "tiger:CLASSFP": "", "tiger:CPI": "", "tiger:FUNCSTAT": "", "tiger:LSAD": "", "tiger:MTFCC": "", "tiger:NAME": "", "tiger:NAMELSAD": "", "tiger:PCICBSA": "", "tiger:PCINECTA": "", "tiger:PLACEFP": "", "tiger:PLACENS": "", "tiger:PLCIDFP": "", "tiger:STATEFP": "", "wikidata": "", "wikipedia": "", "tunnel": "", "lit": "", "width": "", "waterway": "", "barrier": "", "fence_type": "", "junction": "", "shoulder": "", "lanes:backward": "", "lanes:forward": "", "turn:lanes:backward": "", "intermittent": "", "natural": "", "seasonal": "", "footway": "", "crossing": "", "tiger:name_base_3": "", "tiger:name_direction_prefix_3": "", "turn:lanes:forward": "", "turn:lanes": "", "lanes:both_ways": "", "turn:lanes:both_ways": "", "golf": "", "golf_cart": "", "power": "", "disused:highway": "", "tourism": "", "auxiliary_storage_labeling_positionx": null, "auxiliary_storage_labeling_positiony": null }, "geometry": { "type": "LineString", "coordinates": [ [ -104.8862421, 38.8699725 ], [ -104.8861893, 38.869953 ], [ -104.8861165, 38.8699262 ], [ -104.8861046, 38.8698867 ], [ -104.886005, 38.8695587 ], [ -104.8859277, 38.869425 ], [ -104.8859085, 38.8693992 ], [ -104.8858333, 38.869298 ], [ -104.8857045, 38.8691243 ], [ -104.8856616, 38.8690708 ], [ -104.8855415, 38.8689372 ], [ -104.8853956, 38.8688035 ], [ -104.8853203, 38.8687419 ], [ -104.8852325, 38.8686699 ], [ -104.8851381, 38.868583 ], [ -104.8850608, 38.8684627 ], [ -104.8850179, 38.8683357 ], [ -104.8849836, 38.8681753 ], [ -104.8850007, 38.8680684 ], [ -104.885078, 38.867908 ], [ -104.8851209, 38.8678212 ], [ -104.8851638, 38.8677076 ], [ -104.8852067, 38.8675138 ], [ -104.8852325, 38.8674135 ], [ -104.8853011, 38.8672732 ], [ -104.8853612, 38.867193 ], [ -104.8854385, 38.8670861 ], [ -104.8855243, 38.867046 ], [ -104.8856616, 38.8669858 ], [ -104.8857217, 38.8669524 ], [ -104.885756, 38.8669123 ], [ -104.8857646, 38.8668655 ], [ -104.8857389, 38.8668121 ], [ -104.8856788, 38.866772 ], [ -104.8855329, 38.8667185 ], [ -104.8852411, 38.8666316 ], [ -104.8851295, 38.8665915 ], [ -104.885078, 38.8665915 ] ] } },
{ "type": "Feature", "properties": { "fid": 1447, "full_id": "w39158413", "osm_id": "39158413", "osm_type": "way", "highway": "service", "name": "", "tiger:cfcc": "", "tiger:county": "", "tiger:reviewed": "", "cycleway": "", "oneway": "", "tiger:name_base": "", "tiger:name_type": "", "service": "parking_aisle", "access": "", "alt_name": "", "ref": "", "surface": "asphalt", "tiger:name_direction_prefix": "", "cycleway:both": "", "maxspeed:type": "", "sidewalk": "", "sidewalk:both:bicycle": "", "lanes": "", "bicycle": "", "foot": "", "old_railway_operator": "", "segregated": "", "bridge": "", "layer": "", "tiger:separated": "", "tiger:source": "", "tiger:tlid": "", "maxspeed": "", "name_1": "", "tiger:name_base_1": "", "tiger:name_type_1": "", "cycleway:right": "", "route": "", "tracktype": "", "horse": "", "motor_vehicle": "", "railway": "", "tiger:name_base_2": "", "tiger:zip_right": "", "name_2": "", "destination": "", "destination:ref": "", "alt_name_1": "", "parking:lane:both": "", "mtb:scale": "", "old_ref": "", "NHS": "", "hgv": "", "hgv:national_network": "", "source:hgv:national_network": "", "sac_scale": "", "description": "", "website": "", "trail_visibility": "", "mtb:scale:imba": "", "admin_level": "", "border_type": "", "boundary": "", "is_in:country": "", "is_in:country_code": "", "is_in:iso_3166_2": "", "is_in:state": "", "tiger:CLASSFP": "", "tiger:CPI": "", "tiger:FUNCSTAT": "", "tiger:LSAD": "", "tiger:MTFCC": "", "tiger:NAME": "", "tiger:NAMELSAD": "", "tiger:PCICBSA": "", "tiger:PCINECTA": "", "tiger:PLACEFP": "", "tiger:PLACENS": "", "tiger:PLCIDFP": "", "tiger:STATEFP": "", "wikidata": "", "wikipedia": "", "tunnel": "", "lit": "", "width": "", "waterway": "", "barrier": "", "fence_type": "", "junction": "", "shoulder": "", "lanes:backward": "", "lanes:forward": "", "turn:lanes:backward": "", "intermittent": "", "natural": "", "seasonal": "", "footway": "", "crossing": "", "tiger:name_base_3": "", "tiger:name_direction_prefix_3": "", "turn:lanes:forward": "", "turn:lanes": "", "lanes:both_ways": "", "turn:lanes:both_ways": "", "golf": "", "golf_cart": "", "power": "", "disused:highway": "", "tourism": "", "auxiliary_storage_labeling_positionx": null, "auxiliary_storage_labeling_positiony": null }, "geometry": { "type": "LineString", "coordinates": [ [ -104.87797126257054, 38.869427877964597 ], [ -104.8779956, 38.8693425 ], [ -104.87803, 38.8692957 ], [ -104.878594, 38.8691438 ] ] } },
{ "type": "Feature", "properties": { "fid": 1448, "full_id": "w7677924", "osm_id": "7677924", "osm_type": "way", "highway": "residential", "name": "West Fontanero Street", "tiger:cfcc": "A41", "tiger:county": "El Paso, CO", "tiger:reviewed": "no", "cycleway": "", "oneway": "", "tiger:name_base": "Fontanero", "tiger:name_type": "St", "service": "", "access": "", "alt_name": "", "ref": "", "surface": "asphalt", "tiger:name_direction_prefix": "W", "cycleway:both": "", "maxspeed:type": "", "sidewalk": "", "sidewalk:both:bicycle": "", "lanes": "", "bicycle": "", "foot": "", "old_railway_operator": "", "segregated": "", "bridge": "", "layer": "", "tiger:separated": "", "tiger:source": "", "tiger:tlid": "", "maxspeed": "", "name_1": "", "tiger:name_base_1": "", "tiger:name_type_1": "", "cycleway:right": "", "route": "", "tracktype": "", "horse": "", "motor_vehicle": "", "railway": "", "tiger:name_base_2": "", "tiger:zip_right": "", "name_2": "", "destination": "", "destination:ref": "", "alt_name_1": "", "parking:lane:both": "", "mtb:scale": "", "old_ref": "", "NHS": "", "hgv": "", "hgv:national_network": "", "source:hgv:national_network": "", "sac_scale": "", "description": "", "website": "", "trail_visibility": "", "mtb:scale:imba": "", "admin_level": "", "border_type": "", "boundary": "", "is_in:country": "", "is_in:country_code": "", "is_in:iso_3166_2": "", "is_in:state": "", "tiger:CLASSFP": "", "tiger:CPI": "", "tiger:FUNCSTAT": "", "tiger:LSAD": "", "tiger:MTFCC": "", "tiger:NAME": "", "tiger:NAMELSAD": "", "tiger:PCICBSA": "", "tiger:PCINECTA": "", "tiger:PLACEFP": "", "tiger:PLACENS": "", "tiger:PLCIDFP": "", "tiger:STATEFP": "", "wikidata": "", "wikipedia": "", "tunnel": "", "lit": "", "width": "", "waterway": "", "barrier": "", "fence_type": "", "junction": "", "shoulder": "", "lanes:backward": "", "lanes:forward": "", "turn:lanes:backward": "", "intermittent": "", "natural": "", "seasonal": "", "footway": "", "crossing": "", "tiger:name_base_3": "", "tiger:name_direction_prefix_3": "", "turn:lanes:forward": "", "turn:lanes": "", "lanes:both_ways": null, "turn:lanes:both_ways": null, "golf": "", "golf_cart": "", "power": "", "disused:highway": "", "tourism": "", "auxiliary_storage_labeling_positionx": null, "auxiliary_storage_labeling_positiony": null }, "geometry": { "type": "LineString", "coordinates": [ [ -104.8763287, 38.8617614 ], [ -104.8760777, 38.8619391 ], [ -104.8759401, 38.8620504 ], [ -104.8758756, 38.8621342 ], [ -104.8758327, 38.8621944 ], [ -104.8758245, 38.8622112 ], [ -104.8758147, 38.8622311 ], [ -104.8757935, 38.8622929 ], [ -104.8757737, 38.862604 ], [ -104.8757558, 38.8627347 ], [ -104.8757246, 38.8628286 ], [ -104.8756673, 38.862928 ], [ -104.8756148, 38.8630025 ], [ -104.8755029, 38.8630812 ], [ -104.8754768, 38.8632984 ], [ -104.8754623, 38.8634122 ], [ -104.875456, 38.8635821 ], [ -104.8754551, 38.8635941 ], [ -104.8754463, 38.8637112 ], [ -104.8754239, 38.8637749 ], [ -104.8754022, 38.8638249 ], [ -104.8753677, 38.8638758 ], [ -104.8752222, 38.8639982 ], [ -104.8750392, 38.8641299 ], [ -104.8749822, 38.8641654 ], [ -104.8749231, 38.8641843 ], [ -104.8748616, 38.8641944 ], [ -104.8747999, 38.8641923 ], [ -104.8747422, 38.8641827 ], [ -104.8746815, 38.8641552 ], [ -104.8746193, 38.8641117 ], [ -104.874225, 38.8638141 ], [ -104.8734713, 38.8632487 ], [ -104.8731359, 38.8629656 ], [ -104.8728286, 38.8626839 ], [ -104.8720757, 38.8619937 ], [ -104.8719814, 38.8619072 ], [ -104.8718859, 38.8618273 ], [ -104.871806, 38.861771 ], [ -104.8717473, 38.8617347 ], [ -104.8716962, 38.8617022 ], [ -104.8709107, 38.8612016 ], [ -104.8706621, 38.8610278 ], [ -104.8705879, 38.8609861 ], [ -104.8705238, 38.8609576 ], [ -104.8704228, 38.8609248 ], [ -104.8703146, 38.860898 ], [ -104.870214, 38.8608816 ], [ -104.8700941, 38.860875 ], [ -104.8700115, 38.8608737 ], [ -104.8699581, 38.8608734 ], [ -104.8694337, 38.8608825 ] ] } },
{ "type": "Feature", "properties": { "fid": 1450, "full_id": "w51024544", "osm_id": "51024544", "osm_type": "way", "highway": "unclassified", "name": "Juniper Way Loop", "tiger:cfcc": "A41", "tiger:county": "El Paso, CO", "tiger:reviewed": "", "cycleway": "", "oneway": "yes", "tiger:name_base": "Juniper", "tiger:name_type": "Way", "service": "", "access": null, "alt_name": null, "ref": null, "surface": "asphalt", "tiger:name_direction_prefix": "", "cycleway:both": null, "maxspeed:type": null, "sidewalk": null, "sidewalk:both:bicycle": null, "lanes": "", "bicycle": "", "foot": "", "old_railway_operator": null, "segregated": null, "bridge": "", "layer": "", "tiger:separated": null, "tiger:source": null, "tiger:tlid": null, "maxspeed": "", "name_1": null, "tiger:name_base_1": null, "tiger:name_type_1": null, "cycleway:right": "lane", "route": null, "tracktype": null, "horse": null, "motor_vehicle": null, "railway": null, "tiger:name_base_2": null, "tiger:zip_right": null, "name_2": null, "destination": null, "destination:ref": null, "alt_name_1": null, "parking:lane:both": null, "mtb:scale": null, "old_ref": null, "NHS": null, "hgv": null, "hgv:national_network": null, "source:hgv:national_network": null, "sac_scale": "", "description": null, "website": null, "trail_visibility": null, "mtb:scale:imba": null, "admin_level": null, "border_type": null, "boundary": null, "is_in:country": null, "is_in:country_code": null, "is_in:iso_3166_2": null, "is_in:state": null, "tiger:CLASSFP": null, "tiger:CPI": null, "tiger:FUNCSTAT": null, "tiger:LSAD": null, "tiger:MTFCC": null, "tiger:NAME": null, "tiger:NAMELSAD": null, "tiger:PCICBSA": null, "tiger:PCINECTA": null, "tiger:PLACEFP": null, "tiger:PLACENS": null, "tiger:PLCIDFP": null, "tiger:STATEFP": null, "wikidata": null, "wikipedia": null, "tunnel": "", "lit": null, "width": null, "waterway": null, "barrier": null, "fence_type": null, "junction": null, "shoulder": null, "lanes:backward": "", "lanes:forward": "", "turn:lanes:backward": null, "intermittent": null, "natural": null, "seasonal": null, "footway": null, "crossing": null, "tiger:name_base_3": null, "tiger:name_direction_prefix_3": null, "turn:lanes:forward": null, "turn:lanes": null, "lanes:both_ways": null, "turn:lanes:both_ways": null, "golf": null, "golf_cart": null, "power": null, "disused:highway": null, "tourism": null, "auxiliary_storage_labeling_positionx": null, "auxiliary_storage_labeling_positiony": null }, "geometry": { "type": "LineString", "coordinates": [ [ -104.8830772, 38.8764519 ], [ -104.8828626, 38.8762514 ], [ -104.8826909, 38.876071 ], [ -104.8825622, 38.8759106 ], [ -104.8824506, 38.8756968 ], [ -104.8823991, 38.8754496 ], [ -104.8823905, 38.8751957 ], [ -104.8824077, 38.8746076 ], [ -104.8824334, 38.8744874 ], [ -104.8825193, 38.8742936 ], [ -104.8825279, 38.8741867 ], [ -104.882442, 38.8740397 ], [ -104.8822704, 38.8738325 ], [ -104.8822017, 38.8737189 ], [ -104.8819785, 38.8732979 ], [ -104.8817811, 38.8729839 ], [ -104.8814378, 38.8721219 ], [ -104.881249, 38.8714403 ], [ -104.8811288, 38.8709925 ], [ -104.8809743, 38.8706918 ], [ -104.8809142, 38.8705314 ], [ -104.8808799, 38.8701706 ], [ -104.880837, 38.8700704 ], [ -104.8807683, 38.8699902 ], [ -104.8799959, 38.8694957 ], [ -104.8798156, 38.8694088 ], [ -104.8794036, 38.8692484 ], [ -104.8792491, 38.8691415 ], [ -104.8789831, 38.8689009 ], [ -104.8788801, 38.8687539 ], [ -104.8788543, 38.8686135 ], [ -104.8788972, 38.8684665 ], [ -104.8790946, 38.868099 ], [ -104.8790861, 38.867972 ], [ -104.8790088, 38.8678317 ], [ -104.878923, 38.8677782 ], [ -104.87882, 38.8677582 ], [ -104.878717, 38.8677582 ], [ -104.8785539, 38.8678116 ], [ -104.8784282, 38.8679115 ], [ -104.8783252, 38.8680318 ], [ -104.8782822, 38.8682055 ], [ -104.8782994, 38.868386 ], [ -104.8783767, 38.8685731 ], [ -104.8785226, 38.8688872 ], [ -104.878594, 38.8691438 ], [ -104.8786341, 38.8692881 ], [ -104.8786341, 38.8695087 ], [ -104.878576, 38.8701709 ], [ -104.8785731, 38.8702042 ], [ -104.8785397, 38.8705845 ], [ -104.8785435, 38.8707326 ], [ -104.8785483, 38.8709187 ], [ -104.8785912, 38.8713798 ], [ -104.8785912, 38.8718074 ], [ -104.8785998, 38.8725158 ], [ -104.8785741, 38.8727964 ], [ -104.8784711, 38.8730169 ], [ -104.8783681, 38.8732308 ], [ -104.8783595, 38.8734045 ], [ -104.8784367, 38.8736183 ], [ -104.8784539, 38.8737386 ], [ -104.8784024, 38.8738856 ], [ -104.8782565, 38.8741329 ], [ -104.8782136, 38.87432 ], [ -104.8781964, 38.874781 ], [ -104.8782393, 38.8751485 ], [ -104.878308, 38.8756296 ], [ -104.8782822, 38.8758435 ], [ -104.8782703, 38.8758777 ], [ -104.8781964, 38.8760907 ], [ -104.8780116, 38.8766962 ], [ -104.8779861, 38.8767859 ], [ -104.8779697, 38.8768606 ], [ -104.8779634, 38.8768889 ] ] } },
{ "type": "Feature", "properties": { "fid": 1451, "full_id": "w38744008", "osm_id": "38744008", "osm_type": "way", "highway": "residential", "name": "Beckers Lane", "tiger:cfcc": "A41", "tiger:county": "El Paso, CO", "tiger:reviewed": "no", "cycleway": "", "oneway": "", "tiger:name_base": "Beckers", "tiger:name_type": "Ln", "service": "", "access": "", "alt_name": "", "ref": "", "surface": "asphalt", "tiger:name_direction_prefix": "", "cycleway:both": "", "maxspeed:type": "", "sidewalk": "", "sidewalk:both:bicycle": "", "lanes": "", "bicycle": "", "foot": "", "old_railway_operator": "", "segregated": "", "bridge": "", "layer": "", "tiger:separated": "", "tiger:source": "", "tiger:tlid": "", "maxspeed": "", "name_1": "", "tiger:name_base_1": "", "tiger:name_type_1": "", "cycleway:right": "", "route": "", "tracktype": "", "horse": "", "motor_vehicle": "", "railway": "", "tiger:name_base_2": "", "tiger:zip_right": "", "name_2": "", "destination": "", "destination:ref": "", "alt_name_1": "", "parking:lane:both": "", "mtb:scale": "", "old_ref": "", "NHS": "", "hgv": "", "hgv:national_network": "", "source:hgv:national_network": "", "sac_scale": "", "description": "", "website": "", "trail_visibility": "", "mtb:scale:imba": "", "admin_level": "", "border_type": "", "boundary": "", "is_in:country": "", "is_in:country_code": "", "is_in:iso_3166_2": "", "is_in:state": "", "tiger:CLASSFP": "", "tiger:CPI": "", "tiger:FUNCSTAT": "", "tiger:LSAD": "", "tiger:MTFCC": "", "tiger:NAME": "", "tiger:NAMELSAD": "", "tiger:PCICBSA": "", "tiger:PCINECTA": "", "tiger:PLACEFP": "", "tiger:PLACENS": "", "tiger:PLCIDFP": "", "tiger:STATEFP": "", "wikidata": "", "wikipedia": "", "tunnel": "", "lit": "", "width": "", "waterway": "", "barrier": "", "fence_type": "", "junction": "", "shoulder": "", "lanes:backward": "", "lanes:forward": "", "turn:lanes:backward": "", "intermittent": "", "natural": "", "seasonal": "", "footway": "", "crossing": "", "tiger:name_base_3": "", "tiger:name_direction_prefix_3": "", "turn:lanes:forward": "", "turn:lanes": "", "lanes:both_ways": null, "turn:lanes:both_ways": null, "golf": "", "golf_cart": "", "power": "", "disused:highway": "", "tourism": "", "auxiliary_storage_labeling_positionx": null, "auxiliary_storage_labeling_positiony": null }, "geometry": { "type": "LineString", "coordinates": [ [ -104.8914256, 38.85941 ], [ -104.8915722, 38.8598766 ], [ -104.8916409, 38.8600772 ], [ -104.89198, 38.8611949 ], [ -104.8921461, 38.8617528 ], [ -104.8923312, 38.8623956 ], [ -104.8923349, 38.8624044 ], [ -104.8923902, 38.8625352 ], [ -104.8924835, 38.8627035 ], [ -104.8925094, 38.8627503 ], [ -104.8926767, 38.8630076 ], [ -104.8927173, 38.863072 ], [ -104.8927621, 38.8631126 ], [ -104.8928413, 38.8631641 ], [ -104.8929958, 38.8632376 ], [ -104.8932018, 38.8633579 ], [ -104.8932727, 38.8634005 ], [ -104.8933439, 38.8634549 ], [ -104.8933614, 38.8635138 ], [ -104.8933818, 38.8635892 ], [ -104.8933862, 38.8636435 ], [ -104.8933769, 38.8637155 ], [ -104.8933567, 38.8637788 ], [ -104.8933195, 38.8638305 ], [ -104.8931358, 38.8639769 ], [ -104.8931296, 38.8639818 ], [ -104.8930231, 38.8640371 ], [ -104.8929662, 38.8640687 ], [ -104.8929482, 38.8641467 ], [ -104.892941, 38.8642681 ] ] } }
]
}
