{
"type": "FeatureCollection",
"name": "redrockFront",
"crs": { "type": "name", "properties": { "name": "urn:ogc:def:crs:OGC:1.3:CRS84" } },
"features": [
{ "type": "Feature", "properties": { "full_id": "w899503327", "osm_id": "899503327", "osm_type": "way", "min_height": null, "roof:shape": null, "building:part": null, "building:levels": null, "vehicle": null, "swing_gate:type": null, "maxwidth": null, "area:highway": null, "substation": null, "traffic_signals:sound": null, "protected": null, "ownership": null, "operator:wikipedia": null, "operator:wikidata": null, "operator:type": null, "operator:short": null, "attribution": null, "cycleway:buffer:left": null, "indoor": null, "check_date:handrail": null, "step_count": null, "intermittent": null, "traffic_calming": null, "cycleway:left": null, "crossing:signals": null, "crossing:island": null, "button_operated": null, "hiking": null, "material": null, "wall": null, "check_date:surface": null, "change:lanes": null, "tactile_paving": null, "handrail": null, "informal": null, "crossing:markings": null, "crossing": null, "is_in:state_code": null, "incline": null, "footway": null, "junction": null, "maxspeed:forward": null, "maxspeed:backward": null, "restriction": null, "abandoned:landuse": null, "circuits": null, "cycleway:left:buffer": null, "source:hgv": null, "location": null, "check_date": null, "tiger:name_base_3": null, "tiger:name_base_2": null, "hgv:conditional": null, "turn:lanes:forward": null, "note:lanes": null, "motorcar": null, "tiger:CLASSFP": null, "placement": null, "parking:both": null, "name:etymology:wikidata": null, "official_name": null, "mtb:scale:uphill": null, "covered": null, "ref:nrhp": null, "historic": null, "heritage:operator": null, "heritage": null, "tunnel": null, "height": null, "cycleway:right:buffer": null, "turn:lanes:backward": null, "bridge:name": null, "maxweight:signed": null, "maxweight:hgv_articulated": null, "maxweight:hgv:conditional": null, "maxweight": null, "tiger:STATEFP": null, "tiger:PLCIDFP": null, "tiger:PLACEFP": null, "tiger:PCINECTA": null, "tiger:PCICBSA": null, "tiger:NAMELSAD": null, "tiger:NAME": null, "tiger:MTFCC": null, "tiger:LSAD": null, "tiger:FUNCSTAT": null, "tiger:CPI": null, "is_in:state": null, "is_in:iso_3166_2": null, "gnis:feature_id": null, "border_type": null, "fence_type": null, "barrier": null, "source:maxspeed": null, "cycleway:both": null, "width": null, "destination:lanes": null, "maxspeed:advisory": null, "destination:pronunciation": null, "destination:lang:en-fonipa": null, "destination:lang:en": null, "natural": null, "wires": null, "voltage": null, "power": null, "cables": null, "alt_name": null, "level": null, "sport": null, "leisure": null, "area": null, "wheelchair": null, "stroller": null, "mtb:scale:imba": "2", "horse": null, "dog": "leashed", "cycleway:right": null, "cycleway:buffer:right": null, "waterway": null, "segregated": null, "motor_vehicle": null, "expressway": null, "source:url": null, "boundary": null, "admin_level": null, "shoulder": null, "destination:ref:to": null, "ref:to": null, "turn:lanes:both_ways": null, "lanes:both_ways": null, "lanes:forward": null, "lanes:backward": null, "unsigned_ref": null, "maxheight": null, "wikipedia": null, "wikidata": null, "parking:lane:both": null, "CDOT_route": null, "destination:street": null, "abandoned:railway": null, "ref:usfs": null, "railway": null, "operator": null, "old_railway_operator": null, "4wd_only": null, "noname": null, "smoothness": null, "lit": "no", "sidewalk:right": null, "sidewalk:left": null, "sidewalk": null, "layer": null, "bridge": null, "NHS": null, "route": null, "tiger:separated": null, "tiger:name_type_1": null, "tiger:name_base_1": null, "name_1": null, "sidewalk:both": null, "cycleway": null, "tiger:name_direction_prefix": null, "source:name": null, "turn:lanes": null, "old_ref": null, "service": null, "lane_markings": null, "trail_visibility": "good", "tracktype": null, "surface": "ground", "sac_scale": "hiking", "mtb:scale": "2", "foot": "designated", "source:hgv:national_network": null, "ref": null, "oneway": null, "lanes": null, "junction:ref": null, "hgv:national_network": null, "hgv": null, "destination:ref": null, "destination": null, "bicycle": "designated", "maxspeed": null, "tiger:upload_uuid": null, "tiger:tlid": null, "tiger:source": null, "access": null, "tiger:reviewed": null, "tiger:name_type": null, "tiger:name_base": null, "tiger:county": null, "tiger:cfcc": null, "name": "Bock Trail", "highway": "path" }, "geometry": { "type": "LineString", "coordinates": [ [ -104.877639, 38.8509083 ], [ -104.8777009, 38.8509284 ], [ -104.8777303, 38.8509587 ], [ -104.8777368, 38.8509906 ], [ -104.8777816, 38.8510241 ], [ -104.8778145, 38.8510463 ], [ -104.8778563, 38.8510706 ], [ -104.8778918, 38.8510737 ], [ -104.8779316, 38.8510722 ], [ -104.8779529, 38.8510731 ], [ -104.8779743, 38.851089 ], [ -104.8779656, 38.8511293 ], [ -104.8779305, 38.8511534 ], [ -104.877891, 38.8511632 ], [ -104.8778344, 38.8511697 ], [ -104.8777409, 38.8512267 ], [ -104.877672, 38.851255 ], [ -104.8775078, 38.8513815 ], [ -104.8774588, 38.8513897 ], [ -104.8773286, 38.851303 ], [ -104.8771535, 38.8511451 ], [ -104.8770626, 38.851094 ], [ -104.8769876, 38.851085 ], [ -104.8769416, 38.851136 ], [ -104.8769636, 38.851191 ], [ -104.8771516, 38.851378 ], [ -104.8772386, 38.851449 ], [ -104.8772086, 38.8515036 ], [ -104.8771134, 38.8516272 ] ] } },
{ "type": "Feature", "properties": { "full_id": "w445868513", "osm_id": "445868513", "osm_type": "way", "min_height": null, "roof:shape": null, "building:part": null, "building:levels": null, "vehicle": null, "swing_gate:type": null, "maxwidth": null, "area:highway": null, "substation": null, "traffic_signals:sound": null, "protected": null, "ownership": null, "operator:wikipedia": null, "operator:wikidata": null, "operator:type": null, "operator:short": null, "attribution": null, "cycleway:buffer:left": null, "indoor": null, "check_date:handrail": null, "step_count": null, "intermittent": null, "traffic_calming": null, "cycleway:left": null, "crossing:signals": null, "crossing:island": null, "button_operated": null, "hiking": null, "material": null, "wall": null, "check_date:surface": null, "change:lanes": null, "tactile_paving": null, "handrail": null, "informal": null, "crossing:markings": null, "crossing": null, "is_in:state_code": null, "incline": null, "footway": null, "junction": null, "maxspeed:forward": null, "maxspeed:backward": null, "restriction": null, "abandoned:landuse": null, "circuits": null, "cycleway:left:buffer": null, "source:hgv": null, "location": null, "check_date": null, "tiger:name_base_3": null, "tiger:name_base_2": null, "hgv:conditional": null, "turn:lanes:forward": null, "note:lanes": null, "motorcar": null, "tiger:CLASSFP": null, "placement": null, "parking:both": null, "name:etymology:wikidata": null, "official_name": null, "mtb:scale:uphill": null, "covered": null, "ref:nrhp": null, "historic": null, "heritage:operator": null, "heritage": null, "tunnel": null, "height": null, "cycleway:right:buffer": null, "turn:lanes:backward": null, "bridge:name": null, "maxweight:signed": null, "maxweight:hgv_articulated": null, "maxweight:hgv:conditional": null, "maxweight": null, "tiger:STATEFP": null, "tiger:PLCIDFP": null, "tiger:PLACEFP": null, "tiger:PCINECTA": null, "tiger:PCICBSA": null, "tiger:NAMELSAD": null, "tiger:NAME": null, "tiger:MTFCC": null, "tiger:LSAD": null, "tiger:FUNCSTAT": null, "tiger:CPI": null, "is_in:state": null, "is_in:iso_3166_2": null, "gnis:feature_id": null, "border_type": null, "fence_type": null, "barrier": null, "source:maxspeed": null, "cycleway:both": null, "width": null, "destination:lanes": null, "maxspeed:advisory": null, "destination:pronunciation": null, "destination:lang:en-fonipa": null, "destination:lang:en": null, "natural": null, "wires": null, "voltage": null, "power": null, "cables": null, "alt_name": null, "level": null, "sport": null, "leisure": null, "area": null, "wheelchair": null, "stroller": null, "mtb:scale:imba": null, "horse": null, "dog": null, "cycleway:right": null, "cycleway:buffer:right": null, "waterway": null, "segregated": null, "motor_vehicle": null, "expressway": null, "source:url": null, "boundary": null, "admin_level": null, "shoulder": null, "destination:ref:to": null, "ref:to": null, "turn:lanes:both_ways": null, "lanes:both_ways": null, "lanes:forward": null, "lanes:backward": null, "unsigned_ref": null, "maxheight": null, "wikipedia": null, "wikidata": null, "parking:lane:both": null, "CDOT_route": null, "destination:street": null, "abandoned:railway": null, "ref:usfs": null, "railway": null, "operator": null, "old_railway_operator": null, "4wd_only": null, "noname": null, "smoothness": null, "lit": null, "sidewalk:right": null, "sidewalk:left": null, "sidewalk": null, "layer": null, "bridge": null, "NHS": null, "route": null, "tiger:separated": null, "tiger:name_type_1": null, "tiger:name_base_1": null, "name_1": null, "sidewalk:both": null, "cycleway": null, "tiger:name_direction_prefix": null, "source:name": null, "turn:lanes": null, "old_ref": null, "service": null, "lane_markings": null, "trail_visibility": null, "tracktype": null, "surface": null, "sac_scale": null, "mtb:scale": null, "foot": "designated", "source:hgv:national_network": null, "ref": null, "oneway": null, "lanes": null, "junction:ref": null, "hgv:national_network": null, "hgv": null, "destination:ref": null, "destination": null, "bicycle": null, "maxspeed": null, "tiger:upload_uuid": null, "tiger:tlid": null, "tiger:source": null, "access": null, "tiger:reviewed": null, "tiger:name_type": null, "tiger:name_base": null, "tiger:county": null, "tiger:cfcc": null, "name": null, "highway": "path" }, "geometry": { "type": "LineString", "coordinates": [ [ -104.881656, 38.8509926 ], [ -104.8815809, 38.8510343 ], [ -104.8815253, 38.8510175 ], [ -104.88148, 38.8510212 ], [ -104.8814042, 38.8510622 ], [ -104.881325, 38.851098 ], [ -104.881174, 38.851134 ], [ -104.880599, 38.851422 ], [ -104.880362, 38.851489 ], [ -104.880237, 38.851501 ], [ -104.879953, 38.851494 ], [ -104.879855, 38.851457 ], [ -104.879774, 38.851403 ] ] } },
{ "type": "Feature", "properties": { "full_id": "w445868512", "osm_id": "445868512", "osm_type": "way", "min_height": null, "roof:shape": null, "building:part": null, "building:levels": null, "vehicle": null, "swing_gate:type": null, "maxwidth": null, "area:highway": null, "substation": null, "traffic_signals:sound": null, "protected": null, "ownership": null, "operator:wikipedia": null, "operator:wikidata": null, "operator:type": null, "operator:short": null, "attribution": null, "cycleway:buffer:left": null, "indoor": null, "check_date:handrail": null, "step_count": null, "intermittent": null, "traffic_calming": null, "cycleway:left": null, "crossing:signals": null, "crossing:island": null, "button_operated": null, "hiking": null, "material": null, "wall": null, "check_date:surface": null, "change:lanes": null, "tactile_paving": null, "handrail": null, "informal": null, "crossing:markings": null, "crossing": null, "is_in:state_code": null, "incline": null, "footway": null, "junction": null, "maxspeed:forward": null, "maxspeed:backward": null, "restriction": null, "abandoned:landuse": null, "circuits": null, "cycleway:left:buffer": null, "source:hgv": null, "location": null, "check_date": null, "tiger:name_base_3": null, "tiger:name_base_2": null, "hgv:conditional": null, "turn:lanes:forward": null, "note:lanes": null, "motorcar": null, "tiger:CLASSFP": null, "placement": null, "parking:both": null, "name:etymology:wikidata": null, "official_name": null, "mtb:scale:uphill": null, "covered": null, "ref:nrhp": null, "historic": null, "heritage:operator": null, "heritage": null, "tunnel": null, "height": null, "cycleway:right:buffer": null, "turn:lanes:backward": null, "bridge:name": null, "maxweight:signed": null, "maxweight:hgv_articulated": null, "maxweight:hgv:conditional": null, "maxweight": null, "tiger:STATEFP": null, "tiger:PLCIDFP": null, "tiger:PLACEFP": null, "tiger:PCINECTA": null, "tiger:PCICBSA": null, "tiger:NAMELSAD": null, "tiger:NAME": null, "tiger:MTFCC": null, "tiger:LSAD": null, "tiger:FUNCSTAT": null, "tiger:CPI": null, "is_in:state": null, "is_in:iso_3166_2": null, "gnis:feature_id": null, "border_type": null, "fence_type": null, "barrier": null, "source:maxspeed": null, "cycleway:both": null, "width": null, "destination:lanes": null, "maxspeed:advisory": null, "destination:pronunciation": null, "destination:lang:en-fonipa": null, "destination:lang:en": null, "natural": null, "wires": null, "voltage": null, "power": null, "cables": null, "alt_name": null, "level": null, "sport": null, "leisure": null, "area": null, "wheelchair": null, "stroller": null, "mtb:scale:imba": null, "horse": null, "dog": null, "cycleway:right": null, "cycleway:buffer:right": null, "waterway": null, "segregated": null, "motor_vehicle": null, "expressway": null, "source:url": null, "boundary": null, "admin_level": null, "shoulder": null, "destination:ref:to": null, "ref:to": null, "turn:lanes:both_ways": null, "lanes:both_ways": null, "lanes:forward": null, "lanes:backward": null, "unsigned_ref": null, "maxheight": null, "wikipedia": null, "wikidata": null, "parking:lane:both": null, "CDOT_route": null, "destination:street": null, "abandoned:railway": null, "ref:usfs": null, "railway": null, "operator": null, "old_railway_operator": null, "4wd_only": null, "noname": null, "smoothness": null, "lit": null, "sidewalk:right": null, "sidewalk:left": null, "sidewalk": null, "layer": null, "bridge": null, "NHS": null, "route": null, "tiger:separated": null, "tiger:name_type_1": null, "tiger:name_base_1": null, "name_1": null, "sidewalk:both": null, "cycleway": null, "tiger:name_direction_prefix": null, "source:name": null, "turn:lanes": null, "old_ref": null, "service": null, "lane_markings": null, "trail_visibility": null, "tracktype": null, "surface": null, "sac_scale": null, "mtb:scale": null, "foot": null, "source:hgv:national_network": null, "ref": null, "oneway": null, "lanes": null, "junction:ref": null, "hgv:national_network": null, "hgv": null, "destination:ref": null, "destination": null, "bicycle": null, "maxspeed": null, "tiger:upload_uuid": null, "tiger:tlid": null, "tiger:source": null, "access": null, "tiger:reviewed": null, "tiger:name_type": null, "tiger:name_base": null, "tiger:county": null, "tiger:cfcc": null, "name": null, "highway": "path" }, "geometry": { "type": "LineString", "coordinates": [ [ -104.8818138, 38.8501825 ], [ -104.881553, 38.850207 ], [ -104.881405, 38.850206 ], [ -104.881321, 38.850185 ], [ -104.880899, 38.850008 ], [ -104.880817, 38.850009 ], [ -104.880743, 38.85007 ], [ -104.880714, 38.850288 ], [ -104.880559, 38.850538 ], [ -104.880326, 38.850826 ], [ -104.879937, 38.851256 ], [ -104.879774, 38.851403 ], [ -104.879656, 38.85151 ], [ -104.879553, 38.851675 ], [ -104.879579, 38.851816 ], [ -104.8796121, 38.8518809 ], [ -104.8797, 38.851993 ], [ -104.879982, 38.852125 ], [ -104.8800575, 38.852177 ] ] } },
{ "type": "Feature", "properties": { "full_id": "w445868511", "osm_id": "445868511", "osm_type": "way", "min_height": null, "roof:shape": null, "building:part": null, "building:levels": null, "vehicle": null, "swing_gate:type": null, "maxwidth": null, "area:highway": null, "substation": null, "traffic_signals:sound": null, "protected": null, "ownership": null, "operator:wikipedia": null, "operator:wikidata": null, "operator:type": null, "operator:short": null, "attribution": null, "cycleway:buffer:left": null, "indoor": null, "check_date:handrail": null, "step_count": null, "intermittent": null, "traffic_calming": null, "cycleway:left": null, "crossing:signals": null, "crossing:island": null, "button_operated": null, "hiking": null, "material": null, "wall": null, "check_date:surface": null, "change:lanes": null, "tactile_paving": null, "handrail": null, "informal": null, "crossing:markings": null, "crossing": null, "is_in:state_code": null, "incline": null, "footway": null, "junction": null, "maxspeed:forward": null, "maxspeed:backward": null, "restriction": null, "abandoned:landuse": null, "circuits": null, "cycleway:left:buffer": null, "source:hgv": null, "location": null, "check_date": null, "tiger:name_base_3": null, "tiger:name_base_2": null, "hgv:conditional": null, "turn:lanes:forward": null, "note:lanes": null, "motorcar": null, "tiger:CLASSFP": null, "placement": null, "parking:both": null, "name:etymology:wikidata": null, "official_name": null, "mtb:scale:uphill": null, "covered": null, "ref:nrhp": null, "historic": null, "heritage:operator": null, "heritage": null, "tunnel": null, "height": null, "cycleway:right:buffer": null, "turn:lanes:backward": null, "bridge:name": null, "maxweight:signed": null, "maxweight:hgv_articulated": null, "maxweight:hgv:conditional": null, "maxweight": null, "tiger:STATEFP": null, "tiger:PLCIDFP": null, "tiger:PLACEFP": null, "tiger:PCINECTA": null, "tiger:PCICBSA": null, "tiger:NAMELSAD": null, "tiger:NAME": null, "tiger:MTFCC": null, "tiger:LSAD": null, "tiger:FUNCSTAT": null, "tiger:CPI": null, "is_in:state": null, "is_in:iso_3166_2": null, "gnis:feature_id": null, "border_type": null, "fence_type": null, "barrier": null, "source:maxspeed": null, "cycleway:both": null, "width": null, "destination:lanes": null, "maxspeed:advisory": null, "destination:pronunciation": null, "destination:lang:en-fonipa": null, "destination:lang:en": null, "natural": null, "wires": null, "voltage": null, "power": null, "cables": null, "alt_name": null, "level": null, "sport": null, "leisure": null, "area": null, "wheelchair": null, "stroller": null, "mtb:scale:imba": "1", "horse": null, "dog": "leashed", "cycleway:right": null, "cycleway:buffer:right": null, "waterway": null, "segregated": null, "motor_vehicle": null, "expressway": null, "source:url": null, "boundary": null, "admin_level": null, "shoulder": null, "destination:ref:to": null, "ref:to": null, "turn:lanes:both_ways": null, "lanes:both_ways": null, "lanes:forward": null, "lanes:backward": null, "unsigned_ref": null, "maxheight": null, "wikipedia": null, "wikidata": null, "parking:lane:both": null, "CDOT_route": null, "destination:street": null, "abandoned:railway": null, "ref:usfs": null, "railway": null, "operator": null, "old_railway_operator": null, "4wd_only": null, "noname": null, "smoothness": null, "lit": null, "sidewalk:right": null, "sidewalk:left": null, "sidewalk": null, "layer": null, "bridge": null, "NHS": null, "route": null, "tiger:separated": null, "tiger:name_type_1": null, "tiger:name_base_1": null, "name_1": null, "sidewalk:both": null, "cycleway": null, "tiger:name_direction_prefix": null, "source:name": null, "turn:lanes": null, "old_ref": null, "service": null, "lane_markings": null, "trail_visibility": "good", "tracktype": null, "surface": "ground", "sac_scale": "hiking", "mtb:scale": "1", "foot": "yes", "source:hgv:national_network": null, "ref": null, "oneway": null, "lanes": null, "junction:ref": null, "hgv:national_network": null, "hgv": null, "destination:ref": null, "destination": null, "bicycle": "designated", "maxspeed": null, "tiger:upload_uuid": null, "tiger:tlid": null, "tiger:source": null, "access": null, "tiger:reviewed": null, "tiger:name_type": null, "tiger:name_base": null, "tiger:county": null, "tiger:cfcc": null, "name": "Bock Trail", "highway": "path" }, "geometry": { "type": "LineString", "coordinates": [ [ -104.8756085, 38.8502832 ], [ -104.876064, 38.850426 ], [ -104.876314, 38.850551 ], [ -104.876521, 38.850595 ], [ -104.877122, 38.850651 ], [ -104.877243, 38.850697 ], [ -104.877304, 38.850749 ], [ -104.8773693, 38.8508071 ], [ -104.8774294, 38.8508332 ], [ -104.8775188, 38.8508759 ], [ -104.8775361, 38.8508838 ], [ -104.8775654, 38.8508972 ], [ -104.877609, 38.8509103 ], [ -104.877639, 38.8509083 ] ] } },
{ "type": "Feature", "properties": { "full_id": "w1284732840", "osm_id": "1284732840", "osm_type": "way", "min_height": null, "roof:shape": null, "building:part": null, "building:levels": null, "vehicle": null, "swing_gate:type": null, "maxwidth": null, "area:highway": null, "substation": null, "traffic_signals:sound": null, "protected": null, "ownership": null, "operator:wikipedia": null, "operator:wikidata": null, "operator:type": null, "operator:short": null, "attribution": null, "cycleway:buffer:left": null, "indoor": null, "check_date:handrail": null, "step_count": null, "intermittent": null, "traffic_calming": null, "cycleway:left": null, "crossing:signals": null, "crossing:island": null, "button_operated": null, "hiking": null, "material": null, "wall": null, "check_date:surface": null, "change:lanes": null, "tactile_paving": null, "handrail": null, "informal": null, "crossing:markings": null, "crossing": null, "is_in:state_code": null, "incline": null, "footway": null, "junction": null, "maxspeed:forward": null, "maxspeed:backward": null, "restriction": null, "abandoned:landuse": null, "circuits": null, "cycleway:left:buffer": null, "source:hgv": null, "location": null, "check_date": null, "tiger:name_base_3": null, "tiger:name_base_2": null, "hgv:conditional": null, "turn:lanes:forward": null, "note:lanes": null, "motorcar": null, "tiger:CLASSFP": null, "placement": null, "parking:both": null, "name:etymology:wikidata": null, "official_name": null, "mtb:scale:uphill": null, "covered": null, "ref:nrhp": null, "historic": null, "heritage:operator": null, "heritage": null, "tunnel": null, "height": null, "cycleway:right:buffer": null, "turn:lanes:backward": null, "bridge:name": null, "maxweight:signed": null, "maxweight:hgv_articulated": null, "maxweight:hgv:conditional": null, "maxweight": null, "tiger:STATEFP": null, "tiger:PLCIDFP": null, "tiger:PLACEFP": null, "tiger:PCINECTA": null, "tiger:PCICBSA": null, "tiger:NAMELSAD": null, "tiger:NAME": null, "tiger:MTFCC": null, "tiger:LSAD": null, "tiger:FUNCSTAT": null, "tiger:CPI": null, "is_in:state": null, "is_in:iso_3166_2": null, "gnis:feature_id": null, "border_type": null, "fence_type": null, "barrier": null, "source:maxspeed": null, "cycleway:both": null, "width": null, "destination:lanes": null, "maxspeed:advisory": null, "destination:pronunciation": null, "destination:lang:en-fonipa": null, "destination:lang:en": null, "natural": null, "wires": null, "voltage": null, "power": null, "cables": null, "alt_name": null, "level": null, "sport": null, "leisure": null, "area": null, "wheelchair": null, "stroller": null, "mtb:scale:imba": null, "horse": "designated", "dog": null, "cycleway:right": null, "cycleway:buffer:right": null, "waterway": null, "segregated": null, "motor_vehicle": null, "expressway": null, "source:url": null, "boundary": null, "admin_level": null, "shoulder": null, "destination:ref:to": null, "ref:to": null, "turn:lanes:both_ways": null, "lanes:both_ways": null, "lanes:forward": null, "lanes:backward": null, "unsigned_ref": null, "maxheight": null, "wikipedia": null, "wikidata": null, "parking:lane:both": null, "CDOT_route": null, "destination:street": null, "abandoned:railway": null, "ref:usfs": null, "railway": null, "operator": null, "old_railway_operator": null, "4wd_only": null, "noname": null, "smoothness": null, "lit": "no", "sidewalk:right": null, "sidewalk:left": null, "sidewalk": null, "layer": null, "bridge": null, "NHS": null, "route": null, "tiger:separated": null, "tiger:name_type_1": null, "tiger:name_base_1": null, "name_1": null, "sidewalk:both": null, "cycleway": null, "tiger:name_direction_prefix": null, "source:name": null, "turn:lanes": null, "old_ref": null, "service": null, "lane_markings": null, "trail_visibility": null, "tracktype": null, "surface": "dirt", "sac_scale": null, "mtb:scale": null, "foot": "designated", "source:hgv:national_network": null, "ref": null, "oneway": null, "lanes": null, "junction:ref": null, "hgv:national_network": null, "hgv": null, "destination:ref": null, "destination": null, "bicycle": null, "maxspeed": null, "tiger:upload_uuid": null, "tiger:tlid": null, "tiger:source": null, "access": null, "tiger:reviewed": null, "tiger:name_type": null, "tiger:name_base": null, "tiger:county": null, "tiger:cfcc": null, "name": null, "highway": "path" }, "geometry": { "type": "LineString", "coordinates": [ [ -104.875103, 38.8489789 ], [ -104.8748439, 38.848936 ], [ -104.8746199, 38.8488872 ], [ -104.8744694, 38.8488543 ], [ -104.8743677, 38.8487782 ], [ -104.8742597, 38.8486721 ], [ -104.8741305, 38.8485923 ], [ -104.8740337, 38.8485163 ] ] } },
{ "type": "Feature", "properties": { "full_id": "w1173785539", "osm_id": "1173785539", "osm_type": "way", "min_height": null, "roof:shape": null, "building:part": null, "building:levels": null, "vehicle": null, "swing_gate:type": null, "maxwidth": null, "area:highway": null, "substation": null, "traffic_signals:sound": null, "protected": null, "ownership": null, "operator:wikipedia": null, "operator:wikidata": null, "operator:type": null, "operator:short": null, "attribution": null, "cycleway:buffer:left": null, "indoor": null, "check_date:handrail": null, "step_count": null, "intermittent": null, "traffic_calming": null, "cycleway:left": null, "crossing:signals": null, "crossing:island": null, "button_operated": null, "hiking": null, "material": null, "wall": null, "check_date:surface": null, "change:lanes": null, "tactile_paving": null, "handrail": null, "informal": null, "crossing:markings": null, "crossing": null, "is_in:state_code": null, "incline": null, "footway": null, "junction": null, "maxspeed:forward": null, "maxspeed:backward": null, "restriction": null, "abandoned:landuse": null, "circuits": null, "cycleway:left:buffer": null, "source:hgv": null, "location": null, "check_date": null, "tiger:name_base_3": null, "tiger:name_base_2": null, "hgv:conditional": null, "turn:lanes:forward": null, "note:lanes": null, "motorcar": null, "tiger:CLASSFP": null, "placement": null, "parking:both": null, "name:etymology:wikidata": null, "official_name": null, "mtb:scale:uphill": null, "covered": null, "ref:nrhp": null, "historic": null, "heritage:operator": null, "heritage": null, "tunnel": null, "height": null, "cycleway:right:buffer": null, "turn:lanes:backward": null, "bridge:name": null, "maxweight:signed": null, "maxweight:hgv_articulated": null, "maxweight:hgv:conditional": null, "maxweight": null, "tiger:STATEFP": null, "tiger:PLCIDFP": null, "tiger:PLACEFP": null, "tiger:PCINECTA": null, "tiger:PCICBSA": null, "tiger:NAMELSAD": null, "tiger:NAME": null, "tiger:MTFCC": null, "tiger:LSAD": null, "tiger:FUNCSTAT": null, "tiger:CPI": null, "is_in:state": null, "is_in:iso_3166_2": null, "gnis:feature_id": null, "border_type": null, "fence_type": null, "barrier": null, "source:maxspeed": null, "cycleway:both": null, "width": null, "destination:lanes": null, "maxspeed:advisory": null, "destination:pronunciation": null, "destination:lang:en-fonipa": null, "destination:lang:en": null, "natural": null, "wires": null, "voltage": null, "power": null, "cables": null, "alt_name": null, "level": null, "sport": null, "leisure": null, "area": null, "wheelchair": null, "stroller": null, "mtb:scale:imba": "2", "horse": null, "dog": null, "cycleway:right": null, "cycleway:buffer:right": null, "waterway": null, "segregated": null, "motor_vehicle": null, "expressway": null, "source:url": null, "boundary": null, "admin_level": null, "shoulder": null, "destination:ref:to": null, "ref:to": null, "turn:lanes:both_ways": null, "lanes:both_ways": null, "lanes:forward": null, "lanes:backward": null, "unsigned_ref": null, "maxheight": null, "wikipedia": null, "wikidata": null, "parking:lane:both": null, "CDOT_route": null, "destination:street": null, "abandoned:railway": null, "ref:usfs": null, "railway": null, "operator": null, "old_railway_operator": null, "4wd_only": null, "noname": null, "smoothness": null, "lit": null, "sidewalk:right": null, "sidewalk:left": null, "sidewalk": null, "layer": null, "bridge": null, "NHS": null, "route": null, "tiger:separated": null, "tiger:name_type_1": null, "tiger:name_base_1": null, "name_1": null, "sidewalk:both": null, "cycleway": null, "tiger:name_direction_prefix": null, "source:name": null, "turn:lanes": null, "old_ref": null, "service": null, "lane_markings": null, "trail_visibility": null, "tracktype": null, "surface": "dirt", "sac_scale": null, "mtb:scale": null, "foot": null, "source:hgv:national_network": null, "ref": null, "oneway": null, "lanes": null, "junction:ref": null, "hgv:national_network": null, "hgv": null, "destination:ref": null, "destination": null, "bicycle": "yes", "maxspeed": null, "tiger:upload_uuid": null, "tiger:tlid": null, "tiger:source": null, "access": null, "tiger:reviewed": null, "tiger:name_type": null, "tiger:name_base": null, "tiger:county": null, "tiger:cfcc": null, "name": "Codell Trail", "highway": "path" }, "geometry": { "type": "LineString", "coordinates": [ [ -104.8755529, 38.846369 ], [ -104.8755044, 38.8462976 ], [ -104.8754553, 38.8462406 ], [ -104.8754253, 38.8462057 ], [ -104.8753595, 38.8460752 ], [ -104.8752925, 38.846047 ], [ -104.8751999, 38.8460741 ], [ -104.8751664, 38.8461075 ], [ -104.8751289, 38.8461765 ], [ -104.8750826, 38.8462159 ] ] } },
{ "type": "Feature", "properties": { "full_id": "w530697722", "osm_id": "530697722", "osm_type": "way", "min_height": null, "roof:shape": null, "building:part": null, "building:levels": null, "vehicle": null, "swing_gate:type": null, "maxwidth": null, "area:highway": null, "substation": null, "traffic_signals:sound": null, "protected": null, "ownership": null, "operator:wikipedia": null, "operator:wikidata": null, "operator:type": null, "operator:short": null, "attribution": null, "cycleway:buffer:left": null, "indoor": null, "check_date:handrail": null, "step_count": null, "intermittent": null, "traffic_calming": null, "cycleway:left": null, "crossing:signals": null, "crossing:island": null, "button_operated": null, "hiking": null, "material": null, "wall": null, "check_date:surface": null, "change:lanes": null, "tactile_paving": null, "handrail": null, "informal": null, "crossing:markings": null, "crossing": null, "is_in:state_code": null, "incline": null, "footway": null, "junction": null, "maxspeed:forward": null, "maxspeed:backward": null, "restriction": null, "abandoned:landuse": null, "circuits": null, "cycleway:left:buffer": null, "source:hgv": null, "location": null, "check_date": null, "tiger:name_base_3": null, "tiger:name_base_2": null, "hgv:conditional": null, "turn:lanes:forward": null, "note:lanes": null, "motorcar": null, "tiger:CLASSFP": null, "placement": null, "parking:both": null, "name:etymology:wikidata": null, "official_name": null, "mtb:scale:uphill": null, "covered": null, "ref:nrhp": null, "historic": null, "heritage:operator": null, "heritage": null, "tunnel": null, "height": null, "cycleway:right:buffer": null, "turn:lanes:backward": null, "bridge:name": null, "maxweight:signed": null, "maxweight:hgv_articulated": null, "maxweight:hgv:conditional": null, "maxweight": null, "tiger:STATEFP": null, "tiger:PLCIDFP": null, "tiger:PLACEFP": null, "tiger:PCINECTA": null, "tiger:PCICBSA": null, "tiger:NAMELSAD": null, "tiger:NAME": null, "tiger:MTFCC": null, "tiger:LSAD": null, "tiger:FUNCSTAT": null, "tiger:CPI": null, "is_in:state": null, "is_in:iso_3166_2": null, "gnis:feature_id": null, "border_type": null, "fence_type": null, "barrier": null, "source:maxspeed": null, "cycleway:both": null, "width": null, "destination:lanes": null, "maxspeed:advisory": null, "destination:pronunciation": null, "destination:lang:en-fonipa": null, "destination:lang:en": null, "natural": null, "wires": null, "voltage": null, "power": null, "cables": null, "alt_name": null, "level": null, "sport": null, "leisure": null, "area": null, "wheelchair": null, "stroller": null, "mtb:scale:imba": "1", "horse": null, "dog": "leashed", "cycleway:right": null, "cycleway:buffer:right": null, "waterway": null, "segregated": null, "motor_vehicle": null, "expressway": null, "source:url": null, "boundary": null, "admin_level": null, "shoulder": null, "destination:ref:to": null, "ref:to": null, "turn:lanes:both_ways": null, "lanes:both_ways": null, "lanes:forward": null, "lanes:backward": null, "unsigned_ref": null, "maxheight": null, "wikipedia": null, "wikidata": null, "parking:lane:both": null, "CDOT_route": null, "destination:street": null, "abandoned:railway": null, "ref:usfs": null, "railway": null, "operator": null, "old_railway_operator": null, "4wd_only": null, "noname": null, "smoothness": null, "lit": null, "sidewalk:right": null, "sidewalk:left": null, "sidewalk": null, "layer": null, "bridge": null, "NHS": null, "route": null, "tiger:separated": null, "tiger:name_type_1": null, "tiger:name_base_1": null, "name_1": null, "sidewalk:both": null, "cycleway": null, "tiger:name_direction_prefix": null, "source:name": null, "turn:lanes": null, "old_ref": null, "service": null, "lane_markings": null, "trail_visibility": "good", "tracktype": null, "surface": "ground", "sac_scale": "hiking", "mtb:scale": "1", "foot": "yes", "source:hgv:national_network": null, "ref": null, "oneway": null, "lanes": null, "junction:ref": null, "hgv:national_network": null, "hgv": null, "destination:ref": null, "destination": null, "bicycle": "designated", "maxspeed": null, "tiger:upload_uuid": null, "tiger:tlid": null, "tiger:source": null, "access": null, "tiger:reviewed": null, "tiger:name_type": null, "tiger:name_base": null, "tiger:county": null, "tiger:cfcc": null, "name": "Lower Hodgeback", "highway": "path" }, "geometry": { "type": "LineString", "coordinates": [ [ -104.877198, 38.8515886 ], [ -104.8771134, 38.8516272 ], [ -104.8770704, 38.8516896 ], [ -104.877009, 38.8517697 ], [ -104.8770038, 38.8518066 ], [ -104.8770003, 38.8518333 ], [ -104.8770037, 38.8518863 ], [ -104.876963, 38.8519358 ], [ -104.8769176, 38.8519555 ], [ -104.876814, 38.8519992 ], [ -104.8767452, 38.8520505 ], [ -104.8766784, 38.8520836 ], [ -104.8766184, 38.8520889 ], [ -104.8765323, 38.8520837 ], [ -104.8764708, 38.8520626 ], [ -104.8764189, 38.852022 ], [ -104.8763742, 38.8519491 ], [ -104.8763491, 38.8519061 ], [ -104.8762996, 38.851882 ], [ -104.8761966, 38.8518753 ], [ -104.876085, 38.8518619 ], [ -104.8759992, 38.8518285 ], [ -104.8759305, 38.851755 ], [ -104.8758361, 38.8516748 ], [ -104.8757503, 38.851628 ], [ -104.8756301, 38.8516012 ], [ -104.8755063, 38.8516101 ], [ -104.8753383, 38.8515946 ], [ -104.875201, 38.8515611 ], [ -104.8751066, 38.8515077 ], [ -104.8750551, 38.8514341 ], [ -104.8750808, 38.8513406 ], [ -104.8751409, 38.8512737 ], [ -104.8751581, 38.8511601 ], [ -104.8751752, 38.8510531 ], [ -104.8752248, 38.8509862 ], [ -104.8752761, 38.8509523 ], [ -104.8753012, 38.8508959 ], [ -104.875304, 38.8508155 ], [ -104.8752863, 38.8507339 ], [ -104.8752553, 38.8506375 ], [ -104.8752206, 38.8505608 ], [ -104.8750122, 38.8502443 ], [ -104.8750155, 38.8502372 ] ] } },
{ "type": "Feature", "properties": { "full_id": "w36946772", "osm_id": "36946772", "osm_type": "way", "min_height": null, "roof:shape": null, "building:part": null, "building:levels": null, "vehicle": null, "swing_gate:type": null, "maxwidth": null, "area:highway": null, "substation": null, "traffic_signals:sound": null, "protected": null, "ownership": null, "operator:wikipedia": null, "operator:wikidata": null, "operator:type": null, "operator:short": null, "attribution": null, "cycleway:buffer:left": null, "indoor": null, "check_date:handrail": null, "step_count": null, "intermittent": null, "traffic_calming": null, "cycleway:left": null, "crossing:signals": null, "crossing:island": null, "button_operated": null, "hiking": null, "material": null, "wall": null, "check_date:surface": null, "change:lanes": null, "tactile_paving": null, "handrail": null, "informal": null, "crossing:markings": null, "crossing": null, "is_in:state_code": null, "incline": null, "footway": null, "junction": null, "maxspeed:forward": null, "maxspeed:backward": null, "restriction": null, "abandoned:landuse": null, "circuits": null, "cycleway:left:buffer": null, "source:hgv": null, "location": null, "check_date": null, "tiger:name_base_3": null, "tiger:name_base_2": null, "hgv:conditional": null, "turn:lanes:forward": null, "note:lanes": null, "motorcar": null, "tiger:CLASSFP": null, "placement": null, "parking:both": null, "name:etymology:wikidata": null, "official_name": null, "mtb:scale:uphill": null, "covered": null, "ref:nrhp": null, "historic": null, "heritage:operator": null, "heritage": null, "tunnel": null, "height": null, "cycleway:right:buffer": null, "turn:lanes:backward": null, "bridge:name": null, "maxweight:signed": null, "maxweight:hgv_articulated": null, "maxweight:hgv:conditional": null, "maxweight": null, "tiger:STATEFP": null, "tiger:PLCIDFP": null, "tiger:PLACEFP": null, "tiger:PCINECTA": null, "tiger:PCICBSA": null, "tiger:NAMELSAD": null, "tiger:NAME": null, "tiger:MTFCC": null, "tiger:LSAD": null, "tiger:FUNCSTAT": null, "tiger:CPI": null, "is_in:state": null, "is_in:iso_3166_2": null, "gnis:feature_id": null, "border_type": null, "fence_type": null, "barrier": null, "source:maxspeed": null, "cycleway:both": null, "width": null, "destination:lanes": null, "maxspeed:advisory": null, "destination:pronunciation": null, "destination:lang:en-fonipa": null, "destination:lang:en": null, "natural": null, "wires": null, "voltage": null, "power": null, "cables": null, "alt_name": null, "level": null, "sport": null, "leisure": null, "area": null, "wheelchair": null, "stroller": null, "mtb:scale:imba": "1", "horse": null, "dog": "leashed", "cycleway:right": null, "cycleway:buffer:right": null, "waterway": null, "segregated": null, "motor_vehicle": null, "expressway": null, "source:url": null, "boundary": null, "admin_level": null, "shoulder": null, "destination:ref:to": null, "ref:to": null, "turn:lanes:both_ways": null, "lanes:both_ways": null, "lanes:forward": null, "lanes:backward": null, "unsigned_ref": null, "maxheight": null, "wikipedia": null, "wikidata": null, "parking:lane:both": null, "CDOT_route": null, "destination:street": null, "abandoned:railway": null, "ref:usfs": null, "railway": null, "operator": null, "old_railway_operator": null, "4wd_only": null, "noname": null, "smoothness": null, "lit": "no", "sidewalk:right": null, "sidewalk:left": null, "sidewalk": null, "layer": null, "bridge": null, "NHS": null, "route": null, "tiger:separated": null, "tiger:name_type_1": null, "tiger:name_base_1": null, "name_1": null, "sidewalk:both": null, "cycleway": null, "tiger:name_direction_prefix": null, "source:name": null, "turn:lanes": null, "old_ref": null, "service": null, "lane_markings": null, "trail_visibility": "good", "tracktype": null, "surface": "ground", "sac_scale": "hiking", "mtb:scale": "2", "foot": "yes", "source:hgv:national_network": null, "ref": null, "oneway": null, "lanes": null, "junction:ref": null, "hgv:national_network": null, "hgv": null, "destination:ref": null, "destination": null, "bicycle": "designated", "maxspeed": null, "tiger:upload_uuid": null, "tiger:tlid": null, "tiger:source": null, "access": null, "tiger:reviewed": null, "tiger:name_type": null, "tiger:name_base": null, "tiger:county": null, "tiger:cfcc": null, "name": "Lower Hodgeback", "highway": "path" }, "geometry": { "type": "LineString", "coordinates": [ [ -104.8781184, 38.8515391 ], [ -104.8780304, 38.8516144 ], [ -104.8779796, 38.8516615 ], [ -104.877932, 38.8516834 ], [ -104.8778993, 38.8516887 ], [ -104.8778143, 38.8516377 ], [ -104.8777306, 38.8516151 ], [ -104.8776205, 38.8516068 ], [ -104.8775367, 38.8515921 ], [ -104.8773716, 38.8515402 ], [ -104.8773206, 38.8515333 ], [ -104.8772702, 38.8515458 ], [ -104.877198, 38.8515886 ] ] } },
{ "type": "Feature", "properties": { "full_id": "w530697004", "osm_id": "530697004", "osm_type": "way", "min_height": null, "roof:shape": null, "building:part": null, "building:levels": null, "vehicle": null, "swing_gate:type": null, "maxwidth": null, "area:highway": null, "substation": null, "traffic_signals:sound": null, "protected": null, "ownership": null, "operator:wikipedia": null, "operator:wikidata": null, "operator:type": null, "operator:short": null, "attribution": null, "cycleway:buffer:left": null, "indoor": null, "check_date:handrail": null, "step_count": null, "intermittent": null, "traffic_calming": null, "cycleway:left": null, "crossing:signals": null, "crossing:island": null, "button_operated": null, "hiking": null, "material": null, "wall": null, "check_date:surface": null, "change:lanes": null, "tactile_paving": null, "handrail": null, "informal": null, "crossing:markings": null, "crossing": null, "is_in:state_code": null, "incline": null, "footway": null, "junction": null, "maxspeed:forward": null, "maxspeed:backward": null, "restriction": null, "abandoned:landuse": null, "circuits": null, "cycleway:left:buffer": null, "source:hgv": null, "location": null, "check_date": null, "tiger:name_base_3": null, "tiger:name_base_2": null, "hgv:conditional": null, "turn:lanes:forward": null, "note:lanes": null, "motorcar": null, "tiger:CLASSFP": null, "placement": null, "parking:both": null, "name:etymology:wikidata": null, "official_name": null, "mtb:scale:uphill": null, "covered": null, "ref:nrhp": null, "historic": null, "heritage:operator": null, "heritage": null, "tunnel": null, "height": null, "cycleway:right:buffer": null, "turn:lanes:backward": null, "bridge:name": null, "maxweight:signed": null, "maxweight:hgv_articulated": null, "maxweight:hgv:conditional": null, "maxweight": null, "tiger:STATEFP": null, "tiger:PLCIDFP": null, "tiger:PLACEFP": null, "tiger:PCINECTA": null, "tiger:PCICBSA": null, "tiger:NAMELSAD": null, "tiger:NAME": null, "tiger:MTFCC": null, "tiger:LSAD": null, "tiger:FUNCSTAT": null, "tiger:CPI": null, "is_in:state": null, "is_in:iso_3166_2": null, "gnis:feature_id": null, "border_type": null, "fence_type": null, "barrier": null, "source:maxspeed": null, "cycleway:both": null, "width": null, "destination:lanes": null, "maxspeed:advisory": null, "destination:pronunciation": null, "destination:lang:en-fonipa": null, "destination:lang:en": null, "natural": null, "wires": null, "voltage": null, "power": null, "cables": null, "alt_name": null, "level": null, "sport": null, "leisure": null, "area": null, "wheelchair": null, "stroller": null, "mtb:scale:imba": "2", "horse": null, "dog": null, "cycleway:right": null, "cycleway:buffer:right": null, "waterway": null, "segregated": null, "motor_vehicle": null, "expressway": null, "source:url": null, "boundary": null, "admin_level": null, "shoulder": null, "destination:ref:to": null, "ref:to": null, "turn:lanes:both_ways": null, "lanes:both_ways": null, "lanes:forward": null, "lanes:backward": null, "unsigned_ref": null, "maxheight": null, "wikipedia": null, "wikidata": null, "parking:lane:both": null, "CDOT_route": null, "destination:street": null, "abandoned:railway": null, "ref:usfs": null, "railway": null, "operator": null, "old_railway_operator": null, "4wd_only": null, "noname": null, "smoothness": null, "lit": "no", "sidewalk:right": null, "sidewalk:left": null, "sidewalk": null, "layer": null, "bridge": null, "NHS": null, "route": null, "tiger:separated": null, "tiger:name_type_1": null, "tiger:name_base_1": null, "name_1": null, "sidewalk:both": null, "cycleway": null, "tiger:name_direction_prefix": null, "source:name": null, "turn:lanes": null, "old_ref": null, "service": null, "lane_markings": null, "trail_visibility": null, "tracktype": null, "surface": "ground", "sac_scale": null, "mtb:scale": "3", "foot": "designated", "source:hgv:national_network": null, "ref": null, "oneway": null, "lanes": null, "junction:ref": null, "hgv:national_network": null, "hgv": null, "destination:ref": null, "destination": null, "bicycle": "designated", "maxspeed": null, "tiger:upload_uuid": null, "tiger:tlid": null, "tiger:source": null, "access": null, "tiger:reviewed": null, "tiger:name_type": null, "tiger:name_base": null, "tiger:county": null, "tiger:cfcc": null, "name": "Codell Trail", "highway": "path" }, "geometry": { "type": "LineString", "coordinates": [ [ -104.8744033, 38.8469523 ], [ -104.8744491, 38.8469232 ], [ -104.8744721, 38.8469015 ], [ -104.8745231, 38.8468075 ], [ -104.8745631, 38.8467438 ], [ -104.8746158, 38.8466935 ], [ -104.874625, 38.846703 ], [ -104.8746319, 38.8467367 ], [ -104.874617, 38.8467824 ], [ -104.8746036, 38.8468388 ], [ -104.8745847, 38.8468877 ], [ -104.8745951, 38.8469017 ], [ -104.8746993, 38.8468102 ], [ -104.8748198, 38.8467052 ], [ -104.8748338, 38.8466558 ], [ -104.8748668, 38.8466286 ], [ -104.8748868, 38.8465721 ], [ -104.8748785, 38.8465296 ], [ -104.8748757, 38.8464873 ], [ -104.8748852, 38.8464336 ], [ -104.8749422, 38.8463588 ], [ -104.8750308, 38.8462632 ], [ -104.8750826, 38.8462159 ] ] } },
{ "type": "Feature", "properties": { "full_id": "w530696090", "osm_id": "530696090", "osm_type": "way", "min_height": null, "roof:shape": null, "building:part": null, "building:levels": null, "vehicle": null, "swing_gate:type": null, "maxwidth": null, "area:highway": null, "substation": null, "traffic_signals:sound": null, "protected": null, "ownership": null, "operator:wikipedia": null, "operator:wikidata": null, "operator:type": null, "operator:short": null, "attribution": null, "cycleway:buffer:left": null, "indoor": null, "check_date:handrail": null, "step_count": null, "intermittent": null, "traffic_calming": null, "cycleway:left": null, "crossing:signals": null, "crossing:island": null, "button_operated": null, "hiking": null, "material": null, "wall": null, "check_date:surface": null, "change:lanes": null, "tactile_paving": null, "handrail": null, "informal": null, "crossing:markings": null, "crossing": null, "is_in:state_code": null, "incline": null, "footway": null, "junction": null, "maxspeed:forward": null, "maxspeed:backward": null, "restriction": null, "abandoned:landuse": null, "circuits": null, "cycleway:left:buffer": null, "source:hgv": null, "location": null, "check_date": null, "tiger:name_base_3": null, "tiger:name_base_2": null, "hgv:conditional": null, "turn:lanes:forward": null, "note:lanes": null, "motorcar": null, "tiger:CLASSFP": null, "placement": null, "parking:both": null, "name:etymology:wikidata": null, "official_name": null, "mtb:scale:uphill": null, "covered": null, "ref:nrhp": null, "historic": null, "heritage:operator": null, "heritage": null, "tunnel": null, "height": null, "cycleway:right:buffer": null, "turn:lanes:backward": null, "bridge:name": null, "maxweight:signed": null, "maxweight:hgv_articulated": null, "maxweight:hgv:conditional": null, "maxweight": null, "tiger:STATEFP": null, "tiger:PLCIDFP": null, "tiger:PLACEFP": null, "tiger:PCINECTA": null, "tiger:PCICBSA": null, "tiger:NAMELSAD": null, "tiger:NAME": null, "tiger:MTFCC": null, "tiger:LSAD": null, "tiger:FUNCSTAT": null, "tiger:CPI": null, "is_in:state": null, "is_in:iso_3166_2": null, "gnis:feature_id": null, "border_type": null, "fence_type": null, "barrier": null, "source:maxspeed": null, "cycleway:both": null, "width": ".5", "destination:lanes": null, "maxspeed:advisory": null, "destination:pronunciation": null, "destination:lang:en-fonipa": null, "destination:lang:en": null, "natural": null, "wires": null, "voltage": null, "power": null, "cables": null, "alt_name": null, "level": null, "sport": null, "leisure": null, "area": null, "wheelchair": null, "stroller": null, "mtb:scale:imba": "2", "horse": null, "dog": "leashed", "cycleway:right": null, "cycleway:buffer:right": null, "waterway": null, "segregated": null, "motor_vehicle": null, "expressway": null, "source:url": null, "boundary": null, "admin_level": null, "shoulder": null, "destination:ref:to": null, "ref:to": null, "turn:lanes:both_ways": null, "lanes:both_ways": null, "lanes:forward": null, "lanes:backward": null, "unsigned_ref": null, "maxheight": null, "wikipedia": null, "wikidata": null, "parking:lane:both": null, "CDOT_route": null, "destination:street": null, "abandoned:railway": null, "ref:usfs": null, "railway": null, "operator": null, "old_railway_operator": null, "4wd_only": null, "noname": null, "smoothness": null, "lit": "no", "sidewalk:right": null, "sidewalk:left": null, "sidewalk": null, "layer": null, "bridge": null, "NHS": null, "route": null, "tiger:separated": null, "tiger:name_type_1": null, "tiger:name_base_1": null, "name_1": null, "sidewalk:both": null, "cycleway": null, "tiger:name_direction_prefix": null, "source:name": null, "turn:lanes": null, "old_ref": null, "service": null, "lane_markings": null, "trail_visibility": "good", "tracktype": null, "surface": "ground", "sac_scale": "mountain_hiking", "mtb:scale": "2", "foot": "yes", "source:hgv:national_network": null, "ref": null, "oneway": null, "lanes": null, "junction:ref": null, "hgv:national_network": null, "hgv": null, "destination:ref": null, "destination": null, "bicycle": "designated", "maxspeed": null, "tiger:upload_uuid": null, "tiger:tlid": null, "tiger:source": null, "access": null, "tiger:reviewed": null, "tiger:name_type": null, "tiger:name_base": null, "tiger:county": null, "tiger:cfcc": null, "name": "Ft. Hayes Trail", "highway": "path" }, "geometry": { "type": "LineString", "coordinates": [ [ -104.8777986, 38.838823 ], [ -104.8777672, 38.8388321 ], [ -104.8777458, 38.8388507 ], [ -104.8776833, 38.8389404 ], [ -104.8776358, 38.8389883 ], [ -104.8775893, 38.8390624 ], [ -104.8775139, 38.8391354 ], [ -104.8773879, 38.8393149 ], [ -104.8773432, 38.8394059 ], [ -104.8773023, 38.8395184 ], [ -104.8772489, 38.8396183 ], [ -104.8771986, 38.8396873 ], [ -104.8771525, 38.8397722 ], [ -104.8770963, 38.8398954 ], [ -104.877001, 38.8400106 ], [ -104.8769062, 38.8401639 ], [ -104.876853, 38.8402593 ], [ -104.8767547, 38.8404005 ], [ -104.8766899, 38.84049 ], [ -104.8766375, 38.8405642 ], [ -104.8765924, 38.8406245 ], [ -104.8765677, 38.8406709 ], [ -104.8765206, 38.8407475 ], [ -104.8764574, 38.8408931 ], [ -104.8763966, 38.8410055 ], [ -104.8762765, 38.8411505 ], [ -104.8762096, 38.8412275 ], [ -104.8761886, 38.8412816 ], [ -104.8761784, 38.8413465 ], [ -104.8761349, 38.8414527 ], [ -104.8760918, 38.8415431 ], [ -104.8760809, 38.8416443 ], [ -104.8760662, 38.8417018 ], [ -104.8760151, 38.8418087 ], [ -104.875981, 38.8418662 ], [ -104.8759608, 38.8419044 ], [ -104.8759249, 38.8419721 ], [ -104.8759022, 38.8420684 ], [ -104.8758894, 38.8421449 ], [ -104.8758695, 38.8422452 ], [ -104.8758289, 38.8422873 ], [ -104.8757986, 38.8423842 ], [ -104.8757429, 38.8424649 ], [ -104.8757296, 38.8425174 ], [ -104.8757049, 38.8425545 ], [ -104.8756138, 38.84267 ], [ -104.8755838, 38.8427298 ], [ -104.875536, 38.8427728 ], [ -104.8755304, 38.8428312 ], [ -104.8755031, 38.8428847 ], [ -104.8754802, 38.8429619 ], [ -104.8754391, 38.843089 ], [ -104.8754053, 38.8431585 ], [ -104.8753811, 38.8432142 ], [ -104.8753328, 38.8432948 ], [ -104.875283, 38.8433899 ], [ -104.8752111, 38.8435061 ], [ -104.8751415, 38.8436205 ], [ -104.8750478, 38.8437684 ], [ -104.8749876, 38.8438619 ], [ -104.8749475, 38.8439314 ], [ -104.8749059, 38.8440203 ], [ -104.8748493, 38.8441305 ], [ -104.8748344, 38.8441644 ], [ -104.874819, 38.8441869 ], [ -104.8747896, 38.8442539 ], [ -104.8747304, 38.8443099 ], [ -104.8747365, 38.8443731 ], [ -104.8746902, 38.8444434 ], [ -104.8746471, 38.844504 ], [ -104.8746343, 38.8445556 ], [ -104.8745849, 38.8446196 ], [ -104.8745659, 38.844681 ], [ -104.8745296, 38.8447102 ], [ -104.8744902, 38.8447745 ], [ -104.8744749, 38.8448896 ], [ -104.8744814, 38.8449565 ], [ -104.874466, 38.8450132 ], [ -104.8744569, 38.8450695 ], [ -104.8744864, 38.8451349 ], [ -104.8744517, 38.8452249 ], [ -104.874463, 38.8452897 ], [ -104.8744303, 38.8453758 ], [ -104.8744333, 38.845419 ], [ -104.8744047, 38.8454753 ], [ -104.8743222, 38.845592 ], [ -104.8741963, 38.8459115 ], [ -104.8741391, 38.8461364 ], [ -104.8740734, 38.846261 ], [ -104.8738903, 38.8465136 ], [ -104.8737661, 38.8467205 ], [ -104.8736806, 38.8470334 ], [ -104.8737333, 38.847331 ], [ -104.873759, 38.8475801 ], [ -104.8737347, 38.8477483 ] ] } },
{ "type": "Feature", "properties": { "full_id": "w1015494788", "osm_id": "1015494788", "osm_type": "way", "min_height": null, "roof:shape": null, "building:part": null, "building:levels": null, "vehicle": null, "swing_gate:type": null, "maxwidth": null, "area:highway": null, "substation": null, "traffic_signals:sound": null, "protected": null, "ownership": null, "operator:wikipedia": null, "operator:wikidata": null, "operator:type": null, "operator:short": null, "attribution": null, "cycleway:buffer:left": null, "indoor": null, "check_date:handrail": null, "step_count": null, "intermittent": null, "traffic_calming": null, "cycleway:left": null, "crossing:signals": null, "crossing:island": null, "button_operated": null, "hiking": null, "material": null, "wall": null, "check_date:surface": null, "change:lanes": null, "tactile_paving": null, "handrail": null, "informal": null, "crossing:markings": null, "crossing": null, "is_in:state_code": null, "incline": null, "footway": null, "junction": null, "maxspeed:forward": null, "maxspeed:backward": null, "restriction": null, "abandoned:landuse": null, "circuits": null, "cycleway:left:buffer": null, "source:hgv": null, "location": null, "check_date": null, "tiger:name_base_3": null, "tiger:name_base_2": null, "hgv:conditional": null, "turn:lanes:forward": null, "note:lanes": null, "motorcar": null, "tiger:CLASSFP": null, "placement": null, "parking:both": null, "name:etymology:wikidata": null, "official_name": null, "mtb:scale:uphill": null, "covered": null, "ref:nrhp": null, "historic": null, "heritage:operator": null, "heritage": null, "tunnel": null, "height": null, "cycleway:right:buffer": null, "turn:lanes:backward": null, "bridge:name": null, "maxweight:signed": null, "maxweight:hgv_articulated": null, "maxweight:hgv:conditional": null, "maxweight": null, "tiger:STATEFP": null, "tiger:PLCIDFP": null, "tiger:PLACEFP": null, "tiger:PCINECTA": null, "tiger:PCICBSA": null, "tiger:NAMELSAD": null, "tiger:NAME": null, "tiger:MTFCC": null, "tiger:LSAD": null, "tiger:FUNCSTAT": null, "tiger:CPI": null, "is_in:state": null, "is_in:iso_3166_2": null, "gnis:feature_id": null, "border_type": null, "fence_type": null, "barrier": null, "source:maxspeed": null, "cycleway:both": null, "width": null, "destination:lanes": null, "maxspeed:advisory": null, "destination:pronunciation": null, "destination:lang:en-fonipa": null, "destination:lang:en": null, "natural": "ridge", "wires": null, "voltage": null, "power": null, "cables": null, "alt_name": null, "level": null, "sport": null, "leisure": null, "area": null, "wheelchair": null, "stroller": null, "mtb:scale:imba": "2", "horse": null, "dog": null, "cycleway:right": null, "cycleway:buffer:right": null, "waterway": null, "segregated": null, "motor_vehicle": null, "expressway": null, "source:url": null, "boundary": null, "admin_level": null, "shoulder": null, "destination:ref:to": null, "ref:to": null, "turn:lanes:both_ways": null, "lanes:both_ways": null, "lanes:forward": null, "lanes:backward": null, "unsigned_ref": null, "maxheight": null, "wikipedia": null, "wikidata": null, "parking:lane:both": null, "CDOT_route": null, "destination:street": null, "abandoned:railway": null, "ref:usfs": null, "railway": null, "operator": null, "old_railway_operator": null, "4wd_only": null, "noname": null, "smoothness": null, "lit": "no", "sidewalk:right": null, "sidewalk:left": null, "sidewalk": null, "layer": null, "bridge": null, "NHS": null, "route": null, "tiger:separated": null, "tiger:name_type_1": null, "tiger:name_base_1": null, "name_1": null, "sidewalk:both": null, "cycleway": null, "tiger:name_direction_prefix": null, "source:name": null, "turn:lanes": null, "old_ref": null, "service": null, "lane_markings": null, "trail_visibility": null, "tracktype": null, "surface": "ground", "sac_scale": null, "mtb:scale": "3", "foot": "designated", "source:hgv:national_network": null, "ref": null, "oneway": null, "lanes": null, "junction:ref": null, "hgv:national_network": null, "hgv": null, "destination:ref": null, "destination": null, "bicycle": "designated", "maxspeed": null, "tiger:upload_uuid": null, "tiger:tlid": null, "tiger:source": null, "access": null, "tiger:reviewed": null, "tiger:name_type": null, "tiger:name_base": null, "tiger:county": null, "tiger:cfcc": null, "name": "Codell Trail", "highway": "path" }, "geometry": { "type": "LineString", "coordinates": [ [ -104.8745262, 38.8463941 ], [ -104.8744817, 38.8465326 ], [ -104.874456, 38.8466111 ], [ -104.874426, 38.8466666 ], [ -104.8743918, 38.8467703 ], [ -104.8743701, 38.8468387 ], [ -104.8743644, 38.8469079 ], [ -104.8743717, 38.8469466 ], [ -104.8744033, 38.8469523 ] ] } },
{ "type": "Feature", "properties": { "full_id": "w220188397", "osm_id": "220188397", "osm_type": "way", "min_height": null, "roof:shape": null, "building:part": null, "building:levels": null, "vehicle": null, "swing_gate:type": null, "maxwidth": null, "area:highway": null, "substation": null, "traffic_signals:sound": null, "protected": null, "ownership": null, "operator:wikipedia": null, "operator:wikidata": null, "operator:type": null, "operator:short": null, "attribution": null, "cycleway:buffer:left": null, "indoor": null, "check_date:handrail": null, "step_count": null, "intermittent": null, "traffic_calming": null, "cycleway:left": null, "crossing:signals": null, "crossing:island": null, "button_operated": null, "hiking": null, "material": null, "wall": null, "check_date:surface": null, "change:lanes": null, "tactile_paving": null, "handrail": null, "informal": null, "crossing:markings": null, "crossing": null, "is_in:state_code": null, "incline": null, "footway": null, "junction": null, "maxspeed:forward": null, "maxspeed:backward": null, "restriction": null, "abandoned:landuse": null, "circuits": null, "cycleway:left:buffer": null, "source:hgv": null, "location": null, "check_date": null, "tiger:name_base_3": null, "tiger:name_base_2": null, "hgv:conditional": null, "turn:lanes:forward": null, "note:lanes": null, "motorcar": null, "tiger:CLASSFP": null, "placement": null, "parking:both": null, "name:etymology:wikidata": null, "official_name": null, "mtb:scale:uphill": null, "covered": null, "ref:nrhp": null, "historic": null, "heritage:operator": null, "heritage": null, "tunnel": null, "height": null, "cycleway:right:buffer": null, "turn:lanes:backward": null, "bridge:name": null, "maxweight:signed": null, "maxweight:hgv_articulated": null, "maxweight:hgv:conditional": null, "maxweight": null, "tiger:STATEFP": null, "tiger:PLCIDFP": null, "tiger:PLACEFP": null, "tiger:PCINECTA": null, "tiger:PCICBSA": null, "tiger:NAMELSAD": null, "tiger:NAME": null, "tiger:MTFCC": null, "tiger:LSAD": null, "tiger:FUNCSTAT": null, "tiger:CPI": null, "is_in:state": null, "is_in:iso_3166_2": null, "gnis:feature_id": null, "border_type": null, "fence_type": null, "barrier": null, "source:maxspeed": null, "cycleway:both": null, "width": null, "destination:lanes": null, "maxspeed:advisory": null, "destination:pronunciation": null, "destination:lang:en-fonipa": null, "destination:lang:en": null, "natural": null, "wires": null, "voltage": null, "power": null, "cables": null, "alt_name": null, "level": null, "sport": null, "leisure": null, "area": null, "wheelchair": null, "stroller": null, "mtb:scale:imba": "1", "horse": null, "dog": "leashed", "cycleway:right": null, "cycleway:buffer:right": null, "waterway": null, "segregated": null, "motor_vehicle": null, "expressway": null, "source:url": null, "boundary": null, "admin_level": null, "shoulder": null, "destination:ref:to": null, "ref:to": null, "turn:lanes:both_ways": null, "lanes:both_ways": null, "lanes:forward": null, "lanes:backward": null, "unsigned_ref": null, "maxheight": null, "wikipedia": null, "wikidata": null, "parking:lane:both": null, "CDOT_route": null, "destination:street": null, "abandoned:railway": null, "ref:usfs": null, "railway": null, "operator": null, "old_railway_operator": null, "4wd_only": null, "noname": null, "smoothness": null, "lit": null, "sidewalk:right": null, "sidewalk:left": null, "sidewalk": null, "layer": null, "bridge": null, "NHS": null, "route": null, "tiger:separated": null, "tiger:name_type_1": null, "tiger:name_base_1": null, "name_1": null, "sidewalk:both": null, "cycleway": null, "tiger:name_direction_prefix": null, "source:name": null, "turn:lanes": null, "old_ref": null, "service": null, "lane_markings": null, "trail_visibility": null, "tracktype": null, "surface": "ground", "sac_scale": null, "mtb:scale": "0", "foot": "designated", "source:hgv:national_network": null, "ref": null, "oneway": null, "lanes": null, "junction:ref": null, "hgv:national_network": null, "hgv": null, "destination:ref": null, "destination": null, "bicycle": "designated", "maxspeed": null, "tiger:upload_uuid": null, "tiger:tlid": null, "tiger:source": null, "access": null, "tiger:reviewed": null, "tiger:name_type": null, "tiger:name_base": null, "tiger:county": null, "tiger:cfcc": null, "name": null, "highway": "path" }, "geometry": { "type": "LineString", "coordinates": [ [ -104.8790381, 38.8532733 ], [ -104.8791692, 38.8533192 ], [ -104.8792275, 38.8532748 ], [ -104.8793529, 38.8532309 ], [ -104.8794523, 38.8532276 ], [ -104.8795135, 38.8532377 ], [ -104.8795299, 38.8532429 ], [ -104.8799173, 38.8533619 ], [ -104.8801272, 38.85341 ], [ -104.8802537, 38.8534292 ], [ -104.8805006, 38.8534543 ], [ -104.8807556, 38.8534716 ], [ -104.880908, 38.8534712 ], [ -104.8810423, 38.8534635 ], [ -104.8811466, 38.8534495 ], [ -104.8812196, 38.8534533 ], [ -104.8813016, 38.8534712 ], [ -104.881351, 38.8534991 ], [ -104.8814083, 38.853524 ], [ -104.8814862, 38.853533 ], [ -104.8819277, 38.8534712 ], [ -104.8820979, 38.8534218 ], [ -104.8822939, 38.8533677 ], [ -104.8825178, 38.8533149 ], [ -104.8826727, 38.8532912 ], [ -104.8828312, 38.8532823 ], [ -104.8829548, 38.8532947 ], [ -104.8830509, 38.8532663 ], [ -104.8831676, 38.8531813 ], [ -104.8833475, 38.8531413 ], [ -104.883496, 38.853122 ], [ -104.8835956, 38.853069 ] ] } },
{ "type": "Feature", "properties": { "full_id": "w904745810", "osm_id": "904745810", "osm_type": "way", "min_height": null, "roof:shape": null, "building:part": null, "building:levels": null, "vehicle": null, "swing_gate:type": null, "maxwidth": null, "area:highway": null, "substation": null, "traffic_signals:sound": null, "protected": null, "ownership": null, "operator:wikipedia": null, "operator:wikidata": null, "operator:type": null, "operator:short": null, "attribution": null, "cycleway:buffer:left": null, "indoor": null, "check_date:handrail": null, "step_count": null, "intermittent": null, "traffic_calming": null, "cycleway:left": null, "crossing:signals": null, "crossing:island": null, "button_operated": null, "hiking": null, "material": null, "wall": null, "check_date:surface": null, "change:lanes": null, "tactile_paving": null, "handrail": null, "informal": null, "crossing:markings": null, "crossing": null, "is_in:state_code": null, "incline": null, "footway": null, "junction": null, "maxspeed:forward": null, "maxspeed:backward": null, "restriction": null, "abandoned:landuse": null, "circuits": null, "cycleway:left:buffer": null, "source:hgv": null, "location": null, "check_date": null, "tiger:name_base_3": null, "tiger:name_base_2": null, "hgv:conditional": null, "turn:lanes:forward": null, "note:lanes": null, "motorcar": null, "tiger:CLASSFP": null, "placement": null, "parking:both": null, "name:etymology:wikidata": null, "official_name": null, "mtb:scale:uphill": null, "covered": null, "ref:nrhp": null, "historic": null, "heritage:operator": null, "heritage": null, "tunnel": null, "height": null, "cycleway:right:buffer": null, "turn:lanes:backward": null, "bridge:name": null, "maxweight:signed": null, "maxweight:hgv_articulated": null, "maxweight:hgv:conditional": null, "maxweight": null, "tiger:STATEFP": null, "tiger:PLCIDFP": null, "tiger:PLACEFP": null, "tiger:PCINECTA": null, "tiger:PCICBSA": null, "tiger:NAMELSAD": null, "tiger:NAME": null, "tiger:MTFCC": null, "tiger:LSAD": null, "tiger:FUNCSTAT": null, "tiger:CPI": null, "is_in:state": null, "is_in:iso_3166_2": null, "gnis:feature_id": null, "border_type": null, "fence_type": null, "barrier": null, "source:maxspeed": null, "cycleway:both": null, "width": null, "destination:lanes": null, "maxspeed:advisory": null, "destination:pronunciation": null, "destination:lang:en-fonipa": null, "destination:lang:en": null, "natural": null, "wires": null, "voltage": null, "power": null, "cables": null, "alt_name": null, "level": null, "sport": null, "leisure": null, "area": null, "wheelchair": null, "stroller": null, "mtb:scale:imba": "2", "horse": null, "dog": "leashed", "cycleway:right": null, "cycleway:buffer:right": null, "waterway": null, "segregated": null, "motor_vehicle": null, "expressway": null, "source:url": null, "boundary": null, "admin_level": null, "shoulder": null, "destination:ref:to": null, "ref:to": null, "turn:lanes:both_ways": null, "lanes:both_ways": null, "lanes:forward": null, "lanes:backward": null, "unsigned_ref": null, "maxheight": null, "wikipedia": null, "wikidata": null, "parking:lane:both": null, "CDOT_route": null, "destination:street": null, "abandoned:railway": null, "ref:usfs": null, "railway": null, "operator": null, "old_railway_operator": null, "4wd_only": null, "noname": null, "smoothness": null, "lit": "no", "sidewalk:right": null, "sidewalk:left": null, "sidewalk": null, "layer": null, "bridge": null, "NHS": null, "route": null, "tiger:separated": null, "tiger:name_type_1": null, "tiger:name_base_1": null, "name_1": null, "sidewalk:both": null, "cycleway": null, "tiger:name_direction_prefix": null, "source:name": null, "turn:lanes": null, "old_ref": null, "service": null, "lane_markings": null, "trail_visibility": null, "tracktype": null, "surface": "ground", "sac_scale": null, "mtb:scale": "1", "foot": "yes", "source:hgv:national_network": null, "ref": null, "oneway": null, "lanes": null, "junction:ref": null, "hgv:national_network": null, "hgv": null, "destination:ref": null, "destination": null, "bicycle": "yes", "maxspeed": null, "tiger:upload_uuid": null, "tiger:tlid": null, "tiger:source": null, "access": null, "tiger:reviewed": null, "tiger:name_type": null, "tiger:name_base": null, "tiger:county": null, "tiger:cfcc": null, "name": "Lion Trail", "highway": "path" }, "geometry": { "type": "LineString", "coordinates": [ [ -104.8799884, 38.8421447 ], [ -104.8799303, 38.8421603 ], [ -104.8798851, 38.8421857 ], [ -104.8797977, 38.8422352 ], [ -104.8797663, 38.8422708 ], [ -104.8797352, 38.8422961 ], [ -104.8796755, 38.8423259 ], [ -104.8796294, 38.8423624 ], [ -104.8795422, 38.8424253 ], [ -104.8795162, 38.8424821 ], [ -104.8795127, 38.8425042 ], [ -104.879504, 38.8425576 ], [ -104.879469, 38.8425953 ], [ -104.8794077, 38.8426373 ], [ -104.8793432, 38.8428052 ], [ -104.8793442, 38.8428642 ], [ -104.8793709, 38.8429137 ], [ -104.8793698, 38.842981 ], [ -104.8793709, 38.8430764 ], [ -104.8793699, 38.8431235 ], [ -104.879352, 38.843188 ], [ -104.8793233, 38.843277 ], [ -104.8792902, 38.8433986 ], [ -104.8792733, 38.8434996 ], [ -104.8792529, 38.8435963 ], [ -104.8792462, 38.8436976 ], [ -104.8792473, 38.8437563 ], [ -104.8792417, 38.8438139 ], [ -104.8792058, 38.843902 ], [ -104.8791838, 38.8440023 ], [ -104.8791266, 38.8440789 ], [ -104.8790365, 38.8442489 ], [ -104.8790176, 38.8443263 ], [ -104.8790006, 38.8443608 ], [ -104.8789998, 38.8443827 ], [ -104.8790062, 38.8443936 ], [ -104.8790187, 38.8444001 ], [ -104.8790378, 38.8443991 ], [ -104.8790495, 38.844385 ], [ -104.879073, 38.8443467 ], [ -104.879098, 38.844322 ], [ -104.8791206, 38.844313 ], [ -104.8791527, 38.8442976 ], [ -104.879191, 38.8442849 ], [ -104.8792403, 38.8442712 ], [ -104.879254, 38.8442619 ], [ -104.8792687, 38.844243 ], [ -104.8792708, 38.8442212 ], [ -104.8792927, 38.8442058 ], [ -104.8793228, 38.8442015 ], [ -104.879337, 38.8442167 ], [ -104.8793418, 38.8442435 ], [ -104.8793422, 38.8442813 ], [ -104.879332, 38.844325 ], [ -104.879321, 38.844376 ] ] } },
{ "type": "Feature", "properties": { "full_id": "w1049808396", "osm_id": "1049808396", "osm_type": "way", "min_height": null, "roof:shape": null, "building:part": null, "building:levels": null, "vehicle": null, "swing_gate:type": null, "maxwidth": null, "area:highway": null, "substation": null, "traffic_signals:sound": null, "protected": null, "ownership": null, "operator:wikipedia": null, "operator:wikidata": null, "operator:type": null, "operator:short": null, "attribution": null, "cycleway:buffer:left": null, "indoor": null, "check_date:handrail": null, "step_count": null, "intermittent": null, "traffic_calming": null, "cycleway:left": null, "crossing:signals": null, "crossing:island": null, "button_operated": null, "hiking": null, "material": null, "wall": null, "check_date:surface": null, "change:lanes": null, "tactile_paving": null, "handrail": null, "informal": null, "crossing:markings": null, "crossing": null, "is_in:state_code": null, "incline": null, "footway": null, "junction": null, "maxspeed:forward": null, "maxspeed:backward": null, "restriction": null, "abandoned:landuse": null, "circuits": null, "cycleway:left:buffer": null, "source:hgv": null, "location": null, "check_date": null, "tiger:name_base_3": null, "tiger:name_base_2": null, "hgv:conditional": null, "turn:lanes:forward": null, "note:lanes": null, "motorcar": null, "tiger:CLASSFP": null, "placement": null, "parking:both": null, "name:etymology:wikidata": null, "official_name": null, "mtb:scale:uphill": null, "covered": null, "ref:nrhp": null, "historic": null, "heritage:operator": null, "heritage": null, "tunnel": null, "height": null, "cycleway:right:buffer": null, "turn:lanes:backward": null, "bridge:name": null, "maxweight:signed": null, "maxweight:hgv_articulated": null, "maxweight:hgv:conditional": null, "maxweight": null, "tiger:STATEFP": null, "tiger:PLCIDFP": null, "tiger:PLACEFP": null, "tiger:PCINECTA": null, "tiger:PCICBSA": null, "tiger:NAMELSAD": null, "tiger:NAME": null, "tiger:MTFCC": null, "tiger:LSAD": null, "tiger:FUNCSTAT": null, "tiger:CPI": null, "is_in:state": null, "is_in:iso_3166_2": null, "gnis:feature_id": null, "border_type": null, "fence_type": null, "barrier": null, "source:maxspeed": null, "cycleway:both": null, "width": null, "destination:lanes": null, "maxspeed:advisory": null, "destination:pronunciation": null, "destination:lang:en-fonipa": null, "destination:lang:en": null, "natural": null, "wires": null, "voltage": null, "power": null, "cables": null, "alt_name": null, "level": null, "sport": null, "leisure": null, "area": null, "wheelchair": null, "stroller": null, "mtb:scale:imba": "1", "horse": null, "dog": "leashed", "cycleway:right": null, "cycleway:buffer:right": null, "waterway": null, "segregated": null, "motor_vehicle": null, "expressway": null, "source:url": null, "boundary": null, "admin_level": null, "shoulder": null, "destination:ref:to": null, "ref:to": null, "turn:lanes:both_ways": null, "lanes:both_ways": null, "lanes:forward": null, "lanes:backward": null, "unsigned_ref": null, "maxheight": null, "wikipedia": null, "wikidata": null, "parking:lane:both": null, "CDOT_route": null, "destination:street": null, "abandoned:railway": null, "ref:usfs": null, "railway": null, "operator": null, "old_railway_operator": null, "4wd_only": null, "noname": null, "smoothness": null, "lit": null, "sidewalk:right": null, "sidewalk:left": null, "sidewalk": null, "layer": null, "bridge": null, "NHS": null, "route": null, "tiger:separated": null, "tiger:name_type_1": null, "tiger:name_base_1": null, "name_1": null, "sidewalk:both": null, "cycleway": null, "tiger:name_direction_prefix": null, "source:name": null, "turn:lanes": null, "old_ref": null, "service": null, "lane_markings": null, "trail_visibility": null, "tracktype": "grade1", "surface": "dirt", "sac_scale": null, "mtb:scale": "0", "foot": "yes", "source:hgv:national_network": null, "ref": null, "oneway": null, "lanes": null, "junction:ref": null, "hgv:national_network": null, "hgv": null, "destination:ref": null, "destination": null, "bicycle": "designated", "maxspeed": null, "tiger:upload_uuid": null, "tiger:tlid": null, "tiger:source": null, "access": null, "tiger:reviewed": null, "tiger:name_type": null, "tiger:name_base": null, "tiger:county": null, "tiger:cfcc": null, "name": "Red Rock Canyon Trail", "highway": "track" }, "geometry": { "type": "LineString", "coordinates": [ [ -104.8800446, 38.8482766 ], [ -104.8800282, 38.8486978 ], [ -104.8800303, 38.8488369 ], [ -104.8800311, 38.8488787 ], [ -104.8800334, 38.8489221 ], [ -104.8800425, 38.8489612 ], [ -104.8800682, 38.8490427 ], [ -104.8800698, 38.8490725 ], [ -104.8800676, 38.8491037 ], [ -104.8800601, 38.8491406 ], [ -104.8800489, 38.8491795 ], [ -104.8800301, 38.8492154 ], [ -104.8800053, 38.8492526 ], [ -104.8799697, 38.8492922 ], [ -104.8799121, 38.8493591 ], [ -104.8796712, 38.8496388 ], [ -104.8795239, 38.8497982 ], [ -104.8789089, 38.8505117 ] ] } },
{ "type": "Feature", "properties": { "full_id": "w225069137", "osm_id": "225069137", "osm_type": "way", "min_height": null, "roof:shape": null, "building:part": null, "building:levels": null, "vehicle": null, "swing_gate:type": null, "maxwidth": null, "area:highway": null, "substation": null, "traffic_signals:sound": null, "protected": null, "ownership": null, "operator:wikipedia": null, "operator:wikidata": null, "operator:type": null, "operator:short": null, "attribution": null, "cycleway:buffer:left": null, "indoor": null, "check_date:handrail": null, "step_count": null, "intermittent": null, "traffic_calming": null, "cycleway:left": null, "crossing:signals": null, "crossing:island": null, "button_operated": null, "hiking": null, "material": null, "wall": null, "check_date:surface": null, "change:lanes": null, "tactile_paving": null, "handrail": null, "informal": null, "crossing:markings": null, "crossing": null, "is_in:state_code": null, "incline": null, "footway": null, "junction": null, "maxspeed:forward": null, "maxspeed:backward": null, "restriction": "no_entry", "abandoned:landuse": "landfill", "circuits": null, "cycleway:left:buffer": null, "source:hgv": null, "location": null, "check_date": null, "tiger:name_base_3": null, "tiger:name_base_2": null, "hgv:conditional": null, "turn:lanes:forward": null, "note:lanes": null, "motorcar": null, "tiger:CLASSFP": null, "placement": null, "parking:both": null, "name:etymology:wikidata": null, "official_name": null, "mtb:scale:uphill": null, "covered": null, "ref:nrhp": null, "historic": null, "heritage:operator": null, "heritage": null, "tunnel": null, "height": null, "cycleway:right:buffer": null, "turn:lanes:backward": null, "bridge:name": null, "maxweight:signed": null, "maxweight:hgv_articulated": null, "maxweight:hgv:conditional": null, "maxweight": null, "tiger:STATEFP": null, "tiger:PLCIDFP": null, "tiger:PLACEFP": null, "tiger:PCINECTA": null, "tiger:PCICBSA": null, "tiger:NAMELSAD": null, "tiger:NAME": null, "tiger:MTFCC": null, "tiger:LSAD": null, "tiger:FUNCSTAT": null, "tiger:CPI": null, "is_in:state": null, "is_in:iso_3166_2": null, "gnis:feature_id": null, "border_type": null, "fence_type": null, "barrier": null, "source:maxspeed": null, "cycleway:both": null, "width": null, "destination:lanes": null, "maxspeed:advisory": null, "destination:pronunciation": null, "destination:lang:en-fonipa": null, "destination:lang:en": null, "natural": null, "wires": null, "voltage": null, "power": null, "cables": null, "alt_name": null, "level": null, "sport": null, "leisure": null, "area": null, "wheelchair": null, "stroller": null, "mtb:scale:imba": null, "horse": null, "dog": null, "cycleway:right": null, "cycleway:buffer:right": null, "waterway": null, "segregated": null, "motor_vehicle": null, "expressway": null, "source:url": null, "boundary": null, "admin_level": null, "shoulder": null, "destination:ref:to": null, "ref:to": null, "turn:lanes:both_ways": null, "lanes:both_ways": null, "lanes:forward": null, "lanes:backward": null, "unsigned_ref": null, "maxheight": null, "wikipedia": null, "wikidata": null, "parking:lane:both": null, "CDOT_route": null, "destination:street": null, "abandoned:railway": null, "ref:usfs": null, "railway": null, "operator": null, "old_railway_operator": null, "4wd_only": null, "noname": null, "smoothness": null, "lit": null, "sidewalk:right": null, "sidewalk:left": null, "sidewalk": null, "layer": null, "bridge": null, "NHS": null, "route": null, "tiger:separated": null, "tiger:name_type_1": null, "tiger:name_base_1": null, "name_1": null, "sidewalk:both": null, "cycleway": null, "tiger:name_direction_prefix": null, "source:name": null, "turn:lanes": null, "old_ref": null, "service": null, "lane_markings": null, "trail_visibility": null, "tracktype": null, "surface": null, "sac_scale": null, "mtb:scale": null, "foot": null, "source:hgv:national_network": null, "ref": null, "oneway": null, "lanes": null, "junction:ref": null, "hgv:national_network": null, "hgv": null, "destination:ref": null, "destination": null, "bicycle": null, "maxspeed": null, "tiger:upload_uuid": null, "tiger:tlid": null, "tiger:source": null, "access": null, "tiger:reviewed": null, "tiger:name_type": null, "tiger:name_base": null, "tiger:county": null, "tiger:cfcc": null, "name": "Old Landfill", "highway": null }, "geometry": { "type": "LineString", "coordinates": [ [ -104.8857236, 38.8367695 ], [ -104.8855627, 38.8369701 ], [ -104.8852569, 38.8371664 ], [ -104.8851174, 38.8373336 ], [ -104.8850477, 38.8375007 ], [ -104.8849458, 38.8375258 ], [ -104.8849297, 38.8374506 ], [ -104.8848546, 38.8374464 ], [ -104.8847687, 38.8374798 ], [ -104.8846239, 38.837601 ], [ -104.8844254, 38.838023 ], [ -104.8842859, 38.8383072 ], [ -104.884007, 38.8387752 ], [ -104.8838353, 38.8391178 ], [ -104.883669, 38.8394312 ], [ -104.8835671, 38.8395649 ], [ -104.8836798, 38.8397487 ], [ -104.8836959, 38.8398615 ], [ -104.8836315, 38.8399827 ], [ -104.8835564, 38.8399785 ], [ -104.8834705, 38.8400496 ], [ -104.8833418, 38.840037 ], [ -104.8832667, 38.8400621 ], [ -104.8831916, 38.8401833 ], [ -104.8830897, 38.8402334 ], [ -104.8829448, 38.840434 ], [ -104.8827941, 38.8407634 ], [ -104.8825961, 38.8411986 ], [ -104.8815992, 38.8409552 ], [ -104.8811169, 38.8409978 ], [ -104.8811311, 38.8408126 ], [ -104.8812521, 38.8403903 ], [ -104.8813033, 38.8402292 ], [ -104.8814267, 38.8399326 ], [ -104.8815286, 38.8397153 ], [ -104.8815876, 38.8396192 ], [ -104.8816896, 38.8395022 ], [ -104.8818827, 38.8393601 ], [ -104.8821631, 38.8391371 ], [ -104.8823505, 38.8389417 ], [ -104.8824281, 38.8388429 ], [ -104.8824981, 38.8387549 ], [ -104.8825854, 38.8386122 ], [ -104.8826444, 38.8384576 ], [ -104.8827193, 38.8383182 ], [ -104.8828701, 38.8380887 ], [ -104.8829263, 38.8379974 ], [ -104.882955, 38.8379035 ], [ -104.8829582, 38.8378447 ], [ -104.8829695, 38.8376939 ], [ -104.8829804, 38.8376159 ], [ -104.882997, 38.8375474 ], [ -104.8830155, 38.8374934 ], [ -104.8830513, 38.8374242 ], [ -104.8830897, 38.8373587 ], [ -104.8833434, 38.8368664 ], [ -104.8834136, 38.8366944 ], [ -104.8834939, 38.8364578 ], [ -104.8835558, 38.8362423 ], [ -104.8835986, 38.8360151 ] ] } },
{ "type": "Feature", "properties": { "full_id": "w433167887", "osm_id": "433167887", "osm_type": "way", "min_height": null, "roof:shape": null, "building:part": null, "building:levels": null, "vehicle": null, "swing_gate:type": null, "maxwidth": null, "area:highway": null, "substation": null, "traffic_signals:sound": null, "protected": null, "ownership": null, "operator:wikipedia": null, "operator:wikidata": null, "operator:type": null, "operator:short": null, "attribution": null, "cycleway:buffer:left": null, "indoor": null, "check_date:handrail": null, "step_count": null, "intermittent": null, "traffic_calming": null, "cycleway:left": null, "crossing:signals": null, "crossing:island": null, "button_operated": null, "hiking": null, "material": null, "wall": null, "check_date:surface": null, "change:lanes": null, "tactile_paving": null, "handrail": null, "informal": null, "crossing:markings": null, "crossing": null, "is_in:state_code": null, "incline": null, "footway": null, "junction": null, "maxspeed:forward": null, "maxspeed:backward": null, "restriction": null, "abandoned:landuse": null, "circuits": null, "cycleway:left:buffer": null, "source:hgv": null, "location": null, "check_date": null, "tiger:name_base_3": null, "tiger:name_base_2": null, "hgv:conditional": null, "turn:lanes:forward": null, "note:lanes": null, "motorcar": null, "tiger:CLASSFP": null, "placement": null, "parking:both": null, "name:etymology:wikidata": null, "official_name": null, "mtb:scale:uphill": null, "covered": null, "ref:nrhp": null, "historic": null, "heritage:operator": null, "heritage": null, "tunnel": null, "height": null, "cycleway:right:buffer": null, "turn:lanes:backward": null, "bridge:name": null, "maxweight:signed": null, "maxweight:hgv_articulated": null, "maxweight:hgv:conditional": null, "maxweight": null, "tiger:STATEFP": null, "tiger:PLCIDFP": null, "tiger:PLACEFP": null, "tiger:PCINECTA": null, "tiger:PCICBSA": null, "tiger:NAMELSAD": null, "tiger:NAME": null, "tiger:MTFCC": null, "tiger:LSAD": null, "tiger:FUNCSTAT": null, "tiger:CPI": null, "is_in:state": null, "is_in:iso_3166_2": null, "gnis:feature_id": null, "border_type": null, "fence_type": null, "barrier": null, "source:maxspeed": null, "cycleway:both": null, "width": null, "destination:lanes": null, "maxspeed:advisory": null, "destination:pronunciation": null, "destination:lang:en-fonipa": null, "destination:lang:en": null, "natural": null, "wires": null, "voltage": null, "power": null, "cables": null, "alt_name": null, "level": null, "sport": null, "leisure": null, "area": null, "wheelchair": null, "stroller": null, "mtb:scale:imba": "1", "horse": null, "dog": "leashed", "cycleway:right": null, "cycleway:buffer:right": null, "waterway": null, "segregated": null, "motor_vehicle": null, "expressway": null, "source:url": null, "boundary": null, "admin_level": null, "shoulder": null, "destination:ref:to": null, "ref:to": null, "turn:lanes:both_ways": null, "lanes:both_ways": null, "lanes:forward": null, "lanes:backward": null, "unsigned_ref": null, "maxheight": null, "wikipedia": null, "wikidata": null, "parking:lane:both": null, "CDOT_route": null, "destination:street": null, "abandoned:railway": null, "ref:usfs": null, "railway": null, "operator": null, "old_railway_operator": null, "4wd_only": null, "noname": null, "smoothness": null, "lit": null, "sidewalk:right": null, "sidewalk:left": null, "sidewalk": null, "layer": null, "bridge": null, "NHS": null, "route": null, "tiger:separated": null, "tiger:name_type_1": null, "tiger:name_base_1": null, "name_1": null, "sidewalk:both": null, "cycleway": null, "tiger:name_direction_prefix": null, "source:name": null, "turn:lanes": null, "old_ref": null, "service": null, "lane_markings": null, "trail_visibility": "good", "tracktype": null, "surface": "ground", "sac_scale": "hiking", "mtb:scale": "1", "foot": "yes", "source:hgv:national_network": null, "ref": null, "oneway": null, "lanes": null, "junction:ref": null, "hgv:national_network": null, "hgv": null, "destination:ref": null, "destination": null, "bicycle": "designated", "maxspeed": null, "tiger:upload_uuid": null, "tiger:tlid": null, "tiger:source": null, "access": null, "tiger:reviewed": null, "tiger:name_type": null, "tiger:name_base": null, "tiger:county": null, "tiger:cfcc": null, "name": "Upper Hodgeback", "highway": "path" }, "geometry": { "type": "LineString", "coordinates": [ [ -104.8750551, 38.8514341 ], [ -104.8749172, 38.8515376 ], [ -104.874838, 38.8516272 ], [ -104.8747552, 38.8517116 ], [ -104.874707, 38.8518429 ], [ -104.8747177, 38.8519067 ], [ -104.8747817, 38.8520047 ], [ -104.8748541, 38.8520959 ], [ -104.8749605, 38.8521608 ], [ -104.8750312, 38.8522016 ], [ -104.8751375, 38.8523428 ], [ -104.8752145, 38.8524457 ], [ -104.875277, 38.8525204 ], [ -104.8754553, 38.8525961 ], [ -104.8756349, 38.8526445 ], [ -104.875813, 38.8526766 ], [ -104.8759811, 38.8526777 ], [ -104.876308, 38.852668 ], [ -104.8765121, 38.8526727 ], [ -104.876598, 38.8526853 ], [ -104.8766447, 38.8526717 ], [ -104.8767271, 38.8526011 ], [ -104.8767739, 38.8524477 ], [ -104.8768217, 38.8523367 ], [ -104.8768281, 38.8522581 ], [ -104.8768661, 38.8522053 ], [ -104.876986, 38.852104 ], [ -104.8770305, 38.8520439 ], [ -104.8770631, 38.8519891 ], [ -104.8770769, 38.8519517 ], [ -104.8770551, 38.8518798 ], [ -104.8770038, 38.8518066 ] ] } },
{ "type": "Feature", "properties": { "full_id": "w225069130", "osm_id": "225069130", "osm_type": "way", "min_height": null, "roof:shape": null, "building:part": null, "building:levels": null, "vehicle": null, "swing_gate:type": null, "maxwidth": null, "area:highway": null, "substation": null, "traffic_signals:sound": null, "protected": null, "ownership": null, "operator:wikipedia": null, "operator:wikidata": null, "operator:type": null, "operator:short": null, "attribution": null, "cycleway:buffer:left": null, "indoor": null, "check_date:handrail": null, "step_count": null, "intermittent": null, "traffic_calming": null, "cycleway:left": null, "crossing:signals": null, "crossing:island": null, "button_operated": null, "hiking": null, "material": null, "wall": null, "check_date:surface": null, "change:lanes": null, "tactile_paving": null, "handrail": null, "informal": null, "crossing:markings": null, "crossing": null, "is_in:state_code": null, "incline": null, "footway": null, "junction": null, "maxspeed:forward": null, "maxspeed:backward": null, "restriction": null, "abandoned:landuse": null, "circuits": null, "cycleway:left:buffer": null, "source:hgv": null, "location": null, "check_date": null, "tiger:name_base_3": null, "tiger:name_base_2": null, "hgv:conditional": null, "turn:lanes:forward": null, "note:lanes": null, "motorcar": null, "tiger:CLASSFP": null, "placement": null, "parking:both": null, "name:etymology:wikidata": null, "official_name": null, "mtb:scale:uphill": null, "covered": null, "ref:nrhp": null, "historic": null, "heritage:operator": null, "heritage": null, "tunnel": null, "height": null, "cycleway:right:buffer": null, "turn:lanes:backward": null, "bridge:name": null, "maxweight:signed": null, "maxweight:hgv_articulated": null, "maxweight:hgv:conditional": null, "maxweight": null, "tiger:STATEFP": null, "tiger:PLCIDFP": null, "tiger:PLACEFP": null, "tiger:PCINECTA": null, "tiger:PCICBSA": null, "tiger:NAMELSAD": null, "tiger:NAME": null, "tiger:MTFCC": null, "tiger:LSAD": null, "tiger:FUNCSTAT": null, "tiger:CPI": null, "is_in:state": null, "is_in:iso_3166_2": null, "gnis:feature_id": null, "border_type": null, "fence_type": null, "barrier": null, "source:maxspeed": null, "cycleway:both": null, "width": null, "destination:lanes": null, "maxspeed:advisory": null, "destination:pronunciation": null, "destination:lang:en-fonipa": null, "destination:lang:en": null, "natural": null, "wires": null, "voltage": null, "power": null, "cables": null, "alt_name": null, "level": null, "sport": null, "leisure": null, "area": null, "wheelchair": null, "stroller": null, "mtb:scale:imba": null, "horse": "yes", "dog": "leashed", "cycleway:right": null, "cycleway:buffer:right": null, "waterway": null, "segregated": null, "motor_vehicle": null, "expressway": null, "source:url": null, "boundary": null, "admin_level": null, "shoulder": null, "destination:ref:to": null, "ref:to": null, "turn:lanes:both_ways": null, "lanes:both_ways": null, "lanes:forward": null, "lanes:backward": null, "unsigned_ref": null, "maxheight": null, "wikipedia": null, "wikidata": null, "parking:lane:both": null, "CDOT_route": null, "destination:street": null, "abandoned:railway": null, "ref:usfs": null, "railway": null, "operator": null, "old_railway_operator": null, "4wd_only": null, "noname": null, "smoothness": null, "lit": "no", "sidewalk:right": null, "sidewalk:left": null, "sidewalk": null, "layer": null, "bridge": null, "NHS": null, "route": null, "tiger:separated": null, "tiger:name_type_1": null, "tiger:name_base_1": null, "name_1": null, "sidewalk:both": null, "cycleway": null, "tiger:name_direction_prefix": null, "source:name": null, "turn:lanes": null, "old_ref": null, "service": null, "lane_markings": null, "trail_visibility": null, "tracktype": null, "surface": "ground", "sac_scale": null, "mtb:scale": "0", "foot": "designated", "source:hgv:national_network": null, "ref": null, "oneway": null, "lanes": null, "junction:ref": null, "hgv:national_network": null, "hgv": null, "destination:ref": null, "destination": null, "bicycle": "designated", "maxspeed": null, "tiger:upload_uuid": null, "tiger:tlid": null, "tiger:source": null, "access": null, "tiger:reviewed": null, "tiger:name_type": null, "tiger:name_base": null, "tiger:county": null, "tiger:cfcc": null, "name": "Red Rock Canyon Trail", "highway": "path" }, "geometry": { "type": "LineString", "coordinates": [ [ -104.8796712, 38.8496388 ], [ -104.8796913, 38.8497531 ], [ -104.8797181, 38.8498011 ], [ -104.8797664, 38.8498513 ], [ -104.8798174, 38.8498931 ], [ -104.879871, 38.8499265 ], [ -104.8799783, 38.8499871 ], [ -104.8800212, 38.8500226 ], [ -104.8800534, 38.8500623 ], [ -104.8800722, 38.8500999 ], [ -104.8800883, 38.8501604 ], [ -104.8801071, 38.8502565 ], [ -104.8801044, 38.8503255 ], [ -104.8800883, 38.8503651 ], [ -104.8800561, 38.8503944 ], [ -104.8797691, 38.8505782 ], [ -104.8797155, 38.8506221 ], [ -104.8796591, 38.8506931 ], [ -104.8793373, 38.851044 ], [ -104.8792783, 38.8510962 ], [ -104.8790851, 38.8512258 ], [ -104.8790261, 38.8512801 ], [ -104.8789913, 38.8513406 ], [ -104.8789644, 38.8514033 ], [ -104.8789618, 38.8514576 ], [ -104.8789939, 38.8516205 ], [ -104.8789859, 38.8516769 ], [ -104.8789188, 38.8518002 ], [ -104.8788761, 38.8518444 ], [ -104.8788292, 38.8518843 ], [ -104.8787928, 38.8519192 ], [ -104.8787311, 38.8519715 ], [ -104.8786909, 38.8520279 ], [ -104.8786533, 38.8521427 ], [ -104.8786413, 38.8521695 ], [ -104.8786157, 38.8522263 ], [ -104.8784763, 38.8524832 ], [ -104.8784441, 38.8525522 ], [ -104.8784199, 38.8526441 ], [ -104.8784146, 38.8527046 ], [ -104.8784039, 38.8527965 ], [ -104.8784146, 38.8528801 ], [ -104.878428, 38.8530223 ], [ -104.8784334, 38.8530785 ], [ -104.8784602, 38.8531224 ], [ -104.8785326, 38.8531976 ], [ -104.8786131, 38.8532728 ], [ -104.8786855, 38.8533187 ], [ -104.8787284, 38.8533417 ], [ -104.8787901, 38.8533543 ], [ -104.8788571, 38.8533605 ], [ -104.8789269, 38.8533522 ], [ -104.8789832, 38.8533324 ], [ -104.8790381, 38.8532733 ] ] } },
{ "type": "Feature", "properties": { "full_id": "w36948812", "osm_id": "36948812", "osm_type": "way", "min_height": null, "roof:shape": null, "building:part": null, "building:levels": null, "vehicle": null, "swing_gate:type": null, "maxwidth": null, "area:highway": null, "substation": null, "traffic_signals:sound": null, "protected": null, "ownership": null, "operator:wikipedia": null, "operator:wikidata": null, "operator:type": null, "operator:short": null, "attribution": null, "cycleway:buffer:left": null, "indoor": null, "check_date:handrail": null, "step_count": null, "intermittent": null, "traffic_calming": null, "cycleway:left": null, "crossing:signals": null, "crossing:island": null, "button_operated": null, "hiking": null, "material": null, "wall": null, "check_date:surface": null, "change:lanes": null, "tactile_paving": null, "handrail": null, "informal": null, "crossing:markings": null, "crossing": null, "is_in:state_code": null, "incline": null, "footway": null, "junction": null, "maxspeed:forward": null, "maxspeed:backward": null, "restriction": null, "abandoned:landuse": null, "circuits": null, "cycleway:left:buffer": null, "source:hgv": null, "location": null, "check_date": null, "tiger:name_base_3": null, "tiger:name_base_2": null, "hgv:conditional": null, "turn:lanes:forward": null, "note:lanes": null, "motorcar": null, "tiger:CLASSFP": null, "placement": null, "parking:both": null, "name:etymology:wikidata": null, "official_name": null, "mtb:scale:uphill": null, "covered": null, "ref:nrhp": null, "historic": null, "heritage:operator": null, "heritage": null, "tunnel": null, "height": null, "cycleway:right:buffer": null, "turn:lanes:backward": null, "bridge:name": null, "maxweight:signed": null, "maxweight:hgv_articulated": null, "maxweight:hgv:conditional": null, "maxweight": null, "tiger:STATEFP": null, "tiger:PLCIDFP": null, "tiger:PLACEFP": null, "tiger:PCINECTA": null, "tiger:PCICBSA": null, "tiger:NAMELSAD": null, "tiger:NAME": null, "tiger:MTFCC": null, "tiger:LSAD": null, "tiger:FUNCSTAT": null, "tiger:CPI": null, "is_in:state": null, "is_in:iso_3166_2": null, "gnis:feature_id": null, "border_type": null, "fence_type": null, "barrier": null, "source:maxspeed": null, "cycleway:both": null, "width": null, "destination:lanes": null, "maxspeed:advisory": null, "destination:pronunciation": null, "destination:lang:en-fonipa": null, "destination:lang:en": null, "natural": null, "wires": null, "voltage": null, "power": null, "cables": null, "alt_name": null, "level": null, "sport": null, "leisure": null, "area": null, "wheelchair": null, "stroller": null, "mtb:scale:imba": "1", "horse": null, "dog": null, "cycleway:right": null, "cycleway:buffer:right": null, "waterway": null, "segregated": null, "motor_vehicle": null, "expressway": null, "source:url": null, "boundary": null, "admin_level": null, "shoulder": null, "destination:ref:to": null, "ref:to": null, "turn:lanes:both_ways": null, "lanes:both_ways": null, "lanes:forward": null, "lanes:backward": null, "unsigned_ref": null, "maxheight": null, "wikipedia": null, "wikidata": null, "parking:lane:both": null, "CDOT_route": null, "destination:street": null, "abandoned:railway": null, "ref:usfs": null, "railway": null, "operator": null, "old_railway_operator": null, "4wd_only": null, "noname": null, "smoothness": null, "lit": "no", "sidewalk:right": null, "sidewalk:left": null, "sidewalk": null, "layer": null, "bridge": null, "NHS": null, "route": null, "tiger:separated": null, "tiger:name_type_1": null, "tiger:name_base_1": null, "name_1": null, "sidewalk:both": null, "cycleway": null, "tiger:name_direction_prefix": null, "source:name": null, "turn:lanes": null, "old_ref": null, "service": null, "lane_markings": null, "trail_visibility": null, "tracktype": null, "surface": "ground", "sac_scale": null, "mtb:scale": "1", "foot": "designated", "source:hgv:national_network": null, "ref": null, "oneway": null, "lanes": null, "junction:ref": null, "hgv:national_network": null, "hgv": null, "destination:ref": null, "destination": null, "bicycle": "designated", "maxspeed": null, "tiger:upload_uuid": null, "tiger:tlid": null, "tiger:source": null, "access": null, "tiger:reviewed": null, "tiger:name_type": null, "tiger:name_base": null, "tiger:county": null, "tiger:cfcc": null, "name": null, "highway": "path" }, "geometry": { "type": "LineString", "coordinates": [ [ -104.8780546, 38.8516913 ], [ -104.8780678, 38.8516539 ], [ -104.8781184, 38.8515391 ], [ -104.8781385, 38.8514952 ], [ -104.8783192, 38.8512261 ], [ -104.8785621, 38.8509101 ], [ -104.878585, 38.8508838 ], [ -104.8789089, 38.8505117 ] ] } },
{ "type": "Feature", "properties": { "full_id": "w58660543", "osm_id": "58660543", "osm_type": "way", "min_height": null, "roof:shape": null, "building:part": null, "building:levels": null, "vehicle": null, "swing_gate:type": null, "maxwidth": null, "area:highway": null, "substation": null, "traffic_signals:sound": null, "protected": null, "ownership": null, "operator:wikipedia": null, "operator:wikidata": null, "operator:type": null, "operator:short": null, "attribution": null, "cycleway:buffer:left": null, "indoor": null, "check_date:handrail": null, "step_count": null, "intermittent": null, "traffic_calming": null, "cycleway:left": null, "crossing:signals": null, "crossing:island": null, "button_operated": null, "hiking": null, "material": null, "wall": null, "check_date:surface": null, "change:lanes": null, "tactile_paving": null, "handrail": null, "informal": null, "crossing:markings": null, "crossing": null, "is_in:state_code": null, "incline": null, "footway": null, "junction": null, "maxspeed:forward": null, "maxspeed:backward": null, "restriction": null, "abandoned:landuse": null, "circuits": null, "cycleway:left:buffer": null, "source:hgv": null, "location": null, "check_date": null, "tiger:name_base_3": null, "tiger:name_base_2": null, "hgv:conditional": null, "turn:lanes:forward": null, "note:lanes": null, "motorcar": null, "tiger:CLASSFP": null, "placement": null, "parking:both": null, "name:etymology:wikidata": null, "official_name": null, "mtb:scale:uphill": null, "covered": null, "ref:nrhp": null, "historic": null, "heritage:operator": null, "heritage": null, "tunnel": null, "height": null, "cycleway:right:buffer": null, "turn:lanes:backward": null, "bridge:name": null, "maxweight:signed": null, "maxweight:hgv_articulated": null, "maxweight:hgv:conditional": null, "maxweight": null, "tiger:STATEFP": null, "tiger:PLCIDFP": null, "tiger:PLACEFP": null, "tiger:PCINECTA": null, "tiger:PCICBSA": null, "tiger:NAMELSAD": null, "tiger:NAME": null, "tiger:MTFCC": null, "tiger:LSAD": null, "tiger:FUNCSTAT": null, "tiger:CPI": null, "is_in:state": null, "is_in:iso_3166_2": null, "gnis:feature_id": null, "border_type": null, "fence_type": null, "barrier": null, "source:maxspeed": null, "cycleway:both": null, "width": null, "destination:lanes": null, "maxspeed:advisory": null, "destination:pronunciation": null, "destination:lang:en-fonipa": null, "destination:lang:en": null, "natural": null, "wires": null, "voltage": null, "power": null, "cables": null, "alt_name": null, "level": null, "sport": null, "leisure": null, "area": null, "wheelchair": null, "stroller": null, "mtb:scale:imba": null, "horse": null, "dog": "leashed", "cycleway:right": null, "cycleway:buffer:right": null, "waterway": null, "segregated": null, "motor_vehicle": null, "expressway": null, "source:url": null, "boundary": null, "admin_level": null, "shoulder": null, "destination:ref:to": null, "ref:to": null, "turn:lanes:both_ways": null, "lanes:both_ways": null, "lanes:forward": null, "lanes:backward": null, "unsigned_ref": null, "maxheight": null, "wikipedia": null, "wikidata": null, "parking:lane:both": null, "CDOT_route": null, "destination:street": null, "abandoned:railway": null, "ref:usfs": null, "railway": null, "operator": null, "old_railway_operator": null, "4wd_only": null, "noname": null, "smoothness": null, "lit": "no", "sidewalk:right": null, "sidewalk:left": null, "sidewalk": null, "layer": null, "bridge": null, "NHS": null, "route": null, "tiger:separated": null, "tiger:name_type_1": null, "tiger:name_base_1": null, "name_1": null, "sidewalk:both": null, "cycleway": null, "tiger:name_direction_prefix": null, "source:name": null, "turn:lanes": null, "old_ref": null, "service": null, "lane_markings": null, "trail_visibility": null, "tracktype": "grade2", "surface": "ground", "sac_scale": null, "mtb:scale": "0", "foot": "yes", "source:hgv:national_network": null, "ref": null, "oneway": null, "lanes": null, "junction:ref": null, "hgv:national_network": null, "hgv": null, "destination:ref": null, "destination": null, "bicycle": "yes", "maxspeed": null, "tiger:upload_uuid": null, "tiger:tlid": null, "tiger:source": null, "access": null, "tiger:reviewed": null, "tiger:name_type": null, "tiger:name_base": null, "tiger:county": null, "tiger:cfcc": null, "name": "Rim Trail", "highway": "track" }, "geometry": { "type": "LineString", "coordinates": [ [ -104.8809167, 38.8418039 ], [ -104.8809603, 38.8417678 ], [ -104.880988, 38.8417257 ], [ -104.8810182, 38.8416508 ], [ -104.8810417, 38.8415667 ], [ -104.8810649, 38.8412378 ], [ -104.8810818, 38.8409943 ], [ -104.8811058, 38.8408605 ], [ -104.8811189, 38.8407703 ], [ -104.8811809, 38.8405246 ], [ -104.8812383, 38.8403194 ], [ -104.8812959, 38.8401803 ], [ -104.8814093, 38.8399096 ], [ -104.8814673, 38.8398287 ], [ -104.8815628, 38.8397591 ], [ -104.8817364, 38.8396357 ] ] } },
{ "type": "Feature", "properties": { "full_id": "w58660542", "osm_id": "58660542", "osm_type": "way", "min_height": null, "roof:shape": null, "building:part": null, "building:levels": null, "vehicle": null, "swing_gate:type": null, "maxwidth": null, "area:highway": null, "substation": null, "traffic_signals:sound": null, "protected": null, "ownership": null, "operator:wikipedia": null, "operator:wikidata": null, "operator:type": null, "operator:short": null, "attribution": null, "cycleway:buffer:left": null, "indoor": null, "check_date:handrail": null, "step_count": null, "intermittent": null, "traffic_calming": null, "cycleway:left": null, "crossing:signals": null, "crossing:island": null, "button_operated": null, "hiking": null, "material": null, "wall": null, "check_date:surface": null, "change:lanes": null, "tactile_paving": null, "handrail": null, "informal": null, "crossing:markings": null, "crossing": null, "is_in:state_code": null, "incline": null, "footway": null, "junction": null, "maxspeed:forward": null, "maxspeed:backward": null, "restriction": null, "abandoned:landuse": null, "circuits": null, "cycleway:left:buffer": null, "source:hgv": null, "location": null, "check_date": null, "tiger:name_base_3": null, "tiger:name_base_2": null, "hgv:conditional": null, "turn:lanes:forward": null, "note:lanes": null, "motorcar": null, "tiger:CLASSFP": null, "placement": null, "parking:both": null, "name:etymology:wikidata": null, "official_name": null, "mtb:scale:uphill": null, "covered": null, "ref:nrhp": null, "historic": null, "heritage:operator": null, "heritage": null, "tunnel": null, "height": null, "cycleway:right:buffer": null, "turn:lanes:backward": null, "bridge:name": null, "maxweight:signed": null, "maxweight:hgv_articulated": null, "maxweight:hgv:conditional": null, "maxweight": null, "tiger:STATEFP": null, "tiger:PLCIDFP": null, "tiger:PLACEFP": null, "tiger:PCINECTA": null, "tiger:PCICBSA": null, "tiger:NAMELSAD": null, "tiger:NAME": null, "tiger:MTFCC": null, "tiger:LSAD": null, "tiger:FUNCSTAT": null, "tiger:CPI": null, "is_in:state": null, "is_in:iso_3166_2": null, "gnis:feature_id": null, "border_type": null, "fence_type": null, "barrier": null, "source:maxspeed": null, "cycleway:both": null, "width": null, "destination:lanes": null, "maxspeed:advisory": null, "destination:pronunciation": null, "destination:lang:en-fonipa": null, "destination:lang:en": null, "natural": null, "wires": null, "voltage": null, "power": null, "cables": null, "alt_name": null, "level": null, "sport": null, "leisure": null, "area": null, "wheelchair": null, "stroller": null, "mtb:scale:imba": null, "horse": null, "dog": "leashed", "cycleway:right": null, "cycleway:buffer:right": null, "waterway": null, "segregated": null, "motor_vehicle": null, "expressway": null, "source:url": null, "boundary": null, "admin_level": null, "shoulder": null, "destination:ref:to": null, "ref:to": null, "turn:lanes:both_ways": null, "lanes:both_ways": null, "lanes:forward": null, "lanes:backward": null, "unsigned_ref": null, "maxheight": null, "wikipedia": null, "wikidata": null, "parking:lane:both": null, "CDOT_route": null, "destination:street": null, "abandoned:railway": null, "ref:usfs": null, "railway": null, "operator": null, "old_railway_operator": null, "4wd_only": null, "noname": null, "smoothness": null, "lit": "no", "sidewalk:right": null, "sidewalk:left": null, "sidewalk": null, "layer": null, "bridge": null, "NHS": null, "route": null, "tiger:separated": null, "tiger:name_type_1": null, "tiger:name_base_1": null, "name_1": null, "sidewalk:both": null, "cycleway": null, "tiger:name_direction_prefix": null, "source:name": null, "turn:lanes": null, "old_ref": null, "service": null, "lane_markings": null, "trail_visibility": null, "tracktype": "grade2", "surface": "ground", "sac_scale": null, "mtb:scale": "1", "foot": "yes", "source:hgv:national_network": null, "ref": null, "oneway": null, "lanes": null, "junction:ref": null, "hgv:national_network": null, "hgv": null, "destination:ref": null, "destination": null, "bicycle": "designated", "maxspeed": null, "tiger:upload_uuid": null, "tiger:tlid": null, "tiger:source": null, "access": null, "tiger:reviewed": null, "tiger:name_type": null, "tiger:name_base": null, "tiger:county": null, "tiger:cfcc": null, "name": "Rim Trail", "highway": "track" }, "geometry": { "type": "LineString", "coordinates": [ [ -104.8750155, 38.8502372 ], [ -104.8751415, 38.8503142 ], [ -104.8752265, 38.8503597 ], [ -104.8752985, 38.8503817 ], [ -104.8753745, 38.8503861 ], [ -104.8754445, 38.8503752 ], [ -104.8755225, 38.850345 ], [ -104.8756085, 38.8502832 ], [ -104.8756824, 38.8502179 ], [ -104.8757604, 38.8501169 ], [ -104.8758514, 38.8499902 ], [ -104.8759224, 38.8499025 ], [ -104.87603, 38.8497715 ], [ -104.8761213, 38.8497048 ], [ -104.8762896, 38.849623 ], [ -104.8763957, 38.849561 ], [ -104.8764952, 38.8494883 ], [ -104.8765494, 38.849427 ], [ -104.8765668, 38.8494083 ], [ -104.8766553, 38.8492808 ], [ -104.8767452, 38.8491161 ], [ -104.8767921, 38.8489955 ], [ -104.8768022, 38.8488905 ], [ -104.8768137, 38.8487586 ], [ -104.8768274, 38.8486483 ], [ -104.8768619, 38.8485228 ], [ -104.8768918, 38.8484395 ], [ -104.8769506, 38.848352 ], [ -104.8770221, 38.8482732 ], [ -104.877074, 38.848235 ], [ -104.8771479, 38.8482076 ], [ -104.8773948, 38.8481537 ], [ -104.877892, 38.848066 ], [ -104.8781359, 38.8480447 ], [ -104.8782722, 38.8480266 ], [ -104.8783784, 38.8480074 ], [ -104.8784474, 38.8479749 ], [ -104.8785169, 38.8479142 ], [ -104.8785803, 38.8478412 ], [ -104.8786399, 38.8477788 ], [ -104.8787065, 38.8477327 ], [ -104.8787792, 38.8477017 ], [ -104.8788818, 38.8476704 ], [ -104.8789592, 38.8476325 ], [ -104.8790259, 38.8475717 ], [ -104.8791212, 38.8474586 ], [ -104.8792054, 38.8473404 ], [ -104.8792862, 38.8471871 ], [ -104.879345, 38.8470403 ], [ -104.879392, 38.8469338 ], [ -104.879451, 38.8468469 ], [ -104.8795174, 38.8467549 ], [ -104.879575, 38.8466265 ], [ -104.8796202, 38.8464766 ], [ -104.8796452, 38.8463387 ], [ -104.8796695, 38.8461851 ], [ -104.8796924, 38.8461041 ], [ -104.8797294, 38.8460323 ], [ -104.8797947, 38.8459422 ], [ -104.8798665, 38.8458341 ], [ -104.8799307, 38.8457281 ], [ -104.8799738, 38.8456408 ], [ -104.8800122, 38.8455466 ], [ -104.8800611, 38.8454706 ], [ -104.8801162, 38.8454061 ], [ -104.8802001, 38.8453339 ], [ -104.8802798, 38.8452536 ], [ -104.8803179, 38.8451962 ], [ -104.8803358, 38.8451213 ], [ -104.8803286, 38.8450373 ], [ -104.8803077, 38.8449623 ], [ -104.8802649, 38.8448761 ], [ -104.8802323, 38.8448145 ], [ -104.8801882, 38.8447513 ], [ -104.880119, 38.8447 ], [ -104.8800371, 38.8446411 ], [ -104.8799295, 38.8445848 ], [ -104.8797856, 38.8445119 ], [ -104.8797031, 38.8444597 ], [ -104.8796481, 38.8444144 ], [ -104.8796068, 38.8443696 ], [ -104.8795729, 38.8443016 ], [ -104.8795591, 38.8442262 ], [ -104.8795474, 38.8441322 ], [ -104.8795415, 38.8440443 ], [ -104.8795589, 38.8439537 ], [ -104.8796759, 38.843708 ], [ -104.8797243, 38.843593 ], [ -104.8798702, 38.843312 ], [ -104.879985, 38.8430397 ], [ -104.8801603, 38.8426577 ], [ -104.8802365, 38.8425687 ], [ -104.8802571, 38.8425447 ], [ -104.8803305, 38.8425037 ], [ -104.8804358, 38.8424697 ], [ -104.8805402, 38.8423892 ], [ -104.8805732, 38.8423072 ], [ -104.8805528, 38.8422431 ], [ -104.880515, 38.8421382 ], [ -104.8804762, 38.8420187 ], [ -104.880484, 38.8419357 ], [ -104.8805162, 38.8418654 ], [ -104.8805712, 38.8418087 ], [ -104.8807242, 38.8418107 ], [ -104.8807887, 38.8418271 ], [ -104.8809167, 38.8418039 ] ] } },
{ "type": "Feature", "properties": { "full_id": "w899503325", "osm_id": "899503325", "osm_type": "way", "min_height": null, "roof:shape": null, "building:part": null, "building:levels": null, "vehicle": null, "swing_gate:type": null, "maxwidth": null, "area:highway": null, "substation": null, "traffic_signals:sound": null, "protected": null, "ownership": null, "operator:wikipedia": null, "operator:wikidata": null, "operator:type": null, "operator:short": null, "attribution": null, "cycleway:buffer:left": null, "indoor": null, "check_date:handrail": null, "step_count": null, "intermittent": null, "traffic_calming": null, "cycleway:left": null, "crossing:signals": null, "crossing:island": null, "button_operated": null, "hiking": null, "material": null, "wall": null, "check_date:surface": null, "change:lanes": null, "tactile_paving": null, "handrail": null, "informal": null, "crossing:markings": null, "crossing": null, "is_in:state_code": null, "incline": null, "footway": null, "junction": null, "maxspeed:forward": null, "maxspeed:backward": null, "restriction": null, "abandoned:landuse": null, "circuits": null, "cycleway:left:buffer": null, "source:hgv": null, "location": null, "check_date": null, "tiger:name_base_3": null, "tiger:name_base_2": null, "hgv:conditional": null, "turn:lanes:forward": null, "note:lanes": null, "motorcar": null, "tiger:CLASSFP": null, "placement": null, "parking:both": null, "name:etymology:wikidata": null, "official_name": null, "mtb:scale:uphill": null, "covered": null, "ref:nrhp": null, "historic": null, "heritage:operator": null, "heritage": null, "tunnel": null, "height": null, "cycleway:right:buffer": null, "turn:lanes:backward": null, "bridge:name": null, "maxweight:signed": null, "maxweight:hgv_articulated": null, "maxweight:hgv:conditional": null, "maxweight": null, "tiger:STATEFP": null, "tiger:PLCIDFP": null, "tiger:PLACEFP": null, "tiger:PCINECTA": null, "tiger:PCICBSA": null, "tiger:NAMELSAD": null, "tiger:NAME": null, "tiger:MTFCC": null, "tiger:LSAD": null, "tiger:FUNCSTAT": null, "tiger:CPI": null, "is_in:state": null, "is_in:iso_3166_2": null, "gnis:feature_id": null, "border_type": null, "fence_type": null, "barrier": null, "source:maxspeed": null, "cycleway:both": null, "width": null, "destination:lanes": null, "maxspeed:advisory": null, "destination:pronunciation": null, "destination:lang:en-fonipa": null, "destination:lang:en": null, "natural": null, "wires": null, "voltage": null, "power": null, "cables": null, "alt_name": null, "level": null, "sport": null, "leisure": null, "area": null, "wheelchair": null, "stroller": null, "mtb:scale:imba": null, "horse": null, "dog": "leashed", "cycleway:right": null, "cycleway:buffer:right": null, "waterway": null, "segregated": null, "motor_vehicle": null, "expressway": null, "source:url": null, "boundary": null, "admin_level": null, "shoulder": null, "destination:ref:to": null, "ref:to": null, "turn:lanes:both_ways": null, "lanes:both_ways": null, "lanes:forward": null, "lanes:backward": null, "unsigned_ref": null, "maxheight": null, "wikipedia": null, "wikidata": null, "parking:lane:both": null, "CDOT_route": null, "destination:street": null, "abandoned:railway": null, "ref:usfs": null, "railway": null, "operator": null, "old_railway_operator": null, "4wd_only": null, "noname": null, "smoothness": null, "lit": "no", "sidewalk:right": null, "sidewalk:left": null, "sidewalk": null, "layer": null, "bridge": null, "NHS": null, "route": null, "tiger:separated": null, "tiger:name_type_1": null, "tiger:name_base_1": null, "name_1": null, "sidewalk:both": null, "cycleway": null, "tiger:name_direction_prefix": null, "source:name": null, "turn:lanes": null, "old_ref": null, "service": null, "lane_markings": null, "trail_visibility": "good", "tracktype": "grade2", "surface": "ground", "sac_scale": "hiking", "mtb:scale": "0", "foot": "designated", "source:hgv:national_network": null, "ref": null, "oneway": null, "lanes": null, "junction:ref": null, "hgv:national_network": null, "hgv": null, "destination:ref": null, "destination": null, "bicycle": "designated", "maxspeed": null, "tiger:upload_uuid": null, "tiger:tlid": null, "tiger:source": null, "access": null, "tiger:reviewed": null, "tiger:name_type": null, "tiger:name_base": null, "tiger:county": null, "tiger:cfcc": null, "name": "Rim Trail", "highway": "track" }, "geometry": { "type": "LineString", "coordinates": [ [ -104.8750155, 38.8502372 ], [ -104.8749521, 38.8500772 ], [ -104.8749864, 38.8497497 ], [ -104.8750512, 38.8494106 ], [ -104.8750991, 38.8490581 ], [ -104.875102, 38.849001 ], [ -104.875103, 38.8489789 ], [ -104.8751273, 38.8484369 ], [ -104.8751216, 38.8483617 ], [ -104.8750915, 38.8482975 ], [ -104.8750343, 38.8482277 ], [ -104.8749636, 38.8481756 ], [ -104.8749134, 38.8481559 ], [ -104.874856, 38.8481385 ], [ -104.874785, 38.8481265 ] ] } },
{ "type": "Feature", "properties": { "full_id": "w7672666", "osm_id": "7672666", "osm_type": "way", "min_height": null, "roof:shape": null, "building:part": null, "building:levels": null, "vehicle": null, "swing_gate:type": null, "maxwidth": null, "area:highway": null, "substation": null, "traffic_signals:sound": null, "protected": null, "ownership": null, "operator:wikipedia": null, "operator:wikidata": null, "operator:type": null, "operator:short": null, "attribution": null, "cycleway:buffer:left": null, "indoor": null, "check_date:handrail": null, "step_count": null, "intermittent": null, "traffic_calming": null, "cycleway:left": null, "crossing:signals": null, "crossing:island": null, "button_operated": null, "hiking": null, "material": null, "wall": null, "check_date:surface": null, "change:lanes": null, "tactile_paving": null, "handrail": null, "informal": null, "crossing:markings": null, "crossing": null, "is_in:state_code": null, "incline": null, "footway": null, "junction": null, "maxspeed:forward": null, "maxspeed:backward": null, "restriction": null, "abandoned:landuse": null, "circuits": null, "cycleway:left:buffer": null, "source:hgv": null, "location": null, "check_date": null, "tiger:name_base_3": null, "tiger:name_base_2": null, "hgv:conditional": null, "turn:lanes:forward": null, "note:lanes": null, "motorcar": null, "tiger:CLASSFP": null, "placement": null, "parking:both": null, "name:etymology:wikidata": null, "official_name": null, "mtb:scale:uphill": null, "covered": null, "ref:nrhp": null, "historic": null, "heritage:operator": null, "heritage": null, "tunnel": null, "height": null, "cycleway:right:buffer": null, "turn:lanes:backward": null, "bridge:name": null, "maxweight:signed": null, "maxweight:hgv_articulated": null, "maxweight:hgv:conditional": null, "maxweight": null, "tiger:STATEFP": null, "tiger:PLCIDFP": null, "tiger:PLACEFP": null, "tiger:PCINECTA": null, "tiger:PCICBSA": null, "tiger:NAMELSAD": null, "tiger:NAME": null, "tiger:MTFCC": null, "tiger:LSAD": null, "tiger:FUNCSTAT": null, "tiger:CPI": null, "is_in:state": null, "is_in:iso_3166_2": null, "gnis:feature_id": null, "border_type": null, "fence_type": null, "barrier": null, "source:maxspeed": null, "cycleway:both": null, "width": null, "destination:lanes": null, "maxspeed:advisory": null, "destination:pronunciation": null, "destination:lang:en-fonipa": null, "destination:lang:en": null, "natural": null, "wires": null, "voltage": null, "power": null, "cables": null, "alt_name": null, "level": null, "sport": null, "leisure": null, "area": null, "wheelchair": null, "stroller": null, "mtb:scale:imba": null, "horse": null, "dog": null, "cycleway:right": null, "cycleway:buffer:right": null, "waterway": null, "segregated": null, "motor_vehicle": null, "expressway": null, "source:url": null, "boundary": null, "admin_level": null, "shoulder": null, "destination:ref:to": null, "ref:to": null, "turn:lanes:both_ways": null, "lanes:both_ways": null, "lanes:forward": null, "lanes:backward": null, "unsigned_ref": null, "maxheight": null, "wikipedia": null, "wikidata": null, "parking:lane:both": null, "CDOT_route": null, "destination:street": null, "abandoned:railway": null, "ref:usfs": null, "railway": null, "operator": null, "old_railway_operator": null, "4wd_only": null, "noname": null, "smoothness": null, "lit": null, "sidewalk:right": null, "sidewalk:left": null, "sidewalk": null, "layer": null, "bridge": null, "NHS": null, "route": null, "tiger:separated": null, "tiger:name_type_1": null, "tiger:name_base_1": null, "name_1": null, "sidewalk:both": null, "cycleway": null, "tiger:name_direction_prefix": null, "source:name": null, "turn:lanes": null, "old_ref": null, "service": null, "lane_markings": null, "trail_visibility": "excellent", "tracktype": "grade1", "surface": "ground", "sac_scale": "hiking", "mtb:scale": "0", "foot": "designated", "source:hgv:national_network": null, "ref": null, "oneway": null, "lanes": null, "junction:ref": null, "hgv:national_network": null, "hgv": null, "destination:ref": null, "destination": null, "bicycle": "designated", "maxspeed": null, "tiger:upload_uuid": null, "tiger:tlid": null, "tiger:source": null, "access": null, "tiger:reviewed": null, "tiger:name_type": null, "tiger:name_base": null, "tiger:county": null, "tiger:cfcc": null, "name": "Red Rock Rim Trail", "highway": "track" }, "geometry": { "type": "LineString", "coordinates": [ [ -104.8728862, 38.8466142 ], [ -104.873084, 38.8466675 ], [ -104.8731416, 38.846683 ], [ -104.8732304, 38.8467111 ], [ -104.8732607, 38.8467206 ], [ -104.8733097, 38.8467531 ], [ -104.8733641, 38.8468245 ], [ -104.8734639, 38.8471191 ], [ -104.8734926, 38.8472144 ], [ -104.8735402, 38.8473553 ], [ -104.8737347, 38.8477483 ], [ -104.8737801, 38.8478601 ], [ -104.8737992, 38.8479425 ], [ -104.8738027, 38.8480427 ], [ -104.8737969, 38.8483083 ], [ -104.873809, 38.8483921 ], [ -104.8738382, 38.8484556 ], [ -104.8738928, 38.8485029 ], [ -104.8739621, 38.8485186 ], [ -104.8740337, 38.8485163 ], [ -104.8741025, 38.8484984 ], [ -104.8741622, 38.8484583 ], [ -104.8742301, 38.8483871 ], [ -104.8742944, 38.8483191 ], [ -104.87442, 38.8482267 ], [ -104.8746025, 38.8481396 ], [ -104.874785, 38.8481265 ] ] } },
{ "type": "Feature", "properties": { "full_id": "w445868510", "osm_id": "445868510", "osm_type": "way", "min_height": null, "roof:shape": null, "building:part": null, "building:levels": null, "vehicle": null, "swing_gate:type": null, "maxwidth": null, "area:highway": null, "substation": null, "traffic_signals:sound": null, "protected": null, "ownership": null, "operator:wikipedia": null, "operator:wikidata": null, "operator:type": null, "operator:short": null, "attribution": null, "cycleway:buffer:left": null, "indoor": null, "check_date:handrail": null, "step_count": null, "intermittent": null, "traffic_calming": null, "cycleway:left": null, "crossing:signals": null, "crossing:island": null, "button_operated": null, "hiking": null, "material": null, "wall": null, "check_date:surface": null, "change:lanes": null, "tactile_paving": null, "handrail": null, "informal": null, "crossing:markings": null, "crossing": null, "is_in:state_code": null, "incline": null, "footway": null, "junction": null, "maxspeed:forward": null, "maxspeed:backward": null, "restriction": null, "abandoned:landuse": null, "circuits": null, "cycleway:left:buffer": null, "source:hgv": null, "location": null, "check_date": null, "tiger:name_base_3": null, "tiger:name_base_2": null, "hgv:conditional": null, "turn:lanes:forward": null, "note:lanes": null, "motorcar": null, "tiger:CLASSFP": null, "placement": null, "parking:both": null, "name:etymology:wikidata": null, "official_name": null, "mtb:scale:uphill": null, "covered": null, "ref:nrhp": null, "historic": null, "heritage:operator": null, "heritage": null, "tunnel": null, "height": null, "cycleway:right:buffer": null, "turn:lanes:backward": null, "bridge:name": null, "maxweight:signed": null, "maxweight:hgv_articulated": null, "maxweight:hgv:conditional": null, "maxweight": null, "tiger:STATEFP": null, "tiger:PLCIDFP": null, "tiger:PLACEFP": null, "tiger:PCINECTA": null, "tiger:PCICBSA": null, "tiger:NAMELSAD": null, "tiger:NAME": null, "tiger:MTFCC": null, "tiger:LSAD": null, "tiger:FUNCSTAT": null, "tiger:CPI": null, "is_in:state": null, "is_in:iso_3166_2": null, "gnis:feature_id": null, "border_type": null, "fence_type": null, "barrier": null, "source:maxspeed": null, "cycleway:both": null, "width": null, "destination:lanes": null, "maxspeed:advisory": null, "destination:pronunciation": null, "destination:lang:en-fonipa": null, "destination:lang:en": null, "natural": null, "wires": null, "voltage": null, "power": null, "cables": null, "alt_name": null, "level": null, "sport": null, "leisure": null, "area": null, "wheelchair": null, "stroller": null, "mtb:scale:imba": "2", "horse": null, "dog": "leashed", "cycleway:right": null, "cycleway:buffer:right": null, "waterway": null, "segregated": null, "motor_vehicle": null, "expressway": null, "source:url": null, "boundary": null, "admin_level": null, "shoulder": null, "destination:ref:to": null, "ref:to": null, "turn:lanes:both_ways": null, "lanes:both_ways": null, "lanes:forward": null, "lanes:backward": null, "unsigned_ref": null, "maxheight": null, "wikipedia": null, "wikidata": null, "parking:lane:both": null, "CDOT_route": null, "destination:street": null, "abandoned:railway": null, "ref:usfs": null, "railway": null, "operator": null, "old_railway_operator": null, "4wd_only": null, "noname": null, "smoothness": null, "lit": "no", "sidewalk:right": null, "sidewalk:left": null, "sidewalk": null, "layer": null, "bridge": null, "NHS": null, "route": null, "tiger:separated": null, "tiger:name_type_1": null, "tiger:name_base_1": null, "name_1": null, "sidewalk:both": null, "cycleway": null, "tiger:name_direction_prefix": null, "source:name": null, "turn:lanes": null, "old_ref": null, "service": null, "lane_markings": null, "trail_visibility": "good", "tracktype": null, "surface": "ground", "sac_scale": "hiking", "mtb:scale": "1", "foot": "yes", "source:hgv:national_network": null, "ref": null, "oneway": null, "lanes": null, "junction:ref": null, "hgv:national_network": null, "hgv": null, "destination:ref": null, "destination": null, "bicycle": "designated", "maxspeed": null, "tiger:upload_uuid": null, "tiger:tlid": null, "tiger:source": null, "access": null, "tiger:reviewed": null, "tiger:name_type": null, "tiger:name_base": null, "tiger:county": null, "tiger:cfcc": null, "name": "Old Quarry Trail", "highway": "path" }, "geometry": { "type": "LineString", "coordinates": [ [ -104.878366, 38.849617 ], [ -104.878118, 38.849492 ], [ -104.878029, 38.849409 ], [ -104.877954, 38.8493 ], [ -104.877939, 38.849203 ], [ -104.877975, 38.848965 ], [ -104.877963, 38.84886 ], [ -104.877866, 38.848576 ], [ -104.877884, 38.848462 ], [ -104.87794, 38.848301 ], [ -104.877931, 38.84816 ], [ -104.877892, 38.848066 ] ] } },
{ "type": "Feature", "properties": { "full_id": "w445868509", "osm_id": "445868509", "osm_type": "way", "min_height": null, "roof:shape": null, "building:part": null, "building:levels": null, "vehicle": null, "swing_gate:type": null, "maxwidth": null, "area:highway": null, "substation": null, "traffic_signals:sound": null, "protected": null, "ownership": null, "operator:wikipedia": null, "operator:wikidata": null, "operator:type": null, "operator:short": null, "attribution": null, "cycleway:buffer:left": null, "indoor": null, "check_date:handrail": null, "step_count": null, "intermittent": null, "traffic_calming": null, "cycleway:left": null, "crossing:signals": null, "crossing:island": null, "button_operated": null, "hiking": null, "material": null, "wall": null, "check_date:surface": null, "change:lanes": null, "tactile_paving": null, "handrail": null, "informal": null, "crossing:markings": null, "crossing": null, "is_in:state_code": null, "incline": null, "footway": null, "junction": null, "maxspeed:forward": null, "maxspeed:backward": null, "restriction": null, "abandoned:landuse": null, "circuits": null, "cycleway:left:buffer": null, "source:hgv": null, "location": null, "check_date": null, "tiger:name_base_3": null, "tiger:name_base_2": null, "hgv:conditional": null, "turn:lanes:forward": null, "note:lanes": null, "motorcar": null, "tiger:CLASSFP": null, "placement": null, "parking:both": null, "name:etymology:wikidata": null, "official_name": null, "mtb:scale:uphill": null, "covered": null, "ref:nrhp": null, "historic": null, "heritage:operator": null, "heritage": null, "tunnel": null, "height": null, "cycleway:right:buffer": null, "turn:lanes:backward": null, "bridge:name": null, "maxweight:signed": null, "maxweight:hgv_articulated": null, "maxweight:hgv:conditional": null, "maxweight": null, "tiger:STATEFP": null, "tiger:PLCIDFP": null, "tiger:PLACEFP": null, "tiger:PCINECTA": null, "tiger:PCICBSA": null, "tiger:NAMELSAD": null, "tiger:NAME": null, "tiger:MTFCC": null, "tiger:LSAD": null, "tiger:FUNCSTAT": null, "tiger:CPI": null, "is_in:state": null, "is_in:iso_3166_2": null, "gnis:feature_id": null, "border_type": null, "fence_type": null, "barrier": null, "source:maxspeed": null, "cycleway:both": null, "width": null, "destination:lanes": null, "maxspeed:advisory": null, "destination:pronunciation": null, "destination:lang:en-fonipa": null, "destination:lang:en": null, "natural": null, "wires": null, "voltage": null, "power": null, "cables": null, "alt_name": null, "level": null, "sport": null, "leisure": null, "area": null, "wheelchair": null, "stroller": null, "mtb:scale:imba": "2", "horse": null, "dog": "leashed", "cycleway:right": null, "cycleway:buffer:right": null, "waterway": null, "segregated": null, "motor_vehicle": null, "expressway": null, "source:url": null, "boundary": null, "admin_level": null, "shoulder": null, "destination:ref:to": null, "ref:to": null, "turn:lanes:both_ways": null, "lanes:both_ways": null, "lanes:forward": null, "lanes:backward": null, "unsigned_ref": null, "maxheight": null, "wikipedia": null, "wikidata": null, "parking:lane:both": null, "CDOT_route": null, "destination:street": null, "abandoned:railway": null, "ref:usfs": null, "railway": null, "operator": null, "old_railway_operator": null, "4wd_only": null, "noname": null, "smoothness": null, "lit": null, "sidewalk:right": null, "sidewalk:left": null, "sidewalk": null, "layer": null, "bridge": null, "NHS": null, "route": null, "tiger:separated": null, "tiger:name_type_1": null, "tiger:name_base_1": null, "name_1": null, "sidewalk:both": null, "cycleway": null, "tiger:name_direction_prefix": null, "source:name": null, "turn:lanes": null, "old_ref": null, "service": null, "lane_markings": null, "trail_visibility": "good", "tracktype": null, "surface": "ground", "sac_scale": "hiking", "mtb:scale": "1", "foot": "yes", "source:hgv:national_network": null, "ref": null, "oneway": null, "lanes": null, "junction:ref": null, "hgv:national_network": null, "hgv": null, "destination:ref": null, "destination": null, "bicycle": "designated", "maxspeed": null, "tiger:upload_uuid": null, "tiger:tlid": null, "tiger:source": null, "access": null, "tiger:reviewed": null, "tiger:name_type": null, "tiger:name_base": null, "tiger:county": null, "tiger:cfcc": null, "name": "Bock Trail", "highway": "path" }, "geometry": { "type": "LineString", "coordinates": [ [ -104.878587, 38.849509 ], [ -104.878423, 38.849543 ], [ -104.878361, 38.849574 ], [ -104.878366, 38.849617 ], [ -104.878592, 38.849764 ], [ -104.878589, 38.849849 ], [ -104.878543, 38.849918 ], [ -104.8784903, 38.8499803 ], [ -104.8785175, 38.8500156 ], [ -104.8785463, 38.8500733 ], [ -104.8786076, 38.8501317 ], [ -104.8785999, 38.8501747 ], [ -104.878535, 38.850233 ], [ -104.878486, 38.850321 ], [ -104.878166, 38.850603 ], [ -104.877857, 38.850804 ], [ -104.8777964, 38.8508313 ], [ -104.8776432, 38.8508641 ], [ -104.8775919, 38.8508641 ], [ -104.8775654, 38.8508972 ] ] } },
{ "type": "Feature", "properties": { "full_id": "w445868504", "osm_id": "445868504", "osm_type": "way", "min_height": null, "roof:shape": null, "building:part": null, "building:levels": null, "vehicle": null, "swing_gate:type": null, "maxwidth": null, "area:highway": null, "substation": null, "traffic_signals:sound": null, "protected": null, "ownership": null, "operator:wikipedia": null, "operator:wikidata": null, "operator:type": null, "operator:short": null, "attribution": null, "cycleway:buffer:left": null, "indoor": null, "check_date:handrail": null, "step_count": null, "intermittent": null, "traffic_calming": null, "cycleway:left": null, "crossing:signals": null, "crossing:island": null, "button_operated": null, "hiking": null, "material": null, "wall": null, "check_date:surface": null, "change:lanes": null, "tactile_paving": null, "handrail": null, "informal": null, "crossing:markings": null, "crossing": null, "is_in:state_code": null, "incline": null, "footway": null, "junction": null, "maxspeed:forward": null, "maxspeed:backward": null, "restriction": null, "abandoned:landuse": null, "circuits": null, "cycleway:left:buffer": null, "source:hgv": null, "location": null, "check_date": null, "tiger:name_base_3": null, "tiger:name_base_2": null, "hgv:conditional": null, "turn:lanes:forward": null, "note:lanes": null, "motorcar": null, "tiger:CLASSFP": null, "placement": null, "parking:both": null, "name:etymology:wikidata": null, "official_name": null, "mtb:scale:uphill": null, "covered": null, "ref:nrhp": null, "historic": null, "heritage:operator": null, "heritage": null, "tunnel": null, "height": null, "cycleway:right:buffer": null, "turn:lanes:backward": null, "bridge:name": null, "maxweight:signed": null, "maxweight:hgv_articulated": null, "maxweight:hgv:conditional": null, "maxweight": null, "tiger:STATEFP": null, "tiger:PLCIDFP": null, "tiger:PLACEFP": null, "tiger:PCINECTA": null, "tiger:PCICBSA": null, "tiger:NAMELSAD": null, "tiger:NAME": null, "tiger:MTFCC": null, "tiger:LSAD": null, "tiger:FUNCSTAT": null, "tiger:CPI": null, "is_in:state": null, "is_in:iso_3166_2": null, "gnis:feature_id": null, "border_type": null, "fence_type": null, "barrier": null, "source:maxspeed": null, "cycleway:both": null, "width": null, "destination:lanes": null, "maxspeed:advisory": null, "destination:pronunciation": null, "destination:lang:en-fonipa": null, "destination:lang:en": null, "natural": null, "wires": null, "voltage": null, "power": null, "cables": null, "alt_name": null, "level": null, "sport": null, "leisure": null, "area": null, "wheelchair": null, "stroller": null, "mtb:scale:imba": "1", "horse": null, "dog": null, "cycleway:right": null, "cycleway:buffer:right": null, "waterway": null, "segregated": null, "motor_vehicle": null, "expressway": null, "source:url": null, "boundary": null, "admin_level": null, "shoulder": null, "destination:ref:to": null, "ref:to": null, "turn:lanes:both_ways": null, "lanes:both_ways": null, "lanes:forward": null, "lanes:backward": null, "unsigned_ref": null, "maxheight": null, "wikipedia": null, "wikidata": null, "parking:lane:both": null, "CDOT_route": null, "destination:street": null, "abandoned:railway": null, "ref:usfs": null, "railway": null, "operator": null, "old_railway_operator": null, "4wd_only": null, "noname": null, "smoothness": null, "lit": null, "sidewalk:right": null, "sidewalk:left": null, "sidewalk": null, "layer": null, "bridge": null, "NHS": null, "route": null, "tiger:separated": null, "tiger:name_type_1": null, "tiger:name_base_1": null, "name_1": null, "sidewalk:both": null, "cycleway": null, "tiger:name_direction_prefix": null, "source:name": null, "turn:lanes": null, "old_ref": null, "service": null, "lane_markings": null, "trail_visibility": null, "tracktype": null, "surface": "ground", "sac_scale": null, "mtb:scale": null, "foot": "yes", "source:hgv:national_network": null, "ref": null, "oneway": null, "lanes": null, "junction:ref": null, "hgv:national_network": null, "hgv": null, "destination:ref": null, "destination": null, "bicycle": "yes", "maxspeed": null, "tiger:upload_uuid": null, "tiger:tlid": null, "tiger:source": null, "access": null, "tiger:reviewed": null, "tiger:name_type": null, "tiger:name_base": null, "tiger:county": null, "tiger:cfcc": null, "name": "Bock Trail", "highway": "path" }, "geometry": { "type": "LineString", "coordinates": [ [ -104.8789592, 38.8476325 ], [ -104.878965, 38.847809 ], [ -104.878925, 38.848112 ], [ -104.878774, 38.848552 ], [ -104.878688, 38.848745 ], [ -104.8786, 38.848868 ], [ -104.878449, 38.849002 ], [ -104.878347, 38.84918 ], [ -104.878347, 38.849301 ], [ -104.878398, 38.849378 ], [ -104.878587, 38.849509 ] ] } },
{ "type": "Feature", "properties": { "full_id": "w804691398", "osm_id": "804691398", "osm_type": "way", "min_height": null, "roof:shape": null, "building:part": null, "building:levels": null, "vehicle": null, "swing_gate:type": null, "maxwidth": null, "area:highway": null, "substation": null, "traffic_signals:sound": null, "protected": null, "ownership": null, "operator:wikipedia": null, "operator:wikidata": null, "operator:type": null, "operator:short": null, "attribution": null, "cycleway:buffer:left": null, "indoor": null, "check_date:handrail": null, "step_count": null, "intermittent": null, "traffic_calming": null, "cycleway:left": null, "crossing:signals": null, "crossing:island": null, "button_operated": null, "hiking": null, "material": null, "wall": null, "check_date:surface": null, "change:lanes": null, "tactile_paving": null, "handrail": null, "informal": null, "crossing:markings": null, "crossing": null, "is_in:state_code": null, "incline": null, "footway": null, "junction": null, "maxspeed:forward": null, "maxspeed:backward": null, "restriction": null, "abandoned:landuse": null, "circuits": null, "cycleway:left:buffer": null, "source:hgv": null, "location": null, "check_date": null, "tiger:name_base_3": null, "tiger:name_base_2": null, "hgv:conditional": null, "turn:lanes:forward": null, "note:lanes": null, "motorcar": null, "tiger:CLASSFP": null, "placement": null, "parking:both": null, "name:etymology:wikidata": null, "official_name": null, "mtb:scale:uphill": null, "covered": null, "ref:nrhp": null, "historic": null, "heritage:operator": null, "heritage": null, "tunnel": null, "height": null, "cycleway:right:buffer": null, "turn:lanes:backward": null, "bridge:name": null, "maxweight:signed": null, "maxweight:hgv_articulated": null, "maxweight:hgv:conditional": null, "maxweight": null, "tiger:STATEFP": null, "tiger:PLCIDFP": null, "tiger:PLACEFP": null, "tiger:PCINECTA": null, "tiger:PCICBSA": null, "tiger:NAMELSAD": null, "tiger:NAME": null, "tiger:MTFCC": null, "tiger:LSAD": null, "tiger:FUNCSTAT": null, "tiger:CPI": null, "is_in:state": null, "is_in:iso_3166_2": null, "gnis:feature_id": null, "border_type": null, "fence_type": null, "barrier": null, "source:maxspeed": null, "cycleway:both": null, "width": null, "destination:lanes": null, "maxspeed:advisory": null, "destination:pronunciation": null, "destination:lang:en-fonipa": null, "destination:lang:en": null, "natural": "ridge", "wires": null, "voltage": null, "power": null, "cables": null, "alt_name": null, "level": null, "sport": null, "leisure": null, "area": null, "wheelchair": null, "stroller": null, "mtb:scale:imba": "2", "horse": null, "dog": "leashed", "cycleway:right": null, "cycleway:buffer:right": null, "waterway": null, "segregated": null, "motor_vehicle": null, "expressway": null, "source:url": null, "boundary": null, "admin_level": null, "shoulder": null, "destination:ref:to": null, "ref:to": null, "turn:lanes:both_ways": null, "lanes:both_ways": null, "lanes:forward": null, "lanes:backward": null, "unsigned_ref": null, "maxheight": null, "wikipedia": null, "wikidata": null, "parking:lane:both": null, "CDOT_route": null, "destination:street": null, "abandoned:railway": null, "ref:usfs": null, "railway": null, "operator": null, "old_railway_operator": null, "4wd_only": null, "noname": null, "smoothness": null, "lit": null, "sidewalk:right": null, "sidewalk:left": null, "sidewalk": null, "layer": null, "bridge": null, "NHS": null, "route": null, "tiger:separated": null, "tiger:name_type_1": null, "tiger:name_base_1": null, "name_1": null, "sidewalk:both": null, "cycleway": null, "tiger:name_direction_prefix": null, "source:name": null, "turn:lanes": null, "old_ref": null, "service": null, "lane_markings": null, "trail_visibility": null, "tracktype": null, "surface": "ground", "sac_scale": null, "mtb:scale": "2", "foot": "yes", "source:hgv:national_network": null, "ref": null, "oneway": null, "lanes": null, "junction:ref": null, "hgv:national_network": null, "hgv": null, "destination:ref": null, "destination": null, "bicycle": "designated", "maxspeed": null, "tiger:upload_uuid": null, "tiger:tlid": null, "tiger:source": null, "access": null, "tiger:reviewed": null, "tiger:name_type": null, "tiger:name_base": null, "tiger:county": null, "tiger:cfcc": null, "name": "Codell Trail", "highway": "path" }, "geometry": { "type": "LineString", "coordinates": [ [ -104.8777683, 38.8388725 ], [ -104.8777094, 38.8389951 ], [ -104.8777038, 38.839036 ], [ -104.8777051, 38.8390857 ], [ -104.8775862, 38.8393307 ], [ -104.8774977, 38.8395354 ], [ -104.8774045, 38.8396896 ], [ -104.8773597, 38.8397909 ], [ -104.8773287, 38.8398755 ], [ -104.8772775, 38.8399488 ], [ -104.8772426, 38.8400392 ], [ -104.8771931, 38.8401434 ], [ -104.877134, 38.8402512 ], [ -104.8771, 38.8403296 ], [ -104.8770665, 38.8403926 ], [ -104.8770265, 38.8404957 ], [ -104.8769611, 38.8406282 ], [ -104.8768985, 38.8407837 ], [ -104.8768073, 38.8409666 ], [ -104.8767638, 38.8410767 ], [ -104.876673, 38.8412221 ], [ -104.8766482, 38.8413087 ], [ -104.8765955, 38.8414294 ], [ -104.8765592, 38.8415292 ], [ -104.8765458, 38.8416233 ], [ -104.8765049, 38.8416811 ], [ -104.8764804, 38.8417597 ], [ -104.8764179, 38.8419091 ], [ -104.8763288, 38.842116 ], [ -104.8762449, 38.8422405 ], [ -104.8762381, 38.8423078 ], [ -104.8762177, 38.8423424 ], [ -104.8762044, 38.8424077 ], [ -104.8761727, 38.842432 ], [ -104.8761641, 38.8424703 ], [ -104.8761201, 38.8425654 ], [ -104.8759515, 38.8428983 ], [ -104.87592, 38.8429468 ], [ -104.8758799, 38.8430147 ], [ -104.8758484, 38.8430594 ], [ -104.8758012, 38.8431367 ], [ -104.8757489, 38.8432921 ], [ -104.8757274, 38.8433857 ], [ -104.8756872, 38.8434843 ], [ -104.8756664, 38.8435367 ], [ -104.8756245, 38.8435834 ], [ -104.8756208, 38.8436204 ], [ -104.8755991, 38.8436462 ], [ -104.8755747, 38.8436996 ], [ -104.8755694, 38.8437898 ], [ -104.8755346, 38.8438143 ], [ -104.8755157, 38.8438604 ], [ -104.8754764, 38.8439133 ], [ -104.875457, 38.8439718 ], [ -104.8754388, 38.8440133 ], [ -104.8754113, 38.8440724 ], [ -104.8753805, 38.844166 ], [ -104.8753459, 38.8441745 ], [ -104.8753262, 38.8442469 ], [ -104.8752815, 38.8443116 ], [ -104.8752693, 38.8443609 ], [ -104.8752277, 38.8443919 ], [ -104.8752254, 38.8444894 ], [ -104.8751747, 38.8445747 ], [ -104.8751361, 38.8446386 ], [ -104.875149, 38.8446926 ], [ -104.8751185, 38.8447498 ], [ -104.8750924, 38.8447946 ], [ -104.8750416, 38.8448848 ], [ -104.8750105, 38.8449683 ], [ -104.8750255, 38.8450394 ], [ -104.8749865, 38.8450752 ], [ -104.8749482, 38.8451183 ], [ -104.8749151, 38.8451973 ], [ -104.8748914, 38.845279 ], [ -104.8748494, 38.8453135 ], [ -104.8748181, 38.8454392 ], [ -104.8747807, 38.8455254 ], [ -104.8747511, 38.8456257 ], [ -104.8747108, 38.8458445 ], [ -104.8746388, 38.8460558 ], [ -104.8745982, 38.8462351 ], [ -104.874562, 38.8462842 ], [ -104.8745262, 38.8463941 ] ] } },
{ "type": "Feature", "properties": { "full_id": "w1167745766", "osm_id": "1167745766", "osm_type": "way", "min_height": null, "roof:shape": null, "building:part": null, "building:levels": null, "vehicle": null, "swing_gate:type": null, "maxwidth": null, "area:highway": null, "substation": null, "traffic_signals:sound": null, "protected": null, "ownership": null, "operator:wikipedia": null, "operator:wikidata": null, "operator:type": null, "operator:short": null, "attribution": null, "cycleway:buffer:left": null, "indoor": null, "check_date:handrail": null, "step_count": null, "intermittent": null, "traffic_calming": null, "cycleway:left": null, "crossing:signals": null, "crossing:island": null, "button_operated": null, "hiking": null, "material": null, "wall": null, "check_date:surface": null, "change:lanes": null, "tactile_paving": null, "handrail": null, "informal": null, "crossing:markings": null, "crossing": null, "is_in:state_code": null, "incline": null, "footway": null, "junction": null, "maxspeed:forward": null, "maxspeed:backward": null, "restriction": null, "abandoned:landuse": null, "circuits": null, "cycleway:left:buffer": null, "source:hgv": null, "location": null, "check_date": null, "tiger:name_base_3": null, "tiger:name_base_2": null, "hgv:conditional": null, "turn:lanes:forward": null, "note:lanes": null, "motorcar": null, "tiger:CLASSFP": null, "placement": null, "parking:both": null, "name:etymology:wikidata": null, "official_name": null, "mtb:scale:uphill": null, "covered": null, "ref:nrhp": null, "historic": null, "heritage:operator": null, "heritage": null, "tunnel": null, "height": null, "cycleway:right:buffer": null, "turn:lanes:backward": null, "bridge:name": null, "maxweight:signed": null, "maxweight:hgv_articulated": null, "maxweight:hgv:conditional": null, "maxweight": null, "tiger:STATEFP": null, "tiger:PLCIDFP": null, "tiger:PLACEFP": null, "tiger:PCINECTA": null, "tiger:PCICBSA": null, "tiger:NAMELSAD": null, "tiger:NAME": null, "tiger:MTFCC": null, "tiger:LSAD": null, "tiger:FUNCSTAT": null, "tiger:CPI": null, "is_in:state": null, "is_in:iso_3166_2": null, "gnis:feature_id": null, "border_type": null, "fence_type": null, "barrier": null, "source:maxspeed": null, "cycleway:both": null, "width": null, "destination:lanes": null, "maxspeed:advisory": null, "destination:pronunciation": null, "destination:lang:en-fonipa": null, "destination:lang:en": null, "natural": null, "wires": null, "voltage": null, "power": null, "cables": null, "alt_name": null, "level": null, "sport": null, "leisure": null, "area": null, "wheelchair": null, "stroller": null, "mtb:scale:imba": "1", "horse": null, "dog": null, "cycleway:right": null, "cycleway:buffer:right": null, "waterway": null, "segregated": null, "motor_vehicle": null, "expressway": null, "source:url": null, "boundary": null, "admin_level": null, "shoulder": null, "destination:ref:to": null, "ref:to": null, "turn:lanes:both_ways": null, "lanes:both_ways": null, "lanes:forward": null, "lanes:backward": null, "unsigned_ref": null, "maxheight": null, "wikipedia": null, "wikidata": null, "parking:lane:both": null, "CDOT_route": null, "destination:street": null, "abandoned:railway": null, "ref:usfs": null, "railway": null, "operator": null, "old_railway_operator": null, "4wd_only": null, "noname": null, "smoothness": null, "lit": null, "sidewalk:right": null, "sidewalk:left": null, "sidewalk": null, "layer": null, "bridge": null, "NHS": null, "route": null, "tiger:separated": null, "tiger:name_type_1": null, "tiger:name_base_1": null, "name_1": null, "sidewalk:both": null, "cycleway": null, "tiger:name_direction_prefix": null, "source:name": null, "turn:lanes": null, "old_ref": null, "service": null, "lane_markings": null, "trail_visibility": null, "tracktype": null, "surface": "dirt", "sac_scale": null, "mtb:scale": "2", "foot": "yes", "source:hgv:national_network": null, "ref": null, "oneway": null, "lanes": null, "junction:ref": null, "hgv:national_network": null, "hgv": null, "destination:ref": null, "destination": null, "bicycle": "designated", "maxspeed": null, "tiger:upload_uuid": null, "tiger:tlid": null, "tiger:source": null, "access": null, "tiger:reviewed": null, "tiger:name_type": null, "tiger:name_base": null, "tiger:county": null, "tiger:cfcc": null, "name": "Hogback Valley", "highway": "path" }, "geometry": { "type": "LineString", "coordinates": [ [ -104.877798, 38.8391826 ], [ -104.8778028, 38.839164 ], [ -104.8778118, 38.8391034 ], [ -104.8778507, 38.8390262 ], [ -104.8779091, 38.8389849 ], [ -104.877926, 38.8388486 ], [ -104.8779333, 38.8387907 ], [ -104.877966, 38.8387393 ], [ -104.8779859, 38.8387055 ], [ -104.8780189, 38.8386275 ], [ -104.8780591, 38.8385814 ], [ -104.8780923, 38.83858 ], [ -104.8781294, 38.8386301 ], [ -104.8781404, 38.8386851 ], [ -104.8781727, 38.838752 ], [ -104.8782107, 38.8388249 ], [ -104.8782117, 38.838854 ], [ -104.8781956, 38.8389178 ], [ -104.8782204, 38.8389752 ], [ -104.8782807, 38.8390414 ], [ -104.8783232, 38.8390474 ], [ -104.8783581, 38.8390323 ], [ -104.8783758, 38.8390068 ], [ -104.8783851, 38.8389518 ], [ -104.8784011, 38.8388843 ], [ -104.8784291, 38.838795 ], [ -104.8783742, 38.838691 ], [ -104.878309, 38.8386265 ], [ -104.878263, 38.8385314 ], [ -104.8782648, 38.8384639 ], [ -104.8782648, 38.8384143 ], [ -104.8783002, 38.8383564 ], [ -104.8783958, 38.8383233 ], [ -104.8784329, 38.8382982 ], [ -104.8784275, 38.838222 ], [ -104.8784663, 38.8382155 ], [ -104.8784956, 38.8382214 ], [ -104.8785455, 38.8382646 ], [ -104.8785534, 38.8383343 ], [ -104.8786077, 38.8384216 ], [ -104.8786246, 38.8384912 ], [ -104.8787946, 38.8385624 ], [ -104.8788422, 38.8385763 ], [ -104.8788987, 38.8385721 ], [ -104.8790086, 38.8385915 ], [ -104.8790189, 38.838597 ], [ -104.8790807, 38.8386237 ], [ -104.8791086, 38.8386678 ] ] } },
{ "type": "Feature", "properties": { "full_id": "w1164486087", "osm_id": "1164486087", "osm_type": "way", "min_height": null, "roof:shape": null, "building:part": null, "building:levels": null, "vehicle": null, "swing_gate:type": null, "maxwidth": null, "area:highway": null, "substation": null, "traffic_signals:sound": null, "protected": null, "ownership": null, "operator:wikipedia": null, "operator:wikidata": null, "operator:type": null, "operator:short": null, "attribution": null, "cycleway:buffer:left": null, "indoor": null, "check_date:handrail": null, "step_count": null, "intermittent": null, "traffic_calming": null, "cycleway:left": null, "crossing:signals": null, "crossing:island": null, "button_operated": null, "hiking": null, "material": null, "wall": null, "check_date:surface": null, "change:lanes": null, "tactile_paving": null, "handrail": null, "informal": null, "crossing:markings": null, "crossing": null, "is_in:state_code": null, "incline": null, "footway": null, "junction": null, "maxspeed:forward": null, "maxspeed:backward": null, "restriction": null, "abandoned:landuse": null, "circuits": null, "cycleway:left:buffer": null, "source:hgv": null, "location": null, "check_date": null, "tiger:name_base_3": null, "tiger:name_base_2": null, "hgv:conditional": null, "turn:lanes:forward": null, "note:lanes": null, "motorcar": null, "tiger:CLASSFP": null, "placement": null, "parking:both": null, "name:etymology:wikidata": null, "official_name": null, "mtb:scale:uphill": null, "covered": null, "ref:nrhp": null, "historic": null, "heritage:operator": null, "heritage": null, "tunnel": null, "height": null, "cycleway:right:buffer": null, "turn:lanes:backward": null, "bridge:name": null, "maxweight:signed": null, "maxweight:hgv_articulated": null, "maxweight:hgv:conditional": null, "maxweight": null, "tiger:STATEFP": null, "tiger:PLCIDFP": null, "tiger:PLACEFP": null, "tiger:PCINECTA": null, "tiger:PCICBSA": null, "tiger:NAMELSAD": null, "tiger:NAME": null, "tiger:MTFCC": null, "tiger:LSAD": null, "tiger:FUNCSTAT": null, "tiger:CPI": null, "is_in:state": null, "is_in:iso_3166_2": null, "gnis:feature_id": null, "border_type": null, "fence_type": null, "barrier": null, "source:maxspeed": null, "cycleway:both": null, "width": null, "destination:lanes": null, "maxspeed:advisory": null, "destination:pronunciation": null, "destination:lang:en-fonipa": null, "destination:lang:en": null, "natural": null, "wires": null, "voltage": null, "power": null, "cables": null, "alt_name": null, "level": null, "sport": null, "leisure": null, "area": null, "wheelchair": null, "stroller": null, "mtb:scale:imba": "1", "horse": null, "dog": "leashed", "cycleway:right": null, "cycleway:buffer:right": null, "waterway": null, "segregated": null, "motor_vehicle": null, "expressway": null, "source:url": null, "boundary": null, "admin_level": null, "shoulder": null, "destination:ref:to": null, "ref:to": null, "turn:lanes:both_ways": null, "lanes:both_ways": null, "lanes:forward": null, "lanes:backward": null, "unsigned_ref": null, "maxheight": null, "wikipedia": null, "wikidata": null, "parking:lane:both": null, "CDOT_route": null, "destination:street": null, "abandoned:railway": null, "ref:usfs": null, "railway": null, "operator": null, "old_railway_operator": null, "4wd_only": null, "noname": null, "smoothness": null, "lit": null, "sidewalk:right": null, "sidewalk:left": null, "sidewalk": null, "layer": null, "bridge": null, "NHS": null, "route": null, "tiger:separated": null, "tiger:name_type_1": null, "tiger:name_base_1": null, "name_1": null, "sidewalk:both": null, "cycleway": null, "tiger:name_direction_prefix": null, "source:name": null, "turn:lanes": null, "old_ref": null, "service": null, "lane_markings": null, "trail_visibility": null, "tracktype": null, "surface": "dirt", "sac_scale": null, "mtb:scale": "2", "foot": "yes", "source:hgv:national_network": null, "ref": null, "oneway": null, "lanes": null, "junction:ref": null, "hgv:national_network": null, "hgv": null, "destination:ref": null, "destination": null, "bicycle": "designated", "maxspeed": null, "tiger:upload_uuid": null, "tiger:tlid": null, "tiger:source": null, "access": null, "tiger:reviewed": null, "tiger:name_type": null, "tiger:name_base": null, "tiger:county": null, "tiger:cfcc": null, "name": "Hogback Valley", "highway": "path" }, "geometry": { "type": "LineString", "coordinates": [ [ -104.8749134, 38.8481559 ], [ -104.8749657, 38.8480949 ], [ -104.875015, 38.8480514 ], [ -104.8750801, 38.8479875 ], [ -104.8751153, 38.8479435 ], [ -104.8751519, 38.8479063 ], [ -104.8751912, 38.847847 ], [ -104.8752436, 38.8477864 ], [ -104.8752885, 38.8477361 ], [ -104.8753063, 38.8476885 ], [ -104.8753273, 38.8476513 ], [ -104.8753405, 38.8476066 ], [ -104.8753658, 38.8475445 ], [ -104.8753715, 38.8474822 ], [ -104.8753629, 38.8473947 ], [ -104.8753637, 38.8473175 ], [ -104.8753601, 38.8472587 ], [ -104.8753754, 38.847141 ], [ -104.8753894, 38.8470755 ], [ -104.8753808, 38.8469423 ], [ -104.8753764, 38.8468709 ], [ -104.875385, 38.8467834 ], [ -104.8753982, 38.8467316 ], [ -104.875442, 38.8466683 ], [ -104.8754622, 38.8466298 ], [ -104.8754748, 38.8465423 ], [ -104.8755061, 38.8464528 ], [ -104.8755529, 38.846369 ], [ -104.8755615, 38.8462867 ], [ -104.8755531, 38.8462163 ], [ -104.875513, 38.8460282 ], [ -104.8755459, 38.8459711 ], [ -104.8756257, 38.8458556 ], [ -104.8756927, 38.8457458 ], [ -104.8757038, 38.8456813 ], [ -104.8757399, 38.8455951 ], [ -104.875755, 38.8455549 ], [ -104.8757959, 38.8455036 ], [ -104.8758268, 38.8454195 ], [ -104.8758681, 38.8453062 ], [ -104.87592, 38.8451756 ], [ -104.8759142, 38.8451166 ], [ -104.8759057, 38.8450303 ], [ -104.8759391, 38.8449324 ], [ -104.8760754, 38.8447739 ], [ -104.8761493, 38.8446142 ], [ -104.8762243, 38.8444832 ], [ -104.8762416, 38.8443857 ], [ -104.8762444, 38.8442172 ], [ -104.8762819, 38.8441589 ], [ -104.8763702, 38.8440688 ], [ -104.8764069, 38.8440287 ], [ -104.8764756, 38.8439311 ], [ -104.8764815, 38.843835 ], [ -104.8765617, 38.8436726 ], [ -104.8765616, 38.8435322 ], [ -104.876602, 38.8434246 ], [ -104.8766112, 38.8433186 ], [ -104.8766044, 38.8432339 ], [ -104.8766669, 38.843064 ], [ -104.8766959, 38.8429152 ], [ -104.8767094, 38.8428161 ], [ -104.8766776, 38.8427025 ], [ -104.8766809, 38.8426326 ], [ -104.8767139, 38.8425583 ], [ -104.8767114, 38.8424676 ], [ -104.8767219, 38.8423877 ], [ -104.8767675, 38.8422929 ], [ -104.8767932, 38.8421916 ], [ -104.8768095, 38.8420306 ], [ -104.8768362, 38.8419643 ], [ -104.8768709, 38.8419028 ], [ -104.8769199, 38.8418329 ], [ -104.8769728, 38.841763 ], [ -104.8769876, 38.8416128 ], [ -104.8769273, 38.8415549 ], [ -104.8768924, 38.8414852 ], [ -104.8768797, 38.8414403 ], [ -104.8768958, 38.8413634 ], [ -104.8769309, 38.8412188 ], [ -104.8769763, 38.8411056 ], [ -104.8770173, 38.840992 ], [ -104.8770789, 38.840816 ], [ -104.8771174, 38.8406491 ], [ -104.877165, 38.8405869 ], [ -104.8772131, 38.840517 ], [ -104.8772401, 38.8404048 ], [ -104.8772454, 38.8403573 ], [ -104.8772825, 38.840273 ], [ -104.877351, 38.8401892 ], [ -104.8774144, 38.8401178 ], [ -104.8774808, 38.8400278 ], [ -104.8775176, 38.8399293 ], [ -104.8775322, 38.8398644 ], [ -104.8775732, 38.839801 ], [ -104.8775953, 38.8396995 ], [ -104.8776071, 38.8396168 ], [ -104.8776498, 38.839502 ], [ -104.8776655, 38.8394364 ], [ -104.8777443, 38.8393341 ], [ -104.877798, 38.8391826 ], [ -104.8778589, 38.8391795 ], [ -104.8779499, 38.8391878 ], [ -104.8780049, 38.8392196 ], [ -104.8780842, 38.8392981 ], [ -104.8781264, 38.8393813 ], [ -104.8782326, 38.8395336 ], [ -104.8782596, 38.8396176 ], [ -104.878274, 38.8397467 ], [ -104.8782956, 38.8397971 ], [ -104.8783216, 38.839858 ], [ -104.8783434, 38.8399454 ], [ -104.8783956, 38.8399937 ], [ -104.8784345, 38.8399646 ], [ -104.8784526, 38.8398765 ], [ -104.8785141, 38.8397324 ], [ -104.8785639, 38.8396694 ], [ -104.8786339, 38.8395591 ], [ -104.8786985, 38.8394493 ], [ -104.8787777, 38.8393646 ], [ -104.8788382, 38.8392564 ], [ -104.8788884, 38.8391256 ], [ -104.8789803, 38.8388454 ], [ -104.8789852, 38.8387555 ], [ -104.8790101, 38.8386627 ], [ -104.8790086, 38.8385915 ], [ -104.8789399, 38.8384738 ], [ -104.8789325, 38.8384025 ], [ -104.8789525, 38.8383395 ], [ -104.8789233, 38.8382767 ], [ -104.8788067, 38.8381518 ], [ -104.8787204, 38.8380591 ], [ -104.8787155, 38.8380439 ], [ -104.8786527, 38.8380301 ], [ -104.8785728, 38.8380437 ], [ -104.8784422, 38.8380479 ], [ -104.8783722, 38.8380012 ], [ -104.8783454, 38.8379409 ], [ -104.8783702, 38.8378855 ], [ -104.8784136, 38.8377886 ], [ -104.87846, 38.8377067 ], [ -104.8785061, 38.8376514 ], [ -104.8785791, 38.8375965 ], [ -104.87862, 38.8375378 ], [ -104.8787291, 38.8374674 ], [ -104.8788692, 38.8373931 ], [ -104.8791038, 38.8372725 ], [ -104.8791765, 38.8372246 ], [ -104.8792796, 38.8371721 ], [ -104.8793784, 38.8371168 ], [ -104.879435, 38.8370184 ], [ -104.8794584, 38.8369756 ], [ -104.8795314, 38.8369121 ], [ -104.8795642, 38.8368058 ], [ -104.8795815, 38.8366909 ], [ -104.8795227, 38.8365753 ], [ -104.8795016, 38.8365303 ], [ -104.8794625, 38.8363022 ], [ -104.8795021, 38.8362088 ], [ -104.8795333, 38.8361461 ], [ -104.87959, 38.8360523 ], [ -104.8796123, 38.8359809 ], [ -104.8796511, 38.8359356 ] ] } },
{ "type": "Feature", "properties": { "full_id": "w1287232619", "osm_id": "1287232619", "osm_type": "way", "min_height": null, "roof:shape": null, "building:part": null, "building:levels": null, "vehicle": null, "swing_gate:type": null, "maxwidth": null, "area:highway": null, "substation": null, "traffic_signals:sound": null, "protected": null, "ownership": null, "operator:wikipedia": null, "operator:wikidata": null, "operator:type": null, "operator:short": null, "attribution": null, "cycleway:buffer:left": null, "indoor": null, "check_date:handrail": null, "step_count": null, "intermittent": null, "traffic_calming": null, "cycleway:left": null, "crossing:signals": null, "crossing:island": null, "button_operated": null, "hiking": null, "material": null, "wall": null, "check_date:surface": null, "change:lanes": null, "tactile_paving": null, "handrail": null, "informal": null, "crossing:markings": null, "crossing": null, "is_in:state_code": null, "incline": null, "footway": null, "junction": null, "maxspeed:forward": null, "maxspeed:backward": null, "restriction": null, "abandoned:landuse": null, "circuits": null, "cycleway:left:buffer": null, "source:hgv": null, "location": null, "check_date": null, "tiger:name_base_3": null, "tiger:name_base_2": null, "hgv:conditional": null, "turn:lanes:forward": null, "note:lanes": null, "motorcar": null, "tiger:CLASSFP": null, "placement": null, "parking:both": null, "name:etymology:wikidata": null, "official_name": null, "mtb:scale:uphill": null, "covered": null, "ref:nrhp": null, "historic": null, "heritage:operator": null, "heritage": null, "tunnel": null, "height": null, "cycleway:right:buffer": null, "turn:lanes:backward": null, "bridge:name": null, "maxweight:signed": null, "maxweight:hgv_articulated": null, "maxweight:hgv:conditional": null, "maxweight": null, "tiger:STATEFP": null, "tiger:PLCIDFP": null, "tiger:PLACEFP": null, "tiger:PCINECTA": null, "tiger:PCICBSA": null, "tiger:NAMELSAD": null, "tiger:NAME": null, "tiger:MTFCC": null, "tiger:LSAD": null, "tiger:FUNCSTAT": null, "tiger:CPI": null, "is_in:state": null, "is_in:iso_3166_2": null, "gnis:feature_id": null, "border_type": null, "fence_type": null, "barrier": null, "source:maxspeed": null, "cycleway:both": null, "width": null, "destination:lanes": null, "maxspeed:advisory": null, "destination:pronunciation": null, "destination:lang:en-fonipa": null, "destination:lang:en": null, "natural": null, "wires": null, "voltage": null, "power": null, "cables": null, "alt_name": null, "level": null, "sport": null, "leisure": null, "area": null, "wheelchair": null, "stroller": null, "mtb:scale:imba": null, "horse": null, "dog": null, "cycleway:right": null, "cycleway:buffer:right": null, "waterway": null, "segregated": null, "motor_vehicle": null, "expressway": null, "source:url": null, "boundary": null, "admin_level": null, "shoulder": null, "destination:ref:to": null, "ref:to": null, "turn:lanes:both_ways": null, "lanes:both_ways": null, "lanes:forward": null, "lanes:backward": null, "unsigned_ref": null, "maxheight": null, "wikipedia": null, "wikidata": null, "parking:lane:both": null, "CDOT_route": null, "destination:street": null, "abandoned:railway": null, "ref:usfs": null, "railway": null, "operator": null, "old_railway_operator": null, "4wd_only": null, "noname": null, "smoothness": null, "lit": null, "sidewalk:right": null, "sidewalk:left": null, "sidewalk": null, "layer": null, "bridge": null, "NHS": null, "route": null, "tiger:separated": null, "tiger:name_type_1": null, "tiger:name_base_1": null, "name_1": null, "sidewalk:both": null, "cycleway": null, "tiger:name_direction_prefix": null, "source:name": null, "turn:lanes": null, "old_ref": null, "service": null, "lane_markings": null, "trail_visibility": null, "tracktype": "grade2", "surface": "ground", "sac_scale": null, "mtb:scale": "1", "foot": "yes", "source:hgv:national_network": null, "ref": null, "oneway": null, "lanes": null, "junction:ref": null, "hgv:national_network": null, "hgv": null, "destination:ref": null, "destination": null, "bicycle": "designated", "maxspeed": null, "tiger:upload_uuid": null, "tiger:tlid": null, "tiger:source": null, "access": null, "tiger:reviewed": null, "tiger:name_type": null, "tiger:name_base": null, "tiger:county": null, "tiger:cfcc": null, "name": "Mesa Trail", "highway": "track" }, "geometry": { "type": "LineString", "coordinates": [ [ -104.8800575, 38.852177 ], [ -104.8803326, 38.8522026 ], [ -104.8805183, 38.8521661 ], [ -104.880611, 38.8520522 ], [ -104.8806518, 38.8519431 ], [ -104.8806843, 38.8518636 ], [ -104.8807293, 38.8517675 ], [ -104.8807846, 38.8516863 ], [ -104.8808544, 38.8516057 ], [ -104.8809229, 38.8515315 ], [ -104.8809688, 38.8514632 ], [ -104.8810389, 38.8514111 ], [ -104.8811069, 38.851385 ], [ -104.881219, 38.8513371 ], [ -104.8813149, 38.8512849 ], [ -104.8814044, 38.8512231 ], [ -104.881656, 38.8509926 ], [ -104.8818603, 38.8507779 ], [ -104.8819348, 38.8507423 ], [ -104.882012, 38.8506805 ], [ -104.8820977, 38.8506005 ], [ -104.8823606, 38.8502367 ], [ -104.882573, 38.8499819 ], [ -104.8827935, 38.8496959 ], [ -104.8828996, 38.8495263 ], [ -104.8829642, 38.8494471 ], [ -104.8830401, 38.8493548 ], [ -104.8831292, 38.8492639 ], [ -104.8832501, 38.8491605 ], [ -104.8833517, 38.8490804 ], [ -104.8834469, 38.8489803 ], [ -104.8835212, 38.8488995 ], [ -104.8835727, 38.8488258 ], [ -104.8836442, 38.8487519 ], [ -104.8837552, 38.8486577 ], [ -104.883945, 38.8485228 ], [ -104.8840387, 38.8484436 ], [ -104.8841341, 38.8483509 ], [ -104.8841897, 38.8482675 ], [ -104.8842505, 38.8481517 ], [ -104.8843025, 38.8480302 ], [ -104.8843604, 38.847931 ], [ -104.8844127, 38.8478714 ], [ -104.8844648, 38.8477952 ], [ -104.884508, 38.8477201 ], [ -104.8845729, 38.8476399 ], [ -104.8846262, 38.8475559 ], [ -104.8846583, 38.8474685 ], [ -104.8846902, 38.8473823 ], [ -104.8847546, 38.8472617 ], [ -104.8848039, 38.847172 ], [ -104.8848261, 38.8471018 ], [ -104.8848481, 38.8470177 ], [ -104.8848615, 38.8468646 ] ] } },
{ "type": "Feature", "properties": { "full_id": "w58700697", "osm_id": "58700697", "osm_type": "way", "min_height": null, "roof:shape": null, "building:part": null, "building:levels": null, "vehicle": null, "swing_gate:type": null, "maxwidth": null, "area:highway": null, "substation": null, "traffic_signals:sound": null, "protected": null, "ownership": null, "operator:wikipedia": null, "operator:wikidata": null, "operator:type": null, "operator:short": null, "attribution": null, "cycleway:buffer:left": null, "indoor": null, "check_date:handrail": null, "step_count": null, "intermittent": null, "traffic_calming": null, "cycleway:left": null, "crossing:signals": null, "crossing:island": null, "button_operated": null, "hiking": null, "material": null, "wall": null, "check_date:surface": null, "change:lanes": null, "tactile_paving": null, "handrail": null, "informal": null, "crossing:markings": null, "crossing": null, "is_in:state_code": null, "incline": null, "footway": null, "junction": null, "maxspeed:forward": null, "maxspeed:backward": null, "restriction": null, "abandoned:landuse": null, "circuits": null, "cycleway:left:buffer": null, "source:hgv": null, "location": null, "check_date": null, "tiger:name_base_3": null, "tiger:name_base_2": null, "hgv:conditional": null, "turn:lanes:forward": null, "note:lanes": null, "motorcar": null, "tiger:CLASSFP": null, "placement": null, "parking:both": null, "name:etymology:wikidata": null, "official_name": null, "mtb:scale:uphill": null, "covered": null, "ref:nrhp": null, "historic": null, "heritage:operator": null, "heritage": null, "tunnel": null, "height": null, "cycleway:right:buffer": null, "turn:lanes:backward": null, "bridge:name": null, "maxweight:signed": null, "maxweight:hgv_articulated": null, "maxweight:hgv:conditional": null, "maxweight": null, "tiger:STATEFP": null, "tiger:PLCIDFP": null, "tiger:PLACEFP": null, "tiger:PCINECTA": null, "tiger:PCICBSA": null, "tiger:NAMELSAD": null, "tiger:NAME": null, "tiger:MTFCC": null, "tiger:LSAD": null, "tiger:FUNCSTAT": null, "tiger:CPI": null, "is_in:state": null, "is_in:iso_3166_2": null, "gnis:feature_id": null, "border_type": null, "fence_type": null, "barrier": null, "source:maxspeed": null, "cycleway:both": null, "width": null, "destination:lanes": null, "maxspeed:advisory": null, "destination:pronunciation": null, "destination:lang:en-fonipa": null, "destination:lang:en": null, "natural": null, "wires": null, "voltage": null, "power": null, "cables": null, "alt_name": null, "level": null, "sport": null, "leisure": null, "area": null, "wheelchair": null, "stroller": null, "mtb:scale:imba": null, "horse": "designated", "dog": null, "cycleway:right": null, "cycleway:buffer:right": null, "waterway": null, "segregated": null, "motor_vehicle": null, "expressway": null, "source:url": null, "boundary": null, "admin_level": null, "shoulder": null, "destination:ref:to": null, "ref:to": null, "turn:lanes:both_ways": null, "lanes:both_ways": null, "lanes:forward": null, "lanes:backward": null, "unsigned_ref": null, "maxheight": null, "wikipedia": null, "wikidata": null, "parking:lane:both": null, "CDOT_route": null, "destination:street": null, "abandoned:railway": null, "ref:usfs": null, "railway": null, "operator": null, "old_railway_operator": null, "4wd_only": null, "noname": null, "smoothness": null, "lit": "no", "sidewalk:right": null, "sidewalk:left": null, "sidewalk": null, "layer": null, "bridge": null, "NHS": null, "route": null, "tiger:separated": null, "tiger:name_type_1": null, "tiger:name_base_1": null, "name_1": null, "sidewalk:both": null, "cycleway": null, "tiger:name_direction_prefix": null, "source:name": null, "turn:lanes": null, "old_ref": null, "service": null, "lane_markings": null, "trail_visibility": "good", "tracktype": null, "surface": "ground", "sac_scale": "hiking", "mtb:scale": "2", "foot": "designated", "source:hgv:national_network": null, "ref": null, "oneway": null, "lanes": null, "junction:ref": null, "hgv:national_network": null, "hgv": null, "destination:ref": null, "destination": null, "bicycle": "designated", "maxspeed": null, "tiger:upload_uuid": null, "tiger:tlid": null, "tiger:source": null, "access": null, "tiger:reviewed": null, "tiger:name_type": null, "tiger:name_base": null, "tiger:county": null, "tiger:cfcc": null, "name": "Red Rock Rim Trail", "highway": "path" }, "geometry": { "type": "LineString", "coordinates": [ [ -104.8731843, 38.8480945 ], [ -104.8732344, 38.8480695 ], [ -104.8732827, 38.8479984 ], [ -104.8733148, 38.8479023 ], [ -104.8733417, 38.8478063 ], [ -104.8733472, 38.8477458 ], [ -104.8733217, 38.8476483 ], [ -104.8733297, 38.8476147 ], [ -104.8734245, 38.8474696 ], [ -104.8734509, 38.8474059 ], [ -104.8734384, 38.8473557 ], [ -104.8734174, 38.8472941 ], [ -104.873412, 38.8472569 ], [ -104.8734926, 38.8472144 ] ] } },
{ "type": "Feature", "properties": { "full_id": "w445868515", "osm_id": "445868515", "osm_type": "way", "min_height": null, "roof:shape": null, "building:part": null, "building:levels": null, "vehicle": null, "swing_gate:type": null, "maxwidth": null, "area:highway": null, "substation": null, "traffic_signals:sound": null, "protected": null, "ownership": null, "operator:wikipedia": null, "operator:wikidata": null, "operator:type": null, "operator:short": null, "attribution": null, "cycleway:buffer:left": null, "indoor": null, "check_date:handrail": null, "step_count": null, "intermittent": null, "traffic_calming": null, "cycleway:left": null, "crossing:signals": null, "crossing:island": null, "button_operated": null, "hiking": null, "material": null, "wall": null, "check_date:surface": null, "change:lanes": null, "tactile_paving": null, "handrail": null, "informal": null, "crossing:markings": null, "crossing": null, "is_in:state_code": null, "incline": null, "footway": null, "junction": null, "maxspeed:forward": null, "maxspeed:backward": null, "restriction": null, "abandoned:landuse": null, "circuits": null, "cycleway:left:buffer": null, "source:hgv": null, "location": null, "check_date": null, "tiger:name_base_3": null, "tiger:name_base_2": null, "hgv:conditional": null, "turn:lanes:forward": null, "note:lanes": null, "motorcar": null, "tiger:CLASSFP": null, "placement": null, "parking:both": null, "name:etymology:wikidata": null, "official_name": null, "mtb:scale:uphill": null, "covered": null, "ref:nrhp": null, "historic": null, "heritage:operator": null, "heritage": null, "tunnel": null, "height": null, "cycleway:right:buffer": null, "turn:lanes:backward": null, "bridge:name": null, "maxweight:signed": null, "maxweight:hgv_articulated": null, "maxweight:hgv:conditional": null, "maxweight": null, "tiger:STATEFP": null, "tiger:PLCIDFP": null, "tiger:PLACEFP": null, "tiger:PCINECTA": null, "tiger:PCICBSA": null, "tiger:NAMELSAD": null, "tiger:NAME": null, "tiger:MTFCC": null, "tiger:LSAD": null, "tiger:FUNCSTAT": null, "tiger:CPI": null, "is_in:state": null, "is_in:iso_3166_2": null, "gnis:feature_id": null, "border_type": null, "fence_type": null, "barrier": null, "source:maxspeed": null, "cycleway:both": null, "width": null, "destination:lanes": null, "maxspeed:advisory": null, "destination:pronunciation": null, "destination:lang:en-fonipa": null, "destination:lang:en": null, "natural": null, "wires": null, "voltage": null, "power": null, "cables": null, "alt_name": null, "level": null, "sport": null, "leisure": null, "area": null, "wheelchair": null, "stroller": null, "mtb:scale:imba": "1", "horse": null, "dog": "leashed", "cycleway:right": null, "cycleway:buffer:right": null, "waterway": null, "segregated": null, "motor_vehicle": null, "expressway": null, "source:url": null, "boundary": null, "admin_level": null, "shoulder": null, "destination:ref:to": null, "ref:to": null, "turn:lanes:both_ways": null, "lanes:both_ways": null, "lanes:forward": null, "lanes:backward": null, "unsigned_ref": null, "maxheight": null, "wikipedia": null, "wikidata": null, "parking:lane:both": null, "CDOT_route": null, "destination:street": null, "abandoned:railway": null, "ref:usfs": null, "railway": null, "operator": null, "old_railway_operator": null, "4wd_only": null, "noname": null, "smoothness": null, "lit": "no", "sidewalk:right": null, "sidewalk:left": null, "sidewalk": null, "layer": null, "bridge": null, "NHS": null, "route": null, "tiger:separated": null, "tiger:name_type_1": null, "tiger:name_base_1": null, "name_1": null, "sidewalk:both": null, "cycleway": null, "tiger:name_direction_prefix": null, "source:name": null, "turn:lanes": null, "old_ref": null, "service": null, "lane_markings": null, "trail_visibility": null, "tracktype": null, "surface": "ground", "sac_scale": null, "mtb:scale": "3", "foot": "yes", "source:hgv:national_network": null, "ref": null, "oneway": null, "lanes": null, "junction:ref": null, "hgv:national_network": null, "hgv": null, "destination:ref": null, "destination": null, "bicycle": "designated", "maxspeed": null, "tiger:upload_uuid": null, "tiger:tlid": null, "tiger:source": null, "access": null, "tiger:reviewed": null, "tiger:name_type": null, "tiger:name_base": null, "tiger:county": null, "tiger:cfcc": null, "name": "Lion Trail", "highway": "path" }, "geometry": { "type": "LineString", "coordinates": [ [ -104.8795415, 38.8440443 ], [ -104.879391, 38.844295 ], [ -104.879321, 38.844376 ], [ -104.879128, 38.844516 ], [ -104.879029, 38.844614 ], [ -104.878866, 38.84483 ], [ -104.878613, 38.84506 ], [ -104.878512, 38.845189 ], [ -104.87841, 38.845369 ], [ -104.87792, 38.846108 ], [ -104.877763, 38.846271 ], [ -104.877553, 38.846435 ], [ -104.8773765, 38.8465941 ], [ -104.8772825, 38.8466832 ], [ -104.8772132, 38.8467722 ], [ -104.876967, 38.8468741 ], [ -104.8769174, 38.847003 ], [ -104.8768985, 38.8471083 ], [ -104.8768557, 38.8472523 ], [ -104.8768889, 38.8474296 ], [ -104.8768658, 38.8475848 ] ] } },
{ "type": "Feature", "properties": { "full_id": "w1287232618", "osm_id": "1287232618", "osm_type": "way", "min_height": null, "roof:shape": null, "building:part": null, "building:levels": null, "vehicle": null, "swing_gate:type": null, "maxwidth": null, "area:highway": null, "substation": null, "traffic_signals:sound": null, "protected": null, "ownership": null, "operator:wikipedia": null, "operator:wikidata": null, "operator:type": null, "operator:short": null, "attribution": null, "cycleway:buffer:left": null, "indoor": null, "check_date:handrail": null, "step_count": null, "intermittent": null, "traffic_calming": null, "cycleway:left": null, "crossing:signals": null, "crossing:island": null, "button_operated": null, "hiking": null, "material": null, "wall": null, "check_date:surface": null, "change:lanes": null, "tactile_paving": null, "handrail": null, "informal": null, "crossing:markings": null, "crossing": null, "is_in:state_code": null, "incline": null, "footway": null, "junction": null, "maxspeed:forward": null, "maxspeed:backward": null, "restriction": null, "abandoned:landuse": null, "circuits": null, "cycleway:left:buffer": null, "source:hgv": null, "location": null, "check_date": null, "tiger:name_base_3": null, "tiger:name_base_2": null, "hgv:conditional": null, "turn:lanes:forward": null, "note:lanes": null, "motorcar": null, "tiger:CLASSFP": null, "placement": null, "parking:both": null, "name:etymology:wikidata": null, "official_name": null, "mtb:scale:uphill": null, "covered": null, "ref:nrhp": null, "historic": null, "heritage:operator": null, "heritage": null, "tunnel": null, "height": null, "cycleway:right:buffer": null, "turn:lanes:backward": null, "bridge:name": null, "maxweight:signed": null, "maxweight:hgv_articulated": null, "maxweight:hgv:conditional": null, "maxweight": null, "tiger:STATEFP": null, "tiger:PLCIDFP": null, "tiger:PLACEFP": null, "tiger:PCINECTA": null, "tiger:PCICBSA": null, "tiger:NAMELSAD": null, "tiger:NAME": null, "tiger:MTFCC": null, "tiger:LSAD": null, "tiger:FUNCSTAT": null, "tiger:CPI": null, "is_in:state": null, "is_in:iso_3166_2": null, "gnis:feature_id": null, "border_type": null, "fence_type": null, "barrier": null, "source:maxspeed": null, "cycleway:both": null, "width": null, "destination:lanes": null, "maxspeed:advisory": null, "destination:pronunciation": null, "destination:lang:en-fonipa": null, "destination:lang:en": null, "natural": null, "wires": null, "voltage": null, "power": null, "cables": null, "alt_name": null, "level": null, "sport": null, "leisure": null, "area": null, "wheelchair": null, "stroller": null, "mtb:scale:imba": "1", "horse": null, "dog": null, "cycleway:right": null, "cycleway:buffer:right": null, "waterway": null, "segregated": null, "motor_vehicle": null, "expressway": null, "source:url": null, "boundary": null, "admin_level": null, "shoulder": null, "destination:ref:to": null, "ref:to": null, "turn:lanes:both_ways": null, "lanes:both_ways": null, "lanes:forward": null, "lanes:backward": null, "unsigned_ref": null, "maxheight": null, "wikipedia": null, "wikidata": null, "parking:lane:both": null, "CDOT_route": null, "destination:street": null, "abandoned:railway": null, "ref:usfs": null, "railway": null, "operator": null, "old_railway_operator": null, "4wd_only": null, "noname": null, "smoothness": null, "lit": null, "sidewalk:right": null, "sidewalk:left": null, "sidewalk": null, "layer": null, "bridge": null, "NHS": null, "route": null, "tiger:separated": null, "tiger:name_type_1": null, "tiger:name_base_1": null, "name_1": null, "sidewalk:both": null, "cycleway": null, "tiger:name_direction_prefix": null, "source:name": null, "turn:lanes": null, "old_ref": null, "service": null, "lane_markings": null, "trail_visibility": null, "tracktype": "grade2", "surface": "ground", "sac_scale": null, "mtb:scale": "1", "foot": "designated", "source:hgv:national_network": null, "ref": null, "oneway": null, "lanes": null, "junction:ref": null, "hgv:national_network": null, "hgv": null, "destination:ref": null, "destination": null, "bicycle": "designated", "maxspeed": null, "tiger:upload_uuid": null, "tiger:tlid": null, "tiger:source": null, "access": null, "tiger:reviewed": null, "tiger:name_type": null, "tiger:name_base": null, "tiger:county": null, "tiger:cfcc": null, "name": "Mesa Trail", "highway": "track" }, "geometry": { "type": "LineString", "coordinates": [ [ -104.8795299, 38.8532429 ], [ -104.8795653, 38.8532268 ], [ -104.8796135, 38.8531407 ], [ -104.8796101, 38.8530979 ], [ -104.8795898, 38.8530411 ], [ -104.8794771, 38.8529641 ], [ -104.8794015, 38.8529321 ], [ -104.8793362, 38.8528905 ], [ -104.8792947, 38.8528314 ], [ -104.8792571, 38.8527344 ], [ -104.8792526, 38.8526792 ], [ -104.8792484, 38.8525428 ], [ -104.8792947, 38.8523974 ], [ -104.8793728, 38.8522876 ], [ -104.879437, 38.852251 ], [ -104.8796598, 38.8521921 ], [ -104.8798069, 38.8521632 ], [ -104.8800575, 38.852177 ] ] } }
]
}
